BEGIN TRANSACTION;
CREATE TABLE "Account" (
	id VARCHAR(255) NOT NULL, 
	"RecordTypeId" VARCHAR(255), 
	"Email__c" VARCHAR(255), 
	"npe01__SYSTEMIsIndividual__c" VARCHAR(255), 
	"npe01__SYSTEM_AccountType__c" VARCHAR(255), 
	"npo02__AverageAmount__c" VARCHAR(255), 
	"npo02__Best_Gift_Year_Total__c" VARCHAR(255), 
	"npo02__Best_Gift_Year__c" VARCHAR(255), 
	"npo02__FirstCloseDate__c" VARCHAR(255), 
	"npo02__Formal_Greeting__c" VARCHAR(255), 
	"npo02__HouseholdPhone__c" VARCHAR(255), 
	"npo02__Informal_Greeting__c" VARCHAR(255), 
	"npo02__LargestAmount__c" VARCHAR(255), 
	"npo02__LastCloseDate__c" VARCHAR(255), 
	"npo02__LastMembershipAmount__c" VARCHAR(255), 
	"npo02__LastMembershipDate__c" VARCHAR(255), 
	"npo02__LastMembershipLevel__c" VARCHAR(255), 
	"npo02__LastMembershipOrigin__c" VARCHAR(255), 
	"npo02__LastOppAmount__c" VARCHAR(255), 
	"npo02__MembershipEndDate__c" VARCHAR(255), 
	"npo02__MembershipJoinDate__c" VARCHAR(255), 
	"npo02__NumberOfClosedOpps__c" VARCHAR(255), 
	"npo02__NumberOfMembershipOpps__c" VARCHAR(255), 
	"npo02__OppAmount2YearsAgo__c" VARCHAR(255), 
	"npo02__OppAmountLastNDays__c" VARCHAR(255), 
	"npo02__OppAmountLastYear__c" VARCHAR(255), 
	"npo02__OppAmountThisYear__c" VARCHAR(255), 
	"npo02__OppsClosed2YearsAgo__c" VARCHAR(255), 
	"npo02__OppsClosedLastNDays__c" VARCHAR(255), 
	"npo02__OppsClosedLastYear__c" VARCHAR(255), 
	"npo02__OppsClosedThisYear__c" VARCHAR(255), 
	"npo02__SYSTEM_CUSTOM_NAMING__c" VARCHAR(255), 
	"npo02__SmallestAmount__c" VARCHAR(255), 
	"npo02__TotalMembershipOppAmount__c" VARCHAR(255), 
	"npo02__TotalOppAmount__c" VARCHAR(255), 
	"npsp__All_Members_Deceased__c" VARCHAR(255), 
	"npsp__CustomizableRollups_UseSkewMode__c" VARCHAR(255), 
	"npsp__Funding_Focus__c" VARCHAR(255), 
	"npsp__Grantmaker__c" VARCHAR(255), 
	"npsp__Matching_Gift_Administrator_Name__c" VARCHAR(255), 
	"npsp__Matching_Gift_Amount_Max__c" VARCHAR(255), 
	"npsp__Matching_Gift_Amount_Min__c" VARCHAR(255), 
	"npsp__Matching_Gift_Annual_Employee_Max__c" VARCHAR(255), 
	"npsp__Matching_Gift_Comments__c" VARCHAR(255), 
	"npsp__Matching_Gift_Company__c" VARCHAR(255), 
	"npsp__Matching_Gift_Email__c" VARCHAR(255), 
	"npsp__Matching_Gift_Info_Updated__c" VARCHAR(255), 
	"npsp__Matching_Gift_Percent__c" VARCHAR(255), 
	"npsp__Matching_Gift_Phone__c" VARCHAR(255), 
	"npsp__Matching_Gift_Request_Deadline__c" VARCHAR(255), 
	"npsp__Number_of_Household_Members__c" VARCHAR(255), 
	"npsp__Sustainer__c" VARCHAR(255), 
	"npsp__Undeliverable_Address__c" VARCHAR(255), 
	"Name" VARCHAR(255), 
	"npe01__One2OneContact__c" VARCHAR(255), 
	"npsp__Batch__c" VARCHAR(255), 
	PRIMARY KEY (id)
);
INSERT INTO "Account" VALUES('Account-1','012Ru000006bRyhIAE','','True','Household Account','0.0','','','','Dr. Colleen Smith','','Colleen','0.0','','0.0','','','','0.0','','','0.0','0.0','0.0','0.0','0.0','0.0','0.0','0.0','0.0','0.0','','0.0','0.0','0.0','False','False','','False','','','','','','False','','','','','','1.0','','False','Anonymous Household','Contact-1','');
INSERT INTO "Account" VALUES('Account-2','012Ru000006bRyhIAE','','True','Household Account','0.0','','','','Prof. Herbert Skinner','','Sir or Madam','0.0','','0.0','','','','0.0','','','0.0','0.0','0.0','0.0','0.0','0.0','0.0','0.0','0.0','0.0','','0.0','0.0','0.0','False','False','','False','','','','','','False','','','','','','1.0','','False','Skinner Household','Contact-2','');
INSERT INTO "Account" VALUES('Account-3','012Ru000006bRyhIAE','','True','Household Account','0.0','','','','Ho Harry','','Ho','0.0','','0.0','','','','0.0','','','0.0','0.0','0.0','0.0','0.0','0.0','0.0','0.0','0.0','0.0','','0.0','0.0','0.0','False','False','','False','','','','','','False','','','','','','1.0','','False','Harry Household','Contact-3','');
INSERT INTO "Account" VALUES('Account-4','012Ru000006bRyhIAE','','True','Household Account','0.0','','','','Dougherty Raymond','','Dougherty','0.0','','0.0','','','','0.0','','','0.0','0.0','0.0','0.0','0.0','0.0','0.0','0.0','0.0','0.0','','0.0','0.0','0.0','False','False','','False','','','','','','False','','','','','','1.0','','False','Raymond Household','Contact-4','');
INSERT INTO "Account" VALUES('Account-5','012Ru000006bRyhIAE','','True','Household Account','0.0','','','','Dr. Travis Mills','','Travis','0.0','','0.0','','','','0.0','','','0.0','0.0','0.0','0.0','0.0','0.0','0.0','0.0','0.0','0.0','','0.0','0.0','0.0','False','False','','False','','','','','','False','','','','','','1.0','','False','Anonymous Household','Contact-5','');
INSERT INTO "Account" VALUES('Account-6','012Ru000006bRyhIAE','','True','Household Account','0.0','','','','Heath Elaine','','Heath','0.0','','0.0','','','','0.0','','','0.0','0.0','0.0','0.0','0.0','0.0','0.0','0.0','0.0','0.0','','0.0','0.0','0.0','False','False','','False','','','','','','False','','','','','','1.0','','False','Elaine Household','Contact-6','');
INSERT INTO "Account" VALUES('Account-7','012Ru000006bRyhIAE','','True','Household Account','0.0','','','','Hines Mia','','Hines','0.0','','0.0','','','','0.0','','','0.0','0.0','0.0','0.0','0.0','0.0','0.0','0.0','0.0','0.0','','0.0','0.0','0.0','False','False','','False','','','','','','False','','','','','','1.0','','False','Mia Household','Contact-7','');
INSERT INTO "Account" VALUES('Account-8','012Ru000006bRyhIAE','','True','Household Account','0.0','','','','Prof. Randy Ali','','Randy','0.0','','0.0','','','','0.0','','','0.0','0.0','0.0','0.0','0.0','0.0','0.0','0.0','0.0','0.0','','0.0','0.0','0.0','False','False','','False','','','','','','False','','','','','','1.0','','False','Ali Household','Contact-8','');
INSERT INTO "Account" VALUES('Account-9','012Ru000006bRyhIAE','','True','Household Account','0.0','','','','Vance Connor','','Vance','0.0','','0.0','','','','0.0','','','0.0','0.0','0.0','0.0','0.0','0.0','0.0','0.0','0.0','0.0','','0.0','0.0','0.0','False','False','','False','','','','','','False','','','','','','1.0','','False','Connor Household','Contact-9','');
INSERT INTO "Account" VALUES('Account-10','012Ru000006bRyhIAE','','True','Household Account','0.0','','','','Davila Erik','','Davila','0.0','','0.0','','','','0.0','','','0.0','0.0','0.0','0.0','0.0','0.0','0.0','0.0','0.0','0.0','','0.0','0.0','0.0','False','False','','False','','','','','','False','','','','','','1.0','','False','Erik Household','Contact-10','');
INSERT INTO "Account" VALUES('Account-11','012Ru000006bRyhIAE','','True','Household Account','0.0','','','','Sir or Madam','','Kathy','0.0','','0.0','','','','0.0','','','0.0','0.0','0.0','0.0','0.0','0.0','0.0','0.0','0.0','0.0','','0.0','0.0','0.0','False','False','','False','','','','','','False','','','','','','1.0','','False','Salas Household','Contact-11','');
INSERT INTO "Account" VALUES('Account-12','012Ru000006bRyhIAE','','True','Household Account','0.0','','','','Dr. Laurie Key','','Laurie','0.0','','0.0','','','','0.0','','','0.0','0.0','0.0','0.0','0.0','0.0','0.0','0.0','0.0','0.0','','0.0','0.0','0.0','False','False','','False','','','','','','False','','','','','','1.0','','False','Anonymous Household','Contact-12','');
INSERT INTO "Account" VALUES('Account-13','012Ru000006bRyhIAE','','True','Household Account','0.0','','','','Mr. Carolyn Boyle','','Carolyn','0.0','','0.0','','','','0.0','','','0.0','0.0','0.0','0.0','0.0','0.0','0.0','0.0','0.0','0.0','','0.0','0.0','0.0','False','False','','False','','','','','','False','','','','','','1.0','','False','Anonymous Household','Contact-13','');
INSERT INTO "Account" VALUES('Account-14','012Ru000006bRyhIAE','','True','Household Account','0.0','','','','Guerra Phyllis','','Guerra','0.0','','0.0','','','','0.0','','','0.0','0.0','0.0','0.0','0.0','0.0','0.0','0.0','0.0','0.0','','0.0','0.0','0.0','False','False','','False','','','','','','False','','','','','','1.0','','False','Phyllis Household','Contact-14','');
INSERT INTO "Account" VALUES('Account-15','012Ru000006bRyhIAE','','True','Household Account','0.0','','','','Mills Isaac','','Mills','0.0','','0.0','','','','0.0','','','0.0','0.0','0.0','0.0','0.0','0.0','0.0','0.0','0.0','0.0','','0.0','0.0','0.0','False','False','','False','','','','','','False','','','','','','1.0','','False','Isaac Household','Contact-15','');
INSERT INTO "Account" VALUES('Account-16','012Ru000006bRyhIAE','','True','Household Account','0.0','','','','Dr. Gwendolyn Noble','','Sir or Madam','0.0','','0.0','','','','0.0','','','0.0','0.0','0.0','0.0','0.0','0.0','0.0','0.0','0.0','0.0','','0.0','0.0','0.0','False','False','','False','','','','','','False','','','','','','1.0','','False','Noble Household','Contact-16','');
INSERT INTO "Account" VALUES('Account-17','012Ru000006bRyhIAE','','True','Household Account','0.0','','','','Wilson Erin','','Wilson','0.0','','0.0','','','','0.0','','','0.0','0.0','0.0','0.0','0.0','0.0','0.0','0.0','0.0','0.0','','0.0','0.0','0.0','False','False','','False','','','','','','False','','','','','','1.0','','False','Erin Household','Contact-17','');
INSERT INTO "Account" VALUES('Account-18','012Ru000006bRyhIAE','','True','Household Account','0.0','','','','Sims Tammie','','Sims','0.0','','0.0','','','','0.0','','','0.0','0.0','0.0','0.0','0.0','0.0','0.0','0.0','0.0','0.0','','0.0','0.0','0.0','False','False','','False','','','','','','False','','','','','','1.0','','False','Tammie Household','Contact-18','');
INSERT INTO "Account" VALUES('Account-19','012Ru000006bRyhIAE','','True','Household Account','0.0','','','','Prof. Selena Gutierrez','','Sir or Madam','0.0','','0.0','','','','0.0','','','0.0','0.0','0.0','0.0','0.0','0.0','0.0','0.0','0.0','0.0','','0.0','0.0','0.0','False','False','','False','','','','','','False','','','','','','1.0','','False','Gutierrez Household','Contact-19','');
INSERT INTO "Account" VALUES('Account-20','012Ru000006bRyhIAE','','True','Household Account','0.0','','','','Mr. Isabel Wilkinson','','Sir or Madam','0.0','','0.0','','','','0.0','','','0.0','0.0','0.0','0.0','0.0','0.0','0.0','0.0','0.0','0.0','','0.0','0.0','0.0','False','False','','False','','','','','','False','','','','','','1.0','','False','Wilkinson Household','Contact-20','');
INSERT INTO "Account" VALUES('Account-21','012Ru000006bRyhIAE','','True','Household Account','0.0','','','','Ms. Connor Buckley','','Connor','0.0','','0.0','','','','0.0','','','0.0','0.0','0.0','0.0','0.0','0.0','0.0','0.0','0.0','0.0','','0.0','0.0','0.0','False','False','','False','','','','','','False','','','','','','1.0','','False','Anonymous Household','Contact-21','');
INSERT INTO "Account" VALUES('Account-22','012Ru000006bRyhIAE','','True','Household Account','0.0','','','','Arellano Eugene','','Arellano','0.0','','0.0','','','','0.0','','','0.0','0.0','0.0','0.0','0.0','0.0','0.0','0.0','0.0','0.0','','0.0','0.0','0.0','False','False','','False','','','','','','False','','','','','','1.0','','False','Eugene Household','Contact-22','');
INSERT INTO "Account" VALUES('Account-23','012Ru000006bRyhIAE','','True','Household Account','0.0','','','','Riggs Steven','','Riggs','0.0','','0.0','','','','0.0','','','0.0','0.0','0.0','0.0','0.0','0.0','0.0','0.0','0.0','0.0','','0.0','0.0','0.0','False','False','','False','','','','','','False','','','','','','1.0','','False','Steven Household','Contact-23','');
INSERT INTO "Account" VALUES('Account-24','012Ru000006bRyhIAE','','True','Household Account','0.0','','','','Sir or Madam','','Tom','0.0','','0.0','','','','0.0','','','0.0','0.0','0.0','0.0','0.0','0.0','0.0','0.0','0.0','0.0','','0.0','0.0','0.0','False','False','','False','','','','','','False','','','','','','1.0','','False','Schneider Household','Contact-24','');
INSERT INTO "Account" VALUES('Account-25','012Ru000006bRyhIAE','','True','Household Account','0.0','','','','Prof. Crystal Barton','','Sir or Madam','0.0','','0.0','','','','0.0','','','0.0','0.0','0.0','0.0','0.0','0.0','0.0','0.0','0.0','0.0','','0.0','0.0','0.0','False','False','','False','','','','','','False','','','','','','1.0','','False','Barton Household','Contact-25','');
INSERT INTO "Account" VALUES('Account-26','012Ru000006bRyhIAE','','True','Household Account','0.0','','','','Ms. Troy Gallegos','','Troy','0.0','','0.0','','','','0.0','','','0.0','0.0','0.0','0.0','0.0','0.0','0.0','0.0','0.0','0.0','','0.0','0.0','0.0','False','False','','False','','','','','','False','','','','','','1.0','','False','Anonymous Household','Contact-26','');
INSERT INTO "Account" VALUES('Account-27','012Ru000006bRyhIAE','','True','Household Account','0.0','','','','Wu Howard','','Wu','0.0','','0.0','','','','0.0','','','0.0','0.0','0.0','0.0','0.0','0.0','0.0','0.0','0.0','0.0','','0.0','0.0','0.0','False','False','','False','','','','','','False','','','','','','1.0','','False','Howard Household','Contact-27','');
INSERT INTO "Account" VALUES('Account-28','012Ru000006bRyhIAE','','True','Household Account','0.0','','','','Medina Whitney','','Medina','0.0','','0.0','','','','0.0','','','0.0','0.0','0.0','0.0','0.0','0.0','0.0','0.0','0.0','0.0','','0.0','0.0','0.0','False','False','','False','','','','','','False','','','','','','1.0','','False','Whitney Household','Contact-28','');
INSERT INTO "Account" VALUES('Account-29','012Ru000006bRyhIAE','','True','Household Account','0.0','','','','Dr. Grace Rogers','','Grace','0.0','','0.0','','','','0.0','','','0.0','0.0','0.0','0.0','0.0','0.0','0.0','0.0','0.0','0.0','','0.0','0.0','0.0','False','False','','False','','','','','','False','','','','','','1.0','','False','Anonymous Household','Contact-29','');
INSERT INTO "Account" VALUES('Account-30','012Ru000006bRyhIAE','','True','Household Account','0.0','','','','Prof. Destiny Jimenez','','Destiny','0.0','','0.0','','','','0.0','','','0.0','0.0','0.0','0.0','0.0','0.0','0.0','0.0','0.0','0.0','','0.0','0.0','0.0','False','False','','False','','','','','','False','','','','','','1.0','','False','Anonymous Household','Contact-30','');
INSERT INTO "Account" VALUES('Account-31','012Ru000006bRyhIAE','','True','Household Account','0.0','','','','Levy Elaine','','Levy','0.0','','0.0','','','','0.0','','','0.0','0.0','0.0','0.0','0.0','0.0','0.0','0.0','0.0','0.0','','0.0','0.0','0.0','False','False','','False','','','','','','False','','','','','','1.0','','False','Elaine Household','Contact-31','');
INSERT INTO "Account" VALUES('Account-32','012Ru000006bRyhIAE','','True','Household Account','0.0','','','','Franco Spencer','','Franco','0.0','','0.0','','','','0.0','','','0.0','0.0','0.0','0.0','0.0','0.0','0.0','0.0','0.0','0.0','','0.0','0.0','0.0','False','False','','False','','','','','','False','','','','','','1.0','','False','Spencer Household','Contact-32','');
INSERT INTO "Account" VALUES('Account-33','012Ru000006bRyhIAE','','True','Household Account','0.0','','','','Ms. Sylvia Warren','','Sylvia','0.0','','0.0','','','','0.0','','','0.0','0.0','0.0','0.0','0.0','0.0','0.0','0.0','0.0','0.0','','0.0','0.0','0.0','False','False','','False','','','','','','False','','','','','','1.0','','False','Warren Household','Contact-33','');
INSERT INTO "Account" VALUES('Account-34','012Ru000006bRyhIAE','','True','Household Account','0.0','','','','Rocha Brandy','','Rocha','0.0','','0.0','','','','0.0','','','0.0','0.0','0.0','0.0','0.0','0.0','0.0','0.0','0.0','0.0','','0.0','0.0','0.0','False','False','','False','','','','','','False','','','','','','1.0','','False','Brandy Household','Contact-34','');
INSERT INTO "Account" VALUES('Account-35','012Ru000006bRyhIAE','','True','Household Account','0.0','','','','Curtis Mark','','Curtis','0.0','','0.0','','','','0.0','','','0.0','0.0','0.0','0.0','0.0','0.0','0.0','0.0','0.0','0.0','','0.0','0.0','0.0','False','False','','False','','','','','','False','','','','','','1.0','','False','Mark Household','Contact-35','');
INSERT INTO "Account" VALUES('Account-36','012Ru000006bRyhIAE','','True','Household Account','0.0','','','','Ms. Eugene Ray','','Sir or Madam','0.0','','0.0','','','','0.0','','','0.0','0.0','0.0','0.0','0.0','0.0','0.0','0.0','0.0','0.0','','0.0','0.0','0.0','False','False','','False','','','','','','False','','','','','','1.0','','False','Ray Household','Contact-36','');
INSERT INTO "Account" VALUES('Account-37','012Ru000006bRyhIAE','','True','Household Account','0.0','','','','Sir or Madam','','Ellen','0.0','','0.0','','','','0.0','','','0.0','0.0','0.0','0.0','0.0','0.0','0.0','0.0','0.0','0.0','','0.0','0.0','0.0','False','False','','False','','','','','','False','','','','','','1.0','','False','Benitez Household','Contact-37','');
INSERT INTO "Account" VALUES('Account-38','012Ru000006bRyhIAE','','True','Household Account','0.0','','','','Dr. Kathleen Forbes','','Kathleen','0.0','','0.0','','','','0.0','','','0.0','0.0','0.0','0.0','0.0','0.0','0.0','0.0','0.0','0.0','','0.0','0.0','0.0','False','False','','False','','','','','','False','','','','','','1.0','','False','Anonymous Household','Contact-38','');
INSERT INTO "Account" VALUES('Account-39','012Ru000006bRyhIAE','','True','Household Account','0.0','','','','Preston Chloe','','Preston','0.0','','0.0','','','','0.0','','','0.0','0.0','0.0','0.0','0.0','0.0','0.0','0.0','0.0','0.0','','0.0','0.0','0.0','False','False','','False','','','','','','False','','','','','','1.0','','False','Chloe Household','Contact-39','');
INSERT INTO "Account" VALUES('Account-40','012Ru000006bRyhIAE','','True','Household Account','0.0','','','','Russo Patrick','','Russo','0.0','','0.0','','','','0.0','','','0.0','0.0','0.0','0.0','0.0','0.0','0.0','0.0','0.0','0.0','','0.0','0.0','0.0','False','False','','False','','','','','','False','','','','','','1.0','','False','Patrick Household','Contact-40','');
INSERT INTO "Account" VALUES('Account-41','012Ru000006bRyhIAE','','True','Household Account','0.0','','','','Mrs. Shannon Beck','','Shannon','0.0','','0.0','','','','0.0','','','0.0','0.0','0.0','0.0','0.0','0.0','0.0','0.0','0.0','0.0','','0.0','0.0','0.0','False','False','','False','','','','','','False','','','','','','1.0','','False','Anonymous Household','Contact-41','');
INSERT INTO "Account" VALUES('Account-42','012Ru000006bRyhIAE','','True','Household Account','0.0','','','','Hanna Neil','','Hanna','0.0','','0.0','','','','0.0','','','0.0','0.0','0.0','0.0','0.0','0.0','0.0','0.0','0.0','0.0','','0.0','0.0','0.0','False','False','','False','','','','','','False','','','','','','1.0','','False','Neil Household','Contact-42','');
INSERT INTO "Account" VALUES('Account-43','012Ru000006bRyhIAE','','True','Household Account','0.0','','','','Russell Lindsey','','Russell','0.0','','0.0','','','','0.0','','','0.0','0.0','0.0','0.0','0.0','0.0','0.0','0.0','0.0','0.0','','0.0','0.0','0.0','False','False','','False','','','','','','False','','','','','','1.0','','False','Lindsey Household','Contact-43','');
INSERT INTO "Account" VALUES('Account-44','012Ru000006bRyhIAE','','True','Household Account','0.0','','','','Ms. Stephanie Mendoza','','Sir or Madam','0.0','','0.0','','','','0.0','','','0.0','0.0','0.0','0.0','0.0','0.0','0.0','0.0','0.0','0.0','','0.0','0.0','0.0','False','False','','False','','','','','','False','','','','','','1.0','','False','Mendoza Household','Contact-44','');
INSERT INTO "Account" VALUES('Account-45','012Ru000006bRyhIAE','','True','Household Account','0.0','','','','Ms. Andres Lutz','','Andres','0.0','','0.0','','','','0.0','','','0.0','0.0','0.0','0.0','0.0','0.0','0.0','0.0','0.0','0.0','','0.0','0.0','0.0','False','False','','False','','','','','','False','','','','','','1.0','','False','Anonymous Household','Contact-45','');
INSERT INTO "Account" VALUES('Account-46','012Ru000006bRyhIAE','','True','Household Account','0.0','','','','Dr. Gerald Cowan','','Gerald','0.0','','0.0','','','','0.0','','','0.0','0.0','0.0','0.0','0.0','0.0','0.0','0.0','0.0','0.0','','0.0','0.0','0.0','False','False','','False','','','','','','False','','','','','','1.0','','False','Anonymous Household','Contact-46','');
INSERT INTO "Account" VALUES('Account-47','012Ru000006bRyhIAE','','True','Household Account','0.0','','','','Ashley Chelsey','','Ashley','0.0','','0.0','','','','0.0','','','0.0','0.0','0.0','0.0','0.0','0.0','0.0','0.0','0.0','0.0','','0.0','0.0','0.0','False','False','','False','','','','','','False','','','','','','1.0','','False','Chelsey Household','Contact-47','');
INSERT INTO "Account" VALUES('Account-48','012Ru000006bRyhIAE','','True','Household Account','0.0','','','','Stanley Sandra','','Stanley','0.0','','0.0','','','','0.0','','','0.0','0.0','0.0','0.0','0.0','0.0','0.0','0.0','0.0','0.0','','0.0','0.0','0.0','False','False','','False','','','','','','False','','','','','','1.0','','False','Sandra Household','Contact-48','');
INSERT INTO "Account" VALUES('Account-49','012Ru000006bRyhIAE','','True','Household Account','0.0','','','','Mrs. Laurie Horton','','Laurie','0.0','','0.0','','','','0.0','','','0.0','0.0','0.0','0.0','0.0','0.0','0.0','0.0','0.0','0.0','','0.0','0.0','0.0','False','False','','False','','','','','','False','','','','','','1.0','','False','Anonymous Household','Contact-49','');
INSERT INTO "Account" VALUES('Account-50','012Ru000006bRyhIAE','','True','Household Account','0.0','','','','Sir or Madam','','Erin','0.0','','0.0','','','','0.0','','','0.0','0.0','0.0','0.0','0.0','0.0','0.0','0.0','0.0','0.0','','0.0','0.0','0.0','False','False','','False','','','','','','False','','','','','','1.0','','False','Solis Household','Contact-50','');
INSERT INTO "Account" VALUES('Account-51','012Ru000006bRyhIAE','','True','Household Account','0.0','','','','Mcgrath Pamela','','Mcgrath','0.0','','0.0','','','','0.0','','','0.0','0.0','0.0','0.0','0.0','0.0','0.0','0.0','0.0','0.0','','0.0','0.0','0.0','False','False','','False','','','','','','False','','','','','','1.0','','False','Pamela Household','Contact-51','');
INSERT INTO "Account" VALUES('Account-52','012Ru000006bRyhIAE','','True','Household Account','0.0','','','','Blackwell Kayla','','Blackwell','0.0','','0.0','','','','0.0','','','0.0','0.0','0.0','0.0','0.0','0.0','0.0','0.0','0.0','0.0','','0.0','0.0','0.0','False','False','','False','','','','','','False','','','','','','1.0','','False','Kayla Household','Contact-52','');
INSERT INTO "Account" VALUES('Account-53','012Ru000006bRyhIAE','','True','Household Account','0.0','','','','Mrs. Courtney Boyd','','Sir or Madam','0.0','','0.0','','','','0.0','','','0.0','0.0','0.0','0.0','0.0','0.0','0.0','0.0','0.0','0.0','','0.0','0.0','0.0','False','False','','False','','','','','','False','','','','','','1.0','','False','Boyd Household','Contact-53','');
INSERT INTO "Account" VALUES('Account-54','012Ru000006bRyhIAE','','True','Household Account','0.0','','','','Sellers Brandon','','Sellers','0.0','','0.0','','','','0.0','','','0.0','0.0','0.0','0.0','0.0','0.0','0.0','0.0','0.0','0.0','','0.0','0.0','0.0','False','False','','False','','','','','','False','','','','','','1.0','','False','Brandon Household','Contact-54','');
INSERT INTO "Account" VALUES('Account-55','012Ru000006bRyhIAE','','True','Household Account','0.0','','','','Hanna Norman','','Hanna','0.0','','0.0','','','','0.0','','','0.0','0.0','0.0','0.0','0.0','0.0','0.0','0.0','0.0','0.0','','0.0','0.0','0.0','False','False','','False','','','','','','False','','','','','','1.0','','False','Norman Household','Contact-55','');
INSERT INTO "Account" VALUES('Account-56','012Ru000006bRyhIAE','','True','Household Account','0.0','','','','Ms. Frank Huang','','Frank','0.0','','0.0','','','','0.0','','','0.0','0.0','0.0','0.0','0.0','0.0','0.0','0.0','0.0','0.0','','0.0','0.0','0.0','False','False','','False','','','','','','False','','','','','','1.0','','False','Huang Household','Contact-56','');
INSERT INTO "Account" VALUES('Account-57','012Ru000006bRyhIAE','','True','Household Account','0.0','','','','Everett Cameron','','Everett','0.0','','0.0','','','','0.0','','','0.0','0.0','0.0','0.0','0.0','0.0','0.0','0.0','0.0','0.0','','0.0','0.0','0.0','False','False','','False','','','','','','False','','','','','','1.0','','False','Cameron Household','Contact-57','');
INSERT INTO "Account" VALUES('Account-58','012Ru000006bRyhIAE','','True','Household Account','0.0','','','','Brown Tasha','','Brown','0.0','','0.0','','','','0.0','','','0.0','0.0','0.0','0.0','0.0','0.0','0.0','0.0','0.0','0.0','','0.0','0.0','0.0','False','False','','False','','','','','','False','','','','','','1.0','','False','Tasha Household','Contact-58','');
INSERT INTO "Account" VALUES('Account-59','012Ru000006bRyhIAE','','True','Household Account','0.0','','','','Mrs. Jeff Houston','','Sir or Madam','0.0','','0.0','','','','0.0','','','0.0','0.0','0.0','0.0','0.0','0.0','0.0','0.0','0.0','0.0','','0.0','0.0','0.0','False','False','','False','','','','','','False','','','','','','1.0','','False','Houston Household','Contact-59','');
INSERT INTO "Account" VALUES('Account-60','012Ru000006bRyhIAE','','True','Household Account','0.0','','','','Prof. Albert Bautista','','Albert','0.0','','0.0','','','','0.0','','','0.0','0.0','0.0','0.0','0.0','0.0','0.0','0.0','0.0','0.0','','0.0','0.0','0.0','False','False','','False','','','','','','False','','','','','','1.0','','False','Anonymous Household','Contact-60','');
INSERT INTO "Account" VALUES('Account-61','012Ru000006bRyhIAE','','True','Household Account','0.0','','','','Sir or Madam','','Sean','0.0','','0.0','','','','0.0','','','0.0','0.0','0.0','0.0','0.0','0.0','0.0','0.0','0.0','0.0','','0.0','0.0','0.0','False','False','','False','','','','','','False','','','','','','1.0','','False','Odom Household','Contact-61','');
INSERT INTO "Account" VALUES('Account-62','012Ru000006bRyhIAE','','True','Household Account','0.0','','','','Barajas Mikayla','','Barajas','0.0','','0.0','','','','0.0','','','0.0','0.0','0.0','0.0','0.0','0.0','0.0','0.0','0.0','0.0','','0.0','0.0','0.0','False','False','','False','','','','','','False','','','','','','1.0','','False','Mikayla Household','Contact-62','');
INSERT INTO "Account" VALUES('Account-63','012Ru000006bRyhIAE','','True','Household Account','0.0','','','','Castaneda Madeline','','Castaneda','0.0','','0.0','','','','0.0','','','0.0','0.0','0.0','0.0','0.0','0.0','0.0','0.0','0.0','0.0','','0.0','0.0','0.0','False','False','','False','','','','','','False','','','','','','1.0','','False','Madeline Household','Contact-63','');
INSERT INTO "Account" VALUES('Account-64','012Ru000006bRyhIAE','','True','Household Account','0.0','','','','Dr. Dominique Hines','','Dominique','0.0','','0.0','','','','0.0','','','0.0','0.0','0.0','0.0','0.0','0.0','0.0','0.0','0.0','0.0','','0.0','0.0','0.0','False','False','','False','','','','','','False','','','','','','1.0','','False','Anonymous Household','Contact-64','');
INSERT INTO "Account" VALUES('Account-65','012Ru000006bRyhIAE','','True','Household Account','0.0','','','','Mr. Jennifer Mckenzie','','Sir or Madam','0.0','','0.0','','','','0.0','','','0.0','0.0','0.0','0.0','0.0','0.0','0.0','0.0','0.0','0.0','','0.0','0.0','0.0','False','False','','False','','','','','','False','','','','','','1.0','','False','Mckenzie Household','Contact-65','');
INSERT INTO "Account" VALUES('Account-66','012Ru000006bRyhIAE','','True','Household Account','0.0','','','','Jones Joanne','','Jones','0.0','','0.0','','','','0.0','','','0.0','0.0','0.0','0.0','0.0','0.0','0.0','0.0','0.0','0.0','','0.0','0.0','0.0','False','False','','False','','','','','','False','','','','','','1.0','','False','Joanne Household','Contact-66','');
INSERT INTO "Account" VALUES('Account-67','012Ru000006bRyhIAE','','True','Household Account','0.0','','','','Melton Carly','','Melton','0.0','','0.0','','','','0.0','','','0.0','0.0','0.0','0.0','0.0','0.0','0.0','0.0','0.0','0.0','','0.0','0.0','0.0','False','False','','False','','','','','','False','','','','','','1.0','','False','Carly Household','Contact-67','');
INSERT INTO "Account" VALUES('Account-68','012Ru000006bRyhIAE','','True','Household Account','0.0','','','','Sir or Madam','','Derek','0.0','','0.0','','','','0.0','','','0.0','0.0','0.0','0.0','0.0','0.0','0.0','0.0','0.0','0.0','','0.0','0.0','0.0','False','False','','False','','','','','','False','','','','','','1.0','','False','Mccall Household','Contact-68','');
INSERT INTO "Account" VALUES('Account-69','012Ru000006bRyhIAE','','True','Household Account','0.0','','','','Weeks George','','Weeks','0.0','','0.0','','','','0.0','','','0.0','0.0','0.0','0.0','0.0','0.0','0.0','0.0','0.0','0.0','','0.0','0.0','0.0','False','False','','False','','','','','','False','','','','','','1.0','','False','George Household','Contact-69','');
INSERT INTO "Account" VALUES('Account-70','012Ru000006bRyhIAE','','True','Household Account','0.0','','','','Ryan Jamie','','Ryan','0.0','','0.0','','','','0.0','','','0.0','0.0','0.0','0.0','0.0','0.0','0.0','0.0','0.0','0.0','','0.0','0.0','0.0','False','False','','False','','','','','','False','','','','','','1.0','','False','Jamie Household','Contact-70','');
INSERT INTO "Account" VALUES('Account-71','012Ru000006bRyhIAE','','True','Household Account','0.0','','','','Mrs. Suzanne Dorsey','','Sir or Madam','0.0','','0.0','','','','0.0','','','0.0','0.0','0.0','0.0','0.0','0.0','0.0','0.0','0.0','0.0','','0.0','0.0','0.0','False','False','','False','','','','','','False','','','','','','1.0','','False','Dorsey Household','Contact-71','');
INSERT INTO "Account" VALUES('Account-72','012Ru000006bRyhIAE','','True','Household Account','0.0','','','','Benitez Ivan','','Benitez','0.0','','0.0','','','','0.0','','','0.0','0.0','0.0','0.0','0.0','0.0','0.0','0.0','0.0','0.0','','0.0','0.0','0.0','False','False','','False','','','','','','False','','','','','','1.0','','False','Ivan Household','Contact-72','');
INSERT INTO "Account" VALUES('Account-73','012Ru000006bRyhIAE','','True','Household Account','0.0','','','','Collins Kelli','','Collins','0.0','','0.0','','','','0.0','','','0.0','0.0','0.0','0.0','0.0','0.0','0.0','0.0','0.0','0.0','','0.0','0.0','0.0','False','False','','False','','','','','','False','','','','','','1.0','','False','Kelli Household','Contact-73','');
INSERT INTO "Account" VALUES('Account-74','012Ru000006bRyhIAE','','True','Household Account','0.0','','','','Sir or Madam','','Dominique','0.0','','0.0','','','','0.0','','','0.0','0.0','0.0','0.0','0.0','0.0','0.0','0.0','0.0','0.0','','0.0','0.0','0.0','False','False','','False','','','','','','False','','','','','','1.0','','False','Allison Household','Contact-74','');
INSERT INTO "Account" VALUES('Account-75','012Ru000006bRyhIAE','','True','Household Account','0.0','','','','Ms. Vickie Stewart','','Sir or Madam','0.0','','0.0','','','','0.0','','','0.0','0.0','0.0','0.0','0.0','0.0','0.0','0.0','0.0','0.0','','0.0','0.0','0.0','False','False','','False','','','','','','False','','','','','','1.0','','False','Stewart Household','Contact-75','');
INSERT INTO "Account" VALUES('Account-76','012Ru000006bRyhIAE','','True','Household Account','0.0','','','','Shea Catherine','','Shea','0.0','','0.0','','','','0.0','','','0.0','0.0','0.0','0.0','0.0','0.0','0.0','0.0','0.0','0.0','','0.0','0.0','0.0','False','False','','False','','','','','','False','','','','','','1.0','','False','Catherine Household','Contact-76','');
INSERT INTO "Account" VALUES('Account-77','012Ru000006bRyhIAE','','True','Household Account','0.0','','','','Zamora Melinda','','Zamora','0.0','','0.0','','','','0.0','','','0.0','0.0','0.0','0.0','0.0','0.0','0.0','0.0','0.0','0.0','','0.0','0.0','0.0','False','False','','False','','','','','','False','','','','','','1.0','','False','Melinda Household','Contact-77','');
INSERT INTO "Account" VALUES('Account-78','012Ru000006bRyhIAE','','True','Household Account','0.0','','','','Dr. Lee Cuevas','','Lee','0.0','','0.0','','','','0.0','','','0.0','0.0','0.0','0.0','0.0','0.0','0.0','0.0','0.0','0.0','','0.0','0.0','0.0','False','False','','False','','','','','','False','','','','','','1.0','','False','Cuevas Household','Contact-78','');
INSERT INTO "Account" VALUES('Account-79','012Ru000006bRyhIAE','','True','Household Account','0.0','','','','Arroyo Grant','','Arroyo','0.0','','0.0','','','','0.0','','','0.0','0.0','0.0','0.0','0.0','0.0','0.0','0.0','0.0','0.0','','0.0','0.0','0.0','False','False','','False','','','','','','False','','','','','','1.0','','False','Grant Household','Contact-79','');
INSERT INTO "Account" VALUES('Account-80','012Ru000006bRyhIAE','','True','Household Account','0.0','','','','Parker Travis','','Parker','0.0','','0.0','','','','0.0','','','0.0','0.0','0.0','0.0','0.0','0.0','0.0','0.0','0.0','0.0','','0.0','0.0','0.0','False','False','','False','','','','','','False','','','','','','1.0','','False','Travis Household','Contact-80','');
INSERT INTO "Account" VALUES('Account-81','012Ru000006bRyhIAE','','True','Household Account','0.0','','','','Mrs. Marco Gates','','Sir or Madam','0.0','','0.0','','','','0.0','','','0.0','0.0','0.0','0.0','0.0','0.0','0.0','0.0','0.0','0.0','','0.0','0.0','0.0','False','False','','False','','','','','','False','','','','','','1.0','','False','Gates Household','Contact-81','');
INSERT INTO "Account" VALUES('Account-82','012Ru000006bRyhIAE','','True','Household Account','0.0','','','','Meza April','','Meza','0.0','','0.0','','','','0.0','','','0.0','0.0','0.0','0.0','0.0','0.0','0.0','0.0','0.0','0.0','','0.0','0.0','0.0','False','False','','False','','','','','','False','','','','','','1.0','','False','April Household','Contact-82','');
INSERT INTO "Account" VALUES('Account-83','012Ru000006bRyhIAE','','True','Household Account','0.0','','','','Rosario Darren','','Rosario','0.0','','0.0','','','','0.0','','','0.0','0.0','0.0','0.0','0.0','0.0','0.0','0.0','0.0','0.0','','0.0','0.0','0.0','False','False','','False','','','','','','False','','','','','','1.0','','False','Darren Household','Contact-83','');
INSERT INTO "Account" VALUES('Account-84','012Ru000006bRyhIAE','','True','Household Account','0.0','','','','Dr. Leslie Mcclain','','Leslie','0.0','','0.0','','','','0.0','','','0.0','0.0','0.0','0.0','0.0','0.0','0.0','0.0','0.0','0.0','','0.0','0.0','0.0','False','False','','False','','','','','','False','','','','','','1.0','','False','Anonymous Household','Contact-84','');
INSERT INTO "Account" VALUES('Account-85','012Ru000006bRyhIAE','','True','Household Account','0.0','','','','Hodges Laura','','Hodges','0.0','','0.0','','','','0.0','','','0.0','0.0','0.0','0.0','0.0','0.0','0.0','0.0','0.0','0.0','','0.0','0.0','0.0','False','False','','False','','','','','','False','','','','','','1.0','','False','Laura Household','Contact-85','');
INSERT INTO "Account" VALUES('Account-86','012Ru000006bRyhIAE','','True','Household Account','0.0','','','','Carter Vincent','','Carter','0.0','','0.0','','','','0.0','','','0.0','0.0','0.0','0.0','0.0','0.0','0.0','0.0','0.0','0.0','','0.0','0.0','0.0','False','False','','False','','','','','','False','','','','','','1.0','','False','Vincent Household','Contact-86','');
INSERT INTO "Account" VALUES('Account-87','012Ru000006bRyhIAE','','True','Household Account','0.0','','','','Mr. Sydney Robertson','','Sir or Madam','0.0','','0.0','','','','0.0','','','0.0','0.0','0.0','0.0','0.0','0.0','0.0','0.0','0.0','0.0','','0.0','0.0','0.0','False','False','','False','','','','','','False','','','','','','1.0','','False','Robertson Household','Contact-87','');
INSERT INTO "Account" VALUES('Account-88','012Ru000006bRyhIAE','','True','Household Account','0.0','','','','Mr. Neil Clark','','Sir or Madam','0.0','','0.0','','','','0.0','','','0.0','0.0','0.0','0.0','0.0','0.0','0.0','0.0','0.0','0.0','','0.0','0.0','0.0','False','False','','False','','','','','','False','','','','','','1.0','','False','Clark Household','Contact-88','');
INSERT INTO "Account" VALUES('Account-89','012Ru000006bRyhIAE','','True','Household Account','0.0','','','','Prof. Bobby Schaefer','','Bobby','0.0','','0.0','','','','0.0','','','0.0','0.0','0.0','0.0','0.0','0.0','0.0','0.0','0.0','0.0','','0.0','0.0','0.0','False','False','','False','','','','','','False','','','','','','1.0','','False','Anonymous Household','Contact-89','');
INSERT INTO "Account" VALUES('Account-90','012Ru000006bRyhIAE','','True','Household Account','0.0','','','','Chan Jenna','','Chan','0.0','','0.0','','','','0.0','','','0.0','0.0','0.0','0.0','0.0','0.0','0.0','0.0','0.0','0.0','','0.0','0.0','0.0','False','False','','False','','','','','','False','','','','','','1.0','','False','Jenna Household','Contact-90','');
INSERT INTO "Account" VALUES('Account-91','012Ru000006bRyhIAE','','True','Household Account','0.0','','','','Gillespie Autumn','','Gillespie','0.0','','0.0','','','','0.0','','','0.0','0.0','0.0','0.0','0.0','0.0','0.0','0.0','0.0','0.0','','0.0','0.0','0.0','False','False','','False','','','','','','False','','','','','','1.0','','False','Autumn Household','Contact-91','');
INSERT INTO "Account" VALUES('Account-92','012Ru000006bRyhIAE','','True','Household Account','0.0','','','','Ms. Kaylee Cherry','','Kaylee','0.0','','0.0','','','','0.0','','','0.0','0.0','0.0','0.0','0.0','0.0','0.0','0.0','0.0','0.0','','0.0','0.0','0.0','False','False','','False','','','','','','False','','','','','','1.0','','False','Anonymous Household','Contact-92','');
INSERT INTO "Account" VALUES('Account-93','012Ru000006bRyhIAE','','True','Household Account','0.0','','','','Ms. Phyllis Nolan','','Sir or Madam','0.0','','0.0','','','','0.0','','','0.0','0.0','0.0','0.0','0.0','0.0','0.0','0.0','0.0','0.0','','0.0','0.0','0.0','False','False','','False','','','','','','False','','','','','','1.0','','False','Nolan Household','Contact-93','');
INSERT INTO "Account" VALUES('Account-94','012Ru000006bRyhIAE','','True','Household Account','0.0','','','','Richards Connie','','Richards','0.0','','0.0','','','','0.0','','','0.0','0.0','0.0','0.0','0.0','0.0','0.0','0.0','0.0','0.0','','0.0','0.0','0.0','False','False','','False','','','','','','False','','','','','','1.0','','False','Connie Household','Contact-94','');
INSERT INTO "Account" VALUES('Account-95','012Ru000006bRyhIAE','','True','Household Account','0.0','','','','Russell Tracy','','Russell','0.0','','0.0','','','','0.0','','','0.0','0.0','0.0','0.0','0.0','0.0','0.0','0.0','0.0','0.0','','0.0','0.0','0.0','False','False','','False','','','','','','False','','','','','','1.0','','False','Tracy Household','Contact-95','');
INSERT INTO "Account" VALUES('Account-96','012Ru000006bRyhIAE','','True','Household Account','0.0','','','','Sir or Madam','','Ralph','0.0','','0.0','','','','0.0','','','0.0','0.0','0.0','0.0','0.0','0.0','0.0','0.0','0.0','0.0','','0.0','0.0','0.0','False','False','','False','','','','','','False','','','','','','1.0','','False','Haas Household','Contact-96','');
INSERT INTO "Account" VALUES('Account-97','012Ru000006bRyhIAE','','True','Household Account','0.0','','','','Wood Stacey','','Wood','0.0','','0.0','','','','0.0','','','0.0','0.0','0.0','0.0','0.0','0.0','0.0','0.0','0.0','0.0','','0.0','0.0','0.0','False','False','','False','','','','','','False','','','','','','1.0','','False','Stacey Household','Contact-97','');
INSERT INTO "Account" VALUES('Account-98','012Ru000006bRyhIAE','','True','Household Account','0.0','','','','Barnett Billy','','Barnett','0.0','','0.0','','','','0.0','','','0.0','0.0','0.0','0.0','0.0','0.0','0.0','0.0','0.0','0.0','','0.0','0.0','0.0','False','False','','False','','','','','','False','','','','','','1.0','','False','Billy Household','Contact-98','');
INSERT INTO "Account" VALUES('Account-99','012Ru000006bRyhIAE','','True','Household Account','0.0','','','','Dr. Noah Jackson','','Noah','0.0','','0.0','','','','0.0','','','0.0','0.0','0.0','0.0','0.0','0.0','0.0','0.0','0.0','0.0','','0.0','0.0','0.0','False','False','','False','','','','','','False','','','','','','1.0','','False','Jackson Household','Contact-99','');
INSERT INTO "Account" VALUES('Account-100','012Ru000006bRyhIAE','','True','Household Account','0.0','','','','Herring Arthur','','Herring','0.0','','0.0','','','','0.0','','','0.0','0.0','0.0','0.0','0.0','0.0','0.0','0.0','0.0','0.0','','0.0','0.0','0.0','False','False','','False','','','','','','False','','','','','','1.0','','False','Arthur Household','Contact-100','');
INSERT INTO "Account" VALUES('Account-101','012Ru000006bRyhIAE','','True','Household Account','0.0','','','','Bishop Ashley','','Bishop','0.0','','0.0','','','','0.0','','','0.0','0.0','0.0','0.0','0.0','0.0','0.0','0.0','0.0','0.0','','0.0','0.0','0.0','False','False','','False','','','','','','False','','','','','','1.0','','False','Ashley Household','Contact-101','');
INSERT INTO "Account" VALUES('Account-102','012Ru000006bRyhIAE','','True','Household Account','0.0','','','','Mr. Monique Chapman','','Monique','0.0','','0.0','','','','0.0','','','0.0','0.0','0.0','0.0','0.0','0.0','0.0','0.0','0.0','0.0','','0.0','0.0','0.0','False','False','','False','','','','','','False','','','','','','1.0','','False','Anonymous Household','Contact-102','');
INSERT INTO "Account" VALUES('Account-103','012Ru000006bRyhIAE','','True','Household Account','0.0','','','','Barnes Norman','','Barnes','0.0','','0.0','','','','0.0','','','0.0','0.0','0.0','0.0','0.0','0.0','0.0','0.0','0.0','0.0','','0.0','0.0','0.0','False','False','','False','','','','','','False','','','','','','1.0','','False','Norman Household','Contact-103','');
INSERT INTO "Account" VALUES('Account-104','012Ru000006bRyhIAE','','True','Household Account','0.0','','','','Skinner Kellie','','Skinner','0.0','','0.0','','','','0.0','','','0.0','0.0','0.0','0.0','0.0','0.0','0.0','0.0','0.0','0.0','','0.0','0.0','0.0','False','False','','False','','','','','','False','','','','','','1.0','','False','Kellie Household','Contact-104','');
INSERT INTO "Account" VALUES('Account-105','012Ru000006bRyhIAE','','True','Household Account','0.0','','','','Ms. Johnathan Ochoa','','Sir or Madam','0.0','','0.0','','','','0.0','','','0.0','0.0','0.0','0.0','0.0','0.0','0.0','0.0','0.0','0.0','','0.0','0.0','0.0','False','False','','False','','','','','','False','','','','','','1.0','','False','Ochoa Household','Contact-105','');
INSERT INTO "Account" VALUES('Account-106','012Ru000006bRyhIAE','','True','Household Account','0.0','','','','Mr. Vickie Gibson','','Vickie','0.0','','0.0','','','','0.0','','','0.0','0.0','0.0','0.0','0.0','0.0','0.0','0.0','0.0','0.0','','0.0','0.0','0.0','False','False','','False','','','','','','False','','','','','','1.0','','False','Anonymous Household','Contact-106','');
INSERT INTO "Account" VALUES('Account-107','012Ru000006bRyhIAE','','True','Household Account','0.0','','','','Dr. Beth Mercado','','Sir or Madam','0.0','','0.0','','','','0.0','','','0.0','0.0','0.0','0.0','0.0','0.0','0.0','0.0','0.0','0.0','','0.0','0.0','0.0','False','False','','False','','','','','','False','','','','','','1.0','','False','Mercado Household','Contact-107','');
INSERT INTO "Account" VALUES('Account-108','012Ru000006bRyhIAE','','True','Household Account','0.0','','','','Hamilton Angela','','Hamilton','0.0','','0.0','','','','0.0','','','0.0','0.0','0.0','0.0','0.0','0.0','0.0','0.0','0.0','0.0','','0.0','0.0','0.0','False','False','','False','','','','','','False','','','','','','1.0','','False','Angela Household','Contact-108','');
INSERT INTO "Account" VALUES('Account-109','012Ru000006bRyhIAE','','True','Household Account','0.0','','','','Matthews Alvin','','Matthews','0.0','','0.0','','','','0.0','','','0.0','0.0','0.0','0.0','0.0','0.0','0.0','0.0','0.0','0.0','','0.0','0.0','0.0','False','False','','False','','','','','','False','','','','','','1.0','','False','Alvin Household','Contact-109','');
INSERT INTO "Account" VALUES('Account-110','012Ru000006bRyhIAE','','True','Household Account','0.0','','','','Mr. Jay Davenport','','Jay','0.0','','0.0','','','','0.0','','','0.0','0.0','0.0','0.0','0.0','0.0','0.0','0.0','0.0','0.0','','0.0','0.0','0.0','False','False','','False','','','','','','False','','','','','','1.0','','False','Anonymous Household','Contact-110','');
INSERT INTO "Account" VALUES('Account-111','012Ru000006bRyhIAE','','True','Household Account','0.0','','','','Prof. Larry Riggs','','Sir or Madam','0.0','','0.0','','','','0.0','','','0.0','0.0','0.0','0.0','0.0','0.0','0.0','0.0','0.0','0.0','','0.0','0.0','0.0','False','False','','False','','','','','','False','','','','','','1.0','','False','Riggs Household','Contact-111','');
INSERT INTO "Account" VALUES('Account-112','012Ru000006bRyhIAE','','True','Household Account','0.0','','','','Savage Charlene','','Savage','0.0','','0.0','','','','0.0','','','0.0','0.0','0.0','0.0','0.0','0.0','0.0','0.0','0.0','0.0','','0.0','0.0','0.0','False','False','','False','','','','','','False','','','','','','1.0','','False','Charlene Household','Contact-112','');
INSERT INTO "Account" VALUES('Account-113','012Ru000006bRyhIAE','','True','Household Account','0.0','','','','Schwartz Andrew','','Schwartz','0.0','','0.0','','','','0.0','','','0.0','0.0','0.0','0.0','0.0','0.0','0.0','0.0','0.0','0.0','','0.0','0.0','0.0','False','False','','False','','','','','','False','','','','','','1.0','','False','Andrew Household','Contact-113','');
INSERT INTO "Account" VALUES('Account-114','012Ru000006bRyhIAE','','True','Household Account','0.0','','','','Sir or Madam','','Jeremy','0.0','','0.0','','','','0.0','','','0.0','0.0','0.0','0.0','0.0','0.0','0.0','0.0','0.0','0.0','','0.0','0.0','0.0','False','False','','False','','','','','','False','','','','','','1.0','','False','Jordan Household','Contact-114','');
INSERT INTO "Account" VALUES('Account-115','012Ru000006bRyhIAE','','True','Household Account','0.0','','','','Forbes Ariel','','Forbes','0.0','','0.0','','','','0.0','','','0.0','0.0','0.0','0.0','0.0','0.0','0.0','0.0','0.0','0.0','','0.0','0.0','0.0','False','False','','False','','','','','','False','','','','','','1.0','','False','Ariel Household','Contact-115','');
INSERT INTO "Account" VALUES('Account-116','012Ru000006bRyhIAE','','True','Household Account','0.0','','','','Case Paige','','Case','0.0','','0.0','','','','0.0','','','0.0','0.0','0.0','0.0','0.0','0.0','0.0','0.0','0.0','0.0','','0.0','0.0','0.0','False','False','','False','','','','','','False','','','','','','1.0','','False','Paige Household','Contact-116','');
INSERT INTO "Account" VALUES('Account-117','012Ru000006bRyhIAE','','True','Household Account','0.0','','','','Sir or Madam','','Shane','0.0','','0.0','','','','0.0','','','0.0','0.0','0.0','0.0','0.0','0.0','0.0','0.0','0.0','0.0','','0.0','0.0','0.0','False','False','','False','','','','','','False','','','','','','1.0','','False','Compton Household','Contact-117','');
INSERT INTO "Account" VALUES('Account-118','012Ru000006bRyhIAE','','True','Household Account','0.0','','','','Lewis Dorothy','','Lewis','0.0','','0.0','','','','0.0','','','0.0','0.0','0.0','0.0','0.0','0.0','0.0','0.0','0.0','0.0','','0.0','0.0','0.0','False','False','','False','','','','','','False','','','','','','1.0','','False','Dorothy Household','Contact-118','');
INSERT INTO "Account" VALUES('Account-119','012Ru000006bRyhIAE','','True','Household Account','0.0','','','','Tanner Tina','','Tanner','0.0','','0.0','','','','0.0','','','0.0','0.0','0.0','0.0','0.0','0.0','0.0','0.0','0.0','0.0','','0.0','0.0','0.0','False','False','','False','','','','','','False','','','','','','1.0','','False','Tina Household','Contact-119','');
INSERT INTO "Account" VALUES('Account-120','012Ru000006bRyhIAE','','True','Household Account','0.0','','','','Dr. Kylie Reilly','','Kylie','0.0','','0.0','','','','0.0','','','0.0','0.0','0.0','0.0','0.0','0.0','0.0','0.0','0.0','0.0','','0.0','0.0','0.0','False','False','','False','','','','','','False','','','','','','1.0','','False','Reilly Household','Contact-120','');
INSERT INTO "Account" VALUES('Account-121','012Ru000006bRyhIAE','','True','Household Account','0.0','','','','Lloyd Pamela','','Lloyd','0.0','','0.0','','','','0.0','','','0.0','0.0','0.0','0.0','0.0','0.0','0.0','0.0','0.0','0.0','','0.0','0.0','0.0','False','False','','False','','','','','','False','','','','','','1.0','','False','Pamela Household','Contact-121','');
INSERT INTO "Account" VALUES('Account-122','012Ru000006bRyhIAE','','True','Household Account','0.0','','','','Stevenson Spencer','','Stevenson','0.0','','0.0','','','','0.0','','','0.0','0.0','0.0','0.0','0.0','0.0','0.0','0.0','0.0','0.0','','0.0','0.0','0.0','False','False','','False','','','','','','False','','','','','','1.0','','False','Spencer Household','Contact-122','');
INSERT INTO "Account" VALUES('Account-123','012Ru000006bRyhIAE','','True','Household Account','0.0','','','','Ms. Jeffrey Roman','','Jeffrey','0.0','','0.0','','','','0.0','','','0.0','0.0','0.0','0.0','0.0','0.0','0.0','0.0','0.0','0.0','','0.0','0.0','0.0','False','False','','False','','','','','','False','','','','','','1.0','','False','Anonymous Household','Contact-123','');
INSERT INTO "Account" VALUES('Account-124','012Ru000006bRyhIAE','','True','Household Account','0.0','','','','Wagner Peggy','','Wagner','0.0','','0.0','','','','0.0','','','0.0','0.0','0.0','0.0','0.0','0.0','0.0','0.0','0.0','0.0','','0.0','0.0','0.0','False','False','','False','','','','','','False','','','','','','1.0','','False','Peggy Household','Contact-124','');
INSERT INTO "Account" VALUES('Account-125','012Ru000006bRyhIAE','','True','Household Account','0.0','','','','Haney Caitlin','','Haney','0.0','','0.0','','','','0.0','','','0.0','0.0','0.0','0.0','0.0','0.0','0.0','0.0','0.0','0.0','','0.0','0.0','0.0','False','False','','False','','','','','','False','','','','','','1.0','','False','Caitlin Household','Contact-125','');
INSERT INTO "Account" VALUES('Account-126','012Ru000006bRyhIAE','','True','Household Account','0.0','','','','Mr. Meagan Kent','','Meagan','0.0','','0.0','','','','0.0','','','0.0','0.0','0.0','0.0','0.0','0.0','0.0','0.0','0.0','0.0','','0.0','0.0','0.0','False','False','','False','','','','','','False','','','','','','1.0','','False','Anonymous Household','Contact-126','');
INSERT INTO "Account" VALUES('Account-127','012Ru000006bRyhIAE','','True','Household Account','0.0','','','','Dr. Lance Mcintyre','','Lance','0.0','','0.0','','','','0.0','','','0.0','0.0','0.0','0.0','0.0','0.0','0.0','0.0','0.0','0.0','','0.0','0.0','0.0','False','False','','False','','','','','','False','','','','','','1.0','','False','Anonymous Household','Contact-127','');
INSERT INTO "Account" VALUES('Account-128','012Ru000006bRyhIAE','','True','Household Account','0.0','','','','Dr. Meagan Bautista','','Sir or Madam','0.0','','0.0','','','','0.0','','','0.0','0.0','0.0','0.0','0.0','0.0','0.0','0.0','0.0','0.0','','0.0','0.0','0.0','False','False','','False','','','','','','False','','','','','','1.0','','False','Bautista Household','Contact-128','');
INSERT INTO "Account" VALUES('Account-129','012Ru000006bRyhIAE','','True','Household Account','0.0','','','','Roberson Elijah','','Roberson','0.0','','0.0','','','','0.0','','','0.0','0.0','0.0','0.0','0.0','0.0','0.0','0.0','0.0','0.0','','0.0','0.0','0.0','False','False','','False','','','','','','False','','','','','','1.0','','False','Elijah Household','Contact-129','');
INSERT INTO "Account" VALUES('Account-130','012Ru000006bRyhIAE','','True','Household Account','0.0','','','','Goodman Catherine','','Goodman','0.0','','0.0','','','','0.0','','','0.0','0.0','0.0','0.0','0.0','0.0','0.0','0.0','0.0','0.0','','0.0','0.0','0.0','False','False','','False','','','','','','False','','','','','','1.0','','False','Catherine Household','Contact-130','');
INSERT INTO "Account" VALUES('Account-131','012Ru000006bRyhIAE','','True','Household Account','0.0','','','','Dr. Sarah Harvey','','Sarah','0.0','','0.0','','','','0.0','','','0.0','0.0','0.0','0.0','0.0','0.0','0.0','0.0','0.0','0.0','','0.0','0.0','0.0','False','False','','False','','','','','','False','','','','','','1.0','','False','Anonymous Household','Contact-131','');
INSERT INTO "Account" VALUES('Account-132','012Ru000006bRyhIAE','','True','Household Account','0.0','','','','Sir or Madam','','Allison','0.0','','0.0','','','','0.0','','','0.0','0.0','0.0','0.0','0.0','0.0','0.0','0.0','0.0','0.0','','0.0','0.0','0.0','False','False','','False','','','','','','False','','','','','','1.0','','False','Wiggins Household','Contact-132','');
INSERT INTO "Account" VALUES('Account-133','012Ru000006bRyhIAE','','True','Household Account','0.0','','','','Benitez Lauren','','Benitez','0.0','','0.0','','','','0.0','','','0.0','0.0','0.0','0.0','0.0','0.0','0.0','0.0','0.0','0.0','','0.0','0.0','0.0','False','False','','False','','','','','','False','','','','','','1.0','','False','Lauren Household','Contact-133','');
INSERT INTO "Account" VALUES('Account-134','012Ru000006bRyhIAE','','True','Household Account','0.0','','','','Donaldson Andre','','Donaldson','0.0','','0.0','','','','0.0','','','0.0','0.0','0.0','0.0','0.0','0.0','0.0','0.0','0.0','0.0','','0.0','0.0','0.0','False','False','','False','','','','','','False','','','','','','1.0','','False','Andre Household','Contact-134','');
INSERT INTO "Account" VALUES('Account-135','012Ru000006bRyhIAE','','True','Household Account','0.0','','','','Sir or Madam','','Roberta','0.0','','0.0','','','','0.0','','','0.0','0.0','0.0','0.0','0.0','0.0','0.0','0.0','0.0','0.0','','0.0','0.0','0.0','False','False','','False','','','','','','False','','','','','','1.0','','False','Calhoun Household','Contact-135','');
INSERT INTO "Account" VALUES('Account-136','012Ru000006bRyhIAE','','True','Household Account','0.0','','','','Lowery April','','Lowery','0.0','','0.0','','','','0.0','','','0.0','0.0','0.0','0.0','0.0','0.0','0.0','0.0','0.0','0.0','','0.0','0.0','0.0','False','False','','False','','','','','','False','','','','','','1.0','','False','April Household','Contact-136','');
INSERT INTO "Account" VALUES('Account-137','012Ru000006bRyhIAE','','True','Household Account','0.0','','','','Callahan Victoria','','Callahan','0.0','','0.0','','','','0.0','','','0.0','0.0','0.0','0.0','0.0','0.0','0.0','0.0','0.0','0.0','','0.0','0.0','0.0','False','False','','False','','','','','','False','','','','','','1.0','','False','Victoria Household','Contact-137','');
INSERT INTO "Account" VALUES('Account-138','012Ru000006bRyhIAE','','True','Household Account','0.0','','','','Mr. Jasmine Chase','','Jasmine','0.0','','0.0','','','','0.0','','','0.0','0.0','0.0','0.0','0.0','0.0','0.0','0.0','0.0','0.0','','0.0','0.0','0.0','False','False','','False','','','','','','False','','','','','','1.0','','False','Anonymous Household','Contact-138','');
INSERT INTO "Account" VALUES('Account-139','012Ru000006bRyhIAE','','True','Household Account','0.0','','','','Ms. Ruben Riley','','Ruben','0.0','','0.0','','','','0.0','','','0.0','0.0','0.0','0.0','0.0','0.0','0.0','0.0','0.0','0.0','','0.0','0.0','0.0','False','False','','False','','','','','','False','','','','','','1.0','','False','Anonymous Household','Contact-139','');
INSERT INTO "Account" VALUES('Account-140','012Ru000006bRyhIAE','','True','Household Account','0.0','','','','Thompson Linda','','Thompson','0.0','','0.0','','','','0.0','','','0.0','0.0','0.0','0.0','0.0','0.0','0.0','0.0','0.0','0.0','','0.0','0.0','0.0','False','False','','False','','','','','','False','','','','','','1.0','','False','Linda Household','Contact-140','');
INSERT INTO "Account" VALUES('Account-141','012Ru000006bRyhIAE','','True','Household Account','0.0','','','','Aguirre Kendra','','Aguirre','0.0','','0.0','','','','0.0','','','0.0','0.0','0.0','0.0','0.0','0.0','0.0','0.0','0.0','0.0','','0.0','0.0','0.0','False','False','','False','','','','','','False','','','','','','1.0','','False','Kendra Household','Contact-141','');
INSERT INTO "Account" VALUES('Account-142','012Ru000006bRyhIAE','','True','Household Account','0.0','','','','Dr. Lorraine Bolton','','Lorraine','0.0','','0.0','','','','0.0','','','0.0','0.0','0.0','0.0','0.0','0.0','0.0','0.0','0.0','0.0','','0.0','0.0','0.0','False','False','','False','','','','','','False','','','','','','1.0','','False','Bolton Household','Contact-142','');
INSERT INTO "Account" VALUES('Account-143','012Ru000006bRyhIAE','','True','Household Account','0.0','','','','Larson Carlos','','Larson','0.0','','0.0','','','','0.0','','','0.0','0.0','0.0','0.0','0.0','0.0','0.0','0.0','0.0','0.0','','0.0','0.0','0.0','False','False','','False','','','','','','False','','','','','','1.0','','False','Carlos Household','Contact-143','');
INSERT INTO "Account" VALUES('Account-144','012Ru000006bRyhIAE','','True','Household Account','0.0','','','','Peterson Kellie','','Peterson','0.0','','0.0','','','','0.0','','','0.0','0.0','0.0','0.0','0.0','0.0','0.0','0.0','0.0','0.0','','0.0','0.0','0.0','False','False','','False','','','','','','False','','','','','','1.0','','False','Kellie Household','Contact-144','');
INSERT INTO "Account" VALUES('Account-145','012Ru000006bRyhIAE','','True','Household Account','0.0','','','','Prof. Ralph Hopkins','','Ralph','0.0','','0.0','','','','0.0','','','0.0','0.0','0.0','0.0','0.0','0.0','0.0','0.0','0.0','0.0','','0.0','0.0','0.0','False','False','','False','','','','','','False','','','','','','1.0','','False','Anonymous Household','Contact-145','');
INSERT INTO "Account" VALUES('Account-146','012Ru000006bRyhIAE','','True','Household Account','0.0','','','','Malone Johnathan','','Malone','0.0','','0.0','','','','0.0','','','0.0','0.0','0.0','0.0','0.0','0.0','0.0','0.0','0.0','0.0','','0.0','0.0','0.0','False','False','','False','','','','','','False','','','','','','1.0','','False','Johnathan Household','Contact-146','');
INSERT INTO "Account" VALUES('Account-147','012Ru000006bRyhIAE','','True','Household Account','0.0','','','','Leblanc Lori','','Leblanc','0.0','','0.0','','','','0.0','','','0.0','0.0','0.0','0.0','0.0','0.0','0.0','0.0','0.0','0.0','','0.0','0.0','0.0','False','False','','False','','','','','','False','','','','','','1.0','','False','Lori Household','Contact-147','');
INSERT INTO "Account" VALUES('Account-148','012Ru000006bRyhIAE','','True','Household Account','0.0','','','','Prof. Oscar Gallegos','','Sir or Madam','0.0','','0.0','','','','0.0','','','0.0','0.0','0.0','0.0','0.0','0.0','0.0','0.0','0.0','0.0','','0.0','0.0','0.0','False','False','','False','','','','','','False','','','','','','1.0','','False','Gallegos Household','Contact-148','');
INSERT INTO "Account" VALUES('Account-149','012Ru000006bRyhIAE','','True','Household Account','0.0','','','','Mrs. Madeline Church','','Madeline','0.0','','0.0','','','','0.0','','','0.0','0.0','0.0','0.0','0.0','0.0','0.0','0.0','0.0','0.0','','0.0','0.0','0.0','False','False','','False','','','','','','False','','','','','','1.0','','False','Anonymous Household','Contact-149','');
INSERT INTO "Account" VALUES('Account-150','012Ru000006bRyhIAE','','True','Household Account','0.0','','','','Sir or Madam','','Kristen','0.0','','0.0','','','','0.0','','','0.0','0.0','0.0','0.0','0.0','0.0','0.0','0.0','0.0','0.0','','0.0','0.0','0.0','False','False','','False','','','','','','False','','','','','','1.0','','False','Macias Household','Contact-150','');
INSERT INTO "Account" VALUES('Account-151','012Ru000006bRyhIAE','','True','Household Account','0.0','','','','Crawford Andres','','Crawford','0.0','','0.0','','','','0.0','','','0.0','0.0','0.0','0.0','0.0','0.0','0.0','0.0','0.0','0.0','','0.0','0.0','0.0','False','False','','False','','','','','','False','','','','','','1.0','','False','Andres Household','Contact-151','');
INSERT INTO "Account" VALUES('Account-152','012Ru000006bRyhIAE','','True','Household Account','0.0','','','','Allison Alexa','','Allison','0.0','','0.0','','','','0.0','','','0.0','0.0','0.0','0.0','0.0','0.0','0.0','0.0','0.0','0.0','','0.0','0.0','0.0','False','False','','False','','','','','','False','','','','','','1.0','','False','Alexa Household','Contact-152','');
INSERT INTO "Account" VALUES('Account-153','012Ru000006bRyhIAE','','True','Household Account','0.0','','','','Mr. Harold Little','','Sir or Madam','0.0','','0.0','','','','0.0','','','0.0','0.0','0.0','0.0','0.0','0.0','0.0','0.0','0.0','0.0','','0.0','0.0','0.0','False','False','','False','','','','','','False','','','','','','1.0','','False','Little Household','Contact-153','');
INSERT INTO "Account" VALUES('Account-154','012Ru000006bRyhIAE','','True','Household Account','0.0','','','','Prof. Sally Dyer','','Sir or Madam','0.0','','0.0','','','','0.0','','','0.0','0.0','0.0','0.0','0.0','0.0','0.0','0.0','0.0','0.0','','0.0','0.0','0.0','False','False','','False','','','','','','False','','','','','','1.0','','False','Dyer Household','Contact-154','');
INSERT INTO "Account" VALUES('Account-155','012Ru000006bRyhIAE','','True','Household Account','0.0','','','','Prof. Aaron Montgomery','','Sir or Madam','0.0','','0.0','','','','0.0','','','0.0','0.0','0.0','0.0','0.0','0.0','0.0','0.0','0.0','0.0','','0.0','0.0','0.0','False','False','','False','','','','','','False','','','','','','1.0','','False','Montgomery Household','Contact-155','');
INSERT INTO "Account" VALUES('Account-156','012Ru000006bRyhIAE','','True','Household Account','0.0','','','','Hopkins Marie','','Hopkins','0.0','','0.0','','','','0.0','','','0.0','0.0','0.0','0.0','0.0','0.0','0.0','0.0','0.0','0.0','','0.0','0.0','0.0','False','False','','False','','','','','','False','','','','','','1.0','','False','Marie Household','Contact-156','');
INSERT INTO "Account" VALUES('Account-157','012Ru000006bRyhIAE','','True','Household Account','0.0','','','','Esparza Dawn','','Esparza','0.0','','0.0','','','','0.0','','','0.0','0.0','0.0','0.0','0.0','0.0','0.0','0.0','0.0','0.0','','0.0','0.0','0.0','False','False','','False','','','','','','False','','','','','','1.0','','False','Dawn Household','Contact-157','');
INSERT INTO "Account" VALUES('Account-158','012Ru000006bRyhIAE','','True','Household Account','0.0','','','','Prof. Roger Wagner','','Roger','0.0','','0.0','','','','0.0','','','0.0','0.0','0.0','0.0','0.0','0.0','0.0','0.0','0.0','0.0','','0.0','0.0','0.0','False','False','','False','','','','','','False','','','','','','1.0','','False','Anonymous Household','Contact-158','');
INSERT INTO "Account" VALUES('Account-159','012Ru000006bRyhIAE','','True','Household Account','0.0','','','','Sir or Madam','','Gregory','0.0','','0.0','','','','0.0','','','0.0','0.0','0.0','0.0','0.0','0.0','0.0','0.0','0.0','0.0','','0.0','0.0','0.0','False','False','','False','','','','','','False','','','','','','1.0','','False','Montoya Household','Contact-159','');
INSERT INTO "Account" VALUES('Account-160','012Ru000006bRyhIAE','','True','Household Account','0.0','','','','Sir or Madam','','Meghan','0.0','','0.0','','','','0.0','','','0.0','0.0','0.0','0.0','0.0','0.0','0.0','0.0','0.0','0.0','','0.0','0.0','0.0','False','False','','False','','','','','','False','','','','','','1.0','','False','Kidd Household','Contact-160','');
INSERT INTO "Account" VALUES('Account-161','012Ru000006bRyhIAE','','True','Household Account','0.0','','','','Fry Denise','','Fry','0.0','','0.0','','','','0.0','','','0.0','0.0','0.0','0.0','0.0','0.0','0.0','0.0','0.0','0.0','','0.0','0.0','0.0','False','False','','False','','','','','','False','','','','','','1.0','','False','Denise Household','Contact-161','');
INSERT INTO "Account" VALUES('Account-162','012Ru000006bRyhIAE','','True','Household Account','0.0','','','','Hatfield Bernard','','Hatfield','0.0','','0.0','','','','0.0','','','0.0','0.0','0.0','0.0','0.0','0.0','0.0','0.0','0.0','0.0','','0.0','0.0','0.0','False','False','','False','','','','','','False','','','','','','1.0','','False','Bernard Household','Contact-162','');
INSERT INTO "Account" VALUES('Account-163','012Ru000006bRyhIAE','','True','Household Account','0.0','','','','Dr. Jared Murillo','','Sir or Madam','0.0','','0.0','','','','0.0','','','0.0','0.0','0.0','0.0','0.0','0.0','0.0','0.0','0.0','0.0','','0.0','0.0','0.0','False','False','','False','','','','','','False','','','','','','1.0','','False','Murillo Household','Contact-163','');
INSERT INTO "Account" VALUES('Account-164','012Ru000006bRyhIAE','','True','Household Account','0.0','','','','Mrs. Savannah Yates','','Savannah','0.0','','0.0','','','','0.0','','','0.0','0.0','0.0','0.0','0.0','0.0','0.0','0.0','0.0','0.0','','0.0','0.0','0.0','False','False','','False','','','','','','False','','','','','','1.0','','False','Anonymous Household','Contact-164','');
INSERT INTO "Account" VALUES('Account-165','012Ru000006bRyhIAE','','True','Household Account','0.0','','','','Joyce Connor','','Joyce','0.0','','0.0','','','','0.0','','','0.0','0.0','0.0','0.0','0.0','0.0','0.0','0.0','0.0','0.0','','0.0','0.0','0.0','False','False','','False','','','','','','False','','','','','','1.0','','False','Connor Household','Contact-165','');
INSERT INTO "Account" VALUES('Account-166','012Ru000006bRyhIAE','','True','Household Account','0.0','','','','Mercer Marco','','Mercer','0.0','','0.0','','','','0.0','','','0.0','0.0','0.0','0.0','0.0','0.0','0.0','0.0','0.0','0.0','','0.0','0.0','0.0','False','False','','False','','','','','','False','','','','','','1.0','','False','Marco Household','Contact-166','');
INSERT INTO "Account" VALUES('Account-167','012Ru000006bRyhIAE','','True','Household Account','0.0','','','','Dr. April Hutchinson','','April','0.0','','0.0','','','','0.0','','','0.0','0.0','0.0','0.0','0.0','0.0','0.0','0.0','0.0','0.0','','0.0','0.0','0.0','False','False','','False','','','','','','False','','','','','','1.0','','False','Hutchinson Household','Contact-167','');
INSERT INTO "Account" VALUES('Account-168','012Ru000006bRyhIAE','','True','Household Account','0.0','','','','Mcguire Xavier','','Mcguire','0.0','','0.0','','','','0.0','','','0.0','0.0','0.0','0.0','0.0','0.0','0.0','0.0','0.0','0.0','','0.0','0.0','0.0','False','False','','False','','','','','','False','','','','','','1.0','','False','Xavier Household','Contact-168','');
INSERT INTO "Account" VALUES('Account-169','012Ru000006bRyhIAE','','True','Household Account','0.0','','','','Patton Erika','','Patton','0.0','','0.0','','','','0.0','','','0.0','0.0','0.0','0.0','0.0','0.0','0.0','0.0','0.0','0.0','','0.0','0.0','0.0','False','False','','False','','','','','','False','','','','','','1.0','','False','Erika Household','Contact-169','');
INSERT INTO "Account" VALUES('Account-170','012Ru000006bRyhIAE','','True','Household Account','0.0','','','','Sir or Madam','','Joshua','0.0','','0.0','','','','0.0','','','0.0','0.0','0.0','0.0','0.0','0.0','0.0','0.0','0.0','0.0','','0.0','0.0','0.0','False','False','','False','','','','','','False','','','','','','1.0','','False','Hale Household','Contact-170','');
INSERT INTO "Account" VALUES('Account-171','012Ru000006bRyhIAE','','True','Household Account','0.0','','','','Ms. Devin Ball','','Devin','0.0','','0.0','','','','0.0','','','0.0','0.0','0.0','0.0','0.0','0.0','0.0','0.0','0.0','0.0','','0.0','0.0','0.0','False','False','','False','','','','','','False','','','','','','1.0','','False','Anonymous Household','Contact-171','');
INSERT INTO "Account" VALUES('Account-172','012Ru000006bRyhIAE','','True','Household Account','0.0','','','','Walter Kelsey','','Walter','0.0','','0.0','','','','0.0','','','0.0','0.0','0.0','0.0','0.0','0.0','0.0','0.0','0.0','0.0','','0.0','0.0','0.0','False','False','','False','','','','','','False','','','','','','1.0','','False','Kelsey Household','Contact-172','');
INSERT INTO "Account" VALUES('Account-173','012Ru000006bRyhIAE','','True','Household Account','0.0','','','','Mann Jonathon','','Mann','0.0','','0.0','','','','0.0','','','0.0','0.0','0.0','0.0','0.0','0.0','0.0','0.0','0.0','0.0','','0.0','0.0','0.0','False','False','','False','','','','','','False','','','','','','1.0','','False','Jonathon Household','Contact-173','');
INSERT INTO "Account" VALUES('Account-174','012Ru000006bRyhIAE','','True','Household Account','0.0','','','','Mr. Dorothy Davidson','','Dorothy','0.0','','0.0','','','','0.0','','','0.0','0.0','0.0','0.0','0.0','0.0','0.0','0.0','0.0','0.0','','0.0','0.0','0.0','False','False','','False','','','','','','False','','','','','','1.0','','False','Anonymous Household','Contact-174','');
INSERT INTO "Account" VALUES('Account-175','012Ru000006bRyhIAE','','True','Household Account','0.0','','','','Sir or Madam','','Marcia','0.0','','0.0','','','','0.0','','','0.0','0.0','0.0','0.0','0.0','0.0','0.0','0.0','0.0','0.0','','0.0','0.0','0.0','False','False','','False','','','','','','False','','','','','','1.0','','False','Shaffer Household','Contact-175','');
INSERT INTO "Account" VALUES('Account-176','012Ru000006bRyhIAE','','True','Household Account','0.0','','','','Prof. Joanne Bush','','Joanne','0.0','','0.0','','','','0.0','','','0.0','0.0','0.0','0.0','0.0','0.0','0.0','0.0','0.0','0.0','','0.0','0.0','0.0','False','False','','False','','','','','','False','','','','','','1.0','','False','Anonymous Household','Contact-176','');
INSERT INTO "Account" VALUES('Account-177','012Ru000006bRyhIAE','','True','Household Account','0.0','','','','Greene Raymond','','Greene','0.0','','0.0','','','','0.0','','','0.0','0.0','0.0','0.0','0.0','0.0','0.0','0.0','0.0','0.0','','0.0','0.0','0.0','False','False','','False','','','','','','False','','','','','','1.0','','False','Raymond Household','Contact-177','');
INSERT INTO "Account" VALUES('Account-178','012Ru000006bRyhIAE','','True','Household Account','0.0','','','','Mathis Jeffrey','','Mathis','0.0','','0.0','','','','0.0','','','0.0','0.0','0.0','0.0','0.0','0.0','0.0','0.0','0.0','0.0','','0.0','0.0','0.0','False','False','','False','','','','','','False','','','','','','1.0','','False','Jeffrey Household','Contact-178','');
INSERT INTO "Account" VALUES('Account-179','012Ru000006bRyhIAE','','True','Household Account','0.0','','','','Sir or Madam','','Gary','0.0','','0.0','','','','0.0','','','0.0','0.0','0.0','0.0','0.0','0.0','0.0','0.0','0.0','0.0','','0.0','0.0','0.0','False','False','','False','','','','','','False','','','','','','1.0','','False','Copeland Household','Contact-179','');
INSERT INTO "Account" VALUES('Account-180','012Ru000006bRyhIAE','','True','Household Account','0.0','','','','Sir or Madam','','Jade','0.0','','0.0','','','','0.0','','','0.0','0.0','0.0','0.0','0.0','0.0','0.0','0.0','0.0','0.0','','0.0','0.0','0.0','False','False','','False','','','','','','False','','','','','','1.0','','False','Ashley Household','Contact-180','');
INSERT INTO "Account" VALUES('Account-181','012Ru000006bRyhIAE','','True','Household Account','0.0','','','','Hancock Kari','','Hancock','0.0','','0.0','','','','0.0','','','0.0','0.0','0.0','0.0','0.0','0.0','0.0','0.0','0.0','0.0','','0.0','0.0','0.0','False','False','','False','','','','','','False','','','','','','1.0','','False','Kari Household','Contact-181','');
INSERT INTO "Account" VALUES('Account-182','012Ru000006bRyhIAE','','True','Household Account','0.0','','','','Grant Jim','','Grant','0.0','','0.0','','','','0.0','','','0.0','0.0','0.0','0.0','0.0','0.0','0.0','0.0','0.0','0.0','','0.0','0.0','0.0','False','False','','False','','','','','','False','','','','','','1.0','','False','Jim Household','Contact-182','');
INSERT INTO "Account" VALUES('Account-183','012Ru000006bRyhIAE','','True','Household Account','0.0','','','','Prof. Cheyenne Mccarthy','','Sir or Madam','0.0','','0.0','','','','0.0','','','0.0','0.0','0.0','0.0','0.0','0.0','0.0','0.0','0.0','0.0','','0.0','0.0','0.0','False','False','','False','','','','','','False','','','','','','1.0','','False','Mccarthy Household','Contact-183','');
INSERT INTO "Account" VALUES('Account-184','012Ru000006bRyhIAE','','True','Household Account','0.0','','','','Arnold Elizabeth','','Arnold','0.0','','0.0','','','','0.0','','','0.0','0.0','0.0','0.0','0.0','0.0','0.0','0.0','0.0','0.0','','0.0','0.0','0.0','False','False','','False','','','','','','False','','','','','','1.0','','False','Elizabeth Household','Contact-184','');
INSERT INTO "Account" VALUES('Account-185','012Ru000006bRyhIAE','','True','Household Account','0.0','','','','Summers Mckenzie','','Summers','0.0','','0.0','','','','0.0','','','0.0','0.0','0.0','0.0','0.0','0.0','0.0','0.0','0.0','0.0','','0.0','0.0','0.0','False','False','','False','','','','','','False','','','','','','1.0','','False','Mckenzie Household','Contact-185','');
INSERT INTO "Account" VALUES('Account-186','012Ru000006bRyhIAE','','True','Household Account','0.0','','','','Ms. Alexander Yates','','Alexander','0.0','','0.0','','','','0.0','','','0.0','0.0','0.0','0.0','0.0','0.0','0.0','0.0','0.0','0.0','','0.0','0.0','0.0','False','False','','False','','','','','','False','','','','','','1.0','','False','Anonymous Household','Contact-186','');
INSERT INTO "Account" VALUES('Account-187','012Ru000006bRyhIAE','','True','Household Account','0.0','','','','Beltran Kerri','','Beltran','0.0','','0.0','','','','0.0','','','0.0','0.0','0.0','0.0','0.0','0.0','0.0','0.0','0.0','0.0','','0.0','0.0','0.0','False','False','','False','','','','','','False','','','','','','1.0','','False','Kerri Household','Contact-187','');
INSERT INTO "Account" VALUES('Account-188','012Ru000006bRyhIAE','','True','Household Account','0.0','','','','Dixon Christopher','','Dixon','0.0','','0.0','','','','0.0','','','0.0','0.0','0.0','0.0','0.0','0.0','0.0','0.0','0.0','0.0','','0.0','0.0','0.0','False','False','','False','','','','','','False','','','','','','1.0','','False','Christopher Household','Contact-188','');
INSERT INTO "Account" VALUES('Account-189','012Ru000006bRyhIAE','','True','Household Account','0.0','','','','Mr. Anne Copeland','','Anne','0.0','','0.0','','','','0.0','','','0.0','0.0','0.0','0.0','0.0','0.0','0.0','0.0','0.0','0.0','','0.0','0.0','0.0','False','False','','False','','','','','','False','','','','','','1.0','','False','Copeland Household','Contact-189','');
INSERT INTO "Account" VALUES('Account-190','012Ru000006bRyhIAE','','True','Household Account','0.0','','','','Farley Beth','','Farley','0.0','','0.0','','','','0.0','','','0.0','0.0','0.0','0.0','0.0','0.0','0.0','0.0','0.0','0.0','','0.0','0.0','0.0','False','False','','False','','','','','','False','','','','','','1.0','','False','Beth Household','Contact-190','');
INSERT INTO "Account" VALUES('Account-191','012Ru000006bRyhIAE','','True','Household Account','0.0','','','','Ellis Alexandria','','Ellis','0.0','','0.0','','','','0.0','','','0.0','0.0','0.0','0.0','0.0','0.0','0.0','0.0','0.0','0.0','','0.0','0.0','0.0','False','False','','False','','','','','','False','','','','','','1.0','','False','Alexandria Household','Contact-191','');
INSERT INTO "Account" VALUES('Account-192','012Ru000006bRyhIAE','','True','Household Account','0.0','','','','Sir or Madam','','Rachel','0.0','','0.0','','','','0.0','','','0.0','0.0','0.0','0.0','0.0','0.0','0.0','0.0','0.0','0.0','','0.0','0.0','0.0','False','False','','False','','','','','','False','','','','','','1.0','','False','Schneider Household','Contact-192','');
INSERT INTO "Account" VALUES('Account-193','012Ru000006bRyhIAE','','True','Household Account','0.0','','','','Dr. Nicole Esparza','','Sir or Madam','0.0','','0.0','','','','0.0','','','0.0','0.0','0.0','0.0','0.0','0.0','0.0','0.0','0.0','0.0','','0.0','0.0','0.0','False','False','','False','','','','','','False','','','','','','1.0','','False','Esparza Household','Contact-193','');
INSERT INTO "Account" VALUES('Account-194','012Ru000006bRyhIAE','','True','Household Account','0.0','','','','Mr. Vincent Moore','','Sir or Madam','0.0','','0.0','','','','0.0','','','0.0','0.0','0.0','0.0','0.0','0.0','0.0','0.0','0.0','0.0','','0.0','0.0','0.0','False','False','','False','','','','','','False','','','','','','1.0','','False','Moore Household','Contact-194','');
INSERT INTO "Account" VALUES('Account-195','012Ru000006bRyhIAE','','True','Household Account','0.0','','','','Richmond Russell','','Richmond','0.0','','0.0','','','','0.0','','','0.0','0.0','0.0','0.0','0.0','0.0','0.0','0.0','0.0','0.0','','0.0','0.0','0.0','False','False','','False','','','','','','False','','','','','','1.0','','False','Russell Household','Contact-195','');
INSERT INTO "Account" VALUES('Account-196','012Ru000006bRyhIAE','','True','Household Account','0.0','','','','Stephenson Mason','','Stephenson','0.0','','0.0','','','','0.0','','','0.0','0.0','0.0','0.0','0.0','0.0','0.0','0.0','0.0','0.0','','0.0','0.0','0.0','False','False','','False','','','','','','False','','','','','','1.0','','False','Mason Household','Contact-196','');
INSERT INTO "Account" VALUES('Account-197','012Ru000006bRyhIAE','','True','Household Account','0.0','','','','Dr. Harry Barron','','Sir or Madam','0.0','','0.0','','','','0.0','','','0.0','0.0','0.0','0.0','0.0','0.0','0.0','0.0','0.0','0.0','','0.0','0.0','0.0','False','False','','False','','','','','','False','','','','','','1.0','','False','Barron Household','Contact-197','');
INSERT INTO "Account" VALUES('Account-198','012Ru000006bRyhIAE','','True','Household Account','0.0','','','','Dr. Donna Macias','','Sir or Madam','0.0','','0.0','','','','0.0','','','0.0','0.0','0.0','0.0','0.0','0.0','0.0','0.0','0.0','0.0','','0.0','0.0','0.0','False','False','','False','','','','','','False','','','','','','1.0','','False','Macias Household','Contact-198','');
INSERT INTO "Account" VALUES('Account-199','012Ru000006bRyhIAE','','True','Household Account','0.0','','','','Prof. Sonia Juarez','','Sir or Madam','0.0','','0.0','','','','0.0','','','0.0','0.0','0.0','0.0','0.0','0.0','0.0','0.0','0.0','0.0','','0.0','0.0','0.0','False','False','','False','','','','','','False','','','','','','1.0','','False','Juarez Household','Contact-199','');
INSERT INTO "Account" VALUES('Account-200','012Ru000006bRyhIAE','','True','Household Account','0.0','','','','Underwood Nichole','','Underwood','0.0','','0.0','','','','0.0','','','0.0','0.0','0.0','0.0','0.0','0.0','0.0','0.0','0.0','0.0','','0.0','0.0','0.0','False','False','','False','','','','','','False','','','','','','1.0','','False','Nichole Household','Contact-200','');
INSERT INTO "Account" VALUES('Account-201','012Ru000006bRyhIAE','','True','Household Account','0.0','','','','Rowland Dakota','','Rowland','0.0','','0.0','','','','0.0','','','0.0','0.0','0.0','0.0','0.0','0.0','0.0','0.0','0.0','0.0','','0.0','0.0','0.0','False','False','','False','','','','','','False','','','','','','1.0','','False','Dakota Household','Contact-201','');
INSERT INTO "Account" VALUES('Account-202','012Ru000006bRyhIAE','','True','Household Account','0.0','','','','Ms. Adriana Ball','','Sir or Madam','0.0','','0.0','','','','0.0','','','0.0','0.0','0.0','0.0','0.0','0.0','0.0','0.0','0.0','0.0','','0.0','0.0','0.0','False','False','','False','','','','','','False','','','','','','1.0','','False','Ball Household','Contact-202','');
INSERT INTO "Account" VALUES('Account-203','012Ru000006bRyhIAE','','True','Household Account','0.0','','','','Sir or Madam','','Jenny','0.0','','0.0','','','','0.0','','','0.0','0.0','0.0','0.0','0.0','0.0','0.0','0.0','0.0','0.0','','0.0','0.0','0.0','False','False','','False','','','','','','False','','','','','','1.0','','False','Potts Household','Contact-203','');
INSERT INTO "Account" VALUES('Account-204','012Ru000006bRyhIAE','','True','Household Account','0.0','','','','Hill Kevin','','Hill','0.0','','0.0','','','','0.0','','','0.0','0.0','0.0','0.0','0.0','0.0','0.0','0.0','0.0','0.0','','0.0','0.0','0.0','False','False','','False','','','','','','False','','','','','','1.0','','False','Kevin Household','Contact-204','');
INSERT INTO "Account" VALUES('Account-205','012Ru000006bRyhIAE','','True','Household Account','0.0','','','','Frey Glenda','','Frey','0.0','','0.0','','','','0.0','','','0.0','0.0','0.0','0.0','0.0','0.0','0.0','0.0','0.0','0.0','','0.0','0.0','0.0','False','False','','False','','','','','','False','','','','','','1.0','','False','Glenda Household','Contact-205','');
INSERT INTO "Account" VALUES('Account-206','012Ru000006bRyhIAE','','True','Household Account','0.0','','','','Sir or Madam','','Marissa','0.0','','0.0','','','','0.0','','','0.0','0.0','0.0','0.0','0.0','0.0','0.0','0.0','0.0','0.0','','0.0','0.0','0.0','False','False','','False','','','','','','False','','','','','','1.0','','False','Rasmussen Household','Contact-206','');
INSERT INTO "Account" VALUES('Account-207','012Ru000006bRyhIAE','','True','Household Account','0.0','','','','Diaz Levi','','Diaz','0.0','','0.0','','','','0.0','','','0.0','0.0','0.0','0.0','0.0','0.0','0.0','0.0','0.0','0.0','','0.0','0.0','0.0','False','False','','False','','','','','','False','','','','','','1.0','','False','Levi Household','Contact-207','');
INSERT INTO "Account" VALUES('Account-208','012Ru000006bRyhIAE','','True','Household Account','0.0','','','','Oconnell Lonnie','','Oconnell','0.0','','0.0','','','','0.0','','','0.0','0.0','0.0','0.0','0.0','0.0','0.0','0.0','0.0','0.0','','0.0','0.0','0.0','False','False','','False','','','','','','False','','','','','','1.0','','False','Lonnie Household','Contact-208','');
INSERT INTO "Account" VALUES('Account-209','012Ru000006bRyhIAE','','True','Household Account','0.0','','','','Sir or Madam','','Donald','0.0','','0.0','','','','0.0','','','0.0','0.0','0.0','0.0','0.0','0.0','0.0','0.0','0.0','0.0','','0.0','0.0','0.0','False','False','','False','','','','','','False','','','','','','1.0','','False','Bauer Household','Contact-209','');
INSERT INTO "Account" VALUES('Account-210','012Ru000006bRyhIAE','','True','Household Account','0.0','','','','Fisher Kent','','Fisher','0.0','','0.0','','','','0.0','','','0.0','0.0','0.0','0.0','0.0','0.0','0.0','0.0','0.0','0.0','','0.0','0.0','0.0','False','False','','False','','','','','','False','','','','','','1.0','','False','Kent Household','Contact-210','');
INSERT INTO "Account" VALUES('Account-211','012Ru000006bRyhIAE','','True','Household Account','0.0','','','','Salinas Vickie','','Salinas','0.0','','0.0','','','','0.0','','','0.0','0.0','0.0','0.0','0.0','0.0','0.0','0.0','0.0','0.0','','0.0','0.0','0.0','False','False','','False','','','','','','False','','','','','','1.0','','False','Vickie Household','Contact-211','');
INSERT INTO "Account" VALUES('Account-212','012Ru000006bRyhIAE','','True','Household Account','0.0','','','','Ms. Sean Glenn','','Sean','0.0','','0.0','','','','0.0','','','0.0','0.0','0.0','0.0','0.0','0.0','0.0','0.0','0.0','0.0','','0.0','0.0','0.0','False','False','','False','','','','','','False','','','','','','1.0','','False','Glenn Household','Contact-212','');
INSERT INTO "Account" VALUES('Account-213','012Ru000006bRyhIAE','','True','Household Account','0.0','','','','Woodard Chelsea','','Woodard','0.0','','0.0','','','','0.0','','','0.0','0.0','0.0','0.0','0.0','0.0','0.0','0.0','0.0','0.0','','0.0','0.0','0.0','False','False','','False','','','','','','False','','','','','','1.0','','False','Chelsea Household','Contact-213','');
INSERT INTO "Account" VALUES('Account-214','012Ru000006bRyhIAE','','True','Household Account','0.0','','','','Morse Shelby','','Morse','0.0','','0.0','','','','0.0','','','0.0','0.0','0.0','0.0','0.0','0.0','0.0','0.0','0.0','0.0','','0.0','0.0','0.0','False','False','','False','','','','','','False','','','','','','1.0','','False','Shelby Household','Contact-214','');
INSERT INTO "Account" VALUES('Account-215','012Ru000006bRyhIAE','','True','Household Account','0.0','','','','Sir or Madam','','Joshua','0.0','','0.0','','','','0.0','','','0.0','0.0','0.0','0.0','0.0','0.0','0.0','0.0','0.0','0.0','','0.0','0.0','0.0','False','False','','False','','','','','','False','','','','','','1.0','','False','Cisneros Household','Contact-215','');
INSERT INTO "Account" VALUES('Account-216','012Ru000006bRyhIAE','','True','Household Account','0.0','','','','Potter Melanie','','Potter','0.0','','0.0','','','','0.0','','','0.0','0.0','0.0','0.0','0.0','0.0','0.0','0.0','0.0','0.0','','0.0','0.0','0.0','False','False','','False','','','','','','False','','','','','','1.0','','False','Melanie Household','Contact-216','');
INSERT INTO "Account" VALUES('Account-217','012Ru000006bRyhIAE','','True','Household Account','0.0','','','','Preston Shaun','','Preston','0.0','','0.0','','','','0.0','','','0.0','0.0','0.0','0.0','0.0','0.0','0.0','0.0','0.0','0.0','','0.0','0.0','0.0','False','False','','False','','','','','','False','','','','','','1.0','','False','Shaun Household','Contact-217','');
INSERT INTO "Account" VALUES('Account-218','012Ru000006bRyhIAE','','True','Household Account','0.0','','','','Dr. Roger Boyd','','Sir or Madam','0.0','','0.0','','','','0.0','','','0.0','0.0','0.0','0.0','0.0','0.0','0.0','0.0','0.0','0.0','','0.0','0.0','0.0','False','False','','False','','','','','','False','','','','','','1.0','','False','Boyd Household','Contact-218','');
INSERT INTO "Account" VALUES('Account-219','012Ru000006bRyhIAE','','True','Household Account','0.0','','','','Sir or Madam','','Charlotte','0.0','','0.0','','','','0.0','','','0.0','0.0','0.0','0.0','0.0','0.0','0.0','0.0','0.0','0.0','','0.0','0.0','0.0','False','False','','False','','','','','','False','','','','','','1.0','','False','Allen Household','Contact-219','');
INSERT INTO "Account" VALUES('Account-220','012Ru000006bRyhIAE','','True','Household Account','0.0','','','','Lin Bonnie','','Lin','0.0','','0.0','','','','0.0','','','0.0','0.0','0.0','0.0','0.0','0.0','0.0','0.0','0.0','0.0','','0.0','0.0','0.0','False','False','','False','','','','','','False','','','','','','1.0','','False','Bonnie Household','Contact-220','');
INSERT INTO "Account" VALUES('Account-221','012Ru000006bRyhIAE','','True','Household Account','0.0','','','','Randall Bryce','','Randall','0.0','','0.0','','','','0.0','','','0.0','0.0','0.0','0.0','0.0','0.0','0.0','0.0','0.0','0.0','','0.0','0.0','0.0','False','False','','False','','','','','','False','','','','','','1.0','','False','Bryce Household','Contact-221','');
INSERT INTO "Account" VALUES('Account-222','012Ru000006bRyhIAE','','True','Household Account','0.0','','','','Sir or Madam','','Brendan','0.0','','0.0','','','','0.0','','','0.0','0.0','0.0','0.0','0.0','0.0','0.0','0.0','0.0','0.0','','0.0','0.0','0.0','False','False','','False','','','','','','False','','','','','','1.0','','False','Osborne Household','Contact-222','');
INSERT INTO "Account" VALUES('Account-223','012Ru000006bRyhIAE','','True','Household Account','0.0','','','','Ms. Rita Briggs','','Rita','0.0','','0.0','','','','0.0','','','0.0','0.0','0.0','0.0','0.0','0.0','0.0','0.0','0.0','0.0','','0.0','0.0','0.0','False','False','','False','','','','','','False','','','','','','1.0','','False','Anonymous Household','Contact-223','');
INSERT INTO "Account" VALUES('Account-224','012Ru000006bRyhIAE','','True','Household Account','0.0','','','','Davila Ethan','','Davila','0.0','','0.0','','','','0.0','','','0.0','0.0','0.0','0.0','0.0','0.0','0.0','0.0','0.0','0.0','','0.0','0.0','0.0','False','False','','False','','','','','','False','','','','','','1.0','','False','Ethan Household','Contact-224','');
INSERT INTO "Account" VALUES('Account-225','012Ru000006bRyhIAE','','True','Household Account','0.0','','','','Stewart Brandon','','Stewart','0.0','','0.0','','','','0.0','','','0.0','0.0','0.0','0.0','0.0','0.0','0.0','0.0','0.0','0.0','','0.0','0.0','0.0','False','False','','False','','','','','','False','','','','','','1.0','','False','Brandon Household','Contact-225','');
CREATE TABLE "Account_rt_mapping" (
	record_type_id VARCHAR(18) NOT NULL, 
	developer_name VARCHAR(255), 
	is_person_type BOOLEAN, 
	PRIMARY KEY (record_type_id)
);
INSERT INTO "Account_rt_mapping" VALUES('012Ru000006bRyhIAE','HH_Account',0);
INSERT INTO "Account_rt_mapping" VALUES('012Ru000006bRyiIAE','Organization',0);
INSERT INTO "Account_rt_mapping" VALUES('012Ru000006bVz3IAE','Default',0);
CREATE TABLE "BackgroundCheck__c" (
	id VARCHAR(255) NOT NULL, 
	"Date__c" VARCHAR(255), 
	"Notes__c" VARCHAR(255), 
	"Status__c" VARCHAR(255), 
	"Type__c" VARCHAR(255), 
	"Contact__c" VARCHAR(255), 
	PRIMARY KEY (id)
);
INSERT INTO "BackgroundCheck__c" VALUES('BackgroundCheck__c-1','2017-02-25','Final near maybe side must. Hold all personal fund because dog force.','Pass','Credit','Contact-1');
INSERT INTO "BackgroundCheck__c" VALUES('BackgroundCheck__c-2','2024-08-17','Style true difficult participant its writer our. Chance cultural ten who idea.','Pending','Criminal','Contact-119');
INSERT INTO "BackgroundCheck__c" VALUES('BackgroundCheck__c-3','2017-12-04','Decade summer relationship role. Main way performance wide account.','Pass','Criminal','Contact-135');
INSERT INTO "BackgroundCheck__c" VALUES('BackgroundCheck__c-4','2023-10-07','Hair some wonder food result card. Structure threat best picture inside. Skin industry task eight.','Fail','Criminal','Contact-164');
INSERT INTO "BackgroundCheck__c" VALUES('BackgroundCheck__c-5','2021-10-27','Computer speak wind too smile cause think. Job edge officer.','Pass','Criminal','Contact-184');
INSERT INTO "BackgroundCheck__c" VALUES('BackgroundCheck__c-6','2015-05-31','Improve pay dark approach administration. Letter agency group present night rather leg. Audience son determine doctor knowledge.','Pending','Criminal','Contact-211');
INSERT INTO "BackgroundCheck__c" VALUES('BackgroundCheck__c-7','2023-05-08','Page beautiful huge follow name remember new dark. Wonder training population political spend too cause.','Fail','Credit','Contact-32');
INSERT INTO "BackgroundCheck__c" VALUES('BackgroundCheck__c-8','2024-05-19','While may region responsibility yet not. Apply today join race now collection. Stock summer huge write drug.','Pending','Credit','Contact-50');
INSERT INTO "BackgroundCheck__c" VALUES('BackgroundCheck__c-9','2015-02-26','Give from president argue really decide.','Fail','Criminal','Contact-77');
INSERT INTO "BackgroundCheck__c" VALUES('BackgroundCheck__c-10','2020-05-06','Two house federal candidate table. Dark responsibility whole these.','Fail','Criminal','Contact-96');
CREATE TABLE "CEU__c" (
	id VARCHAR(255) NOT NULL, 
	"AuthorityOther__c" VARCHAR(255), 
	"Authority__c" VARCHAR(255), 
	"Comments__c" VARCHAR(255), 
	"DateCompleted__c" VARCHAR(255), 
	"DateSubmitted__c" VARCHAR(255), 
	"ProgramDate__c" VARCHAR(255), 
	"ProgramHours__c" VARCHAR(255), 
	"ProgramTitle__c" VARCHAR(255), 
	"Quantity__c" VARCHAR(255), 
	"Role__c" VARCHAR(255), 
	"Status__c" VARCHAR(255), 
	"Contact__c" VARCHAR(255), 
	PRIMARY KEY (id)
);
INSERT INTO "CEU__c" VALUES('CEU__c-1','Meyer-Le','CBCC','Quickly claim increase practice.','2018-08-09','2016-04-07','2006-08-10','904.0','Profound optimal matrix','8.0','Attendee','Approved','Contact-120');
INSERT INTO "CEU__c" VALUES('CEU__c-2','Sheppard-Gonzalez','IAABC','Understand away practice concern bit effort us.','2017-10-30','2014-08-28','2002-12-17','794.0','Centralized content-based standardization','13.0','Attendee','Approved','Contact-120');
INSERT INTO "CEU__c" VALUES('CEU__c-3','Schwartz-Robertson','Atlas','Simple season find husband large head off rather.','2020-08-28','2017-02-14','2023-02-20','1698.0','De-engineered leadingedge parallelism','3.0','Attendee','Pending','Contact-120');
INSERT INTO "CEU__c" VALUES('CEU__c-4','Strong and Sons','Other','Usually its us our.','2020-06-12','2013-04-26','2008-07-31','1575.0','Public-key intermediate firmware','5.0','Attendee','Approved','Contact-120');
INSERT INTO "CEU__c" VALUES('CEU__c-5','Estrada-Mejia','IAABC','Market nearly fall.','2023-01-01','2021-01-11','2014-10-28','1437.0','Re-contextualized systematic monitoring','11.0','Attendee','Pending','Contact-120');
INSERT INTO "CEU__c" VALUES('CEU__c-6','Davies-Bauer','IAABC','Create education reduce manager else.','2015-10-02','2008-06-18','2023-06-12','572.0','Compatible reciprocal budgetary management','6.0','Presenter','Pending','Contact-120');
INSERT INTO "CEU__c" VALUES('CEU__c-7','Chaney, Shea and Willis','IAABC','Somebody garden attention.','2017-12-26','2010-08-25','2022-04-27','681.0','Multi-tiered 5thgeneration emulation','8.0','Presenter','Pending','Contact-120');
INSERT INTO "CEU__c" VALUES('CEU__c-8','Burke PLC','IAABC','Nature song thus within member claim individual.','2022-01-26','2020-05-16','2009-01-05','12.0','Cloned foreground strategy','10.0','Attendee','Approved','Contact-120');
INSERT INTO "CEU__c" VALUES('CEU__c-9','Park Group','None','Significant no cause baby.','2023-04-30','2006-01-29','2008-03-10','504.0','Assimilated demand-driven capacity','20.0','Attendee','Approved','Contact-120');
INSERT INTO "CEU__c" VALUES('CEU__c-10','Flores, Esparza and Pham','IAABC','Fly high save operation card response catch Republican.','2013-04-27','2010-10-03','2021-02-19','1880.0','Universal incremental forecast','9.0','Attendee','Approved','Contact-120');
INSERT INTO "CEU__c" VALUES('CEU__c-11','Kennedy, Mora and Cortez','IAABC','Wear life sister base training door per.','2022-09-19','2022-05-10','2002-10-28','760.0','Reactive homogeneous application','18.0','Attendee','Denied','Contact-142');
INSERT INTO "CEU__c" VALUES('CEU__c-12','Huff-Dickerson','Other','Memory good human blue just voice.','2021-09-25','2019-07-10','2002-03-18','1446.0','Ergonomic directional architecture','11.0','Attendee','Approved','Contact-142');
INSERT INTO "CEU__c" VALUES('CEU__c-13','Rosales, Day and Duarte','CBCC','Particularly provide three need already candidate explain Mrs.','2011-09-22','2005-05-29','2016-11-21','1257.0','Right-sized neutral frame','19.0','Attendee','Approved','Contact-142');
INSERT INTO "CEU__c" VALUES('CEU__c-14','Hood-Bates','IAABC','Protect control however camera protect action soldier.','2017-08-03','2007-10-15','2004-07-23','1690.0','De-engineered 3rdgeneration Internet solution','15.0','Attendee','Approved','Contact-142');
INSERT INTO "CEU__c" VALUES('CEU__c-15','Conway-Ellison','CCPDT','Relationship every serious.','2019-02-05','2014-11-26','2016-01-31','1957.0','Virtual 3rdgeneration installation','19.0','Presenter','Pending','Contact-142');
INSERT INTO "CEU__c" VALUES('CEU__c-16','Moran PLC','Other','Save quite affect imagine base act business.','2017-07-01','2014-06-03','2021-09-08','1382.0','Multi-lateral asymmetric throughput','4.0','Attendee','Pending','Contact-142');
INSERT INTO "CEU__c" VALUES('CEU__c-17','Parrish PLC','CCPDT','Kid value their entire behavior group.','2023-08-04','2021-01-23','2004-05-17','168.0','Reverse-engineered background pricing structure','7.0','Attendee','Approved','Contact-142');
INSERT INTO "CEU__c" VALUES('CEU__c-18','Steele-Reid','CBCC','Always rate girl official.','2024-06-04','2024-03-09','2010-05-27','1484.0','Proactive solution-oriented help-desk','12.0','Attendee','Pending','Contact-142');
INSERT INTO "CEU__c" VALUES('CEU__c-19','Pham Group','Other','Even appear call responsibility speech.','2024-03-10','2022-10-13','2001-04-01','1627.0','Re-contextualized asynchronous matrices','13.0','Presenter','Approved','Contact-142');
INSERT INTO "CEU__c" VALUES('CEU__c-20','Daniel-Evans','IAABC','Have scene eat ask among organization.','2018-12-26','2006-12-02','2010-08-17','447.0','Up-sized attitude-oriented parallelism','11.0','Presenter','Approved','Contact-142');
INSERT INTO "CEU__c" VALUES('CEU__c-21','Vincent, Little and Pace','IAABC','Pattern around officer street.','2014-05-04','2012-06-15','2024-08-09','1966.0','Up-sized even-keeled throughput','11.0','Attendee','Pending','Contact-167');
INSERT INTO "CEU__c" VALUES('CEU__c-22','Ballard, Hayes and Madden','CBCC','Sort person face cut draw interesting travel.','2022-08-11','2004-02-26','2001-12-01','761.0','Reverse-engineered needs-based success','17.0','Attendee','Approved','Contact-167');
INSERT INTO "CEU__c" VALUES('CEU__c-23','Mcbride, Benson and Holt','Other','Course performance service quality with cultural source.','2017-05-09','2016-04-14','2008-10-15','1576.0','Networked client-driven info-mediaries','3.0','Presenter','Approved','Contact-167');
INSERT INTO "CEU__c" VALUES('CEU__c-24','English, Chen and Herrera','None','Money door state floor doctor south tell floor.','2025-01-08','2024-08-13','2007-08-20','280.0','Customizable 4thgeneration framework','8.0','Attendee','Pending','Contact-167');
INSERT INTO "CEU__c" VALUES('CEU__c-25','Wolfe-Mahoney','CCPDT','Nearly across day.','2009-06-14','2002-11-24','2012-12-31','1567.0','Operative mission-critical customer loyalty','6.0','Attendee','Approved','Contact-167');
INSERT INTO "CEU__c" VALUES('CEU__c-26','Hammond Ltd','Other','Defense lot care idea.','2022-12-31','2017-03-17','2005-07-18','492.0','Public-key non-volatile emulation','16.0','Attendee','Pending','Contact-167');
INSERT INTO "CEU__c" VALUES('CEU__c-27','Cole-Nielsen','IAABC','Financial special itself Republican wait.','2024-08-11','2009-08-20','2014-01-11','625.0','Fundamental stable Internet solution','13.0','Presenter','Pending','Contact-167');
INSERT INTO "CEU__c" VALUES('CEU__c-28','Barber-Whitehead','None','Manage fear town.','2005-03-08','2004-12-23','2008-02-23','991.0','Total impactful time-frame','18.0','Attendee','Approved','Contact-167');
INSERT INTO "CEU__c" VALUES('CEU__c-29','English, Banks and Mcintosh','CBCC','Over dark else impact worry likely.','2020-06-11','2002-01-07','2007-12-28','99.0','Down-sized secondary Graphical User Interface','6.0','Presenter','Pending','Contact-167');
INSERT INTO "CEU__c" VALUES('CEU__c-30','Montoya-Murillo','CCPDT','You kind draw.','2021-01-28','2012-12-14','2012-09-26','1708.0','Synergistic upward-trending portal','17.0','Attendee','Pending','Contact-167');
INSERT INTO "CEU__c" VALUES('CEU__c-31','Fritz PLC','Atlas','Pm leg thought may exactly adult.','2006-01-19','2000-08-09','2016-10-13','1342.0','User-friendly bi-directional data-warehouse','2.0','Attendee','Approved','Contact-189');
INSERT INTO "CEU__c" VALUES('CEU__c-32','Donovan and Sons','CBCC','Tonight they official let wind three.','2023-08-29','2022-12-18','2004-03-17','1417.0','Cross-group zero tolerance productivity','13.0','Attendee','Pending','Contact-189');
INSERT INTO "CEU__c" VALUES('CEU__c-33','Kelley-Rivera','IAABC','Drive option training part president enjoy beautiful middle.','2016-07-11','2007-08-20','2013-03-28','1178.0','Implemented multimedia software','7.0','Attendee','Approved','Contact-189');
INSERT INTO "CEU__c" VALUES('CEU__c-34','Downs-Heath','None','Generation away leader.','2020-11-03','2010-12-19','2004-11-11','851.0','Polarized modular Graphic Interface','16.0','Presenter','Approved','Contact-189');
INSERT INTO "CEU__c" VALUES('CEU__c-35','Hogan-Nelson','Other','Fall himself economy far.','2018-02-09','2000-03-03','2020-06-01','183.0','Optional global analyzer','3.0','Attendee','Denied','Contact-189');
INSERT INTO "CEU__c" VALUES('CEU__c-36','Lin, Ward and Cardenas','None','Source film every begin.','2012-11-02','2006-02-06','2015-03-08','1408.0','Configurable analyzing knowledgebase','15.0','Attendee','Approved','Contact-189');
INSERT INTO "CEU__c" VALUES('CEU__c-37','Sharp PLC','Atlas','Effort short hope gas happy.','2015-01-20','2000-03-25','2018-09-14','1169.0','Re-engineered mobile ability','6.0','Attendee','Pending','Contact-189');
INSERT INTO "CEU__c" VALUES('CEU__c-38','Kim-Schneider','IAABC','Measure yet together physical could able.','2021-12-20','2003-09-23','2005-09-19','1909.0','Persistent optimizing neural-net','4.0','Presenter','Pending','Contact-189');
INSERT INTO "CEU__c" VALUES('CEU__c-39','Wallace Group','Atlas','Beyond lead free.','2015-03-28','2011-07-10','2012-03-09','442.0','Switchable radical matrix','18.0','Attendee','Approved','Contact-189');
INSERT INTO "CEU__c" VALUES('CEU__c-40','Lucas-Mayo','CCPDT','Rich available arrive film argue here media partner.','2018-08-10','2004-07-01','2014-11-03','1794.0','Quality-focused regional success','9.0','Attendee','Pending','Contact-189');
INSERT INTO "CEU__c" VALUES('CEU__c-41','Keller and Sons','CCPDT','Option activity energy.','2023-02-21','2023-02-05','2016-12-03','61.0','Front-line logistical attitude','4.0','Attendee','Approved','Contact-212');
INSERT INTO "CEU__c" VALUES('CEU__c-42','Mcfarland, Stone and Garrett','IAABC','Wind success health low physical.','2006-05-25','2003-08-13','2011-06-12','1137.0','Expanded asymmetric solution','2.0','Attendee','Pending','Contact-212');
INSERT INTO "CEU__c" VALUES('CEU__c-43','Russo-Mccall','IAABC','End standard catch their though focus.','2007-07-13','2006-05-22','2007-01-18','33.0','Organic zero-defect help-desk','6.0','Attendee','Pending','Contact-212');
INSERT INTO "CEU__c" VALUES('CEU__c-44','Fleming, Swanson and Farley','IAABC','Back campaign condition network.','2024-07-13','2020-06-07','2007-02-27','1620.0','Future-proofed global productivity','4.0','Attendee','Approved','Contact-212');
INSERT INTO "CEU__c" VALUES('CEU__c-45','Nolan Ltd','KPA','Yet trip quite somebody election.','2014-01-18','2005-08-02','2017-02-10','1843.0','Fundamental global access','16.0','Attendee','Approved','Contact-212');
INSERT INTO "CEU__c" VALUES('CEU__c-46','Shepard, Carrillo and Randall','IAABC','According describe yourself current task then situation.','2022-07-23','2018-01-02','2001-07-05','882.0','Adaptive contextually-based frame','11.0','Attendee','Approved','Contact-212');
INSERT INTO "CEU__c" VALUES('CEU__c-47','Bartlett, Zimmerman and King','CBCC','Production garden boy magazine network increase.','2024-03-19','2024-02-27','2016-01-07','1123.0','Digitized dynamic collaboration','14.0','Attendee','Pending','Contact-212');
INSERT INTO "CEU__c" VALUES('CEU__c-48','Wilkinson and Sons','Other','Take special size over unit.','2021-12-09','2003-10-02','2003-01-04','258.0','Advanced maximized core','2.0','Presenter','Approved','Contact-212');
INSERT INTO "CEU__c" VALUES('CEU__c-49','Hurley-Meadows','CCPDT','Bring society writer office up mouth.','2023-08-29','2022-08-13','2015-08-15','1358.0','Stand-alone secondary frame','17.0','Attendee','Approved','Contact-212');
INSERT INTO "CEU__c" VALUES('CEU__c-50','Mahoney, Sweeney and Gates','CBCC','Catch magazine truth role each image.','2017-05-07','2002-01-23','2014-06-26','1255.0','Distributed incremental alliance','14.0','Attendee','Approved','Contact-212');
INSERT INTO "CEU__c" VALUES('CEU__c-51','Preston PLC','None','Son million agreement can weight by.','2009-07-25','2001-12-24','2014-10-29','1899.0','Integrated 5thgeneration Local Area Network','14.0','Attendee','Approved','Contact-33');
INSERT INTO "CEU__c" VALUES('CEU__c-52','Elliott-Chang','None','Have ready brother during.','2023-09-10','2023-05-11','2023-08-23','1124.0','Switchable empowering support','13.0','Presenter','Approved','Contact-33');
INSERT INTO "CEU__c" VALUES('CEU__c-53','Griffin-Banks','IAABC','Matter animal television mother television hotel score.','2015-10-30','2012-11-02','2024-04-20','1617.0','Object-based motivating solution','13.0','Attendee','Pending','Contact-33');
INSERT INTO "CEU__c" VALUES('CEU__c-54','Guerrero Inc','IAABC','White attention player vote just claim history.','2015-11-12','2010-06-09','2003-03-06','1318.0','De-engineered 6thgeneration conglomeration','13.0','Presenter','Pending','Contact-33');
INSERT INTO "CEU__c" VALUES('CEU__c-55','Pineda, Callahan and Davis','Other','New civil election.','2013-06-27','2004-04-25','2012-08-01','1953.0','Implemented coherent superstructure','11.0','Attendee','Approved','Contact-33');
INSERT INTO "CEU__c" VALUES('CEU__c-56','Fuentes Group','Atlas','Why firm common between.','2017-02-02','2003-04-08','2017-10-19','736.0','Re-contextualized mobile concept','18.0','Attendee','Approved','Contact-33');
INSERT INTO "CEU__c" VALUES('CEU__c-57','Hines Group','None','Item century write.','2011-10-27','2008-03-30','2005-09-27','1465.0','Phased scalable function','17.0','Presenter','Approved','Contact-33');
INSERT INTO "CEU__c" VALUES('CEU__c-58','Martinez-Hendrix','Atlas','Real report almost read ball traditional.','2023-03-16','2014-03-18','2008-10-08','1701.0','Inverse asymmetric synergy','8.0','Attendee','Pending','Contact-33');
INSERT INTO "CEU__c" VALUES('CEU__c-59','Parks LLC','IAABC','Energy relationship which everything benefit growth stage chair.','2024-10-15','2015-02-05','2002-12-24','592.0','Ergonomic systematic budgetary management','3.0','Attendee','Pending','Contact-33');
INSERT INTO "CEU__c" VALUES('CEU__c-60','Mcbride, Herring and Parker','KPA','Responsibility debate girl them plant fire.','2024-04-23','2015-09-12','2001-02-10','1366.0','Networked discrete installation','19.0','Attendee','Denied','Contact-33');
INSERT INTO "CEU__c" VALUES('CEU__c-61','Davila LLC','CBCC','Operation after too only including imagine.','2017-08-17','2005-02-23','2003-06-16','1115.0','Universal asymmetric protocol','10.0','Attendee','Pending','Contact-56');
INSERT INTO "CEU__c" VALUES('CEU__c-62','Walls-Trevino','None','Major story process into discover event.','2013-06-02','2000-01-28','2020-12-25','1110.0','Future-proofed maximized orchestration','13.0','Attendee','Pending','Contact-56');
INSERT INTO "CEU__c" VALUES('CEU__c-63','Cooper-Kidd','CCPDT','That help might half together carry.','2014-09-10','2013-09-17','2023-03-23','199.0','Vision-oriented full-range firmware','13.0','Presenter','Approved','Contact-56');
INSERT INTO "CEU__c" VALUES('CEU__c-64','Castillo-Arellano','KPA','Industry consumer state gas baby some marriage future.','2010-04-12','2009-07-26','2017-08-09','798.0','User-friendly impactful artificial intelligence','7.0','Attendee','Approved','Contact-56');
INSERT INTO "CEU__c" VALUES('CEU__c-65','Leonard Ltd','CCPDT','Network Republican difference second every.','2014-08-22','2011-10-05','2020-04-09','574.0','Fundamental empowering budgetary management','17.0','Attendee','Pending','Contact-56');
INSERT INTO "CEU__c" VALUES('CEU__c-66','Garza Group','None','There fire popular most.','2014-03-07','2001-11-26','2024-01-29','1623.0','Organized solution-oriented analyzer','18.0','Attendee','Pending','Contact-56');
INSERT INTO "CEU__c" VALUES('CEU__c-67','Donaldson, Garcia and Hatfield','Other','Positive decade notice see.','2021-05-18','2019-10-27','2018-03-02','51.0','Advanced client-server software','17.0','Presenter','Approved','Contact-56');
INSERT INTO "CEU__c" VALUES('CEU__c-68','Glover and Sons','None','Budget seat true across maybe special lay.','2011-08-23','2008-08-19','2011-11-21','52.0','Intuitive bottom-line access','7.0','Attendee','Approved','Contact-56');
INSERT INTO "CEU__c" VALUES('CEU__c-69','Lowery PLC','CBCC','Coach reach realize country serve them those similar.','2020-01-28','2017-04-03','2001-01-01','1671.0','Switchable context-sensitive superstructure','11.0','Attendee','Denied','Contact-56');
INSERT INTO "CEU__c" VALUES('CEU__c-70','Hernandez, Hays and Drake','Other','Everything expert seem final.','2024-06-07','2020-11-26','2007-09-21','723.0','User-friendly heuristic customer loyalty','15.0','Attendee','Pending','Contact-56');
INSERT INTO "CEU__c" VALUES('CEU__c-71','Dominguez Inc','CCPDT','Follow appear wind determine beautiful technology material word.','2023-05-14','2003-03-26','2004-06-15','573.0','Cross-group stable system engine','17.0','Attendee','Approved','Contact-78');
INSERT INTO "CEU__c" VALUES('CEU__c-72','Acevedo-Krueger','Other','At outside half key receive.','2024-12-09','2014-05-03','2023-01-01','1815.0','Triple-buffered intermediate process improvement','9.0','Attendee','Denied','Contact-78');
INSERT INTO "CEU__c" VALUES('CEU__c-73','Underwood-Cruz','CCPDT','Read reduce upon because raise he.','2006-05-17','2003-08-20','2003-03-04','735.0','Persistent zero tolerance product','8.0','Attendee','Approved','Contact-78');
INSERT INTO "CEU__c" VALUES('CEU__c-74','Ortega, Yang and Santos','Atlas','Beyond difference account each agency Democrat.','2024-05-25','2024-05-24','2009-08-30','379.0','De-engineered exuding concept','8.0','Attendee','Approved','Contact-78');
INSERT INTO "CEU__c" VALUES('CEU__c-75','Richmond and Sons','CBCC','Doctor training respond.','2009-05-11','2007-10-10','2020-06-19','1885.0','Grass-roots needs-based process improvement','18.0','Attendee','Approved','Contact-78');
INSERT INTO "CEU__c" VALUES('CEU__c-76','Gamble-Rangel','None','Dinner claim and various.','2023-06-04','2009-11-29','2023-07-17','8.0','Networked intermediate portal','11.0','Attendee','Pending','Contact-78');
INSERT INTO "CEU__c" VALUES('CEU__c-77','Hopkins Inc','Atlas','Machine realize point stay air responsibility.','2022-08-05','2020-10-26','2008-08-21','1364.0','Cross-platform web-enabled Local Area Network','12.0','Attendee','Pending','Contact-78');
INSERT INTO "CEU__c" VALUES('CEU__c-78','Munoz-Fleming','KPA','Own whatever professional up sit.','2025-01-16','2025-01-13','2002-07-19','298.0','User-friendly multi-state alliance','3.0','Attendee','Approved','Contact-78');
INSERT INTO "CEU__c" VALUES('CEU__c-79','Proctor Ltd','None','Job check add option condition consider ready.','2022-09-21','2018-04-01','2019-11-23','602.0','Configurable mobile service-desk','20.0','Attendee','Approved','Contact-78');
INSERT INTO "CEU__c" VALUES('CEU__c-80','Mckinney, Yu and Wyatt','IAABC','Information star science American generation measure.','2017-05-31','2017-03-07','2002-12-09','1361.0','Centralized motivating support','20.0','Attendee','Approved','Contact-78');
INSERT INTO "CEU__c" VALUES('CEU__c-81','Scott, Valdez and Valenzuela','CCPDT','Give ball plan computer.','2020-04-14','2002-10-14','2024-07-24','843.0','Distributed optimal migration','17.0','Attendee','Approved','Contact-8');
INSERT INTO "CEU__c" VALUES('CEU__c-82','Barber, Salazar and Cuevas','IAABC','Name heart respond.','2015-10-20','2000-09-11','2000-03-24','874.0','Cross-group asymmetric instruction set','4.0','Attendee','Denied','Contact-8');
INSERT INTO "CEU__c" VALUES('CEU__c-83','Montoya, Walter and Kidd','KPA','Through mention movie husband song size.','2015-11-21','2000-11-10','2013-02-06','16.0','Re-engineered holistic paradigm','18.0','Attendee','Approved','Contact-8');
INSERT INTO "CEU__c" VALUES('CEU__c-84','Joseph, Pennington and Harrell','KPA','Certainly she agency agree help.','2024-01-13','2018-01-08','2020-07-28','1372.0','Switchable stable attitude','7.0','Attendee','Approved','Contact-8');
INSERT INTO "CEU__c" VALUES('CEU__c-85','Gay-Ewing','None','Sea challenge water door then until responsibility.','2020-02-23','2010-06-04','2011-10-14','1764.0','Robust bi-directional matrices','5.0','Attendee','Approved','Contact-8');
INSERT INTO "CEU__c" VALUES('CEU__c-86','Ochoa, Dudley and Martinez','Atlas','Plan inside return between people health language.','2015-10-10','2013-11-27','2014-09-22','1511.0','Front-line multi-tasking access','17.0','Attendee','Approved','Contact-8');
INSERT INTO "CEU__c" VALUES('CEU__c-87','Mckenzie Ltd','Other','Body late maybe hope purpose far western.','2018-02-18','2007-01-27','2016-12-03','1225.0','Up-sized asymmetric Graphic Interface','11.0','Presenter','Denied','Contact-8');
INSERT INTO "CEU__c" VALUES('CEU__c-88','Rasmussen Group','Other','Feeling involve inside where beautiful call.','2024-10-17','2020-12-18','2018-11-28','219.0','Optimized web-enabled Graphic Interface','2.0','Attendee','Approved','Contact-8');
INSERT INTO "CEU__c" VALUES('CEU__c-89','Pennington LLC','Atlas','Amount heavy religious safe law customer impact history.','2017-04-23','2016-07-25','2015-06-21','1347.0','Networked regional support','18.0','Attendee','Approved','Contact-8');
INSERT INTO "CEU__c" VALUES('CEU__c-90','Cummings Group','CCPDT','Prevent it outside consumer.','2019-09-05','2006-11-26','2023-10-06','1552.0','Diverse 24/7 hierarchy','8.0','Attendee','Pending','Contact-8');
INSERT INTO "CEU__c" VALUES('CEU__c-91','Mann and Sons','Atlas','Grow future truth through already.','2014-02-09','2014-01-11','2012-11-02','653.0','Public-key client-driven array','20.0','Presenter','Denied','Contact-99');
INSERT INTO "CEU__c" VALUES('CEU__c-92','Lewis, Oconnell and Bass','CBCC','Character work whom two.','2022-02-02','2021-08-19','2005-08-17','84.0','Progressive attitude-oriented hardware','9.0','Attendee','Approved','Contact-99');
INSERT INTO "CEU__c" VALUES('CEU__c-93','Willis, Dickson and Kaufman','IAABC','Support stage great measure article.','2009-07-10','2007-04-14','2022-12-23','1810.0','Automated optimizing throughput','11.0','Attendee','Pending','Contact-99');
INSERT INTO "CEU__c" VALUES('CEU__c-94','Sims-Joseph','None','Almost company interview strong civil arrive camera reduce.','2024-08-31','2020-07-25','2001-05-09','1275.0','Focused asymmetric contingency','16.0','Attendee','Approved','Contact-99');
INSERT INTO "CEU__c" VALUES('CEU__c-95','Hutchinson, Holloway and Huang','IAABC','Book three unit both end she.','2019-07-22','2014-02-12','2004-10-03','823.0','Monitored bandwidth-monitored conglomeration','4.0','Attendee','Approved','Contact-99');
INSERT INTO "CEU__c" VALUES('CEU__c-96','Pugh Inc','KPA','Camera card step director there issue civil.','2021-10-17','2019-06-14','2005-12-30','61.0','Pre-emptive analyzing contingency','17.0','Attendee','Approved','Contact-99');
INSERT INTO "CEU__c" VALUES('CEU__c-97','Ramos PLC','CBCC','Security require hour international defense above couple.','2019-01-24','2012-11-27','2021-08-05','403.0','Assimilated demand-driven service-desk','2.0','Attendee','Pending','Contact-99');
INSERT INTO "CEU__c" VALUES('CEU__c-98','Rhodes-Glenn','Atlas','Study value product citizen training attack onto make.','2007-04-18','2004-07-15','2000-11-26','698.0','Optional directional Graphic Interface','8.0','Attendee','Approved','Contact-99');
INSERT INTO "CEU__c" VALUES('CEU__c-99','Livingston-Woodward','IAABC','Until natural cold.','2017-10-21','2016-12-08','2024-07-07','1251.0','Compatible user-facing paradigm','17.0','Attendee','Pending','Contact-99');
INSERT INTO "CEU__c" VALUES('CEU__c-100','Flynn, Duran and Jacobs','CCPDT','Political me size development.','2022-01-10','2021-07-10','2002-08-25','425.0','Organic executive neural-net','4.0','Attendee','Pending','Contact-99');
CREATE TABLE "Campaign" (
	id VARCHAR(255) NOT NULL, 
	"GW_Volunteers__Volunteer_Website_Time_Zone__c" VARCHAR(255), 
	"Name" VARCHAR(255), 
	PRIMARY KEY (id)
);
INSERT INTO "Campaign" VALUES('Campaign-1','','The Conference');
CREATE TABLE "CategoryRule__c" (
	id VARCHAR(255) NOT NULL, 
	"Category__c" VARCHAR(255), 
	"GroupName__c" VARCHAR(255), 
	"Object__c" VARCHAR(255), 
	"Position__c" VARCHAR(255), 
	"ReadOnly__c" VARCHAR(255), 
	"Upload__c" VARCHAR(255), 
	PRIMARY KEY (id)
);
INSERT INTO "CategoryRule__c" VALUES('CategoryRule__c-1','Dog','Team','Dog','','False','False');
INSERT INTO "CategoryRule__c" VALUES('CategoryRule__c-2','Client','Team','Team','','False','False');
INSERT INTO "CategoryRule__c" VALUES('CategoryRule__c-3','TeamDog','Team','Team','','False','False');
INSERT INTO "CategoryRule__c" VALUES('CategoryRule__c-4','TeamDog','Team','Dog','','True','False');
INSERT INTO "CategoryRule__c" VALUES('CategoryRule__c-5','ADSiM','Team','Contact','Client','False','False');
INSERT INTO "CategoryRule__c" VALUES('CategoryRule__c-6','Na','','Contact','','False','False');
INSERT INTO "CategoryRule__c" VALUES('CategoryRule__c-7','Standalone','Standalone Programs','Contact','Standalone','False','False');
INSERT INTO "CategoryRule__c" VALUES('CategoryRule__c-8','Board','Board','Contact','Board Member','False','False');
INSERT INTO "CategoryRule__c" VALUES('CategoryRule__c-9','Client','Team','Contact','Client','True','False');
INSERT INTO "CategoryRule__c" VALUES('CategoryRule__c-10','Facilitator','Team','Contact','Team Facilitator','False','False');
INSERT INTO "CategoryRule__c" VALUES('CategoryRule__c-11','Facilitator','Team','Contact','Team Facilitator Lead','False','False');
INSERT INTO "CategoryRule__c" VALUES('CategoryRule__c-12','Puppy','PuppyRaiser','Contact','Puppy Raiser','False','False');
INSERT INTO "CategoryRule__c" VALUES('CategoryRule__c-13','Staff','Staff','Contact','Staff','False','False');
INSERT INTO "CategoryRule__c" VALUES('CategoryRule__c-14','Trainer','Trainer','Contact','Trainer','False','False');
INSERT INTO "CategoryRule__c" VALUES('CategoryRule__c-15','Volunteer','Volunteer','Contact','Volunteer','False','False');
CREATE TABLE "Contact" (
	id VARCHAR(255) NOT NULL, 
	"Email" VARCHAR(255), 
	"FirstName" VARCHAR(255), 
	"LastName" VARCHAR(255), 
	"Phone" VARCHAR(255), 
	"ADSiMApplicationReceived__c" VARCHAR(255), 
	"ADSiMPreApplicationReceived__c" VARCHAR(255), 
	"ADSiMProgAgreementReceived__c" VARCHAR(255), 
	"AbilityAccommodation__c" VARCHAR(255), 
	"AbilityStatus__c" VARCHAR(255), 
	"AvailableAsTsimTA__c" VARCHAR(255), 
	"BoardAgreementReceived__c" VARCHAR(255), 
	"BoardApplicationReceived__c" VARCHAR(255), 
	"BoardCoIReceived__c" VARCHAR(255), 
	"BoardMemberAcceptedDate__c" VARCHAR(255), 
	"BoardMemberStatus__c" VARCHAR(255), 
	"BoardResumeReceived__c" VARCHAR(255), 
	"BoardTermValidUntil__c" VARCHAR(255), 
	"BoardToNReceived__c" VARCHAR(255), 
	"CanvasSisId__c" VARCHAR(255), 
	"ClientCertificationValidUntil__c" VARCHAR(255), 
	"ClientDog__c" VARCHAR(255), 
	"ClientFacilitatorAvailability__c" VARCHAR(255), 
	"ClientInitialCertificationDate__c" VARCHAR(255), 
	"ClientMedicalDevices__c" VARCHAR(255), 
	"ClientStatus__c" VARCHAR(255), 
	"ContactFormReceived__c" VARCHAR(255), 
	"Contact__c" VARCHAR(255), 
	"CriminalConviction__c" VARCHAR(255), 
	"DateStarted__c" VARCHAR(255), 
	"EmailInclusion__c" VARCHAR(255), 
	"FacilitatorApplicationReceived__c" VARCHAR(255), 
	"FacilitatorCertAgreementReceived__c" VARCHAR(255), 
	"FacilitatorCertValidUntil__c" VARCHAR(255), 
	"FacilitatorFirstAidReceived__c" VARCHAR(255), 
	"FacilitatorInfrNoticeReceived__c" VARCHAR(255), 
	"FacilitatorInitialCertificationDate__c" VARCHAR(255), 
	"FacilitatorPracticumReceived__c" VARCHAR(255), 
	"FacilitatorProgAgreementReceived__c" VARCHAR(255), 
	"FacilitatorReferenceReceived__c" VARCHAR(255), 
	"FacilitatorStatus__c" VARCHAR(255), 
	"FirstAidReceived__c" VARCHAR(255), 
	"FirstAidValidUntil__c" VARCHAR(255), 
	"GW_Volunteers__Volunteer_Auto_Reminder_Email_Opt_Out__c" VARCHAR(255), 
	"GW_Volunteers__Volunteer_Availability__c" VARCHAR(255), 
	"GW_Volunteers__Volunteer_Last_Web_Signup_Date__c" VARCHAR(255), 
	"GW_Volunteers__Volunteer_Manager_Notes__c" VARCHAR(255), 
	"GW_Volunteers__Volunteer_Notes__c" VARCHAR(255), 
	"GW_Volunteers__Volunteer_Organization__c" VARCHAR(255), 
	"GW_Volunteers__Volunteer_Skills__c" VARCHAR(255), 
	"GW_Volunteers__Volunteer_Status__c" VARCHAR(255), 
	"GenderIdentity__c" VARCHAR(255), 
	"Language__c" VARCHAR(255), 
	"LastBoardTermStartDate__c" VARCHAR(255), 
	"LeadComments__c" VARCHAR(255), 
	"LeadFacilitatorStatus__c" VARCHAR(255), 
	"LeadInterest__c" VARCHAR(255), 
	"LeadSourceOther__c" VARCHAR(255), 
	"OtherLanguages__c" VARCHAR(255), 
	"Photo__c" VARCHAR(255), 
	"Positions__c" VARCHAR(255), 
	"PreferredName__c" VARCHAR(255), 
	"PronounOther__c" VARCHAR(255), 
	"Pronoun__c" VARCHAR(255), 
	"PuppyApplicationReceived__c" VARCHAR(255), 
	"PuppyCertAgreementReceived__c" VARCHAR(255), 
	"PuppyContractReceived__c" VARCHAR(255), 
	"PuppyInfrNoticeReceived__c" VARCHAR(255), 
	"PuppyProgAgreementReceived__c" VARCHAR(255), 
	"PuppyRaiserStatus__c" VARCHAR(255), 
	"PuppyReferenceReceived__c" VARCHAR(255), 
	"RaceEthnicity__c" VARCHAR(255), 
	"SexualOrientation__c" VARCHAR(255), 
	"ShareBoard__c" VARCHAR(255), 
	"SharePuppyRaiser__c" VARCHAR(255), 
	"ShareStaff__c" VARCHAR(255), 
	"ShareStandalonePrograms__c" VARCHAR(255), 
	"ShareTeam__c" VARCHAR(255), 
	"ShareTrainer__c" VARCHAR(255), 
	"ShareVolunteer__c" VARCHAR(255), 
	"ShirtSize__c" VARCHAR(255), 
	"SpecifiedAbilityAccommodation__c" VARCHAR(255), 
	"SpecifiedAbilityStatus__c" VARCHAR(255), 
	"SpecifiedGenderIdentity__c" VARCHAR(255), 
	"SpecifiedRaceEthnicity__c" VARCHAR(255), 
	"SpecifiedSexualOrientation__c" VARCHAR(255), 
	"SpecifiedVeteranStatus__c" VARCHAR(255), 
	"StaffAgreementReceived__c" VARCHAR(255), 
	"StaffApplicationReceived__c" VARCHAR(255), 
	"StaffFirstAidReceived__c" VARCHAR(255), 
	"StaffI9Received__c" VARCHAR(255), 
	"StaffOfferReceived__c" VARCHAR(255), 
	"StaffResumeReceived__c" VARCHAR(255), 
	"StaffStatus__c" VARCHAR(255), 
	"StaffW4Received__c" VARCHAR(255), 
	"StaffW9Received__c" VARCHAR(255), 
	"StandaloneApplicationReceived__c" VARCHAR(255), 
	"StandaloneProgAgreementReceived__c" VARCHAR(255), 
	"StandaloneStatus__c" VARCHAR(255), 
	"TextMessagesApproved__c" VARCHAR(255), 
	"TrainerApplicationReceived__c" VARCHAR(255), 
	"TrainerBoardTrain__c" VARCHAR(255), 
	"TrainerCertAgreementReceived__c" VARCHAR(255), 
	"TrainerCertValidUntil__c" VARCHAR(255), 
	"TrainerClientReferenceReceived__c" VARCHAR(255), 
	"TrainerInfrNoticeReceived__c" VARCHAR(255), 
	"TrainerInitialCertificationDate__c" VARCHAR(255), 
	"TrainerProfReferenceReceived__c" VARCHAR(255), 
	"TrainerProgAgreementReceived__c" VARCHAR(255), 
	"TrainerSpecialties__c" VARCHAR(255), 
	"TrainerStatus__c" VARCHAR(255), 
	"UpdateForRelated__c" VARCHAR(255), 
	"UpdateSharing__c" VARCHAR(255), 
	"VeteranStatus__c" VARCHAR(255), 
	"VolunteerAccess__c" VARCHAR(255), 
	"VolunteerAgreementReceived__c" VARCHAR(255), 
	"VolunteerApplicationReceived__c" VARCHAR(255), 
	"VolunteerFocus__c" VARCHAR(255), 
	"VolunteerResumeReceived__c" VARCHAR(255), 
	"npe01__AlternateEmail__c" VARCHAR(255), 
	"npe01__HomeEmail__c" VARCHAR(255), 
	"npe01__PreferredPhone__c" VARCHAR(255), 
	"npe01__Preferred_Email__c" VARCHAR(255), 
	"npe01__Primary_Address_Type__c" VARCHAR(255), 
	"npe01__Private__c" VARCHAR(255), 
	"npe01__Secondary_Address_Type__c" VARCHAR(255), 
	"npe01__SystemAccountProcessor__c" VARCHAR(255), 
	"npe01__WorkEmail__c" VARCHAR(255), 
	"npe01__WorkPhone__c" VARCHAR(255), 
	"npo02__AverageAmount__c" VARCHAR(255), 
	"npo02__Best_Gift_Year_Total__c" VARCHAR(255), 
	"npo02__Best_Gift_Year__c" VARCHAR(255), 
	"npo02__FirstCloseDate__c" VARCHAR(255), 
	"npo02__Household_Naming_Order__c" VARCHAR(255), 
	"npo02__LargestAmount__c" VARCHAR(255), 
	"npo02__LastCloseDate__c" VARCHAR(255), 
	"npo02__LastMembershipAmount__c" VARCHAR(255), 
	"npo02__LastMembershipDate__c" VARCHAR(255), 
	"npo02__LastMembershipLevel__c" VARCHAR(255), 
	"npo02__LastMembershipOrigin__c" VARCHAR(255), 
	"npo02__LastOppAmount__c" VARCHAR(255), 
	"npo02__MembershipEndDate__c" VARCHAR(255), 
	"npo02__MembershipJoinDate__c" VARCHAR(255), 
	"npo02__Naming_Exclusions__c" VARCHAR(255), 
	"npo02__NumberOfClosedOpps__c" VARCHAR(255), 
	"npo02__NumberOfMembershipOpps__c" VARCHAR(255), 
	"npo02__OppAmount2YearsAgo__c" VARCHAR(255), 
	"npo02__OppAmountLastNDays__c" VARCHAR(255), 
	"npo02__OppAmountLastYear__c" VARCHAR(255), 
	"npo02__OppAmountThisYear__c" VARCHAR(255), 
	"npo02__OppsClosed2YearsAgo__c" VARCHAR(255), 
	"npo02__OppsClosedLastNDays__c" VARCHAR(255), 
	"npo02__OppsClosedLastYear__c" VARCHAR(255), 
	"npo02__OppsClosedThisYear__c" VARCHAR(255), 
	"npo02__SmallestAmount__c" VARCHAR(255), 
	"npo02__Soft_Credit_Last_Year__c" VARCHAR(255), 
	"npo02__Soft_Credit_This_Year__c" VARCHAR(255), 
	"npo02__Soft_Credit_Total__c" VARCHAR(255), 
	"npo02__Soft_Credit_Two_Years_Ago__c" VARCHAR(255), 
	"npo02__SystemHouseholdProcessor__c" VARCHAR(255), 
	"npo02__TotalMembershipOppAmount__c" VARCHAR(255), 
	"npo02__TotalOppAmount__c" VARCHAR(255), 
	"npsp__CustomizableRollups_UseSkewMode__c" VARCHAR(255), 
	"npsp__Deceased__c" VARCHAR(255), 
	"npsp__Do_Not_Contact__c" VARCHAR(255), 
	"npsp__Exclude_from_Household_Formal_Greeting__c" VARCHAR(255), 
	"npsp__Exclude_from_Household_Informal_Greeting__c" VARCHAR(255), 
	"npsp__Exclude_from_Household_Name__c" VARCHAR(255), 
	"npsp__First_Soft_Credit_Amount__c" VARCHAR(255), 
	"npsp__First_Soft_Credit_Date__c" VARCHAR(255), 
	"npsp__Largest_Soft_Credit_Amount__c" VARCHAR(255), 
	"npsp__Largest_Soft_Credit_Date__c" VARCHAR(255), 
	"npsp__Last_Soft_Credit_Amount__c" VARCHAR(255), 
	"npsp__Last_Soft_Credit_Date__c" VARCHAR(255), 
	"npsp__Number_of_Soft_Credits_Last_N_Days__c" VARCHAR(255), 
	"npsp__Number_of_Soft_Credits_Last_Year__c" VARCHAR(255), 
	"npsp__Number_of_Soft_Credits_This_Year__c" VARCHAR(255), 
	"npsp__Number_of_Soft_Credits_Two_Years_Ago__c" VARCHAR(255), 
	"npsp__Number_of_Soft_Credits__c" VARCHAR(255), 
	"npsp__Soft_Credit_Last_N_Days__c" VARCHAR(255), 
	"npsp__Sustainer__c" VARCHAR(255), 
	"npsp__Undeliverable_Address__c" VARCHAR(255), 
	"npsp__is_Address_Override__c" VARCHAR(255), 
	"npo02__Household__c" VARCHAR(255), 
	"npsp__Batch__c" VARCHAR(255), 
	"npsp__Current_Address__c" VARCHAR(255), 
	"npsp__Primary_Affiliation__c" VARCHAR(255), 
	PRIMARY KEY (id)
);
INSERT INTO "Contact" VALUES('Contact-1','cosmith@example.com','Colleen','Smith','001-999-368-7259x84632','','','','','Deaf/Hard of hearing','False','','','','','None','','','','AZDDGB0Y5QL','','','','','Camera almost others before behind.','None','','Home','False','2017-05-08','','','','','','','','','','','None','','','False','','','','Attention themselves nothing beat game entire company. Receive feeling blue teacher practice. Assume get professor.','','Financial/Bookkeeping','Initial Inquiry','','English','','','None','Volunteering','Douglas, Blair and Meadows','Spanish','','Volunteer','Colleen','Sister.','Specify','','','','','','None','','','','False','False','False','False','False','False','False','Women S','','','','','','','','','','','','','None','','','','','','False','','False','','','','','','','','Psychiatric;Autism','None','False','False','','Active Projects- ADI','','','','','c.smith@example.com','cosmith@example.com','Home','Personal','Home','False','Home','','co.smith@example.org','(579)399-2033','0.0','34908.0','2023','2024-06-22','19328.0','0.0','2024-07-01','0.0','2024-06-04','Discuss just single. Car star institution.','Before pattern while. True may well beautiful game common prevent. Think day change week huge.','0.0','2024-06-27','2024-01-27','Household__c.Name','0.0','0.0','0.0','0.0','0.0','0.0','0.0','0.0','0.0','0.0','0.0','83220.0','27589.0','70866.0','93169.0','All New or Edited Contacts','0.0','0.0','False','False','False','False','False','True','39071.0','2024-10-20','48386.0','2024-03-20','29472.0','','57424.0','1602.0','8282.0','46578.0','29554.0','0.0','','False','False','','','npsp__Address__c-1','');
INSERT INTO "Contact" VALUES('Contact-2','h.skinner6@example.org','Herbert','Skinner','545.811.8006x79921','','','','','Learning disability/cognitive processing disability','False','','','','','Inactive','','','','RWBXGBXX0KZ','','','','','White political protect go about staff probably.','None','','Home','False','2019-10-30','','','','','','','','','','','In Training','','','False','','','','Operation century little usually doctor report significant. Industry degree phone charge. Thus hope prevent give gun team computer.','','Technology/Infrastructure','Onboarding','','English','','','None','Assistance Dogs Set in Motion Program','Huerta-Hart','Mandarin','','Volunteer;Team Facilitator','Herbert','Whether.','They/Them','','','','','','None','','','','False','False','False','False','False','False','False','Men S','','','','','','','','','','','','','None','','','','','','False','','True','','','','','','','','Diabetes Alert','None','False','False','','Operations- Financial','','','','','h_skinner@example.org','h.skinner6@example.org','Home','Personal','Other','False','Other','','h_skinner1945@example.com','001-409-587-9747x6182','0.0','89085.0','1992','2024-05-11','43908.0','0.0','2025-01-03','0.0','2024-03-04','Light buy international need market. Act series city hundred team.','Put past study dream. Top military know late skin.','0.0','2024-05-14','2024-07-30','Household__c.Informal_Greeting__c','0.0','0.0','0.0','0.0','0.0','0.0','0.0','0.0','0.0','0.0','0.0','58556.0','9112.0','22997.0','48252.0','All Individual Contacts','0.0','0.0','False','False','False','False','True','False','67610.0','2024-01-21','50881.0','2024-03-18','56169.0','','58818.0','96537.0','64481.0','64794.0','61789.0','0.0','','False','False','','','npsp__Address__c-2','');
INSERT INTO "Contact" VALUES('Contact-3','hho05@example.org','Ho','Harry','001-291-587-9114','','','','','','False','','','','','','','','','','','','','','','None','','Home','False','','','','','','','','','','','','None','','','False','','','','','','','','','English','','','','','','','','','Ho','','','','','','','','None','','','','False','False','False','False','False','False','False','','','','','','','','','','','','','','None','','','','','','False','','False','','','','','','','','','None','False','False','','','','','','','harry-ho5@example.org','hho05@example.org','Home','Personal','Other','False','Other','','h+ho1969@example.net','8709292211','0.0','','','','','0.0','','0.0','','','','0.0','','','','0.0','0.0','0.0','0.0','0.0','0.0','0.0','0.0','0.0','0.0','0.0','','','','','','0.0','0.0','False','False','False','False','False','False','','','','','','','','','','','','0.0','','False','False','','','','');
INSERT INTO "Contact" VALUES('Contact-4','ra+dougherty6@example.net','Dougherty','Raymond','292-909-9341','','','','','','False','','','','','','','','','','','','','','','None','','Home','False','','','','','','','','','','','','None','','','False','','','','','','','','','English','','','','','','','','','Dougherty','','','','','','','','None','','','','False','False','False','False','False','False','False','','','','','','','','','','','','','','None','','','','','','False','','False','','','','','','','','','None','False','False','','','','','','','ra+dougherty9@example.net','ra+dougherty6@example.net','Home','Personal','Home','False','Other','','r_dougherty@example.org','956.964.8882x93183','0.0','','','','','0.0','','0.0','','','','0.0','','','','0.0','0.0','0.0','0.0','0.0','0.0','0.0','0.0','0.0','0.0','0.0','','','','','','0.0','0.0','False','False','False','False','False','False','','','','','','','','','','','','0.0','','False','False','','','','');
INSERT INTO "Contact" VALUES('Contact-5','t.mills@example.org','Travis','Mills','6469252112','','','','','None/do not identify with a disability','False','','','','','Inactive','','','','HMMGGBD7FTG','','','','','Factor thought cultural bit author.','None','','Home','True','2024-04-23','','','','','','','','','','','Discontinued','','','False','','','','Serve play a watch common myself organization.','','Project/Program Management','Inactive','','English','','','None','General info/Other','Greer Group','Spanish','','Volunteer;Team Facilitator','Travis','Into draw.','Prefer not to answer','','','','','','None','','','','False','False','False','False','False','False','False','Unisex XL','','','','','','','','','','','','','None','','','','','','False','','True','','','','','','','','Narcolepsy Alert','None','False','False','','Sensitive Info- Trainer','','','','','t-mills1@example.com','t.mills@example.org','Home','Personal','Work','False','Other','','travismills2@example.org','296.318.7234','0.0','74243.0','2003','2024-08-10','97688.0','0.0','2024-11-18','0.0','2024-12-03','Leave page amount. Act continue garden represent drive appear do.','Call street country network himself day prepare. Chair soon several almost.','0.0','2024-05-25','2024-01-29','Household__c.Name','0.0','0.0','0.0','0.0','0.0','0.0','0.0','0.0','0.0','0.0','0.0','48576.0','99010.0','69432.0','52013.0','All Individual Contacts','0.0','0.0','False','False','False','False','False','True','48585.0','2024-05-29','77353.0','2024-04-16','89176.0','','53392.0','85409.0','80596.0','6094.0','24943.0','0.0','','False','False','','','npsp__Address__c-3','');
INSERT INTO "Contact" VALUES('Contact-6','elheath59@example.org','Heath','Elaine','758-240-1048','','','','','','False','','','','','','','','','','','','','','','None','','Home','False','','','','','','','','','','','','None','','','False','','','','','','','','','English','','','','','','','','','Heath','','','','','','','','None','','','','False','False','False','False','False','False','False','','','','','','','','','','','','','','None','','','','','','False','','False','','','','','','','','','None','False','False','','','','','','','e+heath@example.com','elheath59@example.org','Home','Personal','Other','False','Work','','e_heath75@example.net','953-795-1002x20846','0.0','','','','','0.0','','0.0','','','','0.0','','','','0.0','0.0','0.0','0.0','0.0','0.0','0.0','0.0','0.0','0.0','0.0','','','','','','0.0','0.0','False','False','False','False','False','False','','','','','','','','','','','','0.0','','False','False','','','','');
INSERT INTO "Contact" VALUES('Contact-7','m-hines82@example.com','Hines','Mia','2075187631','','','','','','False','','','','','','','','','','','','','','','None','','Home','False','','','','','','','','','','','','None','','','False','','','','','','','','','English','','','','','','','','','Hines','','','','','','','','None','','','','False','False','False','False','False','False','False','','','','','','','','','','','','','','None','','','','','','False','','False','','','','','','','','','None','False','False','','','','','','','miahines1976@example.net','m-hines82@example.com','Home','Personal','Home','False','Work','','mihines96@example.com','001-524-958-8860x538','0.0','','','','','0.0','','0.0','','','','0.0','','','','0.0','0.0','0.0','0.0','0.0','0.0','0.0','0.0','0.0','0.0','0.0','','','','','','0.0','0.0','False','False','False','False','False','False','','','','','','','','','','','','0.0','','False','False','','','','');
INSERT INTO "Contact" VALUES('Contact-8','r_ali45@example.org','Randy','Ali','725.792.4557','','','','','None/do not identify with a disability','False','','','','','','','','','WHGAGB44XED','','','','','','None','','Home','False','2008-05-12','','','','','','','','','','','None','','','False','','','','','','','','','English','','','','','Pugh, Mathews and Baldwin','Korean','','Volunteer;Client','Randy','Compare.','Prefer not to answer','','','','','','None','','','','False','False','False','False','False','False','False','Men XXL','','','','','','','','','','','','','None','','','','','','False','','True','','','','','','','','Medical Incident Assist','Inactive','False','False','','Active Projects- Team Facilitator Certification','','','','','r.ali@example.net','r_ali45@example.org','Home','Personal','Work','False','Home','','raali1957@example.com','7142935294','0.0','','','','','0.0','','0.0','','','','0.0','','','','0.0','0.0','0.0','0.0','0.0','0.0','0.0','0.0','0.0','0.0','0.0','','','','','','0.0','0.0','False','False','False','False','False','False','','','','','','','','','','','','0.0','','False','False','','','npsp__Address__c-4','');
INSERT INTO "Contact" VALUES('Contact-9','connorvance9@example.org','Vance','Connor','(816)372-8226x564','','','','','','False','','','','','','','','','','','','','','','None','','Home','False','','','','','','','','','','','','None','','','False','','','','','','','','','English','','','','','','','','','Vance','','','','','','','','None','','','','False','False','False','False','False','False','False','','','','','','','','','','','','','','None','','','','','','False','','False','','','','','','','','','None','False','False','','','','','','','co_vance@example.com','connorvance9@example.org','Home','Personal','Work','False','Home','','c_vance0@example.org','7417758019','0.0','','','','','0.0','','0.0','','','','0.0','','','','0.0','0.0','0.0','0.0','0.0','0.0','0.0','0.0','0.0','0.0','0.0','','','','','','0.0','0.0','False','False','False','False','False','False','','','','','','','','','','','','0.0','','False','False','','','','');
INSERT INTO "Contact" VALUES('Contact-10','er-davila1@example.org','Davila','Erik','+1-449-418-9580','','','','','','False','','','','','','','','','','','','','','','None','','Home','False','','','','','','','','','','','','None','','','False','','','','','','','','','English','','','','','','','','','Davila','','','','','','','','None','','','','False','False','False','False','False','False','False','','','','','','','','','','','','','','None','','','','','','False','','False','','','','','','','','','None','False','False','','','','','','','erik.davila@example.com','er-davila1@example.org','Home','Personal','Home','False','Other','','erik_davila3@example.net','980-941-6173x732','0.0','','','','','0.0','','0.0','','','','0.0','','','','0.0','0.0','0.0','0.0','0.0','0.0','0.0','0.0','0.0','0.0','0.0','','','','','','0.0','0.0','False','False','False','False','False','False','','','','','','','','','','','','0.0','','False','False','','','','');
INSERT INTO "Contact" VALUES('Contact-11','ka+salas@example.net','Kathy','Salas','+1-241-607-0330x4763','','','','','Intellectual disability','False','','','','','Onboarding','','','','HMCUGB60','','','','','Almost series important another meeting both.','None','','Guardian','False','2012-07-28','','','','','','','','','','','Initial Inquiry','','','False','','','','Left need leave they boy outside well lay. Heavy sort management add.','','Technology/Infrastructure','None','','English','','','Active','Team Facilitator Certification','Mora-Garrison','Arabic','','Team Facilitator Lead','Kathy','Theory.','Prefer not to answer','','','','','','None','','','','False','False','False','False','False','False','False','Child L','','','','','','','','','','','','','None','','','','','','False','','False','','','','','','','','Autism','None','False','False','','Operations- Client','','','','','kathysalas@example.com','ka+salas@example.net','Home','Personal','Home','False','Other','','kathysalas1965@example.com','636.681.9374x439','0.0','10699.0','1998','2024-03-21','8087.0','0.0','2024-03-05','0.0','2024-04-12','Career on even. Each return voice pay age. Various health another as bag.','Far part drive during. Pay now later term.','0.0','2024-06-28','2024-02-03','Household__c.Formal_Greeting__c','0.0','0.0','0.0','0.0','0.0','0.0','0.0','0.0','0.0','0.0','0.0','83693.0','36835.0','29045.0','83861.0','All Individual Contacts','0.0','0.0','False','False','False','True','False','False','16048.0','2024-11-27','82683.0','2024-10-12','60409.0','','96561.0','58038.0','22954.0','31394.0','91866.0','0.0','','False','False','','','npsp__Address__c-5','');
INSERT INTO "Contact" VALUES('Contact-12','lkey3@example.net','Laurie','Key','+1-381-337-2792','','','','','Mobility/ambulatory difficulty','False','','','','','Active','','','','IMJTGBWA','','','','','Get available certainly box day position think.','None','','Alternate','True','2011-01-13','','','','','','','','','','','None','','','False','','','','Usually those term. Goal him front democratic team. Artist catch wide from seek evidence environmental.','','Fundraising/Grants','Onboarding','','English','','','None','Teams Set in Motion Program','Perry-Gilbert','Vietnamese','','Volunteer;Trainer','Laurie','Sense.','He/Him','','','','','','None','','','','False','False','False','False','False','False','False','Unisex XXL','','','','','','','','','','','','','None','','','','','','False','','False','','','','','','','','Psychiatric','Suspended','False','False','','Active Projects- Trainer Certification','','','','','lkey3@example.net','l_key3@example.com','Home','Personal','Home','False','Other','','la+key2012@example.org','499-742-6654','0.0','5359.0','2000','2024-11-22','517.0','0.0','2024-08-03','0.0','2024-12-09','She bag can thus travel yet. Per within skin she current.','Send science interest current point few. Check perhaps husband tough.','0.0','2024-05-01','2024-06-07','Household__c.Name','0.0','0.0','0.0','0.0','0.0','0.0','0.0','0.0','0.0','0.0','0.0','19716.0','87154.0','70993.0','75751.0','All New or Edited Contacts','0.0','0.0','False','False','False','False','False','True','67579.0','2024-03-02','28821.0','2024-05-05','34577.0','','76015.0','94363.0','24129.0','42038.0','15968.0','0.0','','False','False','','','npsp__Address__c-6','');
INSERT INTO "Contact" VALUES('Contact-13','carolyn.boyle@example.com','Carolyn','Boyle','353-517-7932','','','','','Deaf/Hard of hearing','False','','','','','Initial Inquiry','','','','GIUDGBOP86S','2025-07-10','Sam','','','System people end parent interview clear.','','','Home','False','2003-09-02','','','','','','','','','','','None','','','False','','','','Have pick position boy country once. Various particularly describe everybody partner purpose. Include control five sign town similar. Memory do able least piece popular.','','Legal','Active','','Arabic','','','None','Teams Set in Motion Program','Marks, Forbes and Atkinson','French','','Volunteer;Trainer','Carolyn','Director.','Specify','','','','','','None','','','','False','False','False','False','False','False','False','Men XS','','','','','','','','','','','','','None','','','','','','False','','True','','','','','','','','Diabetes Alert','Suspended','False','False','','Sensitive Info- Trainer','','','','','cboyle96@example.com','carolyn.boyle@example.com','Home','Personal','Other','False','Home','','c-boyle08@example.org','+1-663-679-1263x9011','0.0','29050.0','2010','2024-06-20','76200.0','0.0','2024-04-11','0.0','2024-10-19','Law produce like about act price. Blue some nature too.','Citizen nature memory project TV usually likely. With positive water.','0.0','2024-11-10','2024-02-27','Household__c.Name','0.0','0.0','0.0','0.0','0.0','0.0','0.0','0.0','0.0','0.0','0.0','36773.0','60296.0','53598.0','59295.0','All Individual Contacts','0.0','0.0','False','False','False','False','False','True','15610.0','2024-06-04','6361.0','2024-01-24','9587.0','','54953.0','53021.0','11922.0','31634.0','94681.0','0.0','','False','False','','','npsp__Address__c-7','');
INSERT INTO "Contact" VALUES('Contact-14','phyllis.guerra@example.net','Guerra','Phyllis','544-308-4040','','','','','','False','','','','','','','','','','','','','','','None','','Home','False','','','','','','','','','','','','None','','','False','','','','','','','','','English','','','','','','','','','Guerra','','','','','','','','None','','','','False','False','False','False','False','False','False','','','','','','','','','','','','','','None','','','','','','False','','False','','','','','','','','','None','False','False','','','','','','','p+guerra1947@example.com','phyllis.guerra@example.net','Home','Personal','Home','False','Work','','phguerra1959@example.net','325.670.0023x7038','0.0','','','','','0.0','','0.0','','','','0.0','','','','0.0','0.0','0.0','0.0','0.0','0.0','0.0','0.0','0.0','0.0','0.0','','','','','','0.0','0.0','False','False','False','False','False','False','','','','','','','','','','','','0.0','','False','False','','','','');
INSERT INTO "Contact" VALUES('Contact-15','i-mills02@example.org','Mills','Isaac','356-586-9738','','','','','','False','','','','','','','','','','','','','','','None','','Home','False','','','','','','','','','','','','None','','','False','','','','','','','','','English','','','','','','','','','Mills','','','','','','','','None','','','','False','False','False','False','False','False','False','','','','','','','','','','','','','','None','','','','','','False','','False','','','','','','','','','None','False','False','','','','','','','i_mills1957@example.net','i-mills02@example.org','Home','Personal','Work','False','Work','','isaacmills1996@example.com','321-802-3848','0.0','','','','','0.0','','0.0','','','','0.0','','','','0.0','0.0','0.0','0.0','0.0','0.0','0.0','0.0','0.0','0.0','0.0','','','','','','0.0','0.0','False','False','False','False','False','False','','','','','','','','','','','','0.0','','False','False','','','','');
INSERT INTO "Contact" VALUES('Contact-16','g-noble@example.com','Gwendolyn','Noble','(567)693-7810','','','','','Prefer to self-describe','False','','','','','Onboarding','','','','WASMGBHIYPZ','','','','','Skill season police relationship simple pay direction lose.','In Training','','Home','True','2004-02-21','','','','','','','','','','','Onboarding','','','False','','','','Professional almost music. Structure start subject. Growth Mr above too middle sister.','','Nonprofit Leadership','Onboarding','','English','','','Inactive','Teams Set in Motion Program','Jackson-Arnold','Italian','','Volunteer;Team Facilitator Lead;Client','Gwendolyn','Various.','They/Them','','','','','','None','','','','False','False','False','False','False','False','False','Men XS','','','','','','','','','','','','','None','','','','','','False','','True','','','','','','','','Psychiatric;Autism','None','False','False','','Board','','','','','gwendolyn+noble62@example.com','g-noble@example.com','Home','Personal','Work','False','Work','','gw+noble74@example.net','001-518-580-5919x70979','0.0','74015.0','1970','2024-11-12','81454.0','0.0','2024-11-23','0.0','2024-12-01','Water follow lead need drop relate. Ball summer soldier.','Nation town some food shake how. Specific style him cell in. Attorney worker audience way chance.','0.0','2024-05-04','2024-02-01','Household__c.Informal_Greeting__c','0.0','0.0','0.0','0.0','0.0','0.0','0.0','0.0','0.0','0.0','0.0','57661.0','29420.0','14177.0','89006.0','All Individual Contacts','0.0','0.0','False','False','False','False','True','False','31720.0','2024-02-21','59347.0','2024-11-06','72872.0','','16885.0','43872.0','52130.0','18769.0','89041.0','0.0','','False','False','','','npsp__Address__c-8','');
INSERT INTO "Contact" VALUES('Contact-17','ewilson7@example.net','Wilson','Erin','001-494-945-6385x9896','','','','','','False','','','','','','','','','','','','','','','None','','Home','False','','','','','','','','','','','','None','','','False','','','','','','','','','English','','','','','','','','','Wilson','','','','','','','','None','','','','False','False','False','False','False','False','False','','','','','','','','','','','','','','None','','','','','','False','','False','','','','','','','','','None','False','False','','','','','','','erin-wilson9@example.net','ewilson7@example.net','Home','Personal','Other','False','Other','','e_wilson60@example.com','+1-816-782-0525x5044','0.0','','','','','0.0','','0.0','','','','0.0','','','','0.0','0.0','0.0','0.0','0.0','0.0','0.0','0.0','0.0','0.0','0.0','','','','','','0.0','0.0','False','False','False','False','False','False','','','','','','','','','','','','0.0','','False','False','','','','');
INSERT INTO "Contact" VALUES('Contact-18','t-sims52@example.com','Sims','Tammie','001-817-252-3852x4197','','','','','','False','','','','','','','','','','','','','','','None','','Home','False','','','','','','','','','','','','None','','','False','','','','','','','','','English','','','','','','','','','Sims','','','','','','','','None','','','','False','False','False','False','False','False','False','','','','','','','','','','','','','','None','','','','','','False','','False','','','','','','','','','None','False','False','','','','','','','ta.sims3@example.net','t-sims52@example.com','Home','Personal','Other','False','Work','','tammie_sims87@example.org','001-347-480-4898x218','0.0','','','','','0.0','','0.0','','','','0.0','','','','0.0','0.0','0.0','0.0','0.0','0.0','0.0','0.0','0.0','0.0','0.0','','','','','','0.0','0.0','False','False','False','False','False','False','','','','','','','','','','','','0.0','','False','False','','','','');
INSERT INTO "Contact" VALUES('Contact-19','selena+gutierrez@example.net','Selena','Gutierrez','6295468149','','','','','Learning disability/cognitive processing disability','False','','','','','Active','','','','MUMYGBKHI1C','','','','','Shoulder purpose last house unit across speech.','Decertified','','Home','True','2003-12-31','','','','','','','','','','','Initial Inquiry','','','False','','','','Scientist next total ten could. Like happen get point network human nearly series. Vote attorney agree officer computer building.','','Marketing and Branding','Active','','English','','','Inactive','Sweet Snoopers Training Program','Proctor, Wang and Stephens','Korean','','Volunteer;Team Facilitator Lead;Client','Selena','View.','She/Her','','','','','','None','','','','False','False','False','False','False','False','False','Unisex S','','','','','','','','','','','','','None','','','','','','False','','True','','','','','','','','Psychiatric;Autism','None','False','False','','Active Projects- Fund Development','','','','','s+gutierrez52@example.org','selena+gutierrez@example.net','Home','Personal','Other','False','Work','','sgutierrez9@example.com','+1-396-981-9547x5720','0.0','68458.0','2007','2024-08-07','33542.0','0.0','2024-09-04','0.0','2024-03-30','Step wish air data.','Size gas reduce provide manager still program. Give successful here affect easy position two.','0.0','2025-01-12','2025-01-11','Household__c.Informal_Greeting__c','0.0','0.0','0.0','0.0','0.0','0.0','0.0','0.0','0.0','0.0','0.0','23184.0','19618.0','58965.0','9831.0','All Individual Contacts','0.0','0.0','False','False','False','False','True','False','98749.0','2024-07-19','84141.0','2024-08-01','22918.0','','15861.0','46238.0','71935.0','74986.0','37357.0','0.0','','False','False','','','npsp__Address__c-9','');
INSERT INTO "Contact" VALUES('Contact-20','is-wilkinson1@example.com','Isabel','Wilkinson','891.569.2640x499','','','','','Prefer to self-describe','False','','','','','Active','','','','YPCXGB7GIXK','','','','','Maintain health away visit.','None','','Home','True','2020-06-16','','','','','','','','','','','None','','','False','','','','Trip fall reality point expect month. Method window buy phone. Series try father later.','','Legal','Inactive','','Mandarin','','','None','Sweet Snoopers Training Program','Lambert-Pruitt','Russian','','Volunteer;Trainer','Isabel','Job thus.','He/Him','','','','','','None','','','','False','False','False','False','False','False','False','Men XL','','','','','','','','','','','','','None','','','','','','False','','True','','','','','','','','Psychiatric;Autism','Onboarding','False','False','','Active Projects- Fund Development','','','','','i-wilkinson2@example.net','is-wilkinson1@example.com','Home','Personal','Work','False','Work','','is+wilkinson55@example.org','928.764.8864x9172','0.0','94525.0','1983','2025-01-12','68666.0','0.0','2025-01-17','0.0','2024-09-11','Everyone store his usually. American three kind western dog.','Against doctor per door.','0.0','2024-09-13','2024-07-17','Household__c.Informal_Greeting__c','0.0','0.0','0.0','0.0','0.0','0.0','0.0','0.0','0.0','0.0','0.0','10558.0','60218.0','68777.0','7648.0','All Individual Contacts','0.0','0.0','False','False','False','False','True','False','25003.0','2024-07-25','59558.0','2024-01-28','83505.0','','4443.0','7021.0','69506.0','46617.0','97761.0','0.0','','False','False','','','npsp__Address__c-10','');
INSERT INTO "Contact" VALUES('Contact-21','co+buckley09@example.com','Connor','Buckley','4807290696','','','','','Prefer to self-describe','False','','','','','Onboarding','','','','MPWSGBIA496','','','','','Range cold page boy century trip heavy.','None','','Home','False','2017-12-11','','','','','','','','','','','None','','','False','','','','Data service best design. Place somebody nearly.','','Photography/Videography','Onboarding','','English','','','None','Teams Set in Motion Program','Pittman Ltd','Spanish','','Volunteer;Puppy Raiser','Connor','Indicate.','They/Them','','','','','','Suspended','','','','False','False','False','False','False','False','False','Women XXL','','','','','','','','','','','','','None','','','','','','False','','False','','','','','','','','Mobility','None','False','False','','Active Projects- Client Certification','','','','','connor.buckley59@example.com','co+buckley09@example.com','Home','Personal','Other','False','Other','','co-buckley1965@example.org','(954)958-9505','0.0','31900.0','1992','2024-08-07','93594.0','0.0','2024-08-06','0.0','2024-03-09','Remain war camera feel wrong want two. Important although analysis.','Ready strong conference walk billion whatever. Of crime blood something.','0.0','2024-11-27','2024-04-21','Household__c.Name','0.0','0.0','0.0','0.0','0.0','0.0','0.0','0.0','0.0','0.0','0.0','90450.0','37366.0','86932.0','80787.0','No Contacts','0.0','0.0','False','False','False','False','False','True','46543.0','2024-12-28','71762.0','2024-11-22','8185.0','','63749.0','85570.0','86596.0','43838.0','16644.0','0.0','','False','False','','','npsp__Address__c-11','');
INSERT INTO "Contact" VALUES('Contact-22','euarellano92@example.org','Arellano','Eugene','001-707-673-1536x5708','','','','','','False','','','','','','','','','','','','','','','None','','Home','False','','','','','','','','','','','','None','','','False','','','','','','','','','English','','','','','','','','','Arellano','','','','','','','','None','','','','False','False','False','False','False','False','False','','','','','','','','','','','','','','None','','','','','','False','','False','','','','','','','','','None','False','False','','','','','','','eugenearellano1960@example.com','euarellano92@example.org','Home','Personal','Other','False','Work','','eugene+arellano1991@example.com','820-397-6453','0.0','','','','','0.0','','0.0','','','','0.0','','','','0.0','0.0','0.0','0.0','0.0','0.0','0.0','0.0','0.0','0.0','0.0','','','','','','0.0','0.0','False','False','False','False','False','False','','','','','','','','','','','','0.0','','False','False','','','','');
INSERT INTO "Contact" VALUES('Contact-23','s_riggs9@example.net','Riggs','Steven','001-903-443-9057','','','','','','False','','','','','','','','','','','','','','','None','','Home','False','','','','','','','','','','','','None','','','False','','','','','','','','','English','','','','','','','','','Riggs','','','','','','','','None','','','','False','False','False','False','False','False','False','','','','','','','','','','','','','','None','','','','','','False','','False','','','','','','','','','None','False','False','','','','','','','steven+riggs1950@example.net','s_riggs9@example.net','Home','Personal','Other','False','Work','','st+riggs1995@example.com','6255748694','0.0','','','','','0.0','','0.0','','','','0.0','','','','0.0','0.0','0.0','0.0','0.0','0.0','0.0','0.0','0.0','0.0','0.0','','','','','','0.0','0.0','False','False','False','False','False','False','','','','','','','','','','','','0.0','','False','False','','','','');
INSERT INTO "Contact" VALUES('Contact-24','t.schneider2007@example.com','Tom','Schneider','+1-378-463-9284','','','','','Prefer not to answer','False','','','','','Inactive','','','','TNDOGBBI','','','','','Deal family another half care.','None','','Home','False','2019-05-23','','','','','','','','','','','None','','','False','','','','Simply study early enjoy season significant lose. Improve hit business this. Color blue without boy.','','Medical/Mental Health','None','','English','','','None','Teams Set in Motion Program','Taylor LLC','Italian','','Volunteer;Puppy Raiser','Tom','Interest.','Prefer not to answer','','','','','','Suspended','','','','False','False','False','False','False','False','False','Men XS','','','','','','','','','','','','','None','','','','','','False','','True','','','','','','','','Medical Incident Assist','None','False','False','','Active Projects- Community Outreach and Education','','','','','t.schneider1947@example.org','t.schneider2007@example.com','Home','Personal','Home','False','Work','','t-schneider5@example.com','(318)462-2188x85961','0.0','83083.0','1985','2024-05-27','36145.0','0.0','2024-11-29','0.0','2024-02-02','Window end involve despite turn our. Letter thank ahead one.','Family boy record institution here job report. Manage scientist she discover activity.','0.0','2024-08-07','2024-11-13','Household__c.Formal_Greeting__c','0.0','0.0','0.0','0.0','0.0','0.0','0.0','0.0','0.0','0.0','0.0','30255.0','33185.0','89206.0','52730.0','All Individual Contacts','0.0','0.0','False','False','False','True','False','False','81408.0','2024-11-20','6904.0','2024-08-13','70937.0','','85043.0','58884.0','45610.0','45739.0','59225.0','0.0','','False','False','','','npsp__Address__c-12','');
INSERT INTO "Contact" VALUES('Contact-25','crystal.barton91@example.net','Crystal','Barton','(231)578-2720x98059','','','','','Sensory processing disorder','False','','','','','Inactive','','','','TSXVGBXB','','','','','Debate very so law reduce new will economic.','None','','Home','False','2005-08-29','','','','','','','','','','','None','','','False','','','','Property south could. Hotel popular risk. Option speak next amount.','','Project/Program Management','Initial Inquiry','','French','','','None','Sweet Snoopers Training Program','Cannon, Marsh and Rowland','English','','Donor','Crystal','Accept.','Prefer not to answer','','','','','','None','','','','False','False','False','False','False','False','False','Women M','','','','','','','','','','','','','None','','','','','','False','','False','','','','','','','','Psychiatric;Autism','None','False','False','','Active Projects- Trainer Certification','','','','','c_barton2002@example.org','crystal.barton91@example.net','Home','Personal','Work','False','Home','','crbarton1991@example.org','001-446-470-4481x45190','0.0','87941.0','2014','2024-07-31','56806.0','0.0','2024-03-26','0.0','2024-12-03','Pick yet rock hand.','South wish ahead Mr. Security choose language pay wind.','0.0','2024-07-12','2024-12-10','Household__c.Informal_Greeting__c','0.0','0.0','0.0','0.0','0.0','0.0','0.0','0.0','0.0','0.0','0.0','50436.0','12928.0','11153.0','99853.0','All Individual Contacts','0.0','0.0','False','False','False','False','True','False','20892.0','2024-06-30','85378.0','2024-11-27','36195.0','','11368.0','81777.0','79009.0','56201.0','87920.0','0.0','','False','False','','','npsp__Address__c-13','');
INSERT INTO "Contact" VALUES('Contact-26','troy.gallegos@example.net','Troy','Gallegos','001-429-870-4361x9743','','','','','Intellectual disability','False','','','','','Initial Inquiry','','','','IGVJGB05','','','','','Opportunity strategy figure onto head character.','None','','Home','True','2005-04-10','','','','','','','','','','','In Training','','','False','','','','History need first window sport. Hand him owner success.','','Photography/Videography','Inactive','','English','','','Inactive','Volunteering','Preston, Reyes and Leonard','Portuguese','','Team Facilitator Lead','Troy','Available.','He/Him','','','','','','None','','','','False','False','False','False','False','False','False','Child L','','','','','','','','','','','','','None','','','','','','False','','False','','','','','','','','Autism','None','False','False','','Active Projects- Community Outreach and Education','','','','','t+gallegos1962@example.net','troy.gallegos@example.net','Home','Personal','Work','False','Other','','troy-gallegos8@example.org','001-666-321-4782x6205','0.0','17431.0','1987','2024-07-04','77271.0','0.0','2024-11-20','0.0','2024-10-29','Page future at will point. Together story nation lot business.','Institution ground take always poor.','0.0','2024-08-04','2025-01-14','Household__c.Name','0.0','0.0','0.0','0.0','0.0','0.0','0.0','0.0','0.0','0.0','0.0','45800.0','8545.0','94796.0','44511.0','No Contacts','0.0','0.0','False','False','False','False','False','True','84011.0','2024-07-30','13281.0','2024-04-03','9608.0','','20297.0','99282.0','96682.0','50186.0','47775.0','0.0','','False','False','','','npsp__Address__c-14','');
INSERT INTO "Contact" VALUES('Contact-27','ho_wu07@example.com','Wu','Howard','(925)300-8595x538','','','','','','False','','','','','','','','','','2025-10-28','Zeus','','','','','','Home','False','','','','','','','','','','','','None','','','False','','','','','','','','','English','','','','','','','','','Wu','','','','','','','','None','','','','False','False','False','False','False','False','False','','','','','','','','','','','','','','None','','','','','','False','','False','','','','','','','','','None','False','False','','','','','','','h_wu3@example.com','ho_wu07@example.com','Home','Personal','Home','False','Other','','howard.wu@example.com','831-484-5800x72164','0.0','','','','','0.0','','0.0','','','','0.0','','','','0.0','0.0','0.0','0.0','0.0','0.0','0.0','0.0','0.0','0.0','0.0','','','','','','0.0','0.0','False','False','False','False','False','False','','','','','','','','','','','','0.0','','False','False','','','','');
INSERT INTO "Contact" VALUES('Contact-28','whitney-medina8@example.org','Medina','Whitney','(892)357-9632','','','','','','False','','','','','','','','','','','','','','','None','','Home','False','','','','','','','','','','','','None','','','False','','','','','','','','','English','','','','','','','','','Medina','','','','','','','','None','','','','False','False','False','False','False','False','False','','','','','','','','','','','','','','None','','','','','','False','','False','','','','','','','','','None','False','False','','','','','','','whitney+medina65@example.net','whitney-medina8@example.org','Home','Personal','Work','False','Other','','whmedina5@example.net','001-413-716-5946x781','0.0','','','','','0.0','','0.0','','','','0.0','','','','0.0','0.0','0.0','0.0','0.0','0.0','0.0','0.0','0.0','0.0','0.0','','','','','','0.0','0.0','False','False','False','False','False','False','','','','','','','','','','','','0.0','','False','False','','','','');
INSERT INTO "Contact" VALUES('Contact-29','gr.rogers83@example.net','Grace','Rogers','343.857.4568','','','','','Deaf/Hard of hearing','False','','','','','Initial Inquiry','','','','INDCGB1IPM8','','','','','Player every win although firm able family million.','None','','Home','False','2024-04-19','','','','','','','','','','','None','','','False','','','','Especially must performance community when agree when. Tv talk explain section.','','Medical/Mental Health','None','','English','','','None','Team Facilitator Certification','Arroyo LLC','Spanish','','Donor','Grace','Bill.','He/Him','','','','','','None','','','','False','False','False','False','False','False','False','Unisex XL','','','','','','','','','','','','','None','','','','','','False','','False','','','','','','','','Mobility;Autism','None','False','False','','Active Projects- Governance, Compliance and Operations','','','','','gr-rogers2002@example.com','gr.rogers83@example.net','Home','Personal','Home','False','Other','','gr_rogers93@example.org','803.826.8503','0.0','57799.0','1981','2025-01-16','40105.0','0.0','2024-08-14','0.0','2024-02-07','Listen interest compare fish gun economy. Effort fact member if.','Spring argue agreement sometimes huge. Mind space a military buy movie seven fund.','0.0','2024-11-19','2024-06-08','Household__c.Name','0.0','0.0','0.0','0.0','0.0','0.0','0.0','0.0','0.0','0.0','0.0','54718.0','67208.0','99116.0','60008.0','All Individual Contacts','0.0','0.0','False','False','False','False','False','True','12689.0','2024-02-26','35141.0','2024-03-27','38910.0','','21768.0','88664.0','60624.0','77298.0','73960.0','0.0','','False','False','','','npsp__Address__c-15','');
INSERT INTO "Contact" VALUES('Contact-30','destiny_jimenez3@example.net','Destiny','Jimenez','731-706-7887x9656','','','','','Chronic medical illness','False','','','','','Active','','','','VXUCGBTNCRE','','','','','Old movie similar off fear.','In Training','','Guardian','True','2016-01-05','','','','','','','','','','','None','','','False','','','','Oil dream specific off camera push hot. Technology purpose network despite. Wrong present learn size sign generation.','','Sales','Initial Inquiry','','English','','','None','General info/Other','Lucero-Jacobs','Mandarin','','Volunteer;Client','Destiny','Water.','Prefer not to answer','','','','','','None','','','','False','False','False','False','False','False','False','Women L','','','','','','','','','','','','','None','','','','','','False','','False','','','','','','','','Seizure Response','None','False','False','','Sensitive Info- Trainer','','','','','destiny+jimenez1@example.com','destiny_jimenez3@example.net','Home','Personal','Other','False','Work','','de-jimenez8@example.net','001-662-991-5160','0.0','72054.0','1995','2025-01-15','63067.0','0.0','2025-01-08','0.0','2024-01-20','Fall force life part ready rather. Many hard contain current performance source the.','Happy soon choose institution.','0.0','2024-07-10','2024-08-25','Household__c.Name','0.0','0.0','0.0','0.0','0.0','0.0','0.0','0.0','0.0','0.0','0.0','37995.0','73509.0','3216.0','1580.0','All Individual Contacts','0.0','0.0','False','False','False','False','False','True','35073.0','2024-12-25','27928.0','2024-03-13','33384.0','','84642.0','14795.0','59658.0','76824.0','52438.0','0.0','','False','False','','','npsp__Address__c-16','');
INSERT INTO "Contact" VALUES('Contact-31','elaine.levy9@example.org','Levy','Elaine','328-349-2970','','','','','','False','','','','','','','','','','','','','','','None','','Home','False','','','','','','','','','','','','None','','','False','','','','','','','','','English','','','','','','','','','Levy','','','','','','','','None','','','','False','False','False','False','False','False','False','','','','','','','','','','','','','','None','','','','','','False','','False','','','','','','','','','None','False','False','','','','','','','el.levy61@example.net','elaine.levy9@example.org','Home','Personal','Home','False','Other','','el+levy69@example.org','(455)917-5157x47747','0.0','','','','','0.0','','0.0','','','','0.0','','','','0.0','0.0','0.0','0.0','0.0','0.0','0.0','0.0','0.0','0.0','0.0','','','','','','0.0','0.0','False','False','False','False','False','False','','','','','','','','','','','','0.0','','False','False','','','','');
INSERT INTO "Contact" VALUES('Contact-32','spencerfranco89@example.com','Franco','Spencer','590-500-6624','','','','','','False','','','','','','','','','','','','','','','None','','Home','False','','','','','','','','','','','','None','','','False','','','','','','','','','English','','','','','','','','','Franco','','','','','','','','None','','','','False','False','False','False','False','False','False','','','','','','','','','','','','','','None','','','','','','False','','False','','','','','','','','','None','False','False','','','','','','','s.franco59@example.org','spencerfranco89@example.com','Home','Personal','Home','False','Home','','s_franco1963@example.com','(392)991-1416x968','0.0','','','','','0.0','','0.0','','','','0.0','','','','0.0','0.0','0.0','0.0','0.0','0.0','0.0','0.0','0.0','0.0','0.0','','','','','','0.0','0.0','False','False','False','False','False','False','','','','','','','','','','','','0.0','','False','False','','','','');
INSERT INTO "Contact" VALUES('Contact-33','s-warren@example.com','Sylvia','Warren','001-403-399-8413x97276','','','','','None/do not identify with a disability','False','','','','','','','','','OJXLGBQYJER','','','','','','None','','Home','False','2017-09-28','','','','','','','','','','','None','','','False','','','','','','','','','English','','','','','Nichols Ltd','Spanish','','Team Facilitator Lead','Sylvia','Those.','They/Them','','','','','','None','','','','False','False','False','False','False','False','False','Women L','','','','','','','','','','','','','None','','','','','','False','','False','','','','','','','','Narcolepsy Alert','In Training','False','False','','Board','','','','','sylvia-warren@example.com','s-warren@example.com','Home','Personal','Home','False','Home','','s_warren2005@example.net','001-617-362-5209','0.0','','','','','0.0','','0.0','','','','0.0','','','','0.0','0.0','0.0','0.0','0.0','0.0','0.0','0.0','0.0','0.0','0.0','','','','','','0.0','0.0','False','False','False','False','False','False','','','','','','','','','','','','0.0','','False','False','','','npsp__Address__c-17','');
INSERT INTO "Contact" VALUES('Contact-34','br+rocha1989@example.net','Rocha','Brandy','001-832-472-8633','','','','','','False','','','','','','','','','','','','','','','None','','Home','False','','','','','','','','','','','','None','','','False','','','','','','','','','English','','','','','','','','','Rocha','','','','','','','','None','','','','False','False','False','False','False','False','False','','','','','','','','','','','','','','None','','','','','','False','','False','','','','','','','','','None','False','False','','','','','','','b+rocha57@example.com','br+rocha1989@example.net','Home','Personal','Work','False','Home','','brandy+rocha@example.net','001-444-471-0763x5023','0.0','','','','','0.0','','0.0','','','','0.0','','','','0.0','0.0','0.0','0.0','0.0','0.0','0.0','0.0','0.0','0.0','0.0','','','','','','0.0','0.0','False','False','False','False','False','False','','','','','','','','','','','','0.0','','False','False','','','','');
INSERT INTO "Contact" VALUES('Contact-35','macurtis@example.net','Curtis','Mark','(284)697-0064x897','','','','','','False','','','','','','','','','','','','','','','None','','Home','False','','','','','','','','','','','','None','','','False','','','','','','','','','English','','','','','','','','','Curtis','','','','','','','','None','','','','False','False','False','False','False','False','False','','','','','','','','','','','','','','None','','','','','','False','','False','','','','','','','','','None','False','False','','','','','','','ma+curtis1945@example.org','macurtis@example.net','Home','Personal','Home','False','Home','','m.curtis2003@example.org','291-829-4467x14851','0.0','','','','','0.0','','0.0','','','','0.0','','','','0.0','0.0','0.0','0.0','0.0','0.0','0.0','0.0','0.0','0.0','0.0','','','','','','0.0','0.0','False','False','False','False','False','False','','','','','','','','','','','','0.0','','False','False','','','','');
INSERT INTO "Contact" VALUES('Contact-36','euray@example.net','Eugene','Ray','6665463446','','','','','Prefer to self-describe','False','','','','','None','','','','JONDGB59','','','','','Bed these fish building feeling recent.','Decertified','','Home','True','2004-05-18','','','','','','','','','','','None','','','False','','','','Case soldier attorney establish. Happy guy former himself specific become over director.','','Financial/Bookkeeping','Inactive','','Arabic','','','None','General info/Other','Costa and Sons','Spanish','','Client;Puppy Raiser','Eugene','Involve.','They/Them','','','','','','In Training','','','','False','False','False','False','False','False','False','Women L','','','','','','','','','','','','','None','','','','','','False','','True','','','','','','','','Mobility;Autism','None','False','False','','Active Projects- Academy','','','','','eu.ray5@example.org','euray@example.net','Home','Personal','Work','False','Work','','e.ray1962@example.net','001-654-940-6075x7273','0.0','1742.0','1986','2024-05-09','23398.0','0.0','2024-04-02','0.0','2024-02-27','Agree feeling figure expect story statement it. Goal conference authority myself impact.','Understand big picture whom. Four case possible task drug some.','0.0','2024-06-08','2024-07-01','Household__c.Informal_Greeting__c','0.0','0.0','0.0','0.0','0.0','0.0','0.0','0.0','0.0','0.0','0.0','51763.0','4910.0','65758.0','7361.0','All Individual Contacts','0.0','0.0','False','False','False','False','True','False','7656.0','2024-11-22','20835.0','2024-09-15','96227.0','','14904.0','49567.0','17029.0','76124.0','77.0','0.0','','False','False','','','npsp__Address__c-18','');
INSERT INTO "Contact" VALUES('Contact-37','ellen_benitez5@example.com','Ellen','Benitez','328-874-2576x4445','','','','','Mental health condition','False','','','','','Active','','','','OAZXGBYB','','','','','Well issue table few we.','Decertified','','Home','False','2007-04-10','','','','','','','','','','','None','','','False','','','','Tv either behavior detail left whose require simple. Travel say keep develop.','','Administration','None','','English','','','None','Sweet Snoopers Training Program','Crawford Inc','Vietnamese','','Volunteer;Client','Ellen','Hit.','She/Her','','','','','','None','','','','False','False','False','False','False','False','False','Unisex M','','','','','','','','','','','','','None','','','','','','False','','True','','','','','','','','Medical Incident Assist','None','False','False','','Operations- Financial','','','','','e+benitez7@example.org','ellen_benitez5@example.com','Home','Personal','Work','False','Other','','el_benitez54@example.org','623.598.6164x36704','0.0','68078.0','1988','2024-01-22','20749.0','0.0','2024-10-23','0.0','2024-08-08','Big activity must will describe.','Already tree board technology rule music miss. Modern accept high allow hear put.','0.0','2024-04-10','2024-04-01','Household__c.Formal_Greeting__c','0.0','0.0','0.0','0.0','0.0','0.0','0.0','0.0','0.0','0.0','0.0','98211.0','73047.0','17559.0','78612.0','All New or Edited Contacts','0.0','0.0','False','False','False','True','False','False','92638.0','2024-03-22','60417.0','2024-12-18','48227.0','','36261.0','91009.0','56739.0','99514.0','36147.0','0.0','','False','False','','','npsp__Address__c-19','');
INSERT INTO "Contact" VALUES('Contact-38','ka+forbes8@example.org','Kathleen','Forbes','+1-644-781-1354x849','','','','','Chronic medical illness','False','','','','','Inactive','','','','ESJNGBJ0C4G','','','','','Standard scientist in worker shake act.','None','','Home','True','2011-08-23','','','','','','','','','','','Initial Inquiry','','','False','','','','White scientist debate. Local trial recently. Fire fall issue three tonight option himself.','','Medical/Mental Health','Active','','English','','','Inactive','Trainer Certification','Daniel, Mccullough and Merritt','Vietnamese','','Team Facilitator Lead','Kathleen','Address.','He/Him','','','','','','None','','','','False','False','False','False','False','False','False','Women XS','','','','','','','','','','','','','None','','','','','','False','','True','','','','','','','','Mobility;Autism','None','False','False','','Board - READ ONLY','','','','','kforbes69@example.org','ka+forbes8@example.org','Home','Personal','Work','False','Other','','ka.forbes2003@example.net','+1-252-682-0897','0.0','64553.0','1970','2024-08-07','63760.0','0.0','2024-12-31','0.0','2024-11-14','Forget think our various west.','Area people thank good. All fight street happen.','0.0','2024-05-20','2024-03-24','Household__c.Name','0.0','0.0','0.0','0.0','0.0','0.0','0.0','0.0','0.0','0.0','0.0','32635.0','36180.0','95429.0','87938.0','All New or Edited Contacts','0.0','0.0','False','False','False','False','False','True','527.0','2024-03-06','75435.0','2024-09-29','73544.0','','71323.0','49590.0','97364.0','20933.0','72356.0','0.0','','False','False','','','npsp__Address__c-20','');
INSERT INTO "Contact" VALUES('Contact-39','c-preston0@example.org','Preston','Chloe','222.918.4323x06936','','','','','','False','','','','','','','','','','','','','','','None','','Home','False','','','','','','','','','','','','None','','','False','','','','','','','','','English','','','','','','','','','Preston','','','','','','','','None','','','','False','False','False','False','False','False','False','','','','','','','','','','','','','','None','','','','','','False','','False','','','','','','','','','None','False','False','','','','','','','chpreston@example.com','c-preston0@example.org','Home','Personal','Home','False','Home','','c_preston1980@example.org','713-214-7114','0.0','','','','','0.0','','0.0','','','','0.0','','','','0.0','0.0','0.0','0.0','0.0','0.0','0.0','0.0','0.0','0.0','0.0','','','','','','0.0','0.0','False','False','False','False','False','False','','','','','','','','','','','','0.0','','False','False','','','','');
INSERT INTO "Contact" VALUES('Contact-40','patrick-russo72@example.org','Russo','Patrick','(557)902-4562x66492','','','','','','False','','','','','','','','','','','','','','','None','','Home','False','','','','','','','','','','','','None','','','False','','','','','','','','','English','','','','','','','','','Russo','','','','','','','','None','','','','False','False','False','False','False','False','False','','','','','','','','','','','','','','None','','','','','','False','','False','','','','','','','','','None','False','False','','','','','','','patrick_russo82@example.com','patrick-russo72@example.org','Home','Personal','Other','False','Other','','patrickrusso@example.com','805-686-2312','0.0','','','','','0.0','','0.0','','','','0.0','','','','0.0','0.0','0.0','0.0','0.0','0.0','0.0','0.0','0.0','0.0','0.0','','','','','','0.0','0.0','False','False','False','False','False','False','','','','','','','','','','','','0.0','','False','False','','','','');
INSERT INTO "Contact" VALUES('Contact-41','shbeck8@example.com','Shannon','Beck','202-237-2765x09597','','','','','Intellectual disability','False','','','','','Active','','','','NRZQGBQLOIH','','','','','Local benefit poor play claim will.','None','','Home','False','2000-12-02','','','','','','','','','','','Certified-Active','','','False','','','','Part challenge upon stuff. One about wear author model on.','','Website development','Onboarding','','English','','','Inactive','Volunteering','Waller, Herring and Evans','Spanish;French','','Team Facilitator Lead','Shannon','Among one.','They/Them','','','','','','None','','','','False','False','False','False','False','False','False','Unisex S','','','','','','','','','','','','','None','','','','','','False','','True','','','','','','','','Hearing Alert','None','False','False','','Active Projects- Fund Development','','','','','shannon_beck1947@example.org','shbeck8@example.com','Home','Personal','Home','False','Home','','sh-beck49@example.net','851-649-2502','0.0','95569.0','1980','2024-08-26','21700.0','0.0','2024-12-11','0.0','2024-04-19','Leader enough gas she cold himself two risk. Option shake part voice. Join education bar PM black.','Everybody myself rest want. As now table owner rather three table choice.','0.0','2024-11-03','2024-05-01','Household__c.Name','0.0','0.0','0.0','0.0','0.0','0.0','0.0','0.0','0.0','0.0','0.0','56664.0','14298.0','6981.0','82957.0','No Contacts','0.0','0.0','False','False','False','False','False','True','93663.0','2024-03-17','74172.0','2024-03-09','21845.0','','86160.0','38578.0','66113.0','26562.0','43516.0','0.0','','False','False','','','npsp__Address__c-21','');
INSERT INTO "Contact" VALUES('Contact-42','n-hanna@example.com','Hanna','Neil','001-321-423-8483','','','','','','False','','','','','','','','','','','','','','','None','','Home','False','','','','','','','','','','','','None','','','False','','','','','','','','','English','','','','','','','','','Hanna','','','','','','','','None','','','','False','False','False','False','False','False','False','','','','','','','','','','','','','','None','','','','','','False','','False','','','','','','','','','None','False','False','','','','','','','n_hanna5@example.net','n-hanna@example.com','Home','Personal','Work','False','Other','','ne+hanna90@example.net','+1-384-561-0278x430','0.0','','','','','0.0','','0.0','','','','0.0','','','','0.0','0.0','0.0','0.0','0.0','0.0','0.0','0.0','0.0','0.0','0.0','','','','','','0.0','0.0','False','False','False','False','False','False','','','','','','','','','','','','0.0','','False','False','','','','');
INSERT INTO "Contact" VALUES('Contact-43','lindsey+russell1945@example.com','Russell','Lindsey','(232)240-4598x749','','','','','','False','','','','','','','','','','','','','','','None','','Home','False','','','','','','','','','','','','None','','','False','','','','','','','','','English','','','','','','','','','Russell','','','','','','','','None','','','','False','False','False','False','False','False','False','','','','','','','','','','','','','','None','','','','','','False','','False','','','','','','','','','None','False','False','','','','','','','lindsey_russell2@example.org','lindsey+russell1945@example.com','Home','Personal','Work','False','Work','','lindseyrussell9@example.com','913-215-6548','0.0','','','','','0.0','','0.0','','','','0.0','','','','0.0','0.0','0.0','0.0','0.0','0.0','0.0','0.0','0.0','0.0','0.0','','','','','','0.0','0.0','False','False','False','False','False','False','','','','','','','','','','','','0.0','','False','False','','','','');
INSERT INTO "Contact" VALUES('Contact-44','s.mendoza3@example.com','Stephanie','Mendoza','300.854.1468','','','','','Learning disability/cognitive processing disability','False','','','','','Inactive','','','','GUULGBVMX2Y','','','','','Such brother project go region.','None','','Alternate','False','2000-05-06','','','','','','','','','','','None','','','False','','','','Daughter up else less generation claim consider. Ask necessary least. Someone instead forward health account something second. Themselves business big discover give.','','Financial/Bookkeeping','None','','English','','','None','Trainer Certification','Mullen-Vang','French','','Trainer','Stephanie','Song.','Prefer not to answer','','','','','','None','','','','False','False','False','False','False','False','False','Men S','','','','','','','','','','','','','None','','','','','','False','','True','','','','','','','','Diabetes Alert','In Training','False','False','','Active Projects- Branding and Marketing','','','','','s.mendoza3@example.com','s-mendoza5@example.org','Home','Personal','Work','False','Other','','stephanie-mendoza@example.net','5572647217','0.0','35534.0','2018','2024-02-15','80596.0','0.0','2024-08-08','0.0','2024-12-08','Daughter deep like not treat. Guess accept day no me voice section.','Seven both unit. Newspaper system eat away theory. Dark son stock religious fine accept hear.','0.0','2024-02-09','2024-04-17','Household__c.Informal_Greeting__c','0.0','0.0','0.0','0.0','0.0','0.0','0.0','0.0','0.0','0.0','0.0','33342.0','59601.0','79669.0','53711.0','All Individual Contacts','0.0','0.0','False','False','False','False','True','False','27235.0','2024-02-03','35206.0','2024-05-16','97018.0','','22779.0','31471.0','24844.0','73903.0','47916.0','0.0','','False','False','','','npsp__Address__c-22','');
INSERT INTO "Contact" VALUES('Contact-45','an+lutz1967@example.com','Andres','Lutz','(896)801-2848x161','','','','','Prefer not to answer','False','','','','','None','','','','YARGGBKL','','','','','Resource will hold hospital thousand hard dog.','None','','Home','True','2010-10-15','','','','','','','','','','','Certified-Active','','','False','','','','Tell sport focus. Camera performance safe trouble.','','Sales','Initial Inquiry','','Vietnamese','','','None','Teams Set in Motion Program','Estrada LLC','English','','Volunteer;Team Facilitator','Andres','Record.','They/Them','','','','','','None','','','','False','False','False','False','False','False','False','Unisex M','','','','','','','','','','','','','None','','','','','','False','','True','','','','','','','','Medical Incident Assist','None','False','False','','Operations- Volunteer and Staff','','','','','an+lutz77@example.com','an+lutz1967@example.com','Home','Personal','Other','False','Home','','a_lutz86@example.org','739.746.4596','0.0','12564.0','2004','2024-04-13','12102.0','0.0','2024-06-13','0.0','2024-04-01','Player who size training sell. Later necessary show age.','Rich budget light light hundred operation news start. Art front type church.','0.0','2024-10-28','2024-07-21','Household__c.Name','0.0','0.0','0.0','0.0','0.0','0.0','0.0','0.0','0.0','0.0','0.0','82877.0','32389.0','96055.0','30399.0','All Individual Contacts','0.0','0.0','False','False','False','False','False','True','65227.0','2024-08-26','31421.0','2024-06-14','3533.0','','57634.0','6.0','34284.0','75500.0','45320.0','0.0','','False','False','','','npsp__Address__c-23','');
INSERT INTO "Contact" VALUES('Contact-46','gerald-cowan1954@example.org','Gerald','Cowan','001-256-891-4424x6259','','','','','Sensory processing disorder','False','','','','','Inactive','','','','IGFRGBQLZ9A','','','','','Knowledge admit wear change yet drop.','None','','Home','False','2005-06-26','','','','','','','','','','','None','','','False','','','','Happy question shoulder oil fill field bag health.','','Medical/Mental Health','Inactive','','English','','','None','Sweet Snoopers Training Program','Norris, Andrews and Wright','French','','Board Member','Gerald','Letter.','Prefer not to answer','','','','','','None','','','','False','False','False','False','False','False','False','Men L','','','','','','','','','','','','','None','','','','','','False','','False','','','','','','','','Mobility','None','False','False','','Sensitive Info- Volunteer and Staff','','','','','gecowan86@example.net','gerald-cowan1954@example.org','Home','Personal','Home','False','Other','','ge.cowan7@example.net','001-614-334-2593x8719','0.0','45435.0','1995','2025-01-11','85540.0','0.0','2024-07-09','0.0','2024-12-28','Various coach grow someone recently.','Ahead third power many peace as old. Toward past generation TV. Reach door technology just.','0.0','2025-01-11','2024-09-11','Household__c.Name','0.0','0.0','0.0','0.0','0.0','0.0','0.0','0.0','0.0','0.0','0.0','40630.0','86701.0','65350.0','44799.0','All New or Edited Contacts','0.0','0.0','False','False','False','False','False','True','68050.0','2024-11-04','54786.0','2024-10-13','11060.0','','41923.0','40209.0','81138.0','986.0','87654.0','0.0','','False','False','','','npsp__Address__c-24','');
INSERT INTO "Contact" VALUES('Contact-47','c+ashley7@example.net','Ashley','Chelsey','710-502-8793x81300','','','','','','False','','','','','','','','','','','','','','','None','','Home','False','','','','','','','','','','','','None','','','False','','','','','','','','','English','','','','','','','','','Ashley','','','','','','','','None','','','','False','False','False','False','False','False','False','','','','','','','','','','','','','','None','','','','','','False','','False','','','','','','','','','None','False','False','','','','','','','c-ashley04@example.com','c+ashley7@example.net','Home','Personal','Other','False','Home','','ch+ashley97@example.org','937-389-6240x168','0.0','','','','','0.0','','0.0','','','','0.0','','','','0.0','0.0','0.0','0.0','0.0','0.0','0.0','0.0','0.0','0.0','0.0','','','','','','0.0','0.0','False','False','False','False','False','False','','','','','','','','','','','','0.0','','False','False','','','','');
INSERT INTO "Contact" VALUES('Contact-48','sa-stanley05@example.net','Stanley','Sandra','357-983-1747x42068','','','','','','False','','','','','','','','','','','','','','','None','','Home','False','','','','','','','','','','','','None','','','False','','','','','','','','','English','','','','','','','','','Stanley','','','','','','','','None','','','','False','False','False','False','False','False','False','','','','','','','','','','','','','','None','','','','','','False','','False','','','','','','','','','None','False','False','','','','','','','s_stanley06@example.com','sa-stanley05@example.net','Home','Personal','Work','False','Other','','sa-stanley59@example.com','+1-289-885-2785','0.0','','','','','0.0','','0.0','','','','0.0','','','','0.0','0.0','0.0','0.0','0.0','0.0','0.0','0.0','0.0','0.0','0.0','','','','','','0.0','0.0','False','False','False','False','False','False','','','','','','','','','','','','0.0','','False','False','','','','');
INSERT INTO "Contact" VALUES('Contact-49','l+horton2@example.org','Laurie','Horton','001-612-950-5380x8833','','','','','None/do not identify with a disability','False','','','','','Active','','','','SQSKGBKK4YB','','','','','Design quickly chair hot expect address.','None','','Alternate','False','2001-01-20','','','','','','','','','','','None','','','False','','','','Company employee suggest person dream try since. Director traditional group society.','','SEO','Active','','English','','','None','Client Certification','Lowery LLC','American Sign Language','','Donor','Laurie','Letter.','Specify','','','','','','None','','','','False','False','False','False','False','False','False','Unisex XS','','','','','','','','','','','','','None','','','','','','False','','True','','','','','','','','Mobility','None','False','False','','Sensitive Info- Volunteer and Staff','','','','','l+horton2@example.org','l_horton62@example.org','Home','Personal','Other','False','Home','','laurie.horton1956@example.org','(476)975-6260x06050','0.0','33615.0','2011','2024-02-10','6544.0','0.0','2024-10-30','0.0','2024-07-14','Until shake man group. Record painting season course.','Series oil detail whether out all general. Common may nothing. Include various radio decide tax.','0.0','2025-01-02','2024-02-21','Household__c.Name','0.0','0.0','0.0','0.0','0.0','0.0','0.0','0.0','0.0','0.0','0.0','11923.0','99136.0','55251.0','1490.0','All New or Edited Contacts','0.0','0.0','False','False','False','False','False','True','69282.0','2024-05-07','82105.0','2024-02-17','29908.0','','70719.0','79093.0','75563.0','76709.0','64191.0','0.0','','False','False','','','npsp__Address__c-25','');
INSERT INTO "Contact" VALUES('Contact-50','er+solis@example.net','Erin','Solis','+1-241-894-9696x771','','','','','Prefer not to answer','False','','','','','Active','','','','YVYMGB1N203','','Toby','','','Drug week support short.','','','Home','True','2004-06-04','','','','','','','','','','','None','','','False','','','','Few final her present. Suffer each security present inside one lot. Without strategy site finally.','','Graphic Design','Initial Inquiry','','Russian','','','None','Team Facilitator Certification','Krause, Cooke and Cummings','Spanish','','Volunteer;Trainer','Erin','Stand.','He/Him','','','','','','None','','','','False','False','False','False','False','False','False','Women XXL','','','','','','','','','','','','','None','','','','','','False','','True','','','','','','','','Medical Incident Assist','Inactive','False','False','','Board','','','','','erin+solis1968@example.net','er+solis@example.net','Home','Personal','Home','False','Work','','e_solis@example.com','001-477-345-3737x13520','0.0','4317.0','2001','2024-02-18','68620.0','0.0','2024-12-04','0.0','2024-04-22','Yes certain religious. Maintain actually property enter. Page themselves door listen soon.','Civil sport piece region might health. Meet see difficult difficult.','0.0','2024-10-31','2024-11-29','Household__c.Formal_Greeting__c','0.0','0.0','0.0','0.0','0.0','0.0','0.0','0.0','0.0','0.0','0.0','47532.0','36514.0','57877.0','16900.0','All New or Edited Contacts','0.0','0.0','False','False','False','True','False','False','68512.0','2024-11-14','48238.0','2024-02-04','98567.0','','26995.0','67814.0','67034.0','62910.0','240.0','0.0','','False','False','','','npsp__Address__c-26','');
INSERT INTO "Contact" VALUES('Contact-51','pa+mcgrath7@example.org','Mcgrath','Pamela','455-410-9589','','','','','','False','','','','','','','','','','','','','','','None','','Home','False','','','','','','','','','','','','None','','','False','','','','','','','','','English','','','','','','','','','Mcgrath','','','','','','','','None','','','','False','False','False','False','False','False','False','','','','','','','','','','','','','','None','','','','','','False','','False','','','','','','','','','None','False','False','','','','','','','pamela-mcgrath1946@example.com','pa+mcgrath7@example.org','Home','Personal','Work','False','Work','','pamelamcgrath1977@example.net','305-892-9158x83255','0.0','','','','','0.0','','0.0','','','','0.0','','','','0.0','0.0','0.0','0.0','0.0','0.0','0.0','0.0','0.0','0.0','0.0','','','','','','0.0','0.0','False','False','False','False','False','False','','','','','','','','','','','','0.0','','False','False','','','','');
INSERT INTO "Contact" VALUES('Contact-52','kablackwell1@example.com','Blackwell','Kayla','(252)515-3134x1236','','','','','','False','','','','','','','','','','','','','','','None','','Home','False','','','','','','','','','','','','None','','','False','','','','','','','','','English','','','','','','','','','Blackwell','','','','','','','','None','','','','False','False','False','False','False','False','False','','','','','','','','','','','','','','None','','','','','','False','','False','','','','','','','','','None','False','False','','','','','','','kayla-blackwell63@example.com','kablackwell1@example.com','Home','Personal','Home','False','Work','','kablackwell1997@example.org','672-596-1455x78084','0.0','','','','','0.0','','0.0','','','','0.0','','','','0.0','0.0','0.0','0.0','0.0','0.0','0.0','0.0','0.0','0.0','0.0','','','','','','0.0','0.0','False','False','False','False','False','False','','','','','','','','','','','','0.0','','False','False','','','','');
INSERT INTO "Contact" VALUES('Contact-53','c_boyd@example.org','Courtney','Boyd','690-382-8190','','','','','Mental health condition','False','','','','','Initial Inquiry','','','','VBVTGB4L','','','','','Strategy threat hold leg loss sell single cover.','None','','Home','False','2011-02-04','','','','','','','','','','','None','','','False','','','','Phone within always save reach window them. Can final figure. Take character party major month ground billion.','','Technology/Infrastructure','Initial Inquiry','','English','','','None','Assistance Dogs Set in Motion Program','Glenn, Hudson and Leach','Arabic','','Board Member','Courtney','Six agent.','She/Her','','','','','','None','','','','False','False','False','False','False','False','False','Child L','','','','','','','','','','','','','None','','','','','','False','','False','','','','','','','','Seizure Response','None','False','False','','Active Projects- Scholarships','','','','','courtneyboyd1962@example.net','c_boyd@example.org','Home','Personal','Work','False','Work','','c_boyd@example.net','947-440-9344','0.0','69595.0','1987','2024-07-22','37531.0','0.0','2024-05-17','0.0','2024-04-04','Onto rest community put will. Despite Congress also. Sea process she me serve entire.','Project forget a health operation world cup. Lay alone card stuff would bed.','0.0','2024-01-28','2024-02-10','Household__c.Informal_Greeting__c','0.0','0.0','0.0','0.0','0.0','0.0','0.0','0.0','0.0','0.0','0.0','1041.0','98991.0','41315.0','98758.0','No Contacts','0.0','0.0','False','False','False','False','True','False','40851.0','2024-03-26','8849.0','2024-10-26','39722.0','','21172.0','77872.0','15775.0','56822.0','84178.0','0.0','','False','False','','','npsp__Address__c-27','');
INSERT INTO "Contact" VALUES('Contact-54','brandonsellers@example.net','Sellers','Brandon','(868)233-5238x112','','','','','','False','','','','','','','','','','','','','','','None','','Home','False','','','','','','','','','','','','None','','','False','','','','','','','','','English','','','','','','','','','Sellers','','','','','','','','None','','','','False','False','False','False','False','False','False','','','','','','','','','','','','','','None','','','','','','False','','False','','','','','','','','','None','False','False','','','','','','','brandonsellers63@example.com','brandonsellers@example.net','Home','Personal','Home','False','Work','','b-sellers2001@example.org','615-569-9230x6608','0.0','','','','','0.0','','0.0','','','','0.0','','','','0.0','0.0','0.0','0.0','0.0','0.0','0.0','0.0','0.0','0.0','0.0','','','','','','0.0','0.0','False','False','False','False','False','False','','','','','','','','','','','','0.0','','False','False','','','','');
INSERT INTO "Contact" VALUES('Contact-55','norman.hanna1995@example.com','Hanna','Norman','+1-309-339-3951x27030','','','','','','False','','','','','','','','','','','','','','','None','','Home','False','','','','','','','','','','','','None','','','False','','','','','','','','','English','','','','','','','','','Hanna','','','','','','','','None','','','','False','False','False','False','False','False','False','','','','','','','','','','','','','','None','','','','','','False','','False','','','','','','','','','None','False','False','','','','','','','no_hanna@example.org','norman.hanna1995@example.com','Home','Personal','Other','False','Home','','n.hanna96@example.org','801-853-4746','0.0','','','','','0.0','','0.0','','','','0.0','','','','0.0','0.0','0.0','0.0','0.0','0.0','0.0','0.0','0.0','0.0','0.0','','','','','','0.0','0.0','False','False','False','False','False','False','','','','','','','','','','','','0.0','','False','False','','','','');
INSERT INTO "Contact" VALUES('Contact-56','frank.huang81@example.org','Frank','Huang','001-687-678-0547x3039','','','','','Learning disability/cognitive processing disability','False','','','','','','','','','DTWWGB1K','','','','','','None','','Home','False','2010-01-13','','','','','','','','','','','None','','','False','','','','','','','','','English','','','','','Duran, Guerra and Gilbert','Portuguese','','Volunteer','Frank','Market.','She/Her','','','','','','None','','','','False','False','False','False','False','False','False','Women L','','','','','','','','','','','','','None','','','','','','False','','True','','','','','','','','Psychiatric','Initial Inquiry','False','False','','Sensitive Info- Trainer','','','','','frank_huang15@example.org','frank.huang81@example.org','Home','Personal','Home','False','Work','','frank+huang@example.org','+1-437-661-3629x090','0.0','','','','','0.0','','0.0','','','','0.0','','','','0.0','0.0','0.0','0.0','0.0','0.0','0.0','0.0','0.0','0.0','0.0','','','','','','0.0','0.0','False','False','False','False','False','False','','','','','','','','','','','','0.0','','False','False','','','npsp__Address__c-28','');
INSERT INTO "Contact" VALUES('Contact-57','caeverett69@example.com','Everett','Cameron','360.296.4197x23115','','','','','','False','','','','','','','','','','','','','','','None','','Home','False','','','','','','','','','','','','None','','','False','','','','','','','','','English','','','','','','','','','Everett','','','','','','','','None','','','','False','False','False','False','False','False','False','','','','','','','','','','','','','','None','','','','','','False','','False','','','','','','','','','None','False','False','','','','','','','c+everett2012@example.com','caeverett69@example.com','Home','Personal','Home','False','Other','','c-everett57@example.net','001-483-555-6885x536','0.0','','','','','0.0','','0.0','','','','0.0','','','','0.0','0.0','0.0','0.0','0.0','0.0','0.0','0.0','0.0','0.0','0.0','','','','','','0.0','0.0','False','False','False','False','False','False','','','','','','','','','','','','0.0','','False','False','','','','');
INSERT INTO "Contact" VALUES('Contact-58','tasha-brown95@example.net','Brown','Tasha','(234)603-6686x364','','','','','','False','','','','','','','','','','','','','','','None','','Home','False','','','','','','','','','','','','None','','','False','','','','','','','','','English','','','','','','','','','Brown','','','','','','','','None','','','','False','False','False','False','False','False','False','','','','','','','','','','','','','','None','','','','','','False','','False','','','','','','','','','None','False','False','','','','','','','tbrown7@example.net','tasha-brown95@example.net','Home','Personal','Home','False','Home','','ta-brown1991@example.net','316.206.3121x014','0.0','','','','','0.0','','0.0','','','','0.0','','','','0.0','0.0','0.0','0.0','0.0','0.0','0.0','0.0','0.0','0.0','0.0','','','','','','0.0','0.0','False','False','False','False','False','False','','','','','','','','','','','','0.0','','False','False','','','','');
INSERT INTO "Contact" VALUES('Contact-59','jhouston8@example.com','Jeff','Houston','001-999-311-4806x539','','','','','Deaf/Hard of hearing','False','','','','','Active','','','','IGMJGBDMEF4','','','','','Voice be local again charge remember behavior.','None','','Guardian','False','2001-03-22','','','','','','','','','','','None','','','False','','','','Near talk main trial. Two allow pull single watch former. Want old during place open activity.','','Social Media','Initial Inquiry','','English','','','None','Teams Set in Motion Program','Shea-Melendez','Vietnamese','','Puppy Raiser','Jeff','Turn.','He/Him','','','','','','Inactive','','','','False','False','False','False','False','False','False','Men L','','','','','','','','','','','','','None','','','','','','False','','True','','','','','','','','Mobility','None','False','False','','Operations- Volunteer and Staff','','','','','jehouston2@example.com','jhouston8@example.com','Home','Personal','Other','False','Work','','je_houston66@example.com','821-831-5455x0717','0.0','82193.0','1976','2024-09-08','71984.0','0.0','2024-12-06','0.0','2024-08-18','Pressure matter clear social concern whatever coach.','Smile police concern win agent low type.','0.0','2024-07-15','2024-11-15','Household__c.Informal_Greeting__c','0.0','0.0','0.0','0.0','0.0','0.0','0.0','0.0','0.0','0.0','0.0','92885.0','2258.0','36836.0','43416.0','All New or Edited Contacts','0.0','0.0','False','False','False','False','True','False','65456.0','2024-11-04','86393.0','2024-07-06','45375.0','','37354.0','35379.0','80754.0','52225.0','14561.0','0.0','','False','False','','','npsp__Address__c-29','');
INSERT INTO "Contact" VALUES('Contact-60','a_bautista7@example.com','Albert','Bautista','(778)852-1580x4070','','','','','Chronic medical illness','False','','','','','None','','','','GYNYGBOR','','','','','Their thought cell when information.','None','','Home','True','2020-08-15','','','','','','','','','','','Suspended','','','False','','','','Quite case young police fire next number. Pass police old deep herself. Sister market up play life.','','Medical/Mental Health','Onboarding','','English','','','Active','General info/Other','Villegas, Mann and Duran','Spanish','','Team Facilitator Lead','Albert','Peace.','They/Them','','','','','','None','','','','False','False','False','False','False','False','False','Unisex XL','','','','','','','','','','','','','None','','','','','','False','','True','','','','','','','','Psychiatric','None','False','False','','Active Projects- Academy','','','','','al.bautista6@example.com','a_bautista7@example.com','Home','Personal','Other','False','Work','','al+bautista1952@example.net','+1-996-652-4666x0771','0.0','95723.0','2005','2024-02-14','69265.0','0.0','2024-08-27','0.0','2024-06-24','Church pattern cover firm. Low reduce fear pattern meet. Pass past truth if sound.','Field recognize animal above seem before. Industry reach table.','0.0','2024-06-02','2025-01-05','Household__c.Name','0.0','0.0','0.0','0.0','0.0','0.0','0.0','0.0','0.0','0.0','0.0','28469.0','62471.0','57590.0','13611.0','All New or Edited Contacts','0.0','0.0','False','False','False','False','False','True','63084.0','2024-11-28','68188.0','2024-11-19','2881.0','','32434.0','82976.0','83207.0','74670.0','97942.0','0.0','','False','False','','','npsp__Address__c-30','');
INSERT INTO "Contact" VALUES('Contact-61','sodom1993@example.net','Sean','Odom','769.880.4371x91636','','','','','None/do not identify with a disability','False','','','','','Active','','','','RJXZGBG3','','','','','Standard also director positive writer.','Initial Inquiry','','Home','True','2002-11-13','','','','','','','','','','','None','','','False','','','','Beyond fast hospital offer close very. Red talk thing college information investment.','','Website development','Initial Inquiry','','English','','','None','Client Certification','Owens-Buchanan','Spanish','','Client;Puppy Raiser','Sean','Suffer.','Prefer not to answer','','','','','','Certified-Active','','','','False','False','False','False','False','False','False','Child L','','','','','','','','','','','','','None','','','','','','False','','True','','','','','','','','Autism','None','False','False','','Active Projects- Academy','','','','','se.odom4@example.net','sodom1993@example.net','Home','Personal','Other','False','Other','','se.odom1971@example.org','(298)392-5661','0.0','31016.0','1979','2024-11-14','93183.0','0.0','2024-06-08','0.0','2024-08-27','Pm work drive. Ball black capital concern. Wide dark blood yet follow story recently arrive.','Allow wind despite. Prevent officer consumer skin but. Nature run wrong.','0.0','2024-11-01','2024-09-14','Household__c.Formal_Greeting__c','0.0','0.0','0.0','0.0','0.0','0.0','0.0','0.0','0.0','0.0','0.0','91954.0','13778.0','63372.0','74922.0','All Individual Contacts','0.0','0.0','False','False','False','True','False','False','24783.0','2024-02-03','16002.0','2024-07-03','38855.0','','34572.0','92234.0','74276.0','5259.0','53180.0','0.0','','False','False','','','npsp__Address__c-31','');
INSERT INTO "Contact" VALUES('Contact-62','mi-barajas1967@example.net','Barajas','Mikayla','370.301.9615x6950','','','','','','False','','','','','','','','','','','','','','','None','','Home','False','','','','','','','','','','','','None','','','False','','','','','','','','','English','','','','','','','','','Barajas','','','','','','','','None','','','','False','False','False','False','False','False','False','','','','','','','','','','','','','','None','','','','','','False','','False','','','','','','','','','None','False','False','','','','','','','mi-barajas@example.org','mi-barajas1967@example.net','Home','Personal','Other','False','Work','','mikaylabarajas@example.org','(290)942-6897x45146','0.0','','','','','0.0','','0.0','','','','0.0','','','','0.0','0.0','0.0','0.0','0.0','0.0','0.0','0.0','0.0','0.0','0.0','','','','','','0.0','0.0','False','False','False','False','False','False','','','','','','','','','','','','0.0','','False','False','','','','');
INSERT INTO "Contact" VALUES('Contact-63','ma+castaneda@example.com','Castaneda','Madeline','294-902-4483x1944','','','','','','False','','','','','','','','','','','','','','','None','','Home','False','','','','','','','','','','','','None','','','False','','','','','','','','','English','','','','','','','','','Castaneda','','','','','','','','None','','','','False','False','False','False','False','False','False','','','','','','','','','','','','','','None','','','','','','False','','False','','','','','','','','','None','False','False','','','','','','','madeline.castaneda1962@example.com','ma+castaneda@example.com','Home','Personal','Other','False','Home','','ma_castaneda3@example.org','(759)802-8846x06567','0.0','','','','','0.0','','0.0','','','','0.0','','','','0.0','0.0','0.0','0.0','0.0','0.0','0.0','0.0','0.0','0.0','0.0','','','','','','0.0','0.0','False','False','False','False','False','False','','','','','','','','','','','','0.0','','False','False','','','','');
INSERT INTO "Contact" VALUES('Contact-64','dominique.hines1955@example.net','Dominique','Hines','812.914.8397x769','','','','','Blind/Low vision','False','','','','','Onboarding','','','','PLQBGB38','','','','','Father up drive they.','None','','Home','False','2001-08-02','','','','','','','','','','','None','','','False','','','','Just democratic book range exactly later. Bring those system sure trouble leave section plant. Provide citizen between democratic.','','Sales','Onboarding','','German','','','None','Teams Set in Motion Program','Pham-Holloway','Spanish','','Board Member','Dominique','He threat.','She/Her','','','','','','None','','','','False','False','False','False','False','False','False','Unisex XXL','','','','','','','','','','','','','None','','','','','','False','','False','','','','','','','','Seizure Response','None','False','False','','Active Projects- Dog Availability','','','','','dominique+hines73@example.com','dominique.hines1955@example.net','Home','Personal','Work','False','Home','','dhines94@example.org','510.435.2739x34987','0.0','87607.0','2013','2024-01-31','338.0','0.0','2024-08-07','0.0','2024-01-25','Relate create field cover tough president.','Better show suggest cold issue simple. Front today word successful beautiful actually sea.','0.0','2024-12-29','2024-07-05','Household__c.Name','0.0','0.0','0.0','0.0','0.0','0.0','0.0','0.0','0.0','0.0','0.0','46735.0','78756.0','64656.0','15481.0','All New or Edited Contacts','0.0','0.0','False','False','False','False','False','True','69029.0','2024-07-11','18028.0','2024-12-04','80396.0','','43876.0','49744.0','2325.0','57797.0','99397.0','0.0','','False','False','','','npsp__Address__c-32','');
INSERT INTO "Contact" VALUES('Contact-65','je-mckenzie1959@example.net','Jennifer','Mckenzie','+1-461-649-9380x979','','','','','None/do not identify with a disability','False','','','','','Onboarding','','','','NYPQGBYFHOK','','','','','Simply president job scene job whom.','None','','Home','False','2013-12-01','','','','','','','','','','','Suspended','','','False','','','','According production second.','','Nonprofit Leadership','None','','English','','','Active','Assistance Dogs Set in Motion Program','Alvarez, Koch and Mcintyre','German','','Team Facilitator Lead','Jennifer','Son guess.','They/Them','','','','','','None','','','','False','False','False','False','False','False','False','Unisex L','','','','','','','','','','','','','None','','','','','','False','','True','','','','','','','','Autism','None','False','False','','Active Projects- Client Certification','','','','','jennifer_mckenzie84@example.com','je-mckenzie1959@example.net','Home','Personal','Other','False','Other','','jmckenzie63@example.com','(370)505-4383x2166','0.0','73290.0','1981','2024-06-20','46575.0','0.0','2024-01-26','0.0','2024-06-26','True can already young we. Between allow science cause feeling.','Piece seat picture threat under. Step down country service assume second. Boy factor but compare.','0.0','2024-11-25','2024-09-15','Household__c.Informal_Greeting__c','0.0','0.0','0.0','0.0','0.0','0.0','0.0','0.0','0.0','0.0','0.0','69926.0','6929.0','24599.0','77070.0','All Individual Contacts','0.0','0.0','False','False','False','False','True','False','84870.0','2025-01-08','96742.0','2024-08-30','81111.0','','15302.0','34363.0','46711.0','84961.0','7256.0','0.0','','False','False','','','npsp__Address__c-33','');
INSERT INTO "Contact" VALUES('Contact-66','j_jones64@example.net','Jones','Joanne','682-384-6024x82610','','','','','','False','','','','','','','','','','','','','','','None','','Home','False','','','','','','','','','','','','None','','','False','','','','','','','','','English','','','','','','','','','Jones','','','','','','','','None','','','','False','False','False','False','False','False','False','','','','','','','','','','','','','','None','','','','','','False','','False','','','','','','','','','None','False','False','','','','','','','jojones@example.org','j_jones64@example.net','Home','Personal','Home','False','Home','','joanne-jones@example.net','(290)644-7004x601','0.0','','','','','0.0','','0.0','','','','0.0','','','','0.0','0.0','0.0','0.0','0.0','0.0','0.0','0.0','0.0','0.0','0.0','','','','','','0.0','0.0','False','False','False','False','False','False','','','','','','','','','','','','0.0','','False','False','','','','');
INSERT INTO "Contact" VALUES('Contact-67','carly.melton1@example.org','Melton','Carly','001-289-204-7351','','','','','','False','','','','','','','','','','','','','','','None','','Home','False','','','','','','','','','','','','None','','','False','','','','','','','','','English','','','','','','','','','Melton','','','','','','','','None','','','','False','False','False','False','False','False','False','','','','','','','','','','','','','','None','','','','','','False','','False','','','','','','','','','None','False','False','','','','','','','carly-melton61@example.com','carly.melton1@example.org','Home','Personal','Home','False','Home','','ca_melton2@example.org','001-715-501-2451x644','0.0','','','','','0.0','','0.0','','','','0.0','','','','0.0','0.0','0.0','0.0','0.0','0.0','0.0','0.0','0.0','0.0','0.0','','','','','','0.0','0.0','False','False','False','False','False','False','','','','','','','','','','','','0.0','','False','False','','','','');
INSERT INTO "Contact" VALUES('Contact-68','derek_mccall1952@example.com','Derek','Mccall','001-886-907-0012','','','','','Prefer to self-describe','False','','','','','Initial Inquiry','','','','HLMNGB6E','','','','','Four fund indeed program.','None','','Home','False','2011-02-23','','','','','','','','','','','Suspended','','','False','','','','Wide enjoy figure heart. Minute enjoy still whose. Experience product enough in.','','Social Media','Inactive','','English','','','None','Team Facilitator Certification','Carroll, Burch and Perez','Spanish','','Volunteer;Team Facilitator','Derek','Research.','They/Them','','','','','','None','','','','False','False','False','False','False','False','False','Women XL','','','','','','','','','','','','','None','','','','','','False','','False','','','','','','','','Diabetes Alert','None','False','False','','Active Projects- Fund Development','','','','','de+mccall@example.com','derek_mccall1952@example.com','Home','Personal','Other','False','Other','','demccall2@example.net','+1-264-667-9241x334','0.0','66581.0','2018','2024-11-12','82832.0','0.0','2024-12-19','0.0','2024-04-23','Imagine spring arrive employee could. More discover heavy community.','Beautiful fish test whatever chair. Board six action. Memory buy compare.','0.0','2024-03-08','2024-02-19','Household__c.Formal_Greeting__c','0.0','0.0','0.0','0.0','0.0','0.0','0.0','0.0','0.0','0.0','0.0','41815.0','74648.0','52976.0','79873.0','All New or Edited Contacts','0.0','0.0','False','False','False','True','False','False','51548.0','2024-03-03','81343.0','2024-03-21','37660.0','','85648.0','54452.0','88274.0','53266.0','52163.0','0.0','','False','False','','','npsp__Address__c-34','');
INSERT INTO "Contact" VALUES('Contact-69','georgeweeks6@example.net','Weeks','George','643.692.6130x48602','','','','','','False','','','','','','','','','','','','','','','None','','Home','False','','','','','','','','','','','','None','','','False','','','','','','','','','English','','','','','','','','','Weeks','','','','','','','','None','','','','False','False','False','False','False','False','False','','','','','','','','','','','','','','None','','','','','','False','','False','','','','','','','','','None','False','False','','','','','','','ge-weeks1997@example.net','georgeweeks6@example.net','Home','Personal','Work','False','Home','','g-weeks3@example.com','+1-944-812-7862','0.0','','','','','0.0','','0.0','','','','0.0','','','','0.0','0.0','0.0','0.0','0.0','0.0','0.0','0.0','0.0','0.0','0.0','','','','','','0.0','0.0','False','False','False','False','False','False','','','','','','','','','','','','0.0','','False','False','','','','');
INSERT INTO "Contact" VALUES('Contact-70','j.ryan06@example.com','Ryan','Jamie','566.517.1042x039','','','','','','False','','','','','','','','','','','','','','','None','','Home','False','','','','','','','','','','','','None','','','False','','','','','','','','','English','','','','','','','','','Ryan','','','','','','','','None','','','','False','False','False','False','False','False','False','','','','','','','','','','','','','','None','','','','','','False','','False','','','','','','','','','None','False','False','','','','','','','j-ryan71@example.org','j.ryan06@example.com','Home','Personal','Other','False','Other','','jamie_ryan57@example.net','001-400-888-7204x2614','0.0','','','','','0.0','','0.0','','','','0.0','','','','0.0','0.0','0.0','0.0','0.0','0.0','0.0','0.0','0.0','0.0','0.0','','','','','','0.0','0.0','False','False','False','False','False','False','','','','','','','','','','','','0.0','','False','False','','','','');
INSERT INTO "Contact" VALUES('Contact-71','su-dorsey1997@example.com','Suzanne','Dorsey','901.904.1488x85798','','','','','Learning disability/cognitive processing disability','False','','','','','Initial Inquiry','','','','OCHMGBTS','','','','','Even source condition listen want scene.','In ADSiM','','Home','False','2024-08-29','','','','','','','','','','','None','','','False','','','','Sound research mind process throw government group leave. Where notice ball no radio situation thank. Note country majority wife.','','Photography/Videography','Initial Inquiry','','English','','','None','Sponsorship/Donations','Callahan LLC','French','','Client;Puppy Raiser','Suzanne','Necessary.','Prefer not to answer','','','','','','Discontinued','','','','False','False','False','False','False','False','False','Child S','','','','','','','','','','','','','None','','','','','','False','','False','','','','','','','','Psychiatric;Autism','None','False','False','','Active Projects- Dog Availability','','','','','suzanne_dorsey3@example.net','su-dorsey1997@example.com','Home','Personal','Work','False','Work','','suzannedorsey5@example.net','+1-390-943-1802x03607','0.0','51687.0','2010','2024-12-27','9005.0','0.0','2024-08-07','0.0','2024-02-15','Particular reveal true age least.','Whether out listen from control. Its common like walk instead manage. Finally four who center.','0.0','2024-11-22','2024-11-17','Household__c.Informal_Greeting__c','0.0','0.0','0.0','0.0','0.0','0.0','0.0','0.0','0.0','0.0','0.0','34291.0','79817.0','86077.0','25776.0','All Individual Contacts','0.0','0.0','False','False','False','False','True','False','31933.0','2024-08-07','89040.0','2024-04-06','84746.0','','40200.0','26118.0','6677.0','29791.0','18355.0','0.0','','False','False','','','npsp__Address__c-35','');
INSERT INTO "Contact" VALUES('Contact-72','ivan+benitez7@example.net','Benitez','Ivan','898-240-4863x6336','','','','','','False','','','','','','','','','','','','','','','None','','Home','False','','','','','','','','','','','','None','','','False','','','','','','','','','English','','','','','','','','','Benitez','','','','','','','','None','','','','False','False','False','False','False','False','False','','','','','','','','','','','','','','None','','','','','','False','','False','','','','','','','','','None','False','False','','','','','','','iv_benitez62@example.net','ivan+benitez7@example.net','Home','Personal','Other','False','Home','','i+benitez6@example.com','207-503-1332x74856','0.0','','','','','0.0','','0.0','','','','0.0','','','','0.0','0.0','0.0','0.0','0.0','0.0','0.0','0.0','0.0','0.0','0.0','','','','','','0.0','0.0','False','False','False','False','False','False','','','','','','','','','','','','0.0','','False','False','','','','');
INSERT INTO "Contact" VALUES('Contact-73','k-collins@example.net','Collins','Kelli','736.772.6973x506','','','','','','False','','','','','','','','','','','','','','','None','','Home','False','','','','','','','','','','','','None','','','False','','','','','','','','','English','','','','','','','','','Collins','','','','','','','','None','','','','False','False','False','False','False','False','False','','','','','','','','','','','','','','None','','','','','','False','','False','','','','','','','','','None','False','False','','','','','','','kecollins@example.net','k-collins@example.net','Home','Personal','Work','False','Work','','k_collins@example.com','564-938-3405','0.0','','','','','0.0','','0.0','','','','0.0','','','','0.0','0.0','0.0','0.0','0.0','0.0','0.0','0.0','0.0','0.0','0.0','','','','','','0.0','0.0','False','False','False','False','False','False','','','','','','','','','','','','0.0','','False','False','','','','');
INSERT INTO "Contact" VALUES('Contact-74','do-allison1956@example.org','Dominique','Allison','001-629-296-9390x5289','','','','','Deaf/Hard of hearing','False','','','','','Inactive','','','','KUMVGBNTYBH','','','','','Onto order purpose seem.','Onboarding','','Home','True','2010-11-09','','','','','','','','','','','None','','','False','','','','Officer region magazine may born plan. Could smile trip gun task.','','Project/Program Management','Inactive','','English','','','None','Client Certification','Flowers and Sons','Spanish','','Client','Dominique','Amount.','Specify','','','','','','None','','','','False','False','False','False','False','False','False','Men XS','','','','','','','','','','','','','None','','','','','','False','','True','','','','','','','','Psychiatric','None','False','False','','Active Projects- ADI','','','','','d.allison@example.org','do-allison1956@example.org','Home','Personal','Work','False','Home','','doallison1@example.net','6093309884','0.0','63788.0','1991','2024-05-12','42543.0','0.0','2024-09-28','0.0','2024-07-31','Local TV age establish upon. First police behind.','Note analysis east base best result report. Stand hit less piece. Simple ahead understand.','0.0','2024-06-24','2024-03-06','Household__c.Formal_Greeting__c','0.0','0.0','0.0','0.0','0.0','0.0','0.0','0.0','0.0','0.0','0.0','86934.0','95179.0','76660.0','18015.0','No Contacts','0.0','0.0','False','False','False','True','False','False','66021.0','2024-05-08','34161.0','2024-11-10','70571.0','','83304.0','43727.0','15848.0','74316.0','88567.0','0.0','','False','False','','','npsp__Address__c-36','');
INSERT INTO "Contact" VALUES('Contact-75','vickiestewart2009@example.org','Vickie','Stewart','001-268-565-6221x5591','','','','','Prefer not to answer','False','','','','','Initial Inquiry','','','','RCOTGB2EG4O','','','','','Speak unit understand thought trip dog.','In Training','','Guardian','False','2008-07-15','','','','','','','','','','','None','','','False','','','','War tree several pull girl. Wish film listen join level pretty join night.','','Disability Advocacy','Inactive','','English','','','None','General info/Other','Holder PLC','Russian','','Client;Puppy Raiser','Vickie','Wonder.','They/Them','','','','','','In Training','','','','False','False','False','False','False','False','False','Unisex XXL','','','','','','','','','','','','','None','','','','','','False','','False','','','','','','','','Mobility;Autism','None','False','False','','Active Projects- Scholarships','','','','','vi-stewart1989@example.com','vickiestewart2009@example.org','Home','Personal','Home','False','Home','','vickie_stewart6@example.org','+1-204-542-7274x3717','0.0','15462.0','1976','2024-09-03','96531.0','0.0','2024-07-26','0.0','2024-10-30','Science long stuff traditional guess game. Early until hair level.','Condition with fill reality control ask. Challenge language national through cost.','0.0','2024-01-21','2024-02-27','Household__c.Informal_Greeting__c','0.0','0.0','0.0','0.0','0.0','0.0','0.0','0.0','0.0','0.0','0.0','75887.0','27398.0','67328.0','63767.0','No Contacts','0.0','0.0','False','False','False','False','True','False','86743.0','2024-10-23','67162.0','2024-03-06','60674.0','','19377.0','87375.0','4087.0','17851.0','83930.0','0.0','','False','False','','','npsp__Address__c-37','');
INSERT INTO "Contact" VALUES('Contact-76','ca.shea2@example.net','Shea','Catherine','001-790-594-0415x32329','','','','','','False','','','','','','','','','','','','','','','None','','Home','False','','','','','','','','','','','','None','','','False','','','','','','','','','English','','','','','','','','','Shea','','','','','','','','None','','','','False','False','False','False','False','False','False','','','','','','','','','','','','','','None','','','','','','False','','False','','','','','','','','','None','False','False','','','','','','','cshea99@example.net','ca.shea2@example.net','Home','Personal','Other','False','Home','','c.shea@example.com','+1-331-902-2394x406','0.0','','','','','0.0','','0.0','','','','0.0','','','','0.0','0.0','0.0','0.0','0.0','0.0','0.0','0.0','0.0','0.0','0.0','','','','','','0.0','0.0','False','False','False','False','False','False','','','','','','','','','','','','0.0','','False','False','','','','');
INSERT INTO "Contact" VALUES('Contact-77','melinda_zamora1969@example.net','Zamora','Melinda','001-528-786-6556x88224','','','','','','False','','','','','','','','','','','','','','','None','','Home','False','','','','','','','','','','','','None','','','False','','','','','','','','','English','','','','','','','','','Zamora','','','','','','','','None','','','','False','False','False','False','False','False','False','','','','','','','','','','','','','','None','','','','','','False','','False','','','','','','','','','None','False','False','','','','','','','me_zamora1996@example.com','melinda_zamora1969@example.net','Home','Personal','Other','False','Other','','melinda-zamora1969@example.org','+1-297-640-8940x7109','0.0','','','','','0.0','','0.0','','','','0.0','','','','0.0','0.0','0.0','0.0','0.0','0.0','0.0','0.0','0.0','0.0','0.0','','','','','','0.0','0.0','False','False','False','False','False','False','','','','','','','','','','','','0.0','','False','False','','','','');
INSERT INTO "Contact" VALUES('Contact-78','lcuevas7@example.org','Lee','Cuevas','(972)820-5487x4104','','','','','Prefer to self-describe','False','','','','','','','','','STVIGBPU','','','','','','None','','Home','False','2023-09-09','','','','','','','','','','','None','','','False','','','','','','','','','English','','','','','Rogers, Mejia and Powell','Cantonese','','Board Member','Lee','Situation.','Specify','','','','','','None','','','','False','False','False','False','False','False','False','Men M','','','','','','','','','','','','','None','','','','','','False','','False','','','','','','','','Hearing Alert','Onboarding','False','False','','Operations- Financial','','','','','lcuevas84@example.net','lcuevas7@example.org','Home','Personal','Other','False','Work','','le.cuevas@example.org','+1-549-528-7452x57464','0.0','','','','','0.0','','0.0','','','','0.0','','','','0.0','0.0','0.0','0.0','0.0','0.0','0.0','0.0','0.0','0.0','0.0','','','','','','0.0','0.0','False','False','False','False','False','False','','','','','','','','','','','','0.0','','False','False','','','npsp__Address__c-38','');
INSERT INTO "Contact" VALUES('Contact-79','gr+arroyo0@example.com','Arroyo','Grant','(578)351-1522x7624','','','','','','False','','','','','','','','','','','','','','','None','','Home','False','','','','','','','','','','','','None','','','False','','','','','','','','','English','','','','','','','','','Arroyo','','','','','','','','None','','','','False','False','False','False','False','False','False','','','','','','','','','','','','','','None','','','','','','False','','False','','','','','','','','','None','False','False','','','','','','','gr-arroyo2008@example.com','gr+arroyo0@example.com','Home','Personal','Other','False','Work','','gr_arroyo@example.net','729-875-6500','0.0','','','','','0.0','','0.0','','','','0.0','','','','0.0','0.0','0.0','0.0','0.0','0.0','0.0','0.0','0.0','0.0','0.0','','','','','','0.0','0.0','False','False','False','False','False','False','','','','','','','','','','','','0.0','','False','False','','','','');
INSERT INTO "Contact" VALUES('Contact-80','tparker94@example.com','Parker','Travis','333-345-5603x224','','','','','','False','','','','','','','','','','','','','','','None','','Home','False','','','','','','','','','','','','None','','','False','','','','','','','','','English','','','','','','','','','Parker','','','','','','','','None','','','','False','False','False','False','False','False','False','','','','','','','','','','','','','','None','','','','','','False','','False','','','','','','','','','None','False','False','','','','','','','travis+parker4@example.net','tparker94@example.com','Home','Personal','Work','False','Work','','travis+parker@example.org','001-309-703-8240','0.0','','','','','0.0','','0.0','','','','0.0','','','','0.0','0.0','0.0','0.0','0.0','0.0','0.0','0.0','0.0','0.0','0.0','','','','','','0.0','0.0','False','False','False','False','False','False','','','','','','','','','','','','0.0','','False','False','','','','');
INSERT INTO "Contact" VALUES('Contact-81','magates@example.org','Marco','Gates','666-770-6123','','','','','Prefer not to answer','False','','','','','Active','','','','VJTZGBYM','','','','','Special message plan.','None','','Home','True','2006-09-24','','','','','','','','','','','None','','','False','','','','Eight rate message traditional industry term deep material.','','Legal','Inactive','','English','','','None','Trainer Certification','Fletcher LLC','Spanish','','Puppy Raiser','Marco','Fact life.','They/Them','','','','','','Suspended','','','','False','False','False','False','False','False','False','Men M','','','','','','','','','','','','','None','','','','','','False','','True','','','','','','','','Diabetes Alert','None','False','False','','Active Projects- Trainer Certification','','','','','m-gates03@example.com','magates@example.org','Home','Personal','Work','False','Work','','ma.gates@example.com','567.207.5690','0.0','2088.0','1972','2024-08-21','25172.0','0.0','2024-11-25','0.0','2024-02-17','Participant break single. Author gun nature per. Trouble should tend between month.','Federal establish something again return rather several. Serve culture economic science mention.','0.0','2024-10-26','2024-06-16','Household__c.Informal_Greeting__c','0.0','0.0','0.0','0.0','0.0','0.0','0.0','0.0','0.0','0.0','0.0','39899.0','36792.0','5222.0','6308.0','No Contacts','0.0','0.0','False','False','False','False','True','False','68156.0','2024-11-14','69298.0','2024-04-20','18144.0','','87640.0','85212.0','53942.0','46543.0','23341.0','0.0','','False','False','','','npsp__Address__c-39','');
INSERT INTO "Contact" VALUES('Contact-82','april_meza@example.org','Meza','April','(838)343-0254x6230','','','','','','False','','','','','','','','','','','','','','','None','','Home','False','','','','','','','','','','','','None','','','False','','','','','','','','','English','','','','','','','','','Meza','','','','','','','','None','','','','False','False','False','False','False','False','False','','','','','','','','','','','','','','None','','','','','','False','','False','','','','','','','','','None','False','False','','','','','','','ap.meza4@example.com','april_meza@example.org','Home','Personal','Work','False','Other','','ap-meza5@example.net','001-435-920-6653x77894','0.0','','','','','0.0','','0.0','','','','0.0','','','','0.0','0.0','0.0','0.0','0.0','0.0','0.0','0.0','0.0','0.0','0.0','','','','','','0.0','0.0','False','False','False','False','False','False','','','','','','','','','','','','0.0','','False','False','','','','');
INSERT INTO "Contact" VALUES('Contact-83','darrenrosario2000@example.com','Rosario','Darren','8344757550','','','','','','False','','','','','','','','','','','','','','','None','','Home','False','','','','','','','','','','','','None','','','False','','','','','','','','','English','','','','','','','','','Rosario','','','','','','','','None','','','','False','False','False','False','False','False','False','','','','','','','','','','','','','','None','','','','','','False','','False','','','','','','','','','None','False','False','','','','','','','darren+rosario@example.com','darrenrosario2000@example.com','Home','Personal','Home','False','Other','','darosario59@example.org','+1-892-578-7673x8715','0.0','','','','','0.0','','0.0','','','','0.0','','','','0.0','0.0','0.0','0.0','0.0','0.0','0.0','0.0','0.0','0.0','0.0','','','','','','0.0','0.0','False','False','False','False','False','False','','','','','','','','','','','','0.0','','False','False','','','','');
INSERT INTO "Contact" VALUES('Contact-84','lesliemcclain90@example.net','Leslie','Mcclain','001-712-517-5899x882','','','','','Chronic medical illness','False','','','','','Inactive','','','','EPIWGBVDO2E','','','','','Control sometimes between.','None','','Home','True','2006-11-09','','','','','','','','','','','Certified-Active','','','False','','','','Sometimes tonight hospital enough painting special. Since view building particularly last. Tell draw theory off debate.','','Disability Advocacy','Initial Inquiry','','Russian','','','None','Team Facilitator Certification','Mckenzie LLC','Spanish','','Volunteer;Team Facilitator','Leslie','Line.','Specify','','','','','','None','','','','False','False','False','False','False','False','False','Unisex XXL','','','','','','','','','','','','','None','','','','','','False','','True','','','','','','','','Mobility','None','False','False','','Active Projects- State Registration','','','','','leslie_mcclain2000@example.net','lesliemcclain90@example.net','Home','Personal','Home','False','Other','','le+mcclain7@example.com','711.671.0480x76769','0.0','10856.0','1989','2024-05-09','34592.0','0.0','2024-09-01','0.0','2024-09-13','Us raise white compare. Different form standard measure stand herself.','Firm almost program make artist end million. Leader today visit east player.','0.0','2024-05-12','2024-02-15','Household__c.Name','0.0','0.0','0.0','0.0','0.0','0.0','0.0','0.0','0.0','0.0','0.0','73684.0','76247.0','80977.0','6362.0','All Individual Contacts','0.0','0.0','False','False','False','False','False','True','87923.0','2024-04-15','46853.0','2024-11-22','47499.0','','65860.0','63016.0','38118.0','29843.0','78341.0','0.0','','False','False','','','npsp__Address__c-40','');
INSERT INTO "Contact" VALUES('Contact-85','la_hodges1965@example.net','Hodges','Laura','872.385.6336','','','','','','False','','','','','','','','','','2025-04-11','Coco','','','','','','Home','False','','','','','','','','','','','','None','','','False','','','','','','','','','English','','','','','','','','','Hodges','','','','','','','','None','','','','False','False','False','False','False','False','False','','','','','','','','','','','','','','None','','','','','','False','','False','','','','','','','','','None','False','False','','','','','','','la_hodges@example.net','la_hodges1965@example.net','Home','Personal','Other','False','Work','','lhodges5@example.com','4525345395','0.0','','','','','0.0','','0.0','','','','0.0','','','','0.0','0.0','0.0','0.0','0.0','0.0','0.0','0.0','0.0','0.0','0.0','','','','','','0.0','0.0','False','False','False','False','False','False','','','','','','','','','','','','0.0','','False','False','','','','');
INSERT INTO "Contact" VALUES('Contact-86','vicarter@example.net','Carter','Vincent','001-826-289-6299x9480','','','','','','False','','','','','','','','','','','','','','','None','','Home','False','','','','','','','','','','','','None','','','False','','','','','','','','','English','','','','','','','','','Carter','','','','','','','','None','','','','False','False','False','False','False','False','False','','','','','','','','','','','','','','None','','','','','','False','','False','','','','','','','','','None','False','False','','','','','','','vicarter6@example.org','vicarter@example.net','Home','Personal','Work','False','Work','','vicarter1996@example.net','+1-376-596-8443','0.0','','','','','0.0','','0.0','','','','0.0','','','','0.0','0.0','0.0','0.0','0.0','0.0','0.0','0.0','0.0','0.0','0.0','','','','','','0.0','0.0','False','False','False','False','False','False','','','','','','','','','','','','0.0','','False','False','','','','');
INSERT INTO "Contact" VALUES('Contact-87','sydney_robertson@example.org','Sydney','Robertson','+1-579-467-6986x14497','','','','','Sensory processing disorder','False','','','','','Initial Inquiry','','','','OKVGGBW1','','','','','Conference hard chance opportunity.','None','','Home','False','2006-05-22','','','','','','','','','','','None','','','False','','','','Piece at establish possible alone fast require. Local million health reality during. System section body hotel turn nearly.','','Writing/Communications','Active','','Spanish','','','None','Client Certification','Hawkins, Montes and Downs','Arabic','','Trainer','Sydney','Hard body.','They/Them','','','','','','None','','','','False','False','False','False','False','False','False','Men L','','','','','','','','','','','','','None','','','','','','False','','False','','','','','','','','Seizure Response','Onboarding','False','False','','Active Projects- Scholarships','','','','','sydney_robertson5@example.org','sydney_robertson@example.org','Home','Personal','Work','False','Work','','sy+robertson75@example.net','(650)501-3638x00879','0.0','319.0','1988','2024-01-30','94743.0','0.0','2024-09-16','0.0','2024-11-24','Impact weight class keep tonight director hope appear. Should so visit once political short finish.','Reality serious learn.','0.0','2024-11-21','2025-01-18','Household__c.Informal_Greeting__c','0.0','0.0','0.0','0.0','0.0','0.0','0.0','0.0','0.0','0.0','0.0','22040.0','18794.0','81818.0','55446.0','All New or Edited Contacts','0.0','0.0','False','False','False','False','True','False','35241.0','2024-07-15','66881.0','2024-03-25','30328.0','','92993.0','37486.0','6731.0','94130.0','48612.0','0.0','','False','False','','','npsp__Address__c-41','');
INSERT INTO "Contact" VALUES('Contact-88','neclark1@example.com','Neil','Clark','(967)382-7692x256','','','','','Mental health condition','False','','','','','None','','','','HEEOGB4E','','','','','New structure both key half by forget.','Onboarding','','Home','False','2015-10-18','','','','','','','','','','','None','','','False','','','','Job us avoid purpose forward west behind. Class crime commercial plan. Politics edge low outside they.','','Photography/Videography','Initial Inquiry','','English','','','None','General info/Other','Gallagher-Whitney','Mandarin','','Client;Puppy Raiser','Neil','Religious.','She/Her','','','','','','In Training','','','','False','False','False','False','False','False','False','Child M','','','','','','','','','','','','','None','','','','','','False','','False','','','','','','','','Psychiatric;Autism','None','False','False','','Active Projects- Team Facilitator Certification','','','','','ne+clark6@example.net','neclark1@example.com','Home','Personal','Work','False','Other','','neil+clark7@example.net','9463129821','0.0','28753.0','1977','2024-08-21','51664.0','0.0','2024-06-03','0.0','2024-12-27','Show get difference thus. Floor interest drop continue still man increase.','City all bad peace. Change Democrat teacher. Middle kitchen important or action represent.','0.0','2024-01-31','2024-01-31','Household__c.Informal_Greeting__c','0.0','0.0','0.0','0.0','0.0','0.0','0.0','0.0','0.0','0.0','0.0','47678.0','39325.0','70645.0','72238.0','No Contacts','0.0','0.0','False','False','False','False','True','False','73250.0','2024-09-21','37598.0','2024-04-13','93865.0','','13972.0','60861.0','46313.0','73866.0','1294.0','0.0','','False','False','','','npsp__Address__c-42','');
INSERT INTO "Contact" VALUES('Contact-89','bobby-schaefer1946@example.org','Bobby','Schaefer','+1-348-623-4532x35761','','','','','Prefer not to answer','False','','','','','Initial Inquiry','','','','QEDHGBVW','','','','','Read both successful language.','None','','Home','False','2008-07-31','','','','','','','','','','','None','','','False','','','','No arm avoid although number owner. Gas all strategy understand traditional help hotel. Magazine operation meet remember health evidence.','','SEO','Inactive','','English','','','None','Trainer Certification','Duke and Sons','Spanish','','Board Member','Bobby','Even poor.','She/Her','','','','','','None','','','','False','False','False','False','False','False','False','Women XL','','','','','','','','','','','','','None','','','','','','False','','True','','','','','','','','Diabetes Alert','None','False','False','','Operations- Financial','','','','','bobbyschaefer2@example.org','bobby-schaefer1946@example.org','Home','Personal','Home','False','Home','','bobby+schaefer14@example.com','587-773-0274x83093','0.0','27016.0','2023','2024-07-03','95216.0','0.0','2024-11-05','0.0','2024-11-01','Learn stock miss it impact tax manage. Can message apply serve.','Ok evidence word building. Operation dog national or worry common them also.','0.0','2024-09-13','2024-09-01','Household__c.Name','0.0','0.0','0.0','0.0','0.0','0.0','0.0','0.0','0.0','0.0','0.0','41140.0','87922.0','55386.0','37125.0','All New or Edited Contacts','0.0','0.0','False','False','False','False','False','True','34738.0','2024-06-20','9333.0','2024-02-10','56599.0','','2034.0','58613.0','88807.0','92104.0','50599.0','0.0','','False','False','','','npsp__Address__c-43','');
INSERT INTO "Contact" VALUES('Contact-90','j+chan97@example.com','Chan','Jenna','(600)555-6201','','','','','','False','','','','','','','','','','','','','','','None','','Home','False','','','','','','','','','','','','None','','','False','','','','','','','','','English','','','','','','','','','Chan','','','','','','','','None','','','','False','False','False','False','False','False','False','','','','','','','','','','','','','','None','','','','','','False','','False','','','','','','','','','None','False','False','','','','','','','jenna-chan2@example.org','j+chan97@example.com','Home','Personal','Work','False','Work','','jechan@example.com','(997)913-9228','0.0','','','','','0.0','','0.0','','','','0.0','','','','0.0','0.0','0.0','0.0','0.0','0.0','0.0','0.0','0.0','0.0','0.0','','','','','','0.0','0.0','False','False','False','False','False','False','','','','','','','','','','','','0.0','','False','False','','','','');
INSERT INTO "Contact" VALUES('Contact-91','au_gillespie2008@example.org','Gillespie','Autumn','258.288.9056x589','','','','','','False','','','','','','','','','','','','','','','None','','Home','False','','','','','','','','','','','','None','','','False','','','','','','','','','English','','','','','','','','','Gillespie','','','','','','','','None','','','','False','False','False','False','False','False','False','','','','','','','','','','','','','','None','','','','','','False','','False','','','','','','','','','None','False','False','','','','','','','au-gillespie1958@example.com','au_gillespie2008@example.org','Home','Personal','Other','False','Other','','autumn-gillespie2000@example.net','(468)916-9257x498','0.0','','','','','0.0','','0.0','','','','0.0','','','','0.0','0.0','0.0','0.0','0.0','0.0','0.0','0.0','0.0','0.0','0.0','','','','','','0.0','0.0','False','False','False','False','False','False','','','','','','','','','','','','0.0','','False','False','','','','');
INSERT INTO "Contact" VALUES('Contact-92','kcherry06@example.com','Kaylee','Cherry','001-476-468-3696x78330','','','','','Prefer not to answer','False','','','','','Onboarding','','','','XJMDGB2F','','Gus','','','Home sit country watch clearly stop.','','','Home','True','2001-11-17','','','','','','','','','','','None','','','False','','','','Operation board later. Rule agreement shoulder after modern. Wonder third blue free if get page.','','Technology/Infrastructure','Inactive','','English','','','None','Sponsorship/Donations','Hurley Group','English','','Client','Kaylee','Wind unit.','Prefer not to answer','','','','','','None','','','','False','False','False','False','False','False','False','Men XS','','','','','','','','','','','','','None','','','','','','False','','True','','','','','','','','Mobility','None','False','False','','Active Projects- Community Outreach and Education','','','','','k_cherry02@example.net','kcherry06@example.com','Home','Personal','Other','False','Home','','k-cherry@example.org','543.739.9217','0.0','66177.0','2002','2024-09-17','11522.0','0.0','2024-04-15','0.0','2024-02-18','Stage summer strong mean. Himself adult mean whole lot certain. Read because without happen.','Much wide night leg experience direction. Camera citizen political create bed audience no.','0.0','2024-01-30','2024-08-20','Household__c.Name','0.0','0.0','0.0','0.0','0.0','0.0','0.0','0.0','0.0','0.0','0.0','73327.0','61543.0','53026.0','99245.0','All New or Edited Contacts','0.0','0.0','False','False','False','False','False','True','37672.0','2024-05-06','99653.0','2024-10-21','55321.0','','10425.0','48829.0','16856.0','71592.0','15773.0','0.0','','False','False','','','npsp__Address__c-44','');
INSERT INTO "Contact" VALUES('Contact-93','ph.nolan@example.net','Phyllis','Nolan','359.990.6955x635','','','','','None/do not identify with a disability','False','','','','','Inactive','','','','MYMPGBCW','','','','','Still a citizen help agreement.','None','','Home','False','2023-07-04','','','','','','','','','','','None','','','False','','','','Society money enjoy minute. There market increase consider health country. Fill near model full person himself deal the.','','Financial/Bookkeeping','Initial Inquiry','','English','','','None','General info/Other','Riddle, Herrera and Buchanan','German','','Board Member','Phyllis','Company.','Prefer not to answer','','','','','','None','','','','False','False','False','False','False','False','False','Unisex XL','','','','','','','','','','','','','None','','','','','','False','','False','','','','','','','','Mobility','None','False','False','','Active Projects- Branding and Marketing','','','','','phyllis-nolan@example.org','ph.nolan@example.net','Home','Personal','Work','False','Other','','phyllis+nolan82@example.net','001-560-213-3231x40802','0.0','7881.0','1974','2025-01-18','52481.0','0.0','2024-05-25','0.0','2024-09-07','Almost benefit actually make health group lead.','Whose population like little but name order join. Outside change similar concern cold dream career.','0.0','2024-11-10','2024-10-28','Household__c.Informal_Greeting__c','0.0','0.0','0.0','0.0','0.0','0.0','0.0','0.0','0.0','0.0','0.0','82529.0','1357.0','96422.0','83138.0','All Individual Contacts','0.0','0.0','False','False','False','False','True','False','32417.0','2024-04-20','57735.0','2024-04-14','79932.0','','66042.0','87822.0','58835.0','6118.0','35112.0','0.0','','False','False','','','npsp__Address__c-45','');
INSERT INTO "Contact" VALUES('Contact-94','crichards95@example.com','Richards','Connie','001-352-412-6373x9028','','','','','','False','','','','','','','','','','','','','','','None','','Home','False','','','','','','','','','','','','None','','','False','','','','','','','','','English','','','','','','','','','Richards','','','','','','','','None','','','','False','False','False','False','False','False','False','','','','','','','','','','','','','','None','','','','','','False','','False','','','','','','','','','None','False','False','','','','','','','connie.richards78@example.com','crichards95@example.com','Home','Personal','Other','False','Work','','c.richards@example.com','502-957-5856x717','0.0','','','','','0.0','','0.0','','','','0.0','','','','0.0','0.0','0.0','0.0','0.0','0.0','0.0','0.0','0.0','0.0','0.0','','','','','','0.0','0.0','False','False','False','False','False','False','','','','','','','','','','','','0.0','','False','False','','','','');
INSERT INTO "Contact" VALUES('Contact-95','tracy.russell@example.org','Russell','Tracy','895-462-2901x45683','','','','','','False','','','','','','','','','','','','','','','None','','Home','False','','','','','','','','','','','','None','','','False','','','','','','','','','English','','','','','','','','','Russell','','','','','','','','None','','','','False','False','False','False','False','False','False','','','','','','','','','','','','','','None','','','','','','False','','False','','','','','','','','','None','False','False','','','','','','','tr_russell1986@example.net','tracy.russell@example.org','Home','Personal','Home','False','Home','','tracy-russell4@example.com','001-340-798-3207x521','0.0','','','','','0.0','','0.0','','','','0.0','','','','0.0','0.0','0.0','0.0','0.0','0.0','0.0','0.0','0.0','0.0','0.0','','','','','','0.0','0.0','False','False','False','False','False','False','','','','','','','','','','','','0.0','','False','False','','','','');
INSERT INTO "Contact" VALUES('Contact-96','rhaas2@example.org','Ralph','Haas','620.349.6933','','','','','None/do not identify with a disability','False','','','','','Inactive','','','','VGZHGBH10K3','','','','','Thought general third three.','Decertified','','Home','False','2007-02-10','','','','','','','','','','','None','','','False','','','','Arrive test allow black. Power wife sister enough matter may.','','Disability Advocacy','None','','English','','','None','Volunteering','Ali-Newman','French','','Client','Ralph','Help.','She/Her','','','','','','None','','','','False','False','False','False','False','False','False','Unisex XS','','','','','','','','','','','','','None','','','','','','False','','False','','','','','','','','Hearing Alert','None','False','False','','Active Projects- Research and Development','','','','','r-haas1978@example.com','rhaas2@example.org','Home','Personal','Work','False','Other','','ra+haas70@example.com','(868)847-2280x1314','0.0','54188.0','2022','2024-11-11','84491.0','0.0','2024-06-22','0.0','2024-12-27','Threat return appear without. Own up free common statement.','Reach all seek message. Hear girl start decide arm. People pretty notice blue training agreement.','0.0','2024-05-14','2024-02-25','Household__c.Formal_Greeting__c','0.0','0.0','0.0','0.0','0.0','0.0','0.0','0.0','0.0','0.0','0.0','33036.0','32431.0','7636.0','72204.0','No Contacts','0.0','0.0','False','False','False','True','False','False','25701.0','2024-08-28','9577.0','2024-05-05','81077.0','','78004.0','56791.0','4164.0','37095.0','61945.0','0.0','','False','False','','','npsp__Address__c-46','');
INSERT INTO "Contact" VALUES('Contact-97','st.wood1998@example.org','Wood','Stacey','+1-588-731-2610x094','','','','','','False','','','','','','','','','','','','','','','None','','Home','False','','','','','','','','','','','','None','','','False','','','','','','','','','English','','','','','','','','','Wood','','','','','','','','None','','','','False','False','False','False','False','False','False','','','','','','','','','','','','','','None','','','','','','False','','False','','','','','','','','','None','False','False','','','','','','','s+wood1967@example.com','st.wood1998@example.org','Home','Personal','Home','False','Work','','stacey+wood66@example.org','863-938-7263x62874','0.0','','','','','0.0','','0.0','','','','0.0','','','','0.0','0.0','0.0','0.0','0.0','0.0','0.0','0.0','0.0','0.0','0.0','','','','','','0.0','0.0','False','False','False','False','False','False','','','','','','','','','','','','0.0','','False','False','','','','');
INSERT INTO "Contact" VALUES('Contact-98','billybarnett59@example.com','Barnett','Billy','001-752-478-3224x438','','','','','','False','','','','','','','','','','','','','','','None','','Home','False','','','','','','','','','','','','None','','','False','','','','','','','','','English','','','','','','','','','Barnett','','','','','','','','None','','','','False','False','False','False','False','False','False','','','','','','','','','','','','','','None','','','','','','False','','False','','','','','','','','','None','False','False','','','','','','','b-barnett1965@example.com','billybarnett59@example.com','Home','Personal','Home','False','Home','','billy+barnett@example.com','001-935-260-5735','0.0','','','','','0.0','','0.0','','','','0.0','','','','0.0','0.0','0.0','0.0','0.0','0.0','0.0','0.0','0.0','0.0','0.0','','','','','','0.0','0.0','False','False','False','False','False','False','','','','','','','','','','','','0.0','','False','False','','','','');
INSERT INTO "Contact" VALUES('Contact-99','n_jackson@example.net','Noah','Jackson','795.298.0527x7362','','','','','Learning disability/cognitive processing disability','False','','','','','','','','','FKQQGB17PHC','','','','','','None','','Home','False','2010-11-26','','','','','','','','','','','None','','','False','','','','','','','','','English','','','','','Gilmore, Miranda and Chan','Tagalog','','Puppy Raiser','Noah','Example.','They/Them','','','','','','None','','','','False','False','False','False','False','False','False','Women XS','','','','','','','','','','','','','None','','','','','','False','','False','','','','','','','','Hearing Alert','Initial Inquiry','False','False','','Operations- Volunteer and Staff','','','','','no-jackson69@example.net','n_jackson@example.net','Home','Personal','Work','False','Home','','noah-jackson72@example.net','001-220-429-8797x655','0.0','','','','','0.0','','0.0','','','','0.0','','','','0.0','0.0','0.0','0.0','0.0','0.0','0.0','0.0','0.0','0.0','0.0','','','','','','0.0','0.0','False','False','False','False','False','False','','','','','','','','','','','','0.0','','False','False','','','npsp__Address__c-47','');
INSERT INTO "Contact" VALUES('Contact-100','arherring@example.com','Herring','Arthur','850.550.9017x674','','','','','','False','','','','','','','','','','','','','','','None','','Home','False','','','','','','','','','','','','None','','','False','','','','','','','','','English','','','','','','','','','Herring','','','','','','','','None','','','','False','False','False','False','False','False','False','','','','','','','','','','','','','','None','','','','','','False','','False','','','','','','','','','None','False','False','','','','','','','a.herring7@example.com','arherring@example.com','Home','Personal','Work','False','Work','','a.herring08@example.net','8918246701','0.0','','','','','0.0','','0.0','','','','0.0','','','','0.0','0.0','0.0','0.0','0.0','0.0','0.0','0.0','0.0','0.0','0.0','','','','','','0.0','0.0','False','False','False','False','False','False','','','','','','','','','','','','0.0','','False','False','','','','');
INSERT INTO "Contact" VALUES('Contact-101','ashleybishop14@example.org','Bishop','Ashley','(294)975-9565x7327','','','','','','False','','','','','','','','','','','','','','','None','','Home','False','','','','','','','','','','','','None','','','False','','','','','','','','','English','','','','','','','','','Bishop','','','','','','','','None','','','','False','False','False','False','False','False','False','','','','','','','','','','','','','','None','','','','','','False','','False','','','','','','','','','None','False','False','','','','','','','abishop2000@example.net','ashleybishop14@example.org','Home','Personal','Other','False','Other','','abishop6@example.org','458-694-6930x89422','0.0','','','','','0.0','','0.0','','','','0.0','','','','0.0','0.0','0.0','0.0','0.0','0.0','0.0','0.0','0.0','0.0','0.0','','','','','','0.0','0.0','False','False','False','False','False','False','','','','','','','','','','','','0.0','','False','False','','','','');
INSERT INTO "Contact" VALUES('Contact-102','monique_chapman1958@example.net','Monique','Chapman','+1-942-495-6549x3469','','','','','Prefer to self-describe','False','','','','','Onboarding','','','','MHKEGBEV','','','','','Senior seem provide health Mrs.','None','','Alternate','False','2018-05-17','','','','','','','','','','','None','','','False','','','','Fact ready agreement remain. Range project serious someone inside.','','Education/Course Development','Initial Inquiry','','English','','','None','General info/Other','Galvan Group','French','','Volunteer','Monique','Artist.','She/Her','','','','','','None','','','','False','False','False','False','False','False','False','Men XL','','','','','','','','','','','','','None','','','','','','False','','False','','','','','','','','Seizure Response','None','False','False','','Board - READ ONLY','','','','','monique_chapman1958@example.net','mo.chapman3@example.org','Home','Personal','Home','False','Other','','monique.chapman9@example.org','712.509.8051x6023','0.0','58724.0','1971','2024-10-21','84754.0','0.0','2024-08-29','0.0','2024-09-04','Marriage mother wind authority challenge remember way. Recent article bank employee.','Pay on want drug point. General reflect mention visit person.','0.0','2024-04-21','2024-09-30','Household__c.Name','0.0','0.0','0.0','0.0','0.0','0.0','0.0','0.0','0.0','0.0','0.0','51355.0','52005.0','17294.0','83395.0','All New or Edited Contacts','0.0','0.0','False','False','False','False','False','True','38801.0','2024-10-16','90417.0','2024-08-25','32559.0','','91185.0','47996.0','75016.0','57933.0','66624.0','0.0','','False','False','','','npsp__Address__c-48','');
INSERT INTO "Contact" VALUES('Contact-103','n-barnes89@example.net','Barnes','Norman','+1-633-269-7761x289','','','','','','False','','','','','','','','','','','','','','','None','','Home','False','','','','','','','','','','','','None','','','False','','','','','','','','','English','','','','','','','','','Barnes','','','','','','','','None','','','','False','False','False','False','False','False','False','','','','','','','','','','','','','','None','','','','','','False','','False','','','','','','','','','None','False','False','','','','','','','n+barnes04@example.com','n-barnes89@example.net','Home','Personal','Home','False','Home','','no+barnes1992@example.com','+1-642-998-5931x7166','0.0','','','','','0.0','','0.0','','','','0.0','','','','0.0','0.0','0.0','0.0','0.0','0.0','0.0','0.0','0.0','0.0','0.0','','','','','','0.0','0.0','False','False','False','False','False','False','','','','','','','','','','','','0.0','','False','False','','','','');
INSERT INTO "Contact" VALUES('Contact-104','ke_skinner1973@example.net','Skinner','Kellie','626-386-7559','','','','','','False','','','','','','','','','','','','','','','None','','Home','False','','','','','','','','','','','','None','','','False','','','','','','','','','English','','','','','','','','','Skinner','','','','','','','','None','','','','False','False','False','False','False','False','False','','','','','','','','','','','','','','None','','','','','','False','','False','','','','','','','','','None','False','False','','','','','','','kellie-skinner55@example.com','ke_skinner1973@example.net','Home','Personal','Home','False','Other','','k_skinner2002@example.net','715.996.6619','0.0','','','','','0.0','','0.0','','','','0.0','','','','0.0','0.0','0.0','0.0','0.0','0.0','0.0','0.0','0.0','0.0','0.0','','','','','','0.0','0.0','False','False','False','False','False','False','','','','','','','','','','','','0.0','','False','False','','','','');
INSERT INTO "Contact" VALUES('Contact-105','johnathanochoa45@example.com','Johnathan','Ochoa','914.926.5980x1295','','','','','Mobility/ambulatory difficulty','False','','','','','Inactive','','','','CTTWGB34','','','','','That like adult early nearly everything letter.','None','','Home','True','2010-09-27','','','','','','','','','','','Initial Inquiry','','','False','','','','Ahead call reveal talk goal. Lot hold above base race although.','','Dog Training/Behavior/Veterinary','Initial Inquiry','','English','','','None','Volunteering','Terrell and Sons','Vietnamese','','Team Facilitator','Johnathan','A note.','She/Her','','','','','','None','','','','False','False','False','False','False','False','False','Child M','','','','','','','','','','','','','None','','','','','','False','','False','','','','','','','','Medical Incident Assist','None','False','False','','Operations- Trainer','','','','','johnathan-ochoa98@example.org','johnathanochoa45@example.com','Home','Personal','Work','False','Home','','j+ochoa5@example.com','(456)774-0543x59757','0.0','78483.0','2023','2024-07-04','45327.0','0.0','2024-09-16','0.0','2025-01-06','Rich walk various because. Law paper Congress position single drop argue model.','Above chair everyone media reflect do citizen. Born former partner. A will too together born.','0.0','2024-02-11','2024-02-10','Household__c.Informal_Greeting__c','0.0','0.0','0.0','0.0','0.0','0.0','0.0','0.0','0.0','0.0','0.0','69483.0','47445.0','85139.0','34709.0','All New or Edited Contacts','0.0','0.0','False','False','False','False','True','False','718.0','2024-04-10','17390.0','2024-05-08','80502.0','','68343.0','59901.0','28890.0','28457.0','83232.0','0.0','','False','False','','','npsp__Address__c-49','');
INSERT INTO "Contact" VALUES('Contact-106','vickie-gibson6@example.org','Vickie','Gibson','672-690-3852x3706','','','','','Blind/Low vision','False','','','','','Initial Inquiry','','','','DHAJGBFG','','','','','Action its national law design.','None','','Alternate','True','2023-09-25','','','','','','','','','','','None','','','False','','','','Hot dream deep. Sell account sense stuff exist mother.','','Project/Program Management','None','','English','','','None','Trainer Certification','Graves PLC','Mandarin','','Trainer','Vickie','Age.','He/Him','','','','','','None','','','','False','False','False','False','False','False','False','Unisex XL','','','','','','','','','','','','','None','','','','','','False','','True','','','','','','','','Psychiatric;Autism','Inactive','False','False','','Active Projects- ADI','','','','','vickie-gibson6@example.org','vigibson1970@example.net','Home','Personal','Home','False','Work','','vickiegibson@example.org','(397)844-5183','0.0','35873.0','1989','2024-06-10','19100.0','0.0','2024-06-02','0.0','2024-09-21','Near easy fly reason officer company candidate focus. Education see town eye.','Provide year game take pretty. Rule table PM after land.','0.0','2024-04-26','2024-12-06','Household__c.Name','0.0','0.0','0.0','0.0','0.0','0.0','0.0','0.0','0.0','0.0','0.0','16482.0','30079.0','38409.0','45773.0','No Contacts','0.0','0.0','False','False','False','False','False','True','22400.0','2024-02-10','47030.0','2024-01-23','94111.0','','10860.0','5457.0','62829.0','38841.0','64775.0','0.0','','False','False','','','npsp__Address__c-50','');
INSERT INTO "Contact" VALUES('Contact-107','be+mercado1@example.com','Beth','Mercado','531-434-3148x68652','','','','','Mental health condition','False','','','','','Initial Inquiry','','','','CDOAGBZROR8','','','','','Throw nothing themselves writer society hope community minute.','None','','Home','False','2019-05-10','','','','','','','','','','','Inactive','','','False','','','','Able check eight somebody choose store loss. Detail color reveal.','','Outreach/Networking','Active','','English','','','None','Assistance Dogs Set in Motion Program','Travis Group','French','','Team Facilitator','Beth','Vote keep.','Specify','','','','','','None','','','','False','False','False','False','False','False','False','Unisex L','','','','','','','','','','','','','None','','','','','','False','','True','','','','','','','','Psychiatric','None','False','False','','Active Projects- Team Facilitator Certification','','','','','be+mercado2015@example.org','be+mercado1@example.com','Home','Personal','Work','False','Home','','beth.mercado1949@example.com','+1-663-698-4094x687','0.0','93414.0','1993','2024-01-25','94657.0','0.0','2024-09-08','0.0','2024-03-25','Risk success usually either old plant finish. Item lead Democrat view.','For believe air prove city machine. Allow gun section. Bit during deal.','0.0','2024-03-25','2024-04-20','Household__c.Informal_Greeting__c','0.0','0.0','0.0','0.0','0.0','0.0','0.0','0.0','0.0','0.0','0.0','10616.0','67203.0','62257.0','87363.0','All Individual Contacts','0.0','0.0','False','False','False','False','True','False','90127.0','2024-07-27','74458.0','2024-10-04','87143.0','','34330.0','99165.0','58615.0','31811.0','99322.0','0.0','','False','False','','','npsp__Address__c-51','');
INSERT INTO "Contact" VALUES('Contact-108','angela.hamilton00@example.net','Hamilton','Angela','(921)487-2247x3970','','','','','','False','','','','','','','','','','','','','','','None','','Home','False','','','','','','','','','','','','None','','','False','','','','','','','','','English','','','','','','','','','Hamilton','','','','','','','','None','','','','False','False','False','False','False','False','False','','','','','','','','','','','','','','None','','','','','','False','','False','','','','','','','','','None','False','False','','','','','','','a.hamilton9@example.net','angela.hamilton00@example.net','Home','Personal','Home','False','Home','','angela-hamilton1978@example.org','+1-432-975-9038x61773','0.0','','','','','0.0','','0.0','','','','0.0','','','','0.0','0.0','0.0','0.0','0.0','0.0','0.0','0.0','0.0','0.0','0.0','','','','','','0.0','0.0','False','False','False','False','False','False','','','','','','','','','','','','0.0','','False','False','','','','');
INSERT INTO "Contact" VALUES('Contact-109','a+matthews90@example.org','Matthews','Alvin','(255)235-9148x553','','','','','','False','','','','','','','','','','','','','','','None','','Home','False','','','','','','','','','','','','None','','','False','','','','','','','','','English','','','','','','','','','Matthews','','','','','','','','None','','','','False','False','False','False','False','False','False','','','','','','','','','','','','','','None','','','','','','False','','False','','','','','','','','','None','False','False','','','','','','','almatthews1970@example.net','a+matthews90@example.org','Home','Personal','Work','False','Home','','al.matthews8@example.com','(788)261-5058','0.0','','','','','0.0','','0.0','','','','0.0','','','','0.0','0.0','0.0','0.0','0.0','0.0','0.0','0.0','0.0','0.0','0.0','','','','','','0.0','0.0','False','False','False','False','False','False','','','','','','','','','','','','0.0','','False','False','','','','');
INSERT INTO "Contact" VALUES('Contact-110','jdavenport@example.org','Jay','Davenport','449.323.2452x01666','','','','','Blind/Low vision','False','','','','','Inactive','','','','IPAIGBV1','','','','','They such our sign idea contain western.','In ADSiM','','Home','True','2010-11-10','','','','','','','','','','','None','','','False','','','','Television state star discuss. Speak pattern daughter always somebody.','','SEO','Inactive','','English','','','None','Volunteering','Chavez Ltd','Spanish','','Client;Puppy Raiser','Jay','Western.','He/Him','','','','','','Suspended','','','','False','False','False','False','False','False','False','Unisex XL','','','','','','','','','','','','','None','','','','','','False','','False','','','','','','','','Diabetes Alert','None','False','False','','Sensitive Info- Trainer','','','','','jay_davenport05@example.org','jdavenport@example.org','Home','Personal','Work','False','Other','','jadavenport4@example.com','+1-620-658-7617','0.0','82601.0','1992','2024-03-18','63255.0','0.0','2024-04-28','0.0','2024-08-28','When speak speech policy perform current. Can remember that how seek free ahead voice.','As top everybody speech. More consumer certainly though continue.','0.0','2024-06-20','2024-07-15','Household__c.Name','0.0','0.0','0.0','0.0','0.0','0.0','0.0','0.0','0.0','0.0','0.0','10514.0','85487.0','52488.0','34851.0','All Individual Contacts','0.0','0.0','False','False','False','False','False','True','70777.0','2024-05-07','10685.0','2024-08-23','74026.0','','76949.0','73028.0','90113.0','14725.0','88619.0','0.0','','False','False','','','npsp__Address__c-52','');
INSERT INTO "Contact" VALUES('Contact-111','l-riggs06@example.com','Larry','Riggs','744.794.2918x55958','','','','','Prefer not to answer','False','','','','','None','','','','QFBYGB8J','','','','','Movement treatment physical.','None','','Home','True','2010-11-26','','','','','','','','','','','None','','','False','','','','Pm north somebody edge. Home either father practice by.','','Website development','None','','English','','','None','General info/Other','Rivas-Bright','American Sign Language','','Board Member','Larry','Course.','She/Her','','','','','','None','','','','False','False','False','False','False','False','False','Men XS','','','','','','','','','','','','','None','','','','','','False','','False','','','','','','','','Narcolepsy Alert','None','False','False','','Active Projects- Client Certification','','','','','la.riggs@example.org','l-riggs06@example.com','Home','Personal','Other','False','Other','','larry_riggs73@example.com','458.749.4863','0.0','14899.0','2018','2024-08-19','36828.0','0.0','2024-02-02','0.0','2024-07-17','Director think morning move apply under small. Final hot down prepare lawyer.','Identify sing less but try. Figure imagine beyond anyone.','0.0','2024-05-17','2024-04-26','Household__c.Informal_Greeting__c','0.0','0.0','0.0','0.0','0.0','0.0','0.0','0.0','0.0','0.0','0.0','88134.0','3608.0','39455.0','82002.0','No Contacts','0.0','0.0','False','False','False','False','True','False','80410.0','2024-07-11','64834.0','2024-06-19','16424.0','','88855.0','10135.0','1627.0','88355.0','98554.0','0.0','','False','False','','','npsp__Address__c-53','');
INSERT INTO "Contact" VALUES('Contact-112','ch+savage@example.net','Savage','Charlene','+1-259-812-6668x88452','','','','','','False','','','','','','','','','','','','','','','None','','Home','False','','','','','','','','','','','','None','','','False','','','','','','','','','English','','','','','','','','','Savage','','','','','','','','None','','','','False','False','False','False','False','False','False','','','','','','','','','','','','','','None','','','','','','False','','False','','','','','','','','','None','False','False','','','','','','','ch-savage3@example.org','ch+savage@example.net','Home','Personal','Work','False','Other','','c_savage@example.net','+1-985-297-7143x05374','0.0','','','','','0.0','','0.0','','','','0.0','','','','0.0','0.0','0.0','0.0','0.0','0.0','0.0','0.0','0.0','0.0','0.0','','','','','','0.0','0.0','False','False','False','False','False','False','','','','','','','','','','','','0.0','','False','False','','','','');
INSERT INTO "Contact" VALUES('Contact-113','andrewschwartz7@example.com','Schwartz','Andrew','(859)849-1796','','','','','','False','','','','','','','','','','','','','','','None','','Home','False','','','','','','','','','','','','None','','','False','','','','','','','','','English','','','','','','','','','Schwartz','','','','','','','','None','','','','False','False','False','False','False','False','False','','','','','','','','','','','','','','None','','','','','','False','','False','','','','','','','','','None','False','False','','','','','','','andrew+schwartz2008@example.net','andrewschwartz7@example.com','Home','Personal','Other','False','Home','','andrewschwartz72@example.net','001-874-308-6686','0.0','','','','','0.0','','0.0','','','','0.0','','','','0.0','0.0','0.0','0.0','0.0','0.0','0.0','0.0','0.0','0.0','0.0','','','','','','0.0','0.0','False','False','False','False','False','False','','','','','','','','','','','','0.0','','False','False','','','','');
INSERT INTO "Contact" VALUES('Contact-114','je-jordan@example.org','Jeremy','Jordan','807.855.8316','','','','','Prefer not to answer','False','','','','','None','','','','MAFZGBCHIC3','','','','','Determine name reveal while card.','None','','Home','False','2011-07-13','','','','','','','','','','','None','','','False','','','','Food feeling admit little. Of more such.','','Social Media','Inactive','','English','','','None','Trainer Certification','Duarte Group','Mandarin','','Staff','Jeremy','Reduce.','Specify','','','','','','None','','','','False','False','False','False','False','False','False','Men L','','','','','','','','','','','','','None','','','','','','False','','False','','','','','','','','Mobility','None','False','False','','Sensitive Info- Volunteer and Staff','','','','','jeremy-jordan1946@example.net','je-jordan@example.org','Home','Personal','Other','False','Other','','j_jordan2013@example.com','553-935-9037x3172','0.0','23047.0','1970','2024-10-17','56954.0','0.0','2024-03-13','0.0','2024-04-18','Whom walk yeah more. Consumer involve call dog. Affect determine boy first put.','Admit box up admit. Success gas process force draw send.','0.0','2024-03-26','2024-10-05','Household__c.Formal_Greeting__c','0.0','0.0','0.0','0.0','0.0','0.0','0.0','0.0','0.0','0.0','0.0','47588.0','87689.0','55725.0','44806.0','All Individual Contacts','0.0','0.0','False','False','False','True','False','False','76563.0','2024-06-16','62334.0','2024-04-30','50113.0','','91756.0','89899.0','78514.0','46426.0','5148.0','0.0','','False','False','','','npsp__Address__c-54','');
INSERT INTO "Contact" VALUES('Contact-115','ar_forbes78@example.org','Forbes','Ariel','665-932-4973','','','','','','False','','','','','','','','','','','Nikki','','','','','','Home','False','','','','','','','','','','','','None','','','False','','','','','','','','','English','','','','','','','','','Forbes','','','','','','','','None','','','','False','False','False','False','False','False','False','','','','','','','','','','','','','','None','','','','','','False','','False','','','','','','','','','None','False','False','','','','','','','arielforbes00@example.net','ar_forbes78@example.org','Home','Personal','Home','False','Work','','a.forbes55@example.org','(851)983-4751','0.0','','','','','0.0','','0.0','','','','0.0','','','','0.0','0.0','0.0','0.0','0.0','0.0','0.0','0.0','0.0','0.0','0.0','','','','','','0.0','0.0','False','False','False','False','False','False','','','','','','','','','','','','0.0','','False','False','','','','');
INSERT INTO "Contact" VALUES('Contact-116','p+case4@example.org','Case','Paige','313-507-7601','','','','','','False','','','','','','','','','','','','','','','None','','Home','False','','','','','','','','','','','','None','','','False','','','','','','','','','English','','','','','','','','','Case','','','','','','','','None','','','','False','False','False','False','False','False','False','','','','','','','','','','','','','','None','','','','','','False','','False','','','','','','','','','None','False','False','','','','','','','pa+case1972@example.com','p+case4@example.org','Home','Personal','Work','False','Home','','paige.case1960@example.org','(865)679-5573','0.0','','','','','0.0','','0.0','','','','0.0','','','','0.0','0.0','0.0','0.0','0.0','0.0','0.0','0.0','0.0','0.0','0.0','','','','','','0.0','0.0','False','False','False','False','False','False','','','','','','','','','','','','0.0','','False','False','','','','');
INSERT INTO "Contact" VALUES('Contact-117','s-compton@example.com','Shane','Compton','001-470-206-1111x690','','','','','Sensory processing disorder','False','','','','','Initial Inquiry','','','','OZNKGBQP3T0','','','','','Anyone stand exactly war goal.','None','','Guardian','False','2015-01-16','','','','','','','','','','','Initial Inquiry','','','False','','','','Daughter quite after realize. Research town large culture just never account. Foreign young or throughout artist future image.','','Legal','Initial Inquiry','','Japanese','','','Inactive','Sponsorship/Donations','Rosario, Harper and Murphy','Spanish','','Team Facilitator Lead','Shane','Study.','They/Them','','','','','','None','','','','False','False','False','False','False','False','False','Unisex XL','','','','','','','','','','','','','None','','','','','','False','','False','','','','','','','','Narcolepsy Alert','None','False','False','','Board - READ ONLY','','','','','sh-compton6@example.org','s-compton@example.com','Home','Personal','Other','False','Other','','shane_compton1953@example.net','(503)938-9073x5926','0.0','25703.0','1991','2024-05-03','26403.0','0.0','2024-06-15','0.0','2024-11-28','Serious do politics. War south market eye possible. Your above new which win head middle training.','Choose cut never strong. Man woman long skill very.','0.0','2024-06-30','2024-08-18','Household__c.Formal_Greeting__c','0.0','0.0','0.0','0.0','0.0','0.0','0.0','0.0','0.0','0.0','0.0','54472.0','34459.0','83398.0','9861.0','No Contacts','0.0','0.0','False','False','False','True','False','False','48031.0','2025-01-02','69084.0','2024-10-19','6210.0','','33572.0','78945.0','9984.0','69600.0','9248.0','0.0','','False','False','','','npsp__Address__c-55','');
INSERT INTO "Contact" VALUES('Contact-118','dolewis73@example.org','Lewis','Dorothy','(226)830-6060x094','','','','','','False','','','','','','','','','','','','','','','None','','Home','False','','','','','','','','','','','','None','','','False','','','','','','','','','English','','','','','','','','','Lewis','','','','','','','','None','','','','False','False','False','False','False','False','False','','','','','','','','','','','','','','None','','','','','','False','','False','','','','','','','','','None','False','False','','','','','','','dorothy_lewis@example.net','dolewis73@example.org','Home','Personal','Work','False','Other','','dorothy-lewis1965@example.org','335-647-7179x11524','0.0','','','','','0.0','','0.0','','','','0.0','','','','0.0','0.0','0.0','0.0','0.0','0.0','0.0','0.0','0.0','0.0','0.0','','','','','','0.0','0.0','False','False','False','False','False','False','','','','','','','','','','','','0.0','','False','False','','','','');
INSERT INTO "Contact" VALUES('Contact-119','tina.tanner@example.org','Tanner','Tina','266-239-9363','','','','','','False','','','','','','','','','','','','','','','None','','Home','False','','','','','','','','','','','','None','','','False','','','','','','','','','English','','','','','','','','','Tanner','','','','','','','','None','','','','False','False','False','False','False','False','False','','','','','','','','','','','','','','None','','','','','','False','','False','','','','','','','','','None','False','False','','','','','','','tina.tanner54@example.org','tina.tanner@example.org','Home','Personal','Other','False','Other','','titanner2@example.org','973-796-3640x859','0.0','','','','','0.0','','0.0','','','','0.0','','','','0.0','0.0','0.0','0.0','0.0','0.0','0.0','0.0','0.0','0.0','0.0','','','','','','0.0','0.0','False','False','False','False','False','False','','','','','','','','','','','','0.0','','False','False','','','','');
INSERT INTO "Contact" VALUES('Contact-120','kylie-reilly@example.com','Kylie','Reilly','451.648.0166x6261','','','','','Mental health condition','False','','','','','','','','','AZHNGBRK','','','','','','None','','Home','False','2018-03-02','','','','','','','','','','','None','','','False','','','','','','','','','English','','','','','Mccoy, Evans and Dean','Spanish','','Volunteer;Team Facilitator','Kylie','Recent.','Prefer not to answer','','','','','','None','','','','False','False','False','False','False','False','False','Men XS','','','','','','','','','','','','','None','','','','','','False','','False','','','','','','','','Hearing Alert','Inactive','False','False','','Active Projects- Fund Development','','','','','k-reilly9@example.net','kylie-reilly@example.com','Home','Personal','Other','False','Home','','ky_reilly@example.net','386.361.5506','0.0','','','','','0.0','','0.0','','','','0.0','','','','0.0','0.0','0.0','0.0','0.0','0.0','0.0','0.0','0.0','0.0','0.0','','','','','','0.0','0.0','False','False','False','False','False','False','','','','','','','','','','','','0.0','','False','False','','','npsp__Address__c-56','');
INSERT INTO "Contact" VALUES('Contact-121','pa.lloyd@example.net','Lloyd','Pamela','601.817.2497','','','','','','False','','','','','','','','','','','','','','','None','','Home','False','','','','','','','','','','','','None','','','False','','','','','','','','','English','','','','','','','','','Lloyd','','','','','','','','None','','','','False','False','False','False','False','False','False','','','','','','','','','','','','','','None','','','','','','False','','False','','','','','','','','','None','False','False','','','','','','','pamela.lloyd9@example.org','pa.lloyd@example.net','Home','Personal','Other','False','Home','','pa.lloyd7@example.net','393-878-9699x284','0.0','','','','','0.0','','0.0','','','','0.0','','','','0.0','0.0','0.0','0.0','0.0','0.0','0.0','0.0','0.0','0.0','0.0','','','','','','0.0','0.0','False','False','False','False','False','False','','','','','','','','','','','','0.0','','False','False','','','','');
INSERT INTO "Contact" VALUES('Contact-122','sstevenson72@example.com','Stevenson','Spencer','417.821.4894x777','','','','','','False','','','','','','','','','','','','','','','None','','Home','False','','','','','','','','','','','','None','','','False','','','','','','','','','English','','','','','','','','','Stevenson','','','','','','','','None','','','','False','False','False','False','False','False','False','','','','','','','','','','','','','','None','','','','','','False','','False','','','','','','','','','None','False','False','','','','','','','sp-stevenson3@example.com','sstevenson72@example.com','Home','Personal','Work','False','Home','','sp-stevenson@example.net','553.504.2991x82271','0.0','','','','','0.0','','0.0','','','','0.0','','','','0.0','0.0','0.0','0.0','0.0','0.0','0.0','0.0','0.0','0.0','0.0','','','','','','0.0','0.0','False','False','False','False','False','False','','','','','','','','','','','','0.0','','False','False','','','','');
INSERT INTO "Contact" VALUES('Contact-123','jroman1955@example.org','Jeffrey','Roman','001-445-867-9415','','','','','None/do not identify with a disability','False','','','','','Onboarding','','','','DMYSGBBC','','','','','Get house trip establish.','None','','Guardian','False','2009-05-03','','','','','','','','','','','None','','','False','','','','Consumer operation player TV relationship. State rule particularly she in. Where first concern.','','Writing/Communications','Onboarding','','English','','','None','Assistance Dogs Set in Motion Program','Velez, Stafford and Harper','Portuguese','','Donor','Jeffrey','Sell.','She/Her','','','','','','None','','','','False','False','False','False','False','False','False','Women XXL','','','','','','','','','','','','','None','','','','','','False','','False','','','','','','','','Medical Incident Assist','None','False','False','','Active Projects- Academy','','','','','je.roman2006@example.org','jroman1955@example.org','Home','Personal','Work','False','Home','','jeffrey_roman1981@example.org','+1-339-419-9977x1906','0.0','83406.0','1993','2024-04-08','84868.0','0.0','2024-01-28','0.0','2024-03-07','Air end bar later no hotel material. Think traditional purpose bad sea class animal.','Respond never see up star art. Article kid style.','0.0','2024-01-20','2024-07-11','Household__c.Name','0.0','0.0','0.0','0.0','0.0','0.0','0.0','0.0','0.0','0.0','0.0','97977.0','55206.0','91353.0','97843.0','No Contacts','0.0','0.0','False','False','False','False','False','True','15917.0','2024-12-01','62937.0','2024-01-22','33820.0','','75133.0','89246.0','78397.0','77361.0','69870.0','0.0','','False','False','','','npsp__Address__c-57','');
INSERT INTO "Contact" VALUES('Contact-124','pe-wagner2001@example.com','Wagner','Peggy','001-627-741-1902','','','','','','False','','','','','','','','','','','','','','','None','','Home','False','','','','','','','','','','','','None','','','False','','','','','','','','','English','','','','','','','','','Wagner','','','','','','','','None','','','','False','False','False','False','False','False','False','','','','','','','','','','','','','','None','','','','','','False','','False','','','','','','','','','None','False','False','','','','','','','peggy_wagner2005@example.org','pe-wagner2001@example.com','Home','Personal','Home','False','Other','','pe-wagner50@example.com','822-346-5890','0.0','','','','','0.0','','0.0','','','','0.0','','','','0.0','0.0','0.0','0.0','0.0','0.0','0.0','0.0','0.0','0.0','0.0','','','','','','0.0','0.0','False','False','False','False','False','False','','','','','','','','','','','','0.0','','False','False','','','','');
INSERT INTO "Contact" VALUES('Contact-125','ca+haney2008@example.org','Haney','Caitlin','(397)354-6728x391','','','','','','False','','','','','','','','','','','','','','','None','','Home','False','','','','','','','','','','','','None','','','False','','','','','','','','','English','','','','','','','','','Haney','','','','','','','','None','','','','False','False','False','False','False','False','False','','','','','','','','','','','','','','None','','','','','','False','','False','','','','','','','','','None','False','False','','','','','','','c_haney9@example.org','ca+haney2008@example.org','Home','Personal','Home','False','Other','','c_haney1@example.org','(635)651-7383x350','0.0','','','','','0.0','','0.0','','','','0.0','','','','0.0','0.0','0.0','0.0','0.0','0.0','0.0','0.0','0.0','0.0','0.0','','','','','','0.0','0.0','False','False','False','False','False','False','','','','','','','','','','','','0.0','','False','False','','','','');
INSERT INTO "Contact" VALUES('Contact-126','meagan.kent14@example.org','Meagan','Kent','734-279-9411','','','','','Mobility/ambulatory difficulty','False','','','','','Active','','','','UBYTGBAXO07','','','','','Identify window sign magazine seem.','None','','Home','True','2020-06-12','','','','','','','','','','','Onboarding','','','False','','','','Tell sister whole. Approach discussion final argue anything image. Scene successful film.','','Sales','Inactive','','German','','','Inactive','Trainer Certification','David-Molina','Spanish','','Team Facilitator Lead','Meagan','Rest.','They/Them','','','','','','None','','','','False','False','False','False','False','False','False','Child S','','','','','','','','','','','','','None','','','','','','False','','True','','','','','','','','Psychiatric','None','False','False','','Operations- Volunteer and Staff','','','','','meagan+kent46@example.org','meagan.kent14@example.org','Home','Personal','Other','False','Home','','m+kent9@example.net','690-398-5415x795','0.0','44581.0','1977','2024-04-14','13141.0','0.0','2024-10-20','0.0','2024-10-28','Sort field agency teach hit audience. Pull bank woman office.','Beyond ball central serious story but. Decade pick father rest.','0.0','2024-12-16','2024-12-17','Household__c.Name','0.0','0.0','0.0','0.0','0.0','0.0','0.0','0.0','0.0','0.0','0.0','16545.0','38487.0','49483.0','7955.0','All Individual Contacts','0.0','0.0','False','False','False','False','False','True','9540.0','2024-10-17','82714.0','2024-10-30','49338.0','','20987.0','78401.0','25544.0','14174.0','68903.0','0.0','','False','False','','','npsp__Address__c-58','');
INSERT INTO "Contact" VALUES('Contact-127','lance+mcintyre@example.net','Lance','Mcintyre','001-490-825-6275x18613','','','','','Mental health condition','False','','','','','Onboarding','','','','GNCMGBUAR8A','','','','','Control country film month officer wrong.','None','','Home','True','2000-04-24','','','','','','','','','','','None','','','False','','','','Laugh arm throughout society he over. Free represent red argue mind list.','','Outreach/Networking','Initial Inquiry','','English','','','None','Sweet Snoopers Training Program','Hogan, Daniels and Whitaker','Spanish','','Puppy Raiser','Lance','Friend.','She/Her','','','','','','Suspended','','','','False','False','False','False','False','False','False','Men XL','','','','','','','','','','','','','None','','','','','','False','','True','','','','','','','','Diabetes Alert','None','False','False','','Active Projects- Governance, Compliance and Operations','','','','','la+mcintyre52@example.org','lance+mcintyre@example.net','Home','Personal','Work','False','Home','','la_mcintyre@example.net','660-229-2518','0.0','62282.0','1990','2024-07-06','29455.0','0.0','2025-01-09','0.0','2024-11-21','Matter Democrat choice. Between away garden school language matter establish.','Military cover mission often. Receive race night as. Design out seven way.','0.0','2024-04-30','2024-09-13','Household__c.Name','0.0','0.0','0.0','0.0','0.0','0.0','0.0','0.0','0.0','0.0','0.0','76042.0','64652.0','66824.0','49313.0','All Individual Contacts','0.0','0.0','False','False','False','False','False','True','7037.0','2024-07-25','27062.0','2024-07-01','87127.0','','87967.0','64299.0','64483.0','44076.0','33685.0','0.0','','False','False','','','npsp__Address__c-59','');
INSERT INTO "Contact" VALUES('Contact-128','me.bautista1955@example.com','Meagan','Bautista','494-706-4008x043','','','','','Deaf/Hard of hearing','False','','','','','Inactive','','','','SKBNGB4IR86','','','','','Way road table pull natural husband grow.','None','','Home','False','2014-02-16','','','','','','','','','','','None','','','False','','','','Accept break campaign. Main early form.','','Administration','Inactive','','English','','','None','Teams Set in Motion Program','Foster, Rios and Luna','Korean','','Volunteer;Puppy Raiser','Meagan','Drug.','Specify','','','','','','Suspended','','','','False','False','False','False','False','False','False','Unisex L','','','','','','','','','','','','','None','','','','','','False','','False','','','','','','','','Seizure Response','None','False','False','','Active Projects- Branding and Marketing','','','','','mbautista1965@example.net','me.bautista1955@example.com','Home','Personal','Work','False','Other','','me.bautista2012@example.net','880-831-8544','0.0','87475.0','2024','2024-07-08','94498.0','0.0','2024-09-06','0.0','2024-07-18','Case another own note media thousand. Whom law former price. Artist fear recently writer.','These company do factor also wife live. Structure hour how never.','0.0','2024-04-27','2024-02-26','Household__c.Informal_Greeting__c','0.0','0.0','0.0','0.0','0.0','0.0','0.0','0.0','0.0','0.0','0.0','71682.0','37159.0','42718.0','40487.0','All Individual Contacts','0.0','0.0','False','False','False','False','True','False','2766.0','2024-10-31','40933.0','2024-04-22','57731.0','','63939.0','51365.0','32913.0','82324.0','47124.0','0.0','','False','False','','','npsp__Address__c-60','');
INSERT INTO "Contact" VALUES('Contact-129','e_roberson1964@example.net','Roberson','Elijah','001-920-884-9199x229','','','','','','False','','','','','','','','','','','','','','','None','','Home','False','','','','','','','','','','','','None','','','False','','','','','','','','','English','','','','','','','','','Roberson','','','','','','','','None','','','','False','False','False','False','False','False','False','','','','','','','','','','','','','','None','','','','','','False','','False','','','','','','','','','None','False','False','','','','','','','e.roberson1992@example.net','e_roberson1964@example.net','Home','Personal','Home','False','Work','','elijah_roberson1982@example.net','+1-545-602-5003x90219','0.0','','','','','0.0','','0.0','','','','0.0','','','','0.0','0.0','0.0','0.0','0.0','0.0','0.0','0.0','0.0','0.0','0.0','','','','','','0.0','0.0','False','False','False','False','False','False','','','','','','','','','','','','0.0','','False','False','','','','');
INSERT INTO "Contact" VALUES('Contact-130','c_goodman0@example.net','Goodman','Catherine','364-928-6463x864','','','','','','False','','','','','','','','','','','','','','','None','','Home','False','','','','','','','','','','','','None','','','False','','','','','','','','','English','','','','','','','','','Goodman','','','','','','','','None','','','','False','False','False','False','False','False','False','','','','','','','','','','','','','','None','','','','','','False','','False','','','','','','','','','None','False','False','','','','','','','catherinegoodman8@example.net','c_goodman0@example.net','Home','Personal','Other','False','Work','','c_goodman4@example.com','001-701-460-1711x25768','0.0','','','','','0.0','','0.0','','','','0.0','','','','0.0','0.0','0.0','0.0','0.0','0.0','0.0','0.0','0.0','0.0','0.0','','','','','','0.0','0.0','False','False','False','False','False','False','','','','','','','','','','','','0.0','','False','False','','','','');
INSERT INTO "Contact" VALUES('Contact-131','sharvey@example.com','Sarah','Harvey','7605374273','','','','','None/do not identify with a disability','False','','','','','Onboarding','','','','JQPCGB6E','','','','','Official best suddenly middle throughout result save.','Onboarding','','Home','True','2002-11-18','','','','','','','','','','','None','','','False','','','','Trouble role reflect call physical money.','','Nonprofit Leadership','Onboarding','','English','','','None','Sponsorship/Donations','Pope, Brady and Rose','Spanish','','Client','Sarah','Family me.','Specify','','','','','','None','','','','False','False','False','False','False','False','False','Child S','','','','','','','','','','','','','None','','','','','','False','','False','','','','','','','','Mobility','None','False','False','','Active Projects- Dog Availability','','','','','sa-harvey@example.net','sharvey@example.com','Home','Personal','Other','False','Home','','s-harvey2000@example.com','978.604.3089','0.0','47547.0','2018','2024-02-09','51951.0','0.0','2024-02-23','0.0','2024-04-13','Laugh watch opportunity figure listen nearly. President of time concern apply rule miss service.','Simply factor only finish rock kitchen. Church stop boy lot. Ready late home address believe.','0.0','2024-03-09','2024-02-20','Household__c.Name','0.0','0.0','0.0','0.0','0.0','0.0','0.0','0.0','0.0','0.0','0.0','32572.0','8294.0','39348.0','38193.0','No Contacts','0.0','0.0','False','False','False','False','False','True','1283.0','2024-07-10','64557.0','2024-04-05','49639.0','','92890.0','59984.0','9927.0','25122.0','16113.0','0.0','','False','False','','','npsp__Address__c-61','');
INSERT INTO "Contact" VALUES('Contact-132','alwiggins6@example.net','Allison','Wiggins','001-491-673-9954x239','','','','','Chronic medical illness','False','','','','','Initial Inquiry','','','','JKBQGB0L','','','','','Because quickly election more.','None','','Home','True','2020-01-12','','','','','','','','','','','None','','','False','','','','Speak else black glass five someone. After leader process score too.','','Fundraising/Grants','Initial Inquiry','','English','','','None','General info/Other','Mcfarland PLC','Italian','','Trainer','Allison','Bring get.','They/Them','','','','','','None','','','','False','False','False','False','False','False','False','Unisex L','','','','','','','','','','','','','None','','','','','','False','','True','','','','','','','','Mobility;Autism','Discontinued','False','False','','Active Projects- State Registration','','','','','al+wiggins@example.org','alwiggins6@example.net','Home','Personal','Home','False','Other','','allison.wiggins6@example.net','+1-455-743-3736x7258','0.0','4733.0','2016','2024-03-08','64961.0','0.0','2024-09-28','0.0','2024-12-24','Red heavy break rule way fish hundred. Kid treatment site little. Child difference try reduce.','Item could better seem Congress poor control. Tv or require them person oil form.','0.0','2024-12-05','2024-02-27','Household__c.Formal_Greeting__c','0.0','0.0','0.0','0.0','0.0','0.0','0.0','0.0','0.0','0.0','0.0','50997.0','98582.0','19028.0','37948.0','No Contacts','0.0','0.0','False','False','False','True','False','False','74963.0','2024-02-17','71939.0','2024-12-12','32667.0','','40945.0','23291.0','20373.0','34089.0','54424.0','0.0','','False','False','','','npsp__Address__c-62','');
INSERT INTO "Contact" VALUES('Contact-133','lauren-benitez5@example.com','Benitez','Lauren','001-805-948-7966','','','','','','False','','','','','','','','','','','','','','','None','','Home','False','','','','','','','','','','','','None','','','False','','','','','','','','','English','','','','','','','','','Benitez','','','','','','','','None','','','','False','False','False','False','False','False','False','','','','','','','','','','','','','','None','','','','','','False','','False','','','','','','','','','None','False','False','','','','','','','l_benitez@example.org','lauren-benitez5@example.com','Home','Personal','Other','False','Other','','l+benitez1@example.com','274-898-7899x84190','0.0','','','','','0.0','','0.0','','','','0.0','','','','0.0','0.0','0.0','0.0','0.0','0.0','0.0','0.0','0.0','0.0','0.0','','','','','','0.0','0.0','False','False','False','False','False','False','','','','','','','','','','','','0.0','','False','False','','','','');
INSERT INTO "Contact" VALUES('Contact-134','a+donaldson1991@example.net','Donaldson','Andre','001-451-667-0870x76552','','','','','','False','','','','','','','','','','','','','','','None','','Home','False','','','','','','','','','','','','None','','','False','','','','','','','','','English','','','','','','','','','Donaldson','','','','','','','','None','','','','False','False','False','False','False','False','False','','','','','','','','','','','','','','None','','','','','','False','','False','','','','','','','','','None','False','False','','','','','','','andre_donaldson@example.net','a+donaldson1991@example.net','Home','Personal','Home','False','Other','','an-donaldson7@example.com','+1-460-925-4758x410','0.0','','','','','0.0','','0.0','','','','0.0','','','','0.0','0.0','0.0','0.0','0.0','0.0','0.0','0.0','0.0','0.0','0.0','','','','','','0.0','0.0','False','False','False','False','False','False','','','','','','','','','','','','0.0','','False','False','','','','');
INSERT INTO "Contact" VALUES('Contact-135','roberta.calhoun1@example.org','Roberta','Calhoun','506.513.3914x97729','','','','','Sensory processing disorder','False','','','','','Onboarding','','','','LGUEGBEE','','','','','City store fund question probably the.','None','','Home','True','2018-07-19','','','','','','','','','','','None','','','False','','','','Instead show star fill. Identify how big actually relationship. Beautiful race mouth we.','','Website development','Onboarding','','English','','','None','Volunteering','Morales, Gardner and Frazier','Vietnamese','','Trainer','Roberta','Education.','They/Them','','','','','','None','','','','False','False','False','False','False','False','False','Child M','','','','','','','','','','','','','None','','','','','','False','','True','','','','','','','','Hearing Alert','Inactive','False','False','','Sensitive Info- Trainer','','','','','robertacalhoun54@example.com','roberta.calhoun1@example.org','Home','Personal','Other','False','Other','','rocalhoun2004@example.net','(552)882-7720x2188','0.0','39777.0','1984','2024-05-26','72206.0','0.0','2024-03-27','0.0','2024-09-17','Black stock arm. Among clear language likely describe establish.','Seat to break happen seek task. Certainly much company price.','0.0','2024-08-19','2024-05-09','Household__c.Formal_Greeting__c','0.0','0.0','0.0','0.0','0.0','0.0','0.0','0.0','0.0','0.0','0.0','74094.0','33267.0','44273.0','24426.0','All Individual Contacts','0.0','0.0','False','False','False','True','False','False','86566.0','2024-04-06','42677.0','2024-11-23','63470.0','','96162.0','1212.0','54988.0','45778.0','41743.0','0.0','','False','False','','','npsp__Address__c-63','');
INSERT INTO "Contact" VALUES('Contact-136','a-lowery@example.net','Lowery','April','361.872.1983x2904','','','','','','False','','','','','','','','','','','','','','','None','','Home','False','','','','','','','','','','','','None','','','False','','','','','','','','','English','','','','','','','','','Lowery','','','','','','','','None','','','','False','False','False','False','False','False','False','','','','','','','','','','','','','','None','','','','','','False','','False','','','','','','','','','None','False','False','','','','','','','ap-lowery2008@example.com','a-lowery@example.net','Home','Personal','Other','False','Home','','a+lowery1995@example.net','+1-381-228-6152x2724','0.0','','','','','0.0','','0.0','','','','0.0','','','','0.0','0.0','0.0','0.0','0.0','0.0','0.0','0.0','0.0','0.0','0.0','','','','','','0.0','0.0','False','False','False','False','False','False','','','','','','','','','','','','0.0','','False','False','','','','');
INSERT INTO "Contact" VALUES('Contact-137','vi_callahan95@example.com','Callahan','Victoria','430-328-7975x59241','','','','','','False','','','','','','','','','','','','','','','None','','Home','False','','','','','','','','','','','','None','','','False','','','','','','','','','English','','','','','','','','','Callahan','','','','','','','','None','','','','False','False','False','False','False','False','False','','','','','','','','','','','','','','None','','','','','','False','','False','','','','','','','','','None','False','False','','','','','','','v+callahan@example.org','vi_callahan95@example.com','Home','Personal','Home','False','Home','','v+callahan1958@example.org','485-427-8026','0.0','','','','','0.0','','0.0','','','','0.0','','','','0.0','0.0','0.0','0.0','0.0','0.0','0.0','0.0','0.0','0.0','0.0','','','','','','0.0','0.0','False','False','False','False','False','False','','','','','','','','','','','','0.0','','False','False','','','','');
INSERT INTO "Contact" VALUES('Contact-138','ja+chase@example.org','Jasmine','Chase','452-523-5899x5730','','','','','Chronic medical illness','False','','','','','Active','','','','VBDBGBEG','','','','','Material area and state three.','None','','Alternate','True','2021-02-19','','','','','','','','','','','None','','','False','','','','Learn entire under green bill them hold.','','Nonprofit Leadership','None','','Tagalog','','','None','Client Certification','Norris-Carson','Russian','','Volunteer','Jasmine','Rather.','Prefer not to answer','','','','','','None','','','','False','False','False','False','False','False','False','Unisex XS','','','','','','','','','','','','','None','','','','','','False','','False','','','','','','','','Autism','None','False','False','','Active Projects- Fund Development','','','','','ja+chase@example.org','j_chase1946@example.com','Home','Personal','Work','False','Other','','ja+chase5@example.org','(285)891-9362x2733','0.0','5309.0','2007','2024-08-12','1898.0','0.0','2024-03-09','0.0','2024-06-20','Consumer control way than pressure address kid law. Kitchen mean language stuff.','List family list subject get only. Develop cultural main drug either enjoy quite TV.','0.0','2024-05-31','2024-12-11','Household__c.Name','0.0','0.0','0.0','0.0','0.0','0.0','0.0','0.0','0.0','0.0','0.0','79857.0','65237.0','16636.0','58736.0','All Individual Contacts','0.0','0.0','False','False','False','False','False','True','7907.0','2024-02-07','78116.0','2024-06-29','21279.0','','98669.0','41605.0','90514.0','15742.0','14502.0','0.0','','False','False','','','npsp__Address__c-64','');
INSERT INTO "Contact" VALUES('Contact-139','ruben.riley1976@example.org','Ruben','Riley','744-811-7369x93724','','','','','Chronic medical illness','False','','','','','None','','','','FAHXGB4YQ1O','','Tucker','','','Win ready degree few create force inside discuss.','','','Home','False','2004-11-16','','','','','','','','','','','Initial Inquiry','','','False','','','','Across community natural during price. Majority member far suggest natural after listen.','','Technology/Infrastructure','Inactive','','English','','','Active','Trainer Certification','Huber Group','Japanese','','Volunteer;Team Facilitator Lead;Client','Ruben','At well.','Specify','','','','','','None','','','','False','False','False','False','False','False','False','Women L','','','','','','','','','','','','','None','','','','','','False','','False','','','','','','','','Seizure Response','None','False','False','','Active Projects- ADI','','','','','ru_riley@example.net','ruben.riley1976@example.org','Home','Personal','Home','False','Other','','r-riley3@example.net','(611)583-1841x661','0.0','86623.0','1974','2024-06-22','95604.0','0.0','2024-12-09','0.0','2024-12-05','Choice grow improve executive these down. Behavior best month power power though most.','His along write war. Question radio next draw happy term out. Somebody find better apply early and.','0.0','2024-07-09','2024-12-20','Household__c.Name','0.0','0.0','0.0','0.0','0.0','0.0','0.0','0.0','0.0','0.0','0.0','88568.0','45469.0','34638.0','93204.0','All Individual Contacts','0.0','0.0','False','False','False','False','False','True','21181.0','2024-05-11','82068.0','2024-08-26','2006.0','','91308.0','6351.0','20229.0','63194.0','49839.0','0.0','','False','False','','','npsp__Address__c-65','');
INSERT INTO "Contact" VALUES('Contact-140','li.thompson1998@example.net','Thompson','Linda','001-755-867-5537x31268','','','','','','False','','','','','','','','','','','','','','','None','','Home','False','','','','','','','','','','','','None','','','False','','','','','','','','','English','','','','','','','','','Thompson','','','','','','','','None','','','','False','False','False','False','False','False','False','','','','','','','','','','','','','','None','','','','','','False','','False','','','','','','','','','None','False','False','','','','','','','l.thompson@example.com','li.thompson1998@example.net','Home','Personal','Home','False','Other','','linda_thompson83@example.net','+1-256-421-6000','0.0','','','','','0.0','','0.0','','','','0.0','','','','0.0','0.0','0.0','0.0','0.0','0.0','0.0','0.0','0.0','0.0','0.0','','','','','','0.0','0.0','False','False','False','False','False','False','','','','','','','','','','','','0.0','','False','False','','','','');
INSERT INTO "Contact" VALUES('Contact-141','k+aguirre5@example.org','Aguirre','Kendra','+1-444-707-9356','','','','','','False','','','','','','','','','','','','','','','None','','Home','False','','','','','','','','','','','','None','','','False','','','','','','','','','English','','','','','','','','','Aguirre','','','','','','','','None','','','','False','False','False','False','False','False','False','','','','','','','','','','','','','','None','','','','','','False','','False','','','','','','','','','None','False','False','','','','','','','k+aguirre1945@example.net','k+aguirre5@example.org','Home','Personal','Other','False','Other','','k-aguirre15@example.org','796-393-3087','0.0','','','','','0.0','','0.0','','','','0.0','','','','0.0','0.0','0.0','0.0','0.0','0.0','0.0','0.0','0.0','0.0','0.0','','','','','','0.0','0.0','False','False','False','False','False','False','','','','','','','','','','','','0.0','','False','False','','','','');
INSERT INTO "Contact" VALUES('Contact-142','lo-bolton2@example.org','Lorraine','Bolton','7564593391','','','','','Intellectual disability','False','','','','','','','','','QWPLGBLR','','','','','','None','','Home','False','2017-02-24','','','','','','','','','','','None','','','False','','','','','','','','','English','','','','','Allen, Ashley and Shelton','Arabic','','Volunteer;Trainer','Lorraine','We would.','He/Him','','','','','','None','','','','False','False','False','False','False','False','False','Women XS','','','','','','','','','','','','','None','','','','','','False','','True','','','','','','','','Psychiatric','Onboarding','False','False','','Active Projects- Volunteer Recruitment and Retention','','','','','lorraine.bolton@example.org','lo-bolton2@example.org','Home','Personal','Work','False','Work','','lo.bolton2@example.net','809-672-0379x3074','0.0','','','','','0.0','','0.0','','','','0.0','','','','0.0','0.0','0.0','0.0','0.0','0.0','0.0','0.0','0.0','0.0','0.0','','','','','','0.0','0.0','False','False','False','False','False','False','','','','','','','','','','','','0.0','','False','False','','','npsp__Address__c-66','');
INSERT INTO "Contact" VALUES('Contact-143','ca_larson@example.net','Larson','Carlos','(469)972-4210x92374','','','','','','False','','','','','','','','','','','','','','','None','','Home','False','','','','','','','','','','','','None','','','False','','','','','','','','','English','','','','','','','','','Larson','','','','','','','','None','','','','False','False','False','False','False','False','False','','','','','','','','','','','','','','None','','','','','','False','','False','','','','','','','','','None','False','False','','','','','','','ca_larson62@example.org','ca_larson@example.net','Home','Personal','Home','False','Work','','c.larson4@example.org','879-306-1025x08310','0.0','','','','','0.0','','0.0','','','','0.0','','','','0.0','0.0','0.0','0.0','0.0','0.0','0.0','0.0','0.0','0.0','0.0','','','','','','0.0','0.0','False','False','False','False','False','False','','','','','','','','','','','','0.0','','False','False','','','','');
INSERT INTO "Contact" VALUES('Contact-144','kepeterson53@example.org','Peterson','Kellie','590-380-5706x6203','','','','','','False','','','','','','','','','','','','','','','None','','Home','False','','','','','','','','','','','','None','','','False','','','','','','','','','English','','','','','','','','','Peterson','','','','','','','','None','','','','False','False','False','False','False','False','False','','','','','','','','','','','','','','None','','','','','','False','','False','','','','','','','','','None','False','False','','','','','','','ke_peterson46@example.net','kepeterson53@example.org','Home','Personal','Other','False','Home','','kellie_peterson13@example.net','577.574.0721x451','0.0','','','','','0.0','','0.0','','','','0.0','','','','0.0','0.0','0.0','0.0','0.0','0.0','0.0','0.0','0.0','0.0','0.0','','','','','','0.0','0.0','False','False','False','False','False','False','','','','','','','','','','','','0.0','','False','False','','','','');
INSERT INTO "Contact" VALUES('Contact-145','ralph.hopkins1@example.org','Ralph','Hopkins','001-308-815-4828x4199','','','','','Sensory processing disorder','False','','','','','Onboarding','','','','GMAVGBH6','','','','','Response huge left kind because member data.','None','','Home','False','2018-08-29','','','','','','','','','','','Suspended','','','False','','','','Eight probably artist run state red apply.','','Social Media','Inactive','','English','','','None','Assistance Dogs Set in Motion Program','Kaufman, Rodriguez and Whitney','Japanese','','Team Facilitator','Ralph','Student.','They/Them','','','','','','None','','','','False','False','False','False','False','False','False','Unisex XS','','','','','','','','','','','','','None','','','','','','False','','True','','','','','','','','Autism','None','False','False','','Active Projects- Research and Development','','','','','ra_hopkins68@example.net','ralph.hopkins1@example.org','Home','Personal','Work','False','Other','','ra-hopkins@example.org','(253)426-5910x9731','0.0','80838.0','1980','2024-09-07','57424.0','0.0','2024-06-07','0.0','2024-02-22','Full word offer number personal.','Worker thing offer usually however society must. Radio middle arrive wish.','0.0','2024-02-20','2024-02-08','Household__c.Name','0.0','0.0','0.0','0.0','0.0','0.0','0.0','0.0','0.0','0.0','0.0','76096.0','56531.0','2011.0','8726.0','All New or Edited Contacts','0.0','0.0','False','False','False','False','False','True','83541.0','2024-03-15','31129.0','2024-10-02','40613.0','','62878.0','16325.0','36025.0','80284.0','42685.0','0.0','','False','False','','','npsp__Address__c-67','');
INSERT INTO "Contact" VALUES('Contact-146','j_malone92@example.org','Malone','Johnathan','001-332-431-3029','','','','','','False','','','','','','','','','','','','','','','None','','Home','False','','','','','','','','','','','','None','','','False','','','','','','','','','English','','','','','','','','','Malone','','','','','','','','None','','','','False','False','False','False','False','False','False','','','','','','','','','','','','','','None','','','','','','False','','False','','','','','','','','','None','False','False','','','','','','','j-malone2012@example.org','j_malone92@example.org','Home','Personal','Other','False','Home','','j-malone7@example.com','001-782-526-9444','0.0','','','','','0.0','','0.0','','','','0.0','','','','0.0','0.0','0.0','0.0','0.0','0.0','0.0','0.0','0.0','0.0','0.0','','','','','','0.0','0.0','False','False','False','False','False','False','','','','','','','','','','','','0.0','','False','False','','','','');
INSERT INTO "Contact" VALUES('Contact-147','lleblanc1990@example.com','Leblanc','Lori','913-494-1646x688','','','','','','False','','','','','','','','','','','','','','','None','','Home','False','','','','','','','','','','','','None','','','False','','','','','','','','','English','','','','','','','','','Leblanc','','','','','','','','None','','','','False','False','False','False','False','False','False','','','','','','','','','','','','','','None','','','','','','False','','False','','','','','','','','','None','False','False','','','','','','','lo-leblanc@example.com','lleblanc1990@example.com','Home','Personal','Home','False','Home','','lori+leblanc3@example.org','+1-568-702-1956x937','0.0','','','','','0.0','','0.0','','','','0.0','','','','0.0','0.0','0.0','0.0','0.0','0.0','0.0','0.0','0.0','0.0','0.0','','','','','','0.0','0.0','False','False','False','False','False','False','','','','','','','','','','','','0.0','','False','False','','','','');
INSERT INTO "Contact" VALUES('Contact-148','os.gallegos2006@example.net','Oscar','Gallegos','(963)789-2074','','','','','Chronic medical illness','False','','','','','Active','','','','JHJEGBQ7','','','','','And low reach sport international woman.','Initial Inquiry','','Home','False','2011-06-11','','','','','','','','','','','None','','','False','','','','Hard recently garden. Investment church material employee fact should chair.','','Technology/Infrastructure','Onboarding','','English','','','None','Teams Set in Motion Program','Fox-James','Spanish','','Volunteer;Client','Oscar','Animal.','They/Them','','','','','','None','','','','False','False','False','False','False','False','False','Men XL','','','','','','','','','','','','','None','','','','','','False','','True','','','','','','','','Mobility;Autism','None','False','False','','Active Projects- Technology Infrastructure','','','','','oscar_gallegos70@example.net','os.gallegos2006@example.net','Home','Personal','Other','False','Home','','o-gallegos08@example.org','742.306.7646','0.0','31809.0','2016','2024-10-21','85481.0','0.0','2024-07-20','0.0','2024-07-09','On build heavy right real continue likely. Plant center sell those before.','Hear prevent relate tonight interest two remain. Avoid read painting policy modern.','0.0','2024-04-04','2024-10-08','Household__c.Informal_Greeting__c','0.0','0.0','0.0','0.0','0.0','0.0','0.0','0.0','0.0','0.0','0.0','63203.0','36989.0','98895.0','91655.0','No Contacts','0.0','0.0','False','False','False','False','True','False','42175.0','2024-02-27','91403.0','2024-10-25','30673.0','','61624.0','76666.0','82679.0','44780.0','24640.0','0.0','','False','False','','','npsp__Address__c-68','');
INSERT INTO "Contact" VALUES('Contact-149','m.church1989@example.net','Madeline','Church','377-261-4202','','','','','Deaf/Hard of hearing','False','','','','','Active','','','','AZEWGB75','','','','','Explain vote computer her.','Certified','','Home','True','2006-06-12','','','','','','','','','','','None','','','False','','','','All rock sound study civil catch. Fear history night two support edge according explain.','','Social Media','None','','English','','','None','Team Facilitator Certification','Glover, Williams and Solomon','Arabic','','Client;Puppy Raiser','Madeline','Could.','He/Him','','','','','','Onboarding','','','','False','False','False','False','False','False','False','Women S','','','','','','','','','','','','','None','','','','','','False','','False','','','','','','','','Hearing Alert','None','False','False','','Board','','','','','ma_church8@example.org','m.church1989@example.net','Home','Personal','Home','False','Home','','madelinechurch9@example.net','(651)584-0178','0.0','88250.0','2010','2024-10-04','90599.0','0.0','2024-12-30','0.0','2024-08-03','Suggest different north worker. Figure feeling bill hit.','Address ago people off conference this. Woman building first education.','0.0','2024-04-25','2024-02-08','Household__c.Name','0.0','0.0','0.0','0.0','0.0','0.0','0.0','0.0','0.0','0.0','0.0','39203.0','40700.0','2569.0','58775.0','All New or Edited Contacts','0.0','0.0','False','False','False','False','False','True','93066.0','2024-02-17','69888.0','2024-07-11','63527.0','','35847.0','50908.0','69314.0','49414.0','7191.0','0.0','','False','False','','','npsp__Address__c-69','');
INSERT INTO "Contact" VALUES('Contact-150','kr_macias0@example.net','Kristen','Macias','2134798743','','','','','Chronic medical illness','False','','','','','None','','','','CNOSGBXWEC0','','','','','Should create draw.','None','','Home','False','2012-11-24','','','','','','','','','','','Suspended','','','False','','','','Middle bag without firm physical red. Grow official day mention.','','Sales','None','','English','','','None','Client Certification','Levy Group','French','','Team Facilitator','Kristen','Magazine.','They/Them','','','','','','None','','','','False','False','False','False','False','False','False','Women M','','','','','','','','','','','','','None','','','','','','False','','False','','','','','','','','Mobility','None','False','False','','Active Projects- Community Outreach and Education','','','','','k.macias89@example.com','kr_macias0@example.net','Home','Personal','Home','False','Work','','kristen-macias1974@example.net','511-263-0833x262','0.0','5471.0','2012','2024-07-25','16103.0','0.0','2024-09-16','0.0','2024-10-18','Something especially impact. Past party form response.','Science defense hold education. Cost media trial generation anything.','0.0','2024-10-15','2024-05-28','Household__c.Formal_Greeting__c','0.0','0.0','0.0','0.0','0.0','0.0','0.0','0.0','0.0','0.0','0.0','30874.0','35077.0','66390.0','93418.0','No Contacts','0.0','0.0','False','False','False','True','False','False','87207.0','2024-08-01','6110.0','2024-02-06','54217.0','','28418.0','91975.0','72590.0','39584.0','51798.0','0.0','','False','False','','','npsp__Address__c-70','');
INSERT INTO "Contact" VALUES('Contact-151','andres-crawford0@example.org','Crawford','Andres','001-831-415-8402x22071','','','','','','False','','','','','','','','','','','','','','','None','','Home','False','','','','','','','','','','','','None','','','False','','','','','','','','','English','','','','','','','','','Crawford','','','','','','','','None','','','','False','False','False','False','False','False','False','','','','','','','','','','','','','','None','','','','','','False','','False','','','','','','','','','None','False','False','','','','','','','a-crawford1988@example.org','andres-crawford0@example.org','Home','Personal','Home','False','Work','','an-crawford6@example.com','404-217-0542','0.0','','','','','0.0','','0.0','','','','0.0','','','','0.0','0.0','0.0','0.0','0.0','0.0','0.0','0.0','0.0','0.0','0.0','','','','','','0.0','0.0','False','False','False','False','False','False','','','','','','','','','','','','0.0','','False','False','','','','');
INSERT INTO "Contact" VALUES('Contact-152','alexa_allison1948@example.com','Allison','Alexa','001-789-893-5117x297','','','','','','False','','','','','','','','','','','','','','','None','','Home','False','','','','','','','','','','','','None','','','False','','','','','','','','','English','','','','','','','','','Allison','','','','','','','','None','','','','False','False','False','False','False','False','False','','','','','','','','','','','','','','None','','','','','','False','','False','','','','','','','','','None','False','False','','','','','','','a_allison8@example.net','alexa_allison1948@example.com','Home','Personal','Home','False','Other','','alexa.allison65@example.org','696-598-0381','0.0','','','','','0.0','','0.0','','','','0.0','','','','0.0','0.0','0.0','0.0','0.0','0.0','0.0','0.0','0.0','0.0','0.0','','','','','','0.0','0.0','False','False','False','False','False','False','','','','','','','','','','','','0.0','','False','False','','','','');
INSERT INTO "Contact" VALUES('Contact-153','ha_little@example.com','Harold','Little','(676)385-6708','','','','','Sensory processing disorder','False','','','','','None','','','','CHREGBZ0','','','','','Best everybody exactly produce.','None','','Home','True','2018-03-18','','','','','','','','','','','None','','','False','','','','Fear five all rather prove audience particularly responsibility. Present thing leave summer them my news.','','Outreach/Networking','Active','','English','','','None','Volunteering','Francis LLC','Tagalog','','Donor','Harold','Reality.','Prefer not to answer','','','','','','None','','','','False','False','False','False','False','False','False','Men M','','','','','','','','','','','','','None','','','','','','False','','False','','','','','','','','Psychiatric;Autism','None','False','False','','Sensitive Info- Trainer','','','','','hlittle2@example.net','ha_little@example.com','Home','Personal','Other','False','Other','','harold_little1970@example.com','001-880-679-4092','0.0','71607.0','2000','2024-11-06','62255.0','0.0','2024-03-18','0.0','2024-01-24','Forget Mrs adult miss skill. Effort chance seem senior heart describe.','Ago play in bar to. Message kitchen baby able least. Drug head gas area professional air.','0.0','2024-05-13','2024-05-28','Household__c.Informal_Greeting__c','0.0','0.0','0.0','0.0','0.0','0.0','0.0','0.0','0.0','0.0','0.0','19817.0','93032.0','8585.0','12326.0','All Individual Contacts','0.0','0.0','False','False','False','False','True','False','70409.0','2024-03-30','1753.0','2024-03-23','32524.0','','91806.0','52915.0','3340.0','16296.0','54373.0','0.0','','False','False','','','npsp__Address__c-71','');
INSERT INTO "Contact" VALUES('Contact-154','sally_dyer1956@example.com','Sally','Dyer','+1-833-458-0576x3510','','','','','Prefer not to answer','False','','','','','Active','','','','EQMFGB8U','','','','','Relationship wind respond example write involve fish.','In Training','','Home','True','2011-05-23','','','','','','','','','','','None','','','False','','','','Perhaps example ready part industry since own contain. Chance do yard probably. Mother protect option yourself despite animal rate determine.','','Legal','None','','English','','','None','Volunteering','Glover, Berg and Graves','Cantonese','','Client','Sally','Whatever.','Prefer not to answer','','','','','','None','','','','False','False','False','False','False','False','False','Child M','','','','','','','','','','','','','None','','','','','','False','','True','','','','','','','','Hearing Alert','None','False','False','','Active Projects- Dog Availability','','','','','sally-dyer9@example.com','sally_dyer1956@example.com','Home','Personal','Work','False','Work','','sa-dyer@example.com','311-810-2808x665','0.0','87970.0','1992','2024-09-16','3541.0','0.0','2024-03-11','0.0','2024-09-26','Development better buy yard agree. Operation foreign exist born organization ground professor.','Family work others concern leave memory. Military nation best music various.','0.0','2025-01-13','2024-05-22','Household__c.Informal_Greeting__c','0.0','0.0','0.0','0.0','0.0','0.0','0.0','0.0','0.0','0.0','0.0','84041.0','96913.0','35610.0','81755.0','All Individual Contacts','0.0','0.0','False','False','False','False','True','False','61338.0','2024-05-08','79963.0','2024-07-21','45213.0','','29579.0','78901.0','67378.0','83428.0','65896.0','0.0','','False','False','','','npsp__Address__c-72','');
INSERT INTO "Contact" VALUES('Contact-155','aamontgomery10@example.net','Aaron','Montgomery','+1-851-221-3327x40716','','','','','Mental health condition','False','','','','','None','','','','IEEOGBIN3JK','','','','','Audience feeling speak according.','None','','Home','True','2018-06-26','','','','','','','','','','','None','','','False','','','','Church yard physical activity. Thing car apply speak sign quite. Subject without soldier language fly program.','','Administration','None','','English','','','None','Assistance Dogs Set in Motion Program','Zimmerman, Wade and Flynn','Arabic','','Trainer','Aaron','Check air.','They/Them','','','','','','None','','','','False','False','False','False','False','False','False','Women S','','','','','','','','','','','','','None','','','','','','False','','False','','','','','','','','Psychiatric;Autism','Initial Inquiry','False','False','','Active Projects- Fund Development','','','','','aa.montgomery2015@example.net','aamontgomery10@example.net','Home','Personal','Work','False','Other','','aa-montgomery4@example.org','(703)483-7820','0.0','11322.0','2005','2024-05-24','49040.0','0.0','2024-08-25','0.0','2024-11-01','Tell be need ready list front may among. Well far career.','Standard early total in note business argue. Over customer less bank.','0.0','2024-08-09','2024-04-08','Household__c.Informal_Greeting__c','0.0','0.0','0.0','0.0','0.0','0.0','0.0','0.0','0.0','0.0','0.0','51008.0','38415.0','43692.0','79143.0','All Individual Contacts','0.0','0.0','False','False','False','False','True','False','5725.0','2024-02-26','16475.0','2024-09-03','98167.0','','77894.0','69595.0','85007.0','55190.0','76770.0','0.0','','False','False','','','npsp__Address__c-73','');
INSERT INTO "Contact" VALUES('Contact-156','mhopkins@example.org','Hopkins','Marie','+1-944-762-1222x2985','','','','','','False','','','','','','','','','','','','','','','None','','Home','False','','','','','','','','','','','','None','','','False','','','','','','','','','English','','','','','','','','','Hopkins','','','','','','','','None','','','','False','False','False','False','False','False','False','','','','','','','','','','','','','','None','','','','','','False','','False','','','','','','','','','None','False','False','','','','','','','marie.hopkins04@example.com','mhopkins@example.org','Home','Personal','Work','False','Other','','m-hopkins5@example.net','001-944-782-4840x4399','0.0','','','','','0.0','','0.0','','','','0.0','','','','0.0','0.0','0.0','0.0','0.0','0.0','0.0','0.0','0.0','0.0','0.0','','','','','','0.0','0.0','False','False','False','False','False','False','','','','','','','','','','','','0.0','','False','False','','','','');
INSERT INTO "Contact" VALUES('Contact-157','desparza89@example.com','Esparza','Dawn','(456)469-9080x5345','','','','','','False','','','','','','','','','','','','','','','None','','Home','False','','','','','','','','','','','','None','','','False','','','','','','','','','English','','','','','','','','','Esparza','','','','','','','','None','','','','False','False','False','False','False','False','False','','','','','','','','','','','','','','None','','','','','','False','','False','','','','','','','','','None','False','False','','','','','','','d_esparza@example.net','desparza89@example.com','Home','Personal','Other','False','Work','','d+esparza1995@example.org','959-917-7533x64652','0.0','','','','','0.0','','0.0','','','','0.0','','','','0.0','0.0','0.0','0.0','0.0','0.0','0.0','0.0','0.0','0.0','0.0','','','','','','0.0','0.0','False','False','False','False','False','False','','','','','','','','','','','','0.0','','False','False','','','','');
INSERT INTO "Contact" VALUES('Contact-158','roger.wagner67@example.com','Roger','Wagner','490-270-1859x33278','','','','','Deaf/Hard of hearing','False','','','','','Initial Inquiry','','','','XDRZGB2B','','','','','Crime man couple particular.','In ADSiM','','Home','False','2021-07-31','','','','','','','','','','','None','','','False','','','','Mission commercial short nearly western fill. Return police staff recently news. Cover data commercial maybe new raise.','','Website development','Inactive','','English','','','None','Teams Set in Motion Program','Munoz, Madden and Schroeder','German','','Client;Puppy Raiser','Roger','Food.','Prefer not to answer','','','','','','In Training','','','','False','False','False','False','False','False','False','Men XS','','','','','','','','','','','','','None','','','','','','False','','True','','','','','','','','Mobility;Autism','None','False','False','','Operations- Volunteer and Staff','','','','','r.wagner1987@example.com','roger.wagner67@example.com','Home','Personal','Home','False','Work','','r_wagner1967@example.net','253.241.1796x618','0.0','28482.0','2022','2024-10-29','39879.0','0.0','2024-06-01','0.0','2024-03-22','Candidate interview huge.','Interview draw federal eye picture rise shake car.','0.0','2024-09-03','2024-05-11','Household__c.Name','0.0','0.0','0.0','0.0','0.0','0.0','0.0','0.0','0.0','0.0','0.0','74472.0','92445.0','12872.0','71759.0','All Individual Contacts','0.0','0.0','False','False','False','False','False','True','16744.0','2024-12-13','47739.0','2024-09-29','59431.0','','38707.0','37805.0','62111.0','76174.0','90713.0','0.0','','False','False','','','npsp__Address__c-74','');
INSERT INTO "Contact" VALUES('Contact-159','g.montoya2008@example.net','Gregory','Montoya','001-379-363-4399x0675','','','','','Intellectual disability','False','','','','','None','','','','NNYYGBODFX3','','','','','Number market evidence various can.','None','','Home','True','2002-02-06','','','','','','','','','','','None','','','False','','','','Entire beyond people with. But piece rest fire forget management prove finally. Or energy staff great mother current early.','','Administration','Active','','English','','','None','Sweet Snoopers Training Program','Rangel LLC','English','','Volunteer;Puppy Raiser','Gregory','Crime.','Prefer not to answer','','','','','','Suspended','','','','False','False','False','False','False','False','False','Women S','','','','','','','','','','','','','None','','','','','','False','','False','','','','','','','','Hearing Alert','None','False','False','','Active Projects- Fund Development','','','','','g+montoya69@example.com','g.montoya2008@example.net','Home','Personal','Home','False','Other','','gmontoya1@example.net','001-905-762-4560x9519','0.0','24806.0','1991','2024-03-11','37755.0','0.0','2024-12-26','0.0','2024-07-01','Region race where election. Learn left thing fish. Citizen green sister of.','Someone wonder another small movement. Continue care group.','0.0','2024-03-23','2024-02-28','Household__c.Formal_Greeting__c','0.0','0.0','0.0','0.0','0.0','0.0','0.0','0.0','0.0','0.0','0.0','84928.0','68522.0','9715.0','68815.0','All New or Edited Contacts','0.0','0.0','False','False','False','True','False','False','33851.0','2024-02-07','36280.0','2024-04-24','91400.0','','20279.0','54519.0','48069.0','11368.0','70659.0','0.0','','False','False','','','npsp__Address__c-75','');
INSERT INTO "Contact" VALUES('Contact-160','me+kidd@example.net','Meghan','Kidd','001-566-353-1424x862','','','','','Mental health condition','False','','','','','Inactive','','','','ZABIGBW5','','','','','Nation wait at size effect painting recently feeling.','Certified','','Home','False','2012-07-12','','','','','','','','','','','None','','','False','','','','Also piece need as project. Kitchen heavy picture we do she everybody. Would director rock defense certainly education.','','Writing/Communications','Active','','Spanish','','','None','Volunteering','Calderon PLC','Spanish','','Trainer;Client','Meghan','Single.','He/Him','','','','','','None','','','','False','False','False','False','False','False','False','Women L','','','','','','','','','','','','','None','','','','','','False','','False','','','','','','','','Medical Incident Assist','In Training','False','False','','Active Projects- State Registration','','','','','m+kidd0@example.org','me+kidd@example.net','Home','Personal','Home','False','Work','','mkidd1993@example.net','350.712.4626','0.0','94275.0','1979','2024-09-06','40096.0','0.0','2024-03-25','0.0','2024-05-20','Him leader decade dinner fine his. Become education line year chance almost.','Behavior action shake argue. Test option light per section. Attorney that professional call.','0.0','2024-03-24','2024-09-30','Household__c.Formal_Greeting__c','0.0','0.0','0.0','0.0','0.0','0.0','0.0','0.0','0.0','0.0','0.0','61693.0','82895.0','58661.0','54145.0','All Individual Contacts','0.0','0.0','False','False','False','True','False','False','58781.0','2024-12-13','16938.0','2024-05-23','63701.0','','60119.0','25542.0','13289.0','29434.0','85902.0','0.0','','False','False','','','npsp__Address__c-76','');
INSERT INTO "Contact" VALUES('Contact-161','dfry1996@example.org','Fry','Denise','942.575.2239x0717','','','','','','False','','','','','','','','','','','','','','','None','','Home','False','','','','','','','','','','','','None','','','False','','','','','','','','','English','','','','','','','','','Fry','','','','','','','','None','','','','False','False','False','False','False','False','False','','','','','','','','','','','','','','None','','','','','','False','','False','','','','','','','','','None','False','False','','','','','','','de_fry88@example.com','dfry1996@example.org','Home','Personal','Other','False','Other','','de_fry1959@example.com','001-469-815-4384x827','0.0','','','','','0.0','','0.0','','','','0.0','','','','0.0','0.0','0.0','0.0','0.0','0.0','0.0','0.0','0.0','0.0','0.0','','','','','','0.0','0.0','False','False','False','False','False','False','','','','','','','','','','','','0.0','','False','False','','','','');
INSERT INTO "Contact" VALUES('Contact-162','bernard-hatfield9@example.org','Hatfield','Bernard','+1-450-253-3704x61353','','','','','','False','','','','','','','','','','','','','','','None','','Home','False','','','','','','','','','','','','None','','','False','','','','','','','','','English','','','','','','','','','Hatfield','','','','','','','','None','','','','False','False','False','False','False','False','False','','','','','','','','','','','','','','None','','','','','','False','','False','','','','','','','','','None','False','False','','','','','','','b_hatfield4@example.org','bernard-hatfield9@example.org','Home','Personal','Other','False','Other','','bernardhatfield1998@example.com','(782)596-9758x84032','0.0','','','','','0.0','','0.0','','','','0.0','','','','0.0','0.0','0.0','0.0','0.0','0.0','0.0','0.0','0.0','0.0','0.0','','','','','','0.0','0.0','False','False','False','False','False','False','','','','','','','','','','','','0.0','','False','False','','','','');
INSERT INTO "Contact" VALUES('Contact-163','jamurillo7@example.net','Jared','Murillo','001-701-806-9250','','','','','Sensory processing disorder','False','','','','','None','','','','BOFGGBIJ','','','','','Yard option beautiful especially best.','None','','Home','False','2008-11-06','','','','','','','','','','','None','','','False','','','','Fight affect focus expert. Quite voice month alone stage act.','','Medical/Mental Health','Active','','English','','','None','Sweet Snoopers Training Program','Cooke Inc','Spanish','','Staff','Jared','Type kind.','He/Him','','','','','','None','','','','False','False','False','False','False','False','False','Unisex L','','','','','','','','','','','','','None','','','','','','False','','False','','','','','','','','Psychiatric;Autism','None','False','False','','Sensitive Info- Board','','','','','ja.murillo76@example.org','jamurillo7@example.net','Home','Personal','Other','False','Work','','ja.murillo@example.net','867.674.8159x4479','0.0','25246.0','2014','2024-08-18','81744.0','0.0','2024-09-09','0.0','2025-01-15','Defense letter light them experience place yes. Media scientist same home never hit act.','Former company ball Mrs. Life receive set get control production.','0.0','2024-06-29','2024-10-13','Household__c.Informal_Greeting__c','0.0','0.0','0.0','0.0','0.0','0.0','0.0','0.0','0.0','0.0','0.0','34070.0','82150.0','94234.0','20083.0','All New or Edited Contacts','0.0','0.0','False','False','False','False','True','False','44629.0','2024-07-24','27179.0','2024-07-22','88010.0','','82116.0','56311.0','37138.0','71016.0','49017.0','0.0','','False','False','','','npsp__Address__c-77','');
INSERT INTO "Contact" VALUES('Contact-164','s_yates8@example.net','Savannah','Yates','(652)700-9732x66296','','','','','Learning disability/cognitive processing disability','False','','','','','Initial Inquiry','','','','NYJFGBNR','','','','','Will light type full ahead.','None','','Home','False','2006-08-21','','','','','','','','','','','Initial Inquiry','','','False','','','','Suddenly police you position forward democratic person local. Explain check wide office consider.','','Medical/Mental Health','None','','English','','','Active','Teams Set in Motion Program','Navarro-Lowery','Spanish','','Team Facilitator Lead','Savannah','Benefit.','Prefer not to answer','','','','','','None','','','','False','False','False','False','False','False','False','Men S','','','','','','','','','','','','','None','','','','','','False','','False','','','','','','','','Hearing Alert','None','False','False','','Active Projects- Governance, Compliance and Operations','','','','','s_yates6@example.org','s_yates8@example.net','Home','Personal','Work','False','Other','','syates1974@example.net','892.837.1180x33627','0.0','58819.0','2009','2024-03-30','32039.0','0.0','2024-03-04','0.0','2024-02-18','Quickly film woman no focus. More page though energy.','Free standard more. Those indicate live quality out price agree.','0.0','2024-07-11','2024-04-12','Household__c.Name','0.0','0.0','0.0','0.0','0.0','0.0','0.0','0.0','0.0','0.0','0.0','69176.0','91613.0','73802.0','19950.0','All Individual Contacts','0.0','0.0','False','False','False','False','False','True','91592.0','2024-11-11','18010.0','2025-01-03','59282.0','','45173.0','84608.0','24043.0','57395.0','26549.0','0.0','','False','False','','','npsp__Address__c-78','');
INSERT INTO "Contact" VALUES('Contact-165','connorjoyce1958@example.com','Joyce','Connor','001-448-224-8466x57719','','','','','','False','','','','','','','','','','','','','','','None','','Home','False','','','','','','','','','','','','None','','','False','','','','','','','','','English','','','','','','','','','Joyce','','','','','','','','None','','','','False','False','False','False','False','False','False','','','','','','','','','','','','','','None','','','','','','False','','False','','','','','','','','','None','False','False','','','','','','','connor.joyce67@example.com','connorjoyce1958@example.com','Home','Personal','Other','False','Work','','co.joyce@example.net','(376)731-9252x547','0.0','','','','','0.0','','0.0','','','','0.0','','','','0.0','0.0','0.0','0.0','0.0','0.0','0.0','0.0','0.0','0.0','0.0','','','','','','0.0','0.0','False','False','False','False','False','False','','','','','','','','','','','','0.0','','False','False','','','','');
INSERT INTO "Contact" VALUES('Contact-166','m-mercer67@example.com','Mercer','Marco','740.639.9496x22446','','','','','','False','','','','','','','','','','','','','','','None','','Home','False','','','','','','','','','','','','None','','','False','','','','','','','','','English','','','','','','','','','Mercer','','','','','','','','None','','','','False','False','False','False','False','False','False','','','','','','','','','','','','','','None','','','','','','False','','False','','','','','','','','','None','False','False','','','','','','','mamercer@example.net','m-mercer67@example.com','Home','Personal','Work','False','Home','','marco.mercer92@example.com','(382)331-8558x0575','0.0','','','','','0.0','','0.0','','','','0.0','','','','0.0','0.0','0.0','0.0','0.0','0.0','0.0','0.0','0.0','0.0','0.0','','','','','','0.0','0.0','False','False','False','False','False','False','','','','','','','','','','','','0.0','','False','False','','','','');
INSERT INTO "Contact" VALUES('Contact-167','aphutchinson@example.net','April','Hutchinson','532.668.9683x359','','','','','Mental health condition','False','','','','','','','','','KUYOGBF3','','','','','','None','','Home','False','2019-05-24','','','','','','','','','','','None','','','False','','','','','','','','','English','','','','','Peck-Yu','Korean','','Team Facilitator','April','Piece if.','She/Her','','','','','','None','','','','False','False','False','False','False','False','False','Unisex S','','','','','','','','','','','','','None','','','','','','False','','False','','','','','','','','Medical Incident Assist','Certified-Active','False','False','','Active Projects- Volunteer Recruitment and Retention','','','','','ap_hutchinson79@example.net','aphutchinson@example.net','Home','Personal','Work','False','Other','','aphutchinson@example.org','(286)875-4392','0.0','','','','','0.0','','0.0','','','','0.0','','','','0.0','0.0','0.0','0.0','0.0','0.0','0.0','0.0','0.0','0.0','0.0','','','','','','0.0','0.0','False','False','False','False','False','False','','','','','','','','','','','','0.0','','False','False','','','npsp__Address__c-79','');
INSERT INTO "Contact" VALUES('Contact-168','xa.mcguire14@example.org','Mcguire','Xavier','280.668.4975x9179','','','','','','False','','','','','','','','','','','','','','','None','','Home','False','','','','','','','','','','','','None','','','False','','','','','','','','','English','','','','','','','','','Mcguire','','','','','','','','None','','','','False','False','False','False','False','False','False','','','','','','','','','','','','','','None','','','','','','False','','False','','','','','','','','','None','False','False','','','','','','','xavier+mcguire06@example.org','xa.mcguire14@example.org','Home','Personal','Other','False','Other','','xavier-mcguire81@example.com','527.353.1241x6085','0.0','','','','','0.0','','0.0','','','','0.0','','','','0.0','0.0','0.0','0.0','0.0','0.0','0.0','0.0','0.0','0.0','0.0','','','','','','0.0','0.0','False','False','False','False','False','False','','','','','','','','','','','','0.0','','False','False','','','','');
INSERT INTO "Contact" VALUES('Contact-169','erikapatton90@example.com','Patton','Erika','988-587-8245','','','','','','False','','','','','','','','','','','','','','','None','','Home','False','','','','','','','','','','','','None','','','False','','','','','','','','','English','','','','','','','','','Patton','','','','','','','','None','','','','False','False','False','False','False','False','False','','','','','','','','','','','','','','None','','','','','','False','','False','','','','','','','','','None','False','False','','','','','','','e+patton8@example.net','erikapatton90@example.com','Home','Personal','Work','False','Work','','erika_patton@example.org','+1-821-524-9571x56891','0.0','','','','','0.0','','0.0','','','','0.0','','','','0.0','0.0','0.0','0.0','0.0','0.0','0.0','0.0','0.0','0.0','0.0','','','','','','0.0','0.0','False','False','False','False','False','False','','','','','','','','','','','','0.0','','False','False','','','','');
INSERT INTO "Contact" VALUES('Contact-170','joshua+hale1992@example.com','Joshua','Hale','475-821-4346x931','','','','','Blind/Low vision','False','','','','','Inactive','','','','QAOXGBWD','','','','','Office civil agree drug technology those painting.','None','','Home','False','2007-06-17','','','','','','','','','','','None','','','False','','','','No hit teacher together. Car book woman without.','','Legal','Active','','Portuguese','','','None','Assistance Dogs Set in Motion Program','Shaw-Aguilar','Russian','','Volunteer;Puppy Raiser','Joshua','Whose.','She/Her','','','','','','In Training','','','','False','False','False','False','False','False','False','Unisex L','','','','','','','','','','','','','None','','','','','','False','','True','','','','','','','','Mobility;Autism','None','False','False','','Sensitive Info- Volunteer and Staff','','','','','jo-hale9@example.net','joshua+hale1992@example.com','Home','Personal','Other','False','Work','','j-hale1957@example.net','001-464-808-7631x84697','0.0','78530.0','1971','2024-10-02','17775.0','0.0','2024-12-16','0.0','2024-12-01','Fight herself message smile. Also piece career he mind kitchen develop.','Final allow say student ever. Item heavy daughter get plan family. During else might.','0.0','2024-11-15','2024-11-13','Household__c.Formal_Greeting__c','0.0','0.0','0.0','0.0','0.0','0.0','0.0','0.0','0.0','0.0','0.0','93473.0','99492.0','18538.0','26455.0','All New or Edited Contacts','0.0','0.0','False','False','False','True','False','False','8184.0','2024-06-05','48324.0','2024-10-31','28445.0','','64992.0','74665.0','51975.0','7025.0','65965.0','0.0','','False','False','','','npsp__Address__c-80','');
INSERT INTO "Contact" VALUES('Contact-171','de.ball1981@example.net','Devin','Ball','(478)285-3490x310','','','','','Intellectual disability','False','','','','','Inactive','','','','PSPBGBTGZFR','','Olive','','','Whether development group.','','','Home','True','2008-05-12','','','','','','','','','','','None','','','False','','','','Class charge issue manager. Least past financial Democrat north room. Television easy act behind.','','Outreach/Networking','None','','English','','','None','Sponsorship/Donations','Cohen PLC','Russian','','Volunteer;Puppy Raiser','Devin','Street.','They/Them','','','','','','Initial Inquiry','','','','False','False','False','False','False','False','False','Men XXL','','','','','','','','','','','','','None','','','','','','False','','False','','','','','','','','Psychiatric;Autism','None','False','False','','Sensitive Info- Trainer','','','','','d-ball@example.net','de.ball1981@example.net','Home','Personal','Other','False','Other','','dball1955@example.org','700-785-2227x9391','0.0','52471.0','1975','2024-12-18','69060.0','0.0','2024-11-30','0.0','2024-12-05','Capital many Congress. Talk my medical know staff thank ago.','Officer owner Republican. Collection single away trip.','0.0','2024-11-28','2024-04-12','Household__c.Name','0.0','0.0','0.0','0.0','0.0','0.0','0.0','0.0','0.0','0.0','0.0','35293.0','38317.0','83566.0','61513.0','No Contacts','0.0','0.0','False','False','False','False','False','True','90419.0','2024-01-20','28814.0','2024-03-23','81381.0','','5585.0','87768.0','42185.0','22492.0','26647.0','0.0','','False','False','','','npsp__Address__c-81','');
INSERT INTO "Contact" VALUES('Contact-172','kelsey_walter88@example.net','Walter','Kelsey','(752)205-6636x993','','','','','','False','','','','','','','','','','','','','','','None','','Home','False','','','','','','','','','','','','None','','','False','','','','','','','','','English','','','','','','','','','Walter','','','','','','','','None','','','','False','False','False','False','False','False','False','','','','','','','','','','','','','','None','','','','','','False','','False','','','','','','','','','None','False','False','','','','','','','k.walter70@example.org','kelsey_walter88@example.net','Home','Personal','Work','False','Work','','ke.walter2@example.org','743-459-6731x145','0.0','','','','','0.0','','0.0','','','','0.0','','','','0.0','0.0','0.0','0.0','0.0','0.0','0.0','0.0','0.0','0.0','0.0','','','','','','0.0','0.0','False','False','False','False','False','False','','','','','','','','','','','','0.0','','False','False','','','','');
INSERT INTO "Contact" VALUES('Contact-173','j_mann@example.net','Mann','Jonathon','(887)357-8147x451','','','','','','False','','','','','','','','','','','','','','','None','','Home','False','','','','','','','','','','','','None','','','False','','','','','','','','','English','','','','','','','','','Mann','','','','','','','','None','','','','False','False','False','False','False','False','False','','','','','','','','','','','','','','None','','','','','','False','','False','','','','','','','','','None','False','False','','','','','','','jo.mann1@example.com','j_mann@example.net','Home','Personal','Work','False','Other','','j+mann@example.org','900-213-1141','0.0','','','','','0.0','','0.0','','','','0.0','','','','0.0','0.0','0.0','0.0','0.0','0.0','0.0','0.0','0.0','0.0','0.0','','','','','','0.0','0.0','False','False','False','False','False','False','','','','','','','','','','','','0.0','','False','False','','','','');
INSERT INTO "Contact" VALUES('Contact-174','ddavidson@example.com','Dorothy','Davidson','434.524.1162','','','','','None/do not identify with a disability','False','','','','','Inactive','','','','KLRCGBKB','','','','','Save hundred week indeed value.','Onboarding','','Home','False','2010-08-10','','','','','','','','','','','None','','','False','','','','Short sit reflect follow walk affect. Yet fund whole dinner position. Physical yes opportunity in clearly. Wait light eye indeed look morning argue.','','Graphic Design','Initial Inquiry','','English','','','None','Sponsorship/Donations','Howe-Clayton','Vietnamese','','Client;Puppy Raiser','Dorothy','Wait.','They/Them','','','','','','In Training','','','','False','False','False','False','False','False','False','Women M','','','','','','','','','','','','','None','','','','','','False','','True','','','','','','','','Medical Incident Assist','None','False','False','','Active Projects- Team Facilitator Certification','','','','','d_davidson@example.net','ddavidson@example.com','Home','Personal','Work','False','Home','','d.davidson5@example.org','416-569-6930x424','0.0','48653.0','2014','2024-05-10','18101.0','0.0','2024-03-12','0.0','2025-01-07','Ground stay analysis hold want ready.','Major dog perhaps others fund power.','0.0','2024-06-12','2024-12-30','Household__c.Name','0.0','0.0','0.0','0.0','0.0','0.0','0.0','0.0','0.0','0.0','0.0','50253.0','97706.0','15779.0','4486.0','All Individual Contacts','0.0','0.0','False','False','False','False','False','True','2612.0','2024-09-16','10962.0','2024-09-21','37291.0','','84419.0','83461.0','11066.0','3149.0','39993.0','0.0','','False','False','','','npsp__Address__c-82','');
INSERT INTO "Contact" VALUES('Contact-175','ma-shaffer1978@example.net','Marcia','Shaffer','989-505-7918','','','','','Learning disability/cognitive processing disability','False','','','','','Active','','','','OPQSGBAJOOS','','','','','Change talk ever.','Discontinued','','Home','True','2000-01-15','','','','','','','','','','','None','','','False','','','','Fight establish concern at state analysis build. Part prevent character. Difference seek must road.','','Writing/Communications','Onboarding','','English','','','None','General info/Other','Jenkins, Salazar and Bauer','Spanish','','Trainer;Client','Marcia','Old trial.','They/Them','','','','','','None','','','','False','False','False','False','False','False','False','Child L','','','','','','','','','','','','','None','','','','','','False','','True','','','','','','','','Psychiatric;Autism','Discontinued','False','False','','Operations- Master Docs - READ ONLY','','','','','marcia_shaffer8@example.com','ma-shaffer1978@example.net','Home','Personal','Home','False','Work','','ma.shaffer@example.com','672.992.9744','0.0','87171.0','1980','2024-11-21','62789.0','0.0','2024-10-01','0.0','2024-03-13','Fact boy member commercial kind speak campaign.','Employee about new protect. None bill meet street economy mind lay.','0.0','2024-06-29','2024-07-30','Household__c.Formal_Greeting__c','0.0','0.0','0.0','0.0','0.0','0.0','0.0','0.0','0.0','0.0','0.0','46427.0','94949.0','44990.0','50403.0','No Contacts','0.0','0.0','False','False','False','True','False','False','53830.0','2024-05-18','24227.0','2024-06-18','26428.0','','1027.0','58890.0','3993.0','2054.0','45726.0','0.0','','False','False','','','npsp__Address__c-83','');
INSERT INTO "Contact" VALUES('Contact-176','jo.bush90@example.com','Joanne','Bush','946.578.9254x964','','','','','None/do not identify with a disability','False','','','','','Inactive','','','','KTNQGB2740M','','','','','Sound clearly discussion return leave relate spring.','None','','Guardian','False','2013-10-26','','','','','','','','','','','Inactive','','','False','','','','Find begin attorney front. Development indeed threat imagine defense natural story. Law economic skin.','','Graphic Design','Initial Inquiry','','American Sign Language','','','Active','Volunteering','Cummings-Clayton','Tagalog','','Team Facilitator Lead','Joanne','Let large.','He/Him','','','','','','None','','','','False','False','False','False','False','False','False','Men M','','','','','','','','','','','','','None','','','','','','False','','False','','','','','','','','Hearing Alert','None','False','False','','Active Projects- Volunteer Recruitment and Retention','','','','','joannebush06@example.org','jo.bush90@example.com','Home','Personal','Other','False','Work','','joanne-bush02@example.com','716.637.5761x933','0.0','7360.0','2006','2024-03-07','54441.0','0.0','2024-07-08','0.0','2024-06-22','Kid record paper herself. Anything whom quickly system hit pay officer. High yard space sort.','Over identify free very debate bed. Enjoy news development couple same.','0.0','2024-08-26','2024-07-03','Household__c.Name','0.0','0.0','0.0','0.0','0.0','0.0','0.0','0.0','0.0','0.0','0.0','39828.0','5068.0','11190.0','9302.0','All New or Edited Contacts','0.0','0.0','False','False','False','False','False','True','16474.0','2024-04-10','36036.0','2024-10-16','48598.0','','59152.0','45703.0','63899.0','72860.0','88187.0','0.0','','False','False','','','npsp__Address__c-84','');
INSERT INTO "Contact" VALUES('Contact-177','raymondgreene2013@example.net','Greene','Raymond','571-738-1491','','','','','','False','','','','','','','','','','','','','','','None','','Home','False','','','','','','','','','','','','None','','','False','','','','','','','','','English','','','','','','','','','Greene','','','','','','','','None','','','','False','False','False','False','False','False','False','','','','','','','','','','','','','','None','','','','','','False','','False','','','','','','','','','None','False','False','','','','','','','r-greene@example.net','raymondgreene2013@example.net','Home','Personal','Work','False','Work','','raymondgreene@example.org','001-222-393-8026x461','0.0','','','','','0.0','','0.0','','','','0.0','','','','0.0','0.0','0.0','0.0','0.0','0.0','0.0','0.0','0.0','0.0','0.0','','','','','','0.0','0.0','False','False','False','False','False','False','','','','','','','','','','','','0.0','','False','False','','','','');
INSERT INTO "Contact" VALUES('Contact-178','jmathis8@example.org','Mathis','Jeffrey','(794)855-2935','','','','','','False','','','','','','','','','','','','','','','None','','Home','False','','','','','','','','','','','','None','','','False','','','','','','','','','English','','','','','','','','','Mathis','','','','','','','','None','','','','False','False','False','False','False','False','False','','','','','','','','','','','','','','None','','','','','','False','','False','','','','','','','','','None','False','False','','','','','','','jeffrey_mathis74@example.org','jmathis8@example.org','Home','Personal','Work','False','Work','','jeffrey+mathis@example.net','754-336-5043x9142','0.0','','','','','0.0','','0.0','','','','0.0','','','','0.0','0.0','0.0','0.0','0.0','0.0','0.0','0.0','0.0','0.0','0.0','','','','','','0.0','0.0','False','False','False','False','False','False','','','','','','','','','','','','0.0','','False','False','','','','');
INSERT INTO "Contact" VALUES('Contact-179','gary+copeland@example.com','Gary','Copeland','001-603-462-0977','','','','','Intellectual disability','False','','','','','Onboarding','','','','YEZCGBAF','','','','','Fill manage difficult more institution science.','None','','Guardian','True','2022-12-22','','','','','','','','','','','None','','','False','','','','Water leader arrive carry wait while its. Training tell smile blue magazine majority religious. Between poor on former money cup.','','Social Media','None','','English','','','None','General info/Other','Mcneil PLC','Spanish','','Donor','Gary','Buy side.','They/Them','','','','','','None','','','','False','False','False','False','False','False','False','Women S','','','','','','','','','','','','','None','','','','','','False','','True','','','','','','','','Narcolepsy Alert','None','False','False','','Operations- Volunteer and Staff','','','','','gary_copeland1@example.net','gary+copeland@example.com','Home','Personal','Work','False','Work','','garycopeland1946@example.net','(705)830-8103','0.0','99895.0','1987','2024-07-02','72114.0','0.0','2024-07-28','0.0','2024-05-24','Challenge past miss hair foreign trouble. Resource see remember body think special medical per.','Deep number hair institution yourself. Face car finish although especially agent.','0.0','2024-08-21','2024-12-09','Household__c.Formal_Greeting__c','0.0','0.0','0.0','0.0','0.0','0.0','0.0','0.0','0.0','0.0','0.0','93158.0','91022.0','67989.0','88919.0','All New or Edited Contacts','0.0','0.0','False','False','False','True','False','False','13530.0','2024-07-31','27753.0','2024-10-09','82695.0','','86418.0','95439.0','78612.0','51934.0','25226.0','0.0','','False','False','','','npsp__Address__c-85','');
INSERT INTO "Contact" VALUES('Contact-180','j+ashley2@example.org','Jade','Ashley','001-558-548-2168','','','','','Blind/Low vision','False','','','','','Inactive','','','','IAUFGB07','','','','','Focus quickly or father activity cover they machine.','None','','Home','True','2015-09-03','','','','','','','','','','','In Training','','','False','','','','Various it help thank Mr which. Give either practice push stock contain structure drop.','','SEO','Onboarding','','English','','','None','General info/Other','Jacobs-Johnson','Spanish','','Volunteer;Team Facilitator','Jade','Certain.','She/Her','','','','','','None','','','','False','False','False','False','False','False','False','Men S','','','','','','','','','','','','','None','','','','','','False','','False','','','','','','','','Mobility','None','False','False','','Active Projects- Scholarships','','','','','j_ashley94@example.com','j+ashley2@example.org','Home','Personal','Other','False','Other','','j_ashley@example.net','328.595.2384x708','0.0','21263.0','1989','2024-02-23','69286.0','0.0','2024-06-08','0.0','2024-10-30','Democrat it husband success day blood. Short inside claim fill probably scientist always feeling.','Who nation one rock black. Movie artist protect place contain cut right.','0.0','2025-01-17','2024-12-11','Household__c.Formal_Greeting__c','0.0','0.0','0.0','0.0','0.0','0.0','0.0','0.0','0.0','0.0','0.0','2296.0','12936.0','98682.0','65737.0','No Contacts','0.0','0.0','False','False','False','True','False','False','14418.0','2024-09-27','10166.0','2024-11-03','16600.0','','46782.0','61873.0','79776.0','87928.0','62724.0','0.0','','False','False','','','npsp__Address__c-86','');
INSERT INTO "Contact" VALUES('Contact-181','ka+hancock@example.com','Hancock','Kari','8745630815','','','','','','False','','','','','','','','','','','','','','','None','','Home','False','','','','','','','','','','','','None','','','False','','','','','','','','','English','','','','','','','','','Hancock','','','','','','','','None','','','','False','False','False','False','False','False','False','','','','','','','','','','','','','','None','','','','','','False','','False','','','','','','','','','None','False','False','','','','','','','ka.hancock47@example.net','ka+hancock@example.com','Home','Personal','Home','False','Home','','ka-hancock@example.net','591-559-2187','0.0','','','','','0.0','','0.0','','','','0.0','','','','0.0','0.0','0.0','0.0','0.0','0.0','0.0','0.0','0.0','0.0','0.0','','','','','','0.0','0.0','False','False','False','False','False','False','','','','','','','','','','','','0.0','','False','False','','','','');
INSERT INTO "Contact" VALUES('Contact-182','jgrant2015@example.com','Grant','Jim','001-937-278-8461x0220','','','','','','False','','','','','','','','','','','','','','','None','','Home','False','','','','','','','','','','','','None','','','False','','','','','','','','','English','','','','','','','','','Grant','','','','','','','','None','','','','False','False','False','False','False','False','False','','','','','','','','','','','','','','None','','','','','','False','','False','','','','','','','','','None','False','False','','','','','','','jigrant7@example.org','jgrant2015@example.com','Home','Personal','Home','False','Home','','jim+grant47@example.org','(559)584-4177','0.0','','','','','0.0','','0.0','','','','0.0','','','','0.0','0.0','0.0','0.0','0.0','0.0','0.0','0.0','0.0','0.0','0.0','','','','','','0.0','0.0','False','False','False','False','False','False','','','','','','','','','','','','0.0','','False','False','','','','');
INSERT INTO "Contact" VALUES('Contact-183','chmccarthy8@example.com','Cheyenne','Mccarthy','549-887-8152x5985','','','','','Mobility/ambulatory difficulty','False','','','','','Onboarding','','','','PJBIGBZ3','','','','','Grow low tell.','None','','Home','True','2019-01-17','','','','','','','','','','','Discontinued','','','False','','','','Billion discover expert often toward along.','','Dog Training/Behavior/Veterinary','Inactive','','English','','','Inactive','Trainer Certification','Armstrong, Peters and Rush','English','','Team Facilitator Lead','Cheyenne','Ahead hit.','They/Them','','','','','','None','','','','False','False','False','False','False','False','False','Unisex L','','','','','','','','','','','','','None','','','','','','False','','True','','','','','','','','Autism','None','False','False','','Active Projects- Governance, Compliance and Operations','','','','','c.mccarthy4@example.com','chmccarthy8@example.com','Home','Personal','Other','False','Other','','chmccarthy1963@example.net','6249440685','0.0','28780.0','1995','2024-04-14','23713.0','0.0','2024-11-03','0.0','2024-05-04','Front indeed magazine generation dog. On staff individual feel recent turn.','Citizen and artist. Crime without see what me allow result sound. Plan pass hospital article rise.','0.0','2024-08-23','2024-10-23','Household__c.Informal_Greeting__c','0.0','0.0','0.0','0.0','0.0','0.0','0.0','0.0','0.0','0.0','0.0','39267.0','83712.0','74667.0','27848.0','All Individual Contacts','0.0','0.0','False','False','False','False','True','False','46978.0','2024-11-20','23303.0','2024-09-06','62779.0','','10278.0','71057.0','10745.0','60625.0','70402.0','0.0','','False','False','','','npsp__Address__c-87','');
INSERT INTO "Contact" VALUES('Contact-184','e-arnold1966@example.com','Arnold','Elizabeth','943.891.0660','','','','','','False','','','','','','','','','','','','','','','None','','Home','False','','','','','','','','','','','','None','','','False','','','','','','','','','English','','','','','','','','','Arnold','','','','','','','','None','','','','False','False','False','False','False','False','False','','','','','','','','','','','','','','None','','','','','','False','','False','','','','','','','','','None','False','False','','','','','','','e-arnold@example.net','e-arnold1966@example.com','Home','Personal','Work','False','Home','','el.arnold2014@example.net','001-465-249-3625x19356','0.0','','','','','0.0','','0.0','','','','0.0','','','','0.0','0.0','0.0','0.0','0.0','0.0','0.0','0.0','0.0','0.0','0.0','','','','','','0.0','0.0','False','False','False','False','False','False','','','','','','','','','','','','0.0','','False','False','','','','');
INSERT INTO "Contact" VALUES('Contact-185','mckenzie.summers77@example.org','Summers','Mckenzie','(569)917-7147x8478','','','','','','False','','','','','','','','','','','','','','','None','','Home','False','','','','','','','','','','','','None','','','False','','','','','','','','','English','','','','','','','','','Summers','','','','','','','','None','','','','False','False','False','False','False','False','False','','','','','','','','','','','','','','None','','','','','','False','','False','','','','','','','','','None','False','False','','','','','','','msummers@example.net','mckenzie.summers77@example.org','Home','Personal','Work','False','Work','','mc+summers@example.org','942.633.0911','0.0','','','','','0.0','','0.0','','','','0.0','','','','0.0','0.0','0.0','0.0','0.0','0.0','0.0','0.0','0.0','0.0','0.0','','','','','','0.0','0.0','False','False','False','False','False','False','','','','','','','','','','','','0.0','','False','False','','','','');
INSERT INTO "Contact" VALUES('Contact-186','alexanderyates1946@example.org','Alexander','Yates','211.239.2355','','','','','Blind/Low vision','False','','','','','Active','','','','NBHJGBVWZRV','','','','','Realize challenge available heart PM.','Initial Inquiry','','Home','True','2003-04-01','','','','','','','','','','','None','','','False','','','','Thing how all must bag help argue American.','','SEO','Onboarding','','English','','','None','Teams Set in Motion Program','Landry Inc','Vietnamese','','Volunteer;Client','Alexander','Manage.','They/Them','','','','','','None','','','','False','False','False','False','False','False','False','Unisex XS','','','','','','','','','','','','','None','','','','','','False','','False','','','','','','','','Mobility','None','False','False','','Active Projects- Academy','','','','','alexander_yates72@example.org','alexanderyates1946@example.org','Home','Personal','Work','False','Work','','a+yates@example.net','2864644269','0.0','89933.0','1996','2024-10-10','21422.0','0.0','2024-06-17','0.0','2024-02-17','Let sort in physical individual firm child trip. Eight seven player style fall defense whose.','Pay huge rest campaign remember. Summer choice among instead.','0.0','2024-03-13','2024-09-11','Household__c.Name','0.0','0.0','0.0','0.0','0.0','0.0','0.0','0.0','0.0','0.0','0.0','26320.0','67612.0','68311.0','38654.0','All New or Edited Contacts','0.0','0.0','False','False','False','False','False','True','58340.0','2024-12-04','18528.0','2024-04-11','71508.0','','59197.0','48476.0','87930.0','73176.0','10822.0','0.0','','False','False','','','npsp__Address__c-88','');
INSERT INTO "Contact" VALUES('Contact-187','ke.beltran@example.org','Beltran','Kerri','208.796.4042x46392','','','','','','False','','','','','','','','','','','','','','','None','','Home','False','','','','','','','','','','','','None','','','False','','','','','','','','','English','','','','','','','','','Beltran','','','','','','','','None','','','','False','False','False','False','False','False','False','','','','','','','','','','','','','','None','','','','','','False','','False','','','','','','','','','None','False','False','','','','','','','ke_beltran13@example.net','ke.beltran@example.org','Home','Personal','Work','False','Home','','kebeltran65@example.net','+1-705-988-7401x999','0.0','','','','','0.0','','0.0','','','','0.0','','','','0.0','0.0','0.0','0.0','0.0','0.0','0.0','0.0','0.0','0.0','0.0','','','','','','0.0','0.0','False','False','False','False','False','False','','','','','','','','','','','','0.0','','False','False','','','','');
INSERT INTO "Contact" VALUES('Contact-188','ch.dixon5@example.net','Dixon','Christopher','640-673-9583x04988','','','','','','False','','','','','','','','','','','','','','','None','','Home','False','','','','','','','','','','','','None','','','False','','','','','','','','','English','','','','','','','','','Dixon','','','','','','','','None','','','','False','False','False','False','False','False','False','','','','','','','','','','','','','','None','','','','','','False','','False','','','','','','','','','None','False','False','','','','','','','christopher+dixon@example.net','ch.dixon5@example.net','Home','Personal','Home','False','Home','','c_dixon72@example.com','959.582.0781x52633','0.0','','','','','0.0','','0.0','','','','0.0','','','','0.0','0.0','0.0','0.0','0.0','0.0','0.0','0.0','0.0','0.0','0.0','','','','','','0.0','0.0','False','False','False','False','False','False','','','','','','','','','','','','0.0','','False','False','','','','');
INSERT INTO "Contact" VALUES('Contact-189','anne-copeland@example.net','Anne','Copeland','553.768.9553x089','','','','','Prefer not to answer','False','','','','','','','','','TONVGBYXP6E','','','','','','None','','Home','False','2005-09-06','','','','','','','','','','','None','','','False','','','','','','','','','English','','','','','Knapp-Hughes','Italian','','Trainer;Client','Anne','Community.','Prefer not to answer','','','','','','None','','','','False','False','False','False','False','False','False','Men XL','','','','','','','','','','','','','None','','','','','','False','','False','','','','','','','','Hearing Alert','Certified-Active','False','False','','Active Projects- Academy','','','','','a_copeland1995@example.org','anne-copeland@example.net','Home','Personal','Other','False','Other','','a.copeland2001@example.org','(796)504-8908','0.0','','','','','0.0','','0.0','','','','0.0','','','','0.0','0.0','0.0','0.0','0.0','0.0','0.0','0.0','0.0','0.0','0.0','','','','','','0.0','0.0','False','False','False','False','False','False','','','','','','','','','','','','0.0','','False','False','','','npsp__Address__c-89','');
INSERT INTO "Contact" VALUES('Contact-190','be_farley@example.org','Farley','Beth','001-700-240-3384x81425','','','','','','False','','','','','','','','','','','','','','','None','','Home','False','','','','','','','','','','','','None','','','False','','','','','','','','','English','','','','','','','','','Farley','','','','','','','','None','','','','False','False','False','False','False','False','False','','','','','','','','','','','','','','None','','','','','','False','','False','','','','','','','','','None','False','False','','','','','','','b-farley0@example.com','be_farley@example.org','Home','Personal','Work','False','Other','','beth+farley75@example.com','925.314.0840x30176','0.0','','','','','0.0','','0.0','','','','0.0','','','','0.0','0.0','0.0','0.0','0.0','0.0','0.0','0.0','0.0','0.0','0.0','','','','','','0.0','0.0','False','False','False','False','False','False','','','','','','','','','','','','0.0','','False','False','','','','');
INSERT INTO "Contact" VALUES('Contact-191','a.ellis1958@example.org','Ellis','Alexandria','(763)791-0594x0304','','','','','','False','','','','','','','','','','','','','','','None','','Home','False','','','','','','','','','','','','None','','','False','','','','','','','','','English','','','','','','','','','Ellis','','','','','','','','None','','','','False','False','False','False','False','False','False','','','','','','','','','','','','','','None','','','','','','False','','False','','','','','','','','','None','False','False','','','','','','','alexandria-ellis1981@example.org','a.ellis1958@example.org','Home','Personal','Other','False','Other','','a_ellis@example.net','(741)597-1136','0.0','','','','','0.0','','0.0','','','','0.0','','','','0.0','0.0','0.0','0.0','0.0','0.0','0.0','0.0','0.0','0.0','0.0','','','','','','0.0','0.0','False','False','False','False','False','False','','','','','','','','','','','','0.0','','False','False','','','','');
INSERT INTO "Contact" VALUES('Contact-192','raschneider@example.org','Rachel','Schneider','(381)912-8449x364','','','','','Sensory processing disorder','False','','','','','Initial Inquiry','','','','XQFMGB5T6RQ','','','','','Capital too near relate relationship everybody.','None','','Home','False','2023-07-19','','','','','','','','','','','None','','','False','','','','Cell better detail trade necessary. Them our here yourself.','','Education/Course Development','Onboarding','','English','','','None','Teams Set in Motion Program','Winters and Sons','English','','Board Member','Rachel','However.','They/Them','','','','','','None','','','','False','False','False','False','False','False','False','Women XL','','','','','','','','','','','','','None','','','','','','False','','True','','','','','','','','Psychiatric;Autism','None','False','False','','Active Projects- ADI','','','','','r_schneider9@example.com','raschneider@example.org','Home','Personal','Other','False','Home','','r_schneider72@example.com','2303528095','0.0','34162.0','1973','2024-07-07','17457.0','0.0','2024-11-21','0.0','2024-02-28','Break few family carry guy behind discussion easy. Go staff rule table.','Result true my court almost. Call performance action over.','0.0','2024-11-07','2024-04-21','Household__c.Formal_Greeting__c','0.0','0.0','0.0','0.0','0.0','0.0','0.0','0.0','0.0','0.0','0.0','66275.0','88149.0','10002.0','78666.0','All New or Edited Contacts','0.0','0.0','False','False','False','True','False','False','38812.0','2024-03-09','63082.0','2024-12-25','13978.0','','91295.0','92214.0','16466.0','57796.0','15597.0','0.0','','False','False','','','npsp__Address__c-90','');
INSERT INTO "Contact" VALUES('Contact-193','n.esparza@example.net','Nicole','Esparza','417-557-0020x818','','','','','Deaf/Hard of hearing','False','','','','','None','','','','YKRLGBZOEE5','','','','','Audience phone soon significant specific reduce.','Decertified','','Home','True','2003-05-24','','','','','','','','','','','None','','','False','','','','Feel audience involve. Street head break here worry character him. With tonight small coach summer car help care.','','Social Media','Initial Inquiry','','English','','','None','Volunteering','Roth and Sons','Spanish','','Trainer;Client','Nicole','Up race.','Prefer not to answer','','','','','','None','','','','False','False','False','False','False','False','False','Women XXL','','','','','','','','','','','','','None','','','','','','False','','False','','','','','','','','Diabetes Alert','Discontinued','False','False','','Operations- Client','','','','','nicoleesparza4@example.com','n.esparza@example.net','Home','Personal','Other','False','Home','','n+esparza52@example.com','996-265-3586x58433','0.0','75010.0','1994','2024-11-21','8706.0','0.0','2024-08-15','0.0','2024-04-11','Close pay have black. Pull cover nice few just.','Could situation travel. Condition factor generation. Loss without total keep.','0.0','2025-01-08','2024-07-19','Household__c.Informal_Greeting__c','0.0','0.0','0.0','0.0','0.0','0.0','0.0','0.0','0.0','0.0','0.0','21416.0','32338.0','5194.0','22714.0','No Contacts','0.0','0.0','False','False','False','False','True','False','93415.0','2024-06-24','45735.0','2024-06-10','12647.0','','57064.0','86457.0','78243.0','6957.0','12503.0','0.0','','False','False','','','npsp__Address__c-91','');
INSERT INTO "Contact" VALUES('Contact-194','vincent.moore1949@example.org','Vincent','Moore','9378515293','','','','','Chronic medical illness','False','','','','','Onboarding','','','','QNAJGBVT90L','','','','','Sign less down us camera.','None','','Guardian','True','2007-04-29','','','','','','','','','','','Inactive','','','False','','','','Old try each single quality fund realize. Meeting bank administration capital break realize. Knowledge assume nature cause hundred street director. Know brother trip energy half science candidate center.','','Photography/Videography','None','','American Sign Language','','','None','Team Facilitator Certification','Warner, Cisneros and Fischer','Spanish','','Volunteer;Team Facilitator','Vincent','Piece.','Specify','','','','','','None','','','','False','False','False','False','False','False','False','Unisex M','','','','','','','','','','','','','None','','','','','','False','','False','','','','','','','','Seizure Response','None','False','False','','Active Projects- State Registration','','','','','vincent.moore57@example.org','vincent.moore1949@example.org','Home','Personal','Work','False','Work','','vmoore@example.org','(835)552-7590x45959','0.0','66790.0','1971','2024-04-06','28668.0','0.0','2024-11-19','0.0','2024-02-23','Low word bag even. History threat environmental.','Send example every spend part PM hard.','0.0','2024-05-01','2024-04-09','Household__c.Informal_Greeting__c','0.0','0.0','0.0','0.0','0.0','0.0','0.0','0.0','0.0','0.0','0.0','44805.0','13173.0','57392.0','85382.0','All Individual Contacts','0.0','0.0','False','False','False','False','True','False','98268.0','2024-09-07','58260.0','2024-07-31','13439.0','','36575.0','39306.0','50660.0','63499.0','93175.0','0.0','','False','False','','','npsp__Address__c-92','');
INSERT INTO "Contact" VALUES('Contact-195','russellrichmond1970@example.net','Richmond','Russell','406-240-6974','','','','','','False','','','','','','','','','','','','','','','None','','Home','False','','','','','','','','','','','','None','','','False','','','','','','','','','English','','','','','','','','','Richmond','','','','','','','','None','','','','False','False','False','False','False','False','False','','','','','','','','','','','','','','None','','','','','','False','','False','','','','','','','','','None','False','False','','','','','','','ru+richmond65@example.org','russellrichmond1970@example.net','Home','Personal','Other','False','Home','','r-richmond1975@example.com','+1-450-311-7529x75366','0.0','','','','','0.0','','0.0','','','','0.0','','','','0.0','0.0','0.0','0.0','0.0','0.0','0.0','0.0','0.0','0.0','0.0','','','','','','0.0','0.0','False','False','False','False','False','False','','','','','','','','','','','','0.0','','False','False','','','','');
INSERT INTO "Contact" VALUES('Contact-196','ma.stephenson2014@example.net','Stephenson','Mason','(371)889-0062x4916','','','','','','False','','','','','','','','','','','','','','','None','','Home','False','','','','','','','','','','','','None','','','False','','','','','','','','','English','','','','','','','','','Stephenson','','','','','','','','None','','','','False','False','False','False','False','False','False','','','','','','','','','','','','','','None','','','','','','False','','False','','','','','','','','','None','False','False','','','','','','','m_stephenson1987@example.net','ma.stephenson2014@example.net','Home','Personal','Work','False','Home','','mason_stephenson55@example.com','833-769-7714x3079','0.0','','','','','0.0','','0.0','','','','0.0','','','','0.0','0.0','0.0','0.0','0.0','0.0','0.0','0.0','0.0','0.0','0.0','','','','','','0.0','0.0','False','False','False','False','False','False','','','','','','','','','','','','0.0','','False','False','','','','');
INSERT INTO "Contact" VALUES('Contact-197','harry_barron83@example.org','Harry','Barron','(457)821-1270x649','','','','','Learning disability/cognitive processing disability','False','','','','','Active','','','','DROBGBXA5SA','','','','','Society call gas ago no.','None','','Home','False','2003-04-17','','','','','','','','','','','None','','','False','','','','Pattern though result beautiful. Happen media anything leg. She mother since anything rock born oil.','','Administration','Initial Inquiry','','English','','','None','Client Certification','Shah, Ferguson and Stuart','French','','Volunteer;Puppy Raiser','Harry','She Mrs.','They/Them','','','','','','Suspended','','','','False','False','False','False','False','False','False','Women XXL','','','','','','','','','','','','','None','','','','','','False','','True','','','','','','','','Diabetes Alert','None','False','False','','Sensitive Info- Volunteer and Staff','','','','','h-barron5@example.org','harry_barron83@example.org','Home','Personal','Home','False','Work','','ha.barron2012@example.com','+1-831-894-9979x945','0.0','82678.0','2014','2024-11-01','96412.0','0.0','2024-11-23','0.0','2024-08-07','Kid best fight hot within. Business hope out site responsibility fill civil.','Responsibility process development develop but bill car. Apply stay bring.','0.0','2024-05-26','2024-03-29','Household__c.Informal_Greeting__c','0.0','0.0','0.0','0.0','0.0','0.0','0.0','0.0','0.0','0.0','0.0','28342.0','20905.0','74852.0','28219.0','All New or Edited Contacts','0.0','0.0','False','False','False','False','True','False','20341.0','2024-08-26','77507.0','2024-02-01','34224.0','','60339.0','71879.0','37642.0','66674.0','47085.0','0.0','','False','False','','','npsp__Address__c-93','');
INSERT INTO "Contact" VALUES('Contact-198','d_macias1984@example.org','Donna','Macias','758.319.3804','','','','','Prefer to self-describe','False','','','','','None','','','','DSNXGB0L','','','','','Sister wear past.','None','','Home','False','2000-12-03','','','','','','','','','','','In Training','','','False','','','','Want issue professional herself. Nothing along program attorney course store move plan.','','Marketing and Branding','Inactive','','English','','','Active','General info/Other','Brennan, Rollins and Huff','French','','Team Facilitator Lead','Donna','Recently.','He/Him','','','','','','None','','','','False','False','False','False','False','False','False','Men XL','','','','','','','','','','','','','None','','','','','','False','','True','','','','','','','','Narcolepsy Alert','None','False','False','','Active Projects- Technology Infrastructure','','','','','do-macias1968@example.org','d_macias1984@example.org','Home','Personal','Work','False','Home','','donna-macias02@example.net','+1-461-944-6371','0.0','40411.0','2010','2024-03-14','95537.0','0.0','2024-10-17','0.0','2024-06-05','Model above receive onto place. Enough chance type look option any.','Provide none address least song pattern accept. Alone him him baby term. Law bad baby rich reality.','0.0','2024-03-12','2024-07-03','Household__c.Informal_Greeting__c','0.0','0.0','0.0','0.0','0.0','0.0','0.0','0.0','0.0','0.0','0.0','65527.0','35849.0','54025.0','97615.0','All Individual Contacts','0.0','0.0','False','False','False','False','True','False','82752.0','2024-10-09','38242.0','2024-10-04','15293.0','','44937.0','38544.0','90578.0','69549.0','46254.0','0.0','','False','False','','','npsp__Address__c-94','');
INSERT INTO "Contact" VALUES('Contact-199','sonia.juarez08@example.org','Sonia','Juarez','+1-299-393-2328x497','','','','','Deaf/Hard of hearing','False','','','','','Active','','','','OZERGBF3TXO','','Misty','','','Similar determine there lead.','','','Home','True','2005-02-17','','','','','','','','','','','None','','','False','','','','Method east power. Three single party house become rule citizen of. Provide step exist four finish send or.','','Medical/Mental Health','Onboarding','','English','','','None','General info/Other','Mullins PLC','American Sign Language','','Puppy Raiser','Sonia','Tell.','They/Them','','','','','','Onboarding','','','','False','False','False','False','False','False','False','Men S','','','','','','','','','','','','','None','','','','','','False','','False','','','','','','','','Psychiatric','None','False','False','','Sensitive Info- Board','','','','','s+juarez7@example.net','sonia.juarez08@example.org','Home','Personal','Work','False','Home','','so+juarez1990@example.net','857.581.6763x65497','0.0','69721.0','1970','2024-09-15','39855.0','0.0','2024-10-22','0.0','2024-02-29','Maybe power between apply. Son goal firm though store each then. Hope cup all company of fish.','Radio wear always. Cup road response not. Western while indeed practice mouth.','0.0','2024-06-05','2024-05-28','Household__c.Informal_Greeting__c','0.0','0.0','0.0','0.0','0.0','0.0','0.0','0.0','0.0','0.0','0.0','88981.0','42831.0','38569.0','17362.0','No Contacts','0.0','0.0','False','False','False','False','True','False','31659.0','2024-10-26','7982.0','2024-12-06','21001.0','','16381.0','46346.0','85158.0','79600.0','23274.0','0.0','','False','False','','','npsp__Address__c-95','');
INSERT INTO "Contact" VALUES('Contact-200','nichole-underwood@example.org','Underwood','Nichole','+1-716-281-4637x472','','','','','','False','','','','','','','','','','','','','','','None','','Home','False','','','','','','','','','','','','None','','','False','','','','','','','','','English','','','','','','','','','Underwood','','','','','','','','None','','','','False','False','False','False','False','False','False','','','','','','','','','','','','','','None','','','','','','False','','False','','','','','','','','','None','False','False','','','','','','','nichole-underwood64@example.net','nichole-underwood@example.org','Home','Personal','Home','False','Home','','nichole-underwood0@example.net','+1-335-902-5371x416','0.0','','','','','0.0','','0.0','','','','0.0','','','','0.0','0.0','0.0','0.0','0.0','0.0','0.0','0.0','0.0','0.0','0.0','','','','','','0.0','0.0','False','False','False','False','False','False','','','','','','','','','','','','0.0','','False','False','','','','');
INSERT INTO "Contact" VALUES('Contact-201','dakotarowland65@example.net','Rowland','Dakota','974-364-5986','','','','','','False','','','','','','','','','','','','','','','None','','Home','False','','','','','','','','','','','','None','','','False','','','','','','','','','English','','','','','','','','','Rowland','','','','','','','','None','','','','False','False','False','False','False','False','False','','','','','','','','','','','','','','None','','','','','','False','','False','','','','','','','','','None','False','False','','','','','','','d.rowland58@example.org','dakotarowland65@example.net','Home','Personal','Home','False','Other','','da.rowland04@example.org','+1-927-668-2299x4681','0.0','','','','','0.0','','0.0','','','','0.0','','','','0.0','0.0','0.0','0.0','0.0','0.0','0.0','0.0','0.0','0.0','0.0','','','','','','0.0','0.0','False','False','False','False','False','False','','','','','','','','','','','','0.0','','False','False','','','','');
INSERT INTO "Contact" VALUES('Contact-202','adriana.ball1949@example.com','Adriana','Ball','001-895-414-2221','','','','','Sensory processing disorder','False','','','','','Onboarding','','','','ZTHOGB81842','','','','','Worry involve road doctor from also.','None','','Home','False','2000-05-12','','','','','','','','','','','Inactive','','','False','','','','Center available lay such form admit behind. Hold green group laugh simple.','','Dog Training/Behavior/Veterinary','Onboarding','','English','','','Inactive','Sponsorship/Donations','Ford Ltd','Arabic','','Team Facilitator Lead','Adriana','Arrive.','Prefer not to answer','','','','','','None','','','','False','False','False','False','False','False','False','Unisex S','','','','','','','','','','','','','None','','','','','','False','','False','','','','','','','','Mobility','None','False','False','','Active Projects- Research and Development','','','','','adriana.ball7@example.org','adriana.ball1949@example.com','Home','Personal','Other','False','Work','','adriana-ball@example.com','5093411211','0.0','28835.0','1990','2024-03-15','65151.0','0.0','2024-07-09','0.0','2024-08-03','Still science might can table. Yeah usually many either.','Ball rich individual price. Popular ago free seem.','0.0','2024-11-28','2024-08-31','Household__c.Informal_Greeting__c','0.0','0.0','0.0','0.0','0.0','0.0','0.0','0.0','0.0','0.0','0.0','96069.0','90120.0','54816.0','6026.0','No Contacts','0.0','0.0','False','False','False','False','True','False','67255.0','2024-03-19','87303.0','2024-11-12','25634.0','','19638.0','7766.0','64099.0','59699.0','18727.0','0.0','','False','False','','','npsp__Address__c-96','');
INSERT INTO "Contact" VALUES('Contact-203','j-potts4@example.org','Jenny','Potts','867-941-5100','','','','','Intellectual disability','False','','','','','Onboarding','','','','WMJPGB9K','','','','','Brother firm budget discuss police speech top.','Decertified','','Home','True','2013-01-01','','','','','','','','','','','None','','','False','','','','Offer glass send national blue relationship. Throw American hospital score south cover home teach.','','Project/Program Management','None','','English','','','None','Team Facilitator Certification','Wagner-Mosley','American Sign Language','','Client;Puppy Raiser','Jenny','Life sing.','She/Her','','','','','','In Training','','','','False','False','False','False','False','False','False','Men XL','','','','','','','','','','','','','None','','','','','','False','','True','','','','','','','','Psychiatric;Autism','None','False','False','','Active Projects- Community Outreach and Education','','','','','je-potts@example.net','j-potts4@example.org','Home','Personal','Work','False','Other','','jepotts5@example.org','001-817-416-4201x434','0.0','5274.0','1999','2024-10-05','3070.0','0.0','2024-09-26','0.0','2024-07-18','South off break student while stop ground. Fish key general continue along list.','Peace tree film use relationship feeling. Operation window family public.','0.0','2024-12-02','2024-04-06','Household__c.Formal_Greeting__c','0.0','0.0','0.0','0.0','0.0','0.0','0.0','0.0','0.0','0.0','0.0','31357.0','606.0','8852.0','25692.0','All New or Edited Contacts','0.0','0.0','False','False','False','True','False','False','28507.0','2024-12-02','47391.0','2024-12-21','97058.0','','35723.0','15064.0','51119.0','11813.0','28915.0','0.0','','False','False','','','npsp__Address__c-97','');
INSERT INTO "Contact" VALUES('Contact-204','ke.hill@example.org','Hill','Kevin','2464462315','','','','','','False','','','','','','','','','','','','','','','None','','Home','False','','','','','','','','','','','','None','','','False','','','','','','','','','English','','','','','','','','','Hill','','','','','','','','None','','','','False','False','False','False','False','False','False','','','','','','','','','','','','','','None','','','','','','False','','False','','','','','','','','','None','False','False','','','','','','','k-hill65@example.org','ke.hill@example.org','Home','Personal','Work','False','Other','','ke-hill5@example.net','(623)297-5741x986','0.0','','','','','0.0','','0.0','','','','0.0','','','','0.0','0.0','0.0','0.0','0.0','0.0','0.0','0.0','0.0','0.0','0.0','','','','','','0.0','0.0','False','False','False','False','False','False','','','','','','','','','','','','0.0','','False','False','','','','');
INSERT INTO "Contact" VALUES('Contact-205','glenda_frey@example.com','Frey','Glenda','001-622-919-1894','','','','','','False','','','','','','','','','','','','','','','None','','Home','False','','','','','','','','','','','','None','','','False','','','','','','','','','English','','','','','','','','','Frey','','','','','','','','None','','','','False','False','False','False','False','False','False','','','','','','','','','','','','','','None','','','','','','False','','False','','','','','','','','','None','False','False','','','','','','','gl.frey@example.org','glenda_frey@example.com','Home','Personal','Home','False','Other','','glenda.frey@example.net','226-825-8405x45686','0.0','','','','','0.0','','0.0','','','','0.0','','','','0.0','0.0','0.0','0.0','0.0','0.0','0.0','0.0','0.0','0.0','0.0','','','','','','0.0','0.0','False','False','False','False','False','False','','','','','','','','','','','','0.0','','False','False','','','','');
INSERT INTO "Contact" VALUES('Contact-206','m-rasmussen3@example.net','Marissa','Rasmussen','907-770-4873','','','','','Prefer not to answer','False','','','','','Active','','','','OFWXGB9BDKZ','','','','','Effect myself note could beyond.','None','','Home','True','2005-04-08','','','','','','','','','','','None','','','False','','','','Culture history on. Seek fast area many particularly drop. Trade level garden spring describe anything job.','','Photography/Videography','Inactive','','English','','','None','Teams Set in Motion Program','Salas-Frye','German','','Donor','Marissa','Reach.','Prefer not to answer','','','','','','None','','','','False','False','False','False','False','False','False','Unisex M','','','','','','','','','','','','','None','','','','','','False','','True','','','','','','','','Diabetes Alert','None','False','False','','Active Projects- Volunteer Recruitment and Retention','','','','','marissa_rasmussen56@example.com','m-rasmussen3@example.net','Home','Personal','Other','False','Work','','m_rasmussen81@example.com','+1-766-567-1554','0.0','12432.0','1994','2024-12-31','66946.0','0.0','2024-03-08','0.0','2024-04-27','Pick contain sometimes relate political also. Natural thing table contain.','Radio site cold side summer impact recent. Avoid lead work though.','0.0','2024-09-13','2025-01-08','Household__c.Formal_Greeting__c','0.0','0.0','0.0','0.0','0.0','0.0','0.0','0.0','0.0','0.0','0.0','62975.0','2708.0','3612.0','44841.0','All Individual Contacts','0.0','0.0','False','False','False','True','False','False','20642.0','2024-04-03','3097.0','2024-06-23','43829.0','','70542.0','24982.0','98582.0','96958.0','80499.0','0.0','','False','False','','','npsp__Address__c-98','');
INSERT INTO "Contact" VALUES('Contact-207','le+diaz@example.net','Diaz','Levi','(455)728-8386x3615','','','','','','False','','','','','','','','','','','','','','','None','','Home','False','','','','','','','','','','','','None','','','False','','','','','','','','','English','','','','','','','','','Diaz','','','','','','','','None','','','','False','False','False','False','False','False','False','','','','','','','','','','','','','','None','','','','','','False','','False','','','','','','','','','None','False','False','','','','','','','levidiaz71@example.com','le+diaz@example.net','Home','Personal','Other','False','Other','','ldiaz1964@example.org','001-702-901-0417','0.0','','','','','0.0','','0.0','','','','0.0','','','','0.0','0.0','0.0','0.0','0.0','0.0','0.0','0.0','0.0','0.0','0.0','','','','','','0.0','0.0','False','False','False','False','False','False','','','','','','','','','','','','0.0','','False','False','','','','');
INSERT INTO "Contact" VALUES('Contact-208','l-oconnell1964@example.net','Oconnell','Lonnie','831.471.5216','','','','','','False','','','','','','','','','','','','','','','None','','Home','False','','','','','','','','','','','','None','','','False','','','','','','','','','English','','','','','','','','','Oconnell','','','','','','','','None','','','','False','False','False','False','False','False','False','','','','','','','','','','','','','','None','','','','','','False','','False','','','','','','','','','None','False','False','','','','','','','lonnie+oconnell1962@example.org','l-oconnell1964@example.net','Home','Personal','Home','False','Work','','lo+oconnell1972@example.net','656.911.1999x8777','0.0','','','','','0.0','','0.0','','','','0.0','','','','0.0','0.0','0.0','0.0','0.0','0.0','0.0','0.0','0.0','0.0','0.0','','','','','','0.0','0.0','False','False','False','False','False','False','','','','','','','','','','','','0.0','','False','False','','','','');
INSERT INTO "Contact" VALUES('Contact-209','dobauer6@example.net','Donald','Bauer','514-720-4165','','','','','Mobility/ambulatory difficulty','False','','','','','Initial Inquiry','','','','JQEDGB916HK','2025-05-18','Gus','','','Range pull its central get same would.','','','Home','False','2001-03-12','','','','','','','','','','','None','','','False','','','','Rule dog your trip nature next. Live send stage purpose realize feel. Here deal away give condition five phone really.','','Financial/Bookkeeping','Active','','English','','','None','General info/Other','Krause Inc','Spanish','','Donor','Donald','Light.','He/Him','','','','','','None','','','','False','False','False','False','False','False','False','Unisex M','','','','','','','','','','','','','None','','','','','','False','','False','','','','','','','','Mobility','None','False','False','','Active Projects- Fund Development','','','','','d.bauer9@example.net','dobauer6@example.net','Home','Personal','Other','False','Other','','d-bauer66@example.org','448.731.9262x898','0.0','60872.0','1989','2024-06-02','57387.0','0.0','2024-02-05','0.0','2024-12-30','Who hold structure until author rise some.','Area six friend new pattern. Make get per foreign organization woman.','0.0','2024-07-22','2024-05-10','Household__c.Formal_Greeting__c','0.0','0.0','0.0','0.0','0.0','0.0','0.0','0.0','0.0','0.0','0.0','55599.0','46678.0','38071.0','89154.0','No Contacts','0.0','0.0','False','False','False','True','False','False','9827.0','2024-07-02','35527.0','2024-05-18','67108.0','','52980.0','23661.0','20929.0','55394.0','99485.0','0.0','','False','False','','','npsp__Address__c-99','');
INSERT INTO "Contact" VALUES('Contact-210','ke.fisher2009@example.net','Fisher','Kent','(884)643-3140x56310','','','','','','False','','','','','','','','','','','','','','','None','','Home','False','','','','','','','','','','','','None','','','False','','','','','','','','','English','','','','','','','','','Fisher','','','','','','','','None','','','','False','False','False','False','False','False','False','','','','','','','','','','','','','','None','','','','','','False','','False','','','','','','','','','None','False','False','','','','','','','k+fisher54@example.com','ke.fisher2009@example.net','Home','Personal','Work','False','Work','','ke-fisher@example.com','(298)469-7900x4149','0.0','','','','','0.0','','0.0','','','','0.0','','','','0.0','0.0','0.0','0.0','0.0','0.0','0.0','0.0','0.0','0.0','0.0','','','','','','0.0','0.0','False','False','False','False','False','False','','','','','','','','','','','','0.0','','False','False','','','','');
INSERT INTO "Contact" VALUES('Contact-211','v_salinas0@example.net','Salinas','Vickie','386.639.8072x3044','','','','','','False','','','','','','','','','','','','','','','None','','Home','False','','','','','','','','','','','','None','','','False','','','','','','','','','English','','','','','','','','','Salinas','','','','','','','','None','','','','False','False','False','False','False','False','False','','','','','','','','','','','','','','None','','','','','','False','','False','','','','','','','','','None','False','False','','','','','','','vi-salinas@example.com','v_salinas0@example.net','Home','Personal','Other','False','Home','','vsalinas2004@example.org','+1-669-276-9497x9892','0.0','','','','','0.0','','0.0','','','','0.0','','','','0.0','0.0','0.0','0.0','0.0','0.0','0.0','0.0','0.0','0.0','0.0','','','','','','0.0','0.0','False','False','False','False','False','False','','','','','','','','','','','','0.0','','False','False','','','','');
INSERT INTO "Contact" VALUES('Contact-212','seanglenn74@example.net','Sean','Glenn','704.451.3376x48530','','','','','Mental health condition','False','','','','','','','','','GGXJGBKK7KD','','','','','','None','','Home','False','2009-10-31','','','','','','','','','','','None','','','False','','','','','','','','','English','','','','','Beck-Bailey','Spanish','','Volunteer;Team Facilitator','Sean','Thought.','Specify','','','','','','None','','','','False','False','False','False','False','False','False','Men M','','','','','','','','','','','','','None','','','','','','False','','True','','','','','','','','Psychiatric;Autism','Initial Inquiry','False','False','','Board - READ ONLY','','','','','sean+glenn@example.net','seanglenn74@example.net','Home','Personal','Work','False','Home','','se-glenn@example.com','775-221-2987','0.0','','','','','0.0','','0.0','','','','0.0','','','','0.0','0.0','0.0','0.0','0.0','0.0','0.0','0.0','0.0','0.0','0.0','','','','','','0.0','0.0','False','False','False','False','False','False','','','','','','','','','','','','0.0','','False','False','','','npsp__Address__c-100','');
INSERT INTO "Contact" VALUES('Contact-213','ch_woodard@example.com','Woodard','Chelsea','(932)618-9145x101','','','','','','False','','','','','','','','','','','','','','','None','','Home','False','','','','','','','','','','','','None','','','False','','','','','','','','','English','','','','','','','','','Woodard','','','','','','','','None','','','','False','False','False','False','False','False','False','','','','','','','','','','','','','','None','','','','','','False','','False','','','','','','','','','None','False','False','','','','','','','ch-woodard@example.net','ch_woodard@example.com','Home','Personal','Other','False','Other','','cwoodard7@example.org','483-426-6679x74026','0.0','','','','','0.0','','0.0','','','','0.0','','','','0.0','0.0','0.0','0.0','0.0','0.0','0.0','0.0','0.0','0.0','0.0','','','','','','0.0','0.0','False','False','False','False','False','False','','','','','','','','','','','','0.0','','False','False','','','','');
INSERT INTO "Contact" VALUES('Contact-214','shelby_morse51@example.org','Morse','Shelby','(526)957-8617','','','','','','False','','','','','','','','','','','','','','','None','','Home','False','','','','','','','','','','','','None','','','False','','','','','','','','','English','','','','','','','','','Morse','','','','','','','','None','','','','False','False','False','False','False','False','False','','','','','','','','','','','','','','None','','','','','','False','','False','','','','','','','','','None','False','False','','','','','','','smorse5@example.org','shelby_morse51@example.org','Home','Personal','Work','False','Work','','s.morse49@example.net','001-978-662-8948x95869','0.0','','','','','0.0','','0.0','','','','0.0','','','','0.0','0.0','0.0','0.0','0.0','0.0','0.0','0.0','0.0','0.0','0.0','','','','','','0.0','0.0','False','False','False','False','False','False','','','','','','','','','','','','0.0','','False','False','','','','');
INSERT INTO "Contact" VALUES('Contact-215','joshua.cisneros1968@example.com','Joshua','Cisneros','547.721.7196x8277','','','','','Blind/Low vision','False','','','','','Onboarding','','','','JFBFGBU6FSN','','','','','Chair smile discussion investment keep leg treatment wall.','None','','Home','True','2007-08-16','','','','','','','','','','','Initial Inquiry','','','False','','','','East five character interest actually.','','Disability Advocacy','None','','English','','','None','Teams Set in Motion Program','Shelton-Anderson','French','','Team Facilitator','Joshua','Sing.','Prefer not to answer','','','','','','None','','','','False','False','False','False','False','False','False','Men S','','','','','','','','','','','','','None','','','','','','False','','True','','','','','','','','Mobility','None','False','False','','Active Projects- Team Facilitator Certification','','','','','joshua-cisneros@example.net','joshua.cisneros1968@example.com','Home','Personal','Other','False','Work','','jo.cisneros@example.net','407.281.6858x7033','0.0','21111.0','2010','2024-01-26','86542.0','0.0','2024-07-27','0.0','2024-02-18','Toward trial avoid.','Effect maybe trip show work. Wind room often travel better.','0.0','2024-05-11','2024-04-02','Household__c.Formal_Greeting__c','0.0','0.0','0.0','0.0','0.0','0.0','0.0','0.0','0.0','0.0','0.0','50896.0','69307.0','15643.0','74044.0','All Individual Contacts','0.0','0.0','False','False','False','True','False','False','59044.0','2024-03-07','65702.0','2024-01-24','90452.0','','19611.0','33803.0','33305.0','8029.0','67778.0','0.0','','False','False','','','npsp__Address__c-101','');
INSERT INTO "Contact" VALUES('Contact-216','melanie-potter12@example.com','Potter','Melanie','+1-595-951-3599x82302','','','','','','False','','','','','','','','','','','','','','','None','','Home','False','','','','','','','','','','','','None','','','False','','','','','','','','','English','','','','','','','','','Potter','','','','','','','','None','','','','False','False','False','False','False','False','False','','','','','','','','','','','','','','None','','','','','','False','','False','','','','','','','','','None','False','False','','','','','','','m-potter13@example.com','melanie-potter12@example.com','Home','Personal','Other','False','Work','','m.potter2005@example.org','+1-829-701-4689','0.0','','','','','0.0','','0.0','','','','0.0','','','','0.0','0.0','0.0','0.0','0.0','0.0','0.0','0.0','0.0','0.0','0.0','','','','','','0.0','0.0','False','False','False','False','False','False','','','','','','','','','','','','0.0','','False','False','','','','');
INSERT INTO "Contact" VALUES('Contact-217','shaun_preston1@example.com','Preston','Shaun','001-958-695-2813','','','','','','False','','','','','','','','','','','','','','','None','','Home','False','','','','','','','','','','','','None','','','False','','','','','','','','','English','','','','','','','','','Preston','','','','','','','','None','','','','False','False','False','False','False','False','False','','','','','','','','','','','','','','None','','','','','','False','','False','','','','','','','','','None','False','False','','','','','','','shaunpreston@example.org','shaun_preston1@example.com','Home','Personal','Home','False','Home','','s.preston@example.org','(363)268-3662x081','0.0','','','','','0.0','','0.0','','','','0.0','','','','0.0','0.0','0.0','0.0','0.0','0.0','0.0','0.0','0.0','0.0','0.0','','','','','','0.0','0.0','False','False','False','False','False','False','','','','','','','','','','','','0.0','','False','False','','','','');
INSERT INTO "Contact" VALUES('Contact-218','roger.boyd1@example.net','Roger','Boyd','+1-703-904-2213x6031','','','','','Learning disability/cognitive processing disability','False','','','','','Active','','','','BHUYGBSX7JH','','','','','Next whatever do contain couple kind market cover.','None','','Home','False','2019-09-07','','','','','','','','','','','None','','','False','','','','Often force hear top try when. Hold mean set keep wish prevent nearly. Capital partner have north world.','','Disability Advocacy','None','','English','','','None','Sweet Snoopers Training Program','Guerrero Ltd','Cantonese','','Volunteer;Puppy Raiser','Roger','Develop.','Specify','','','','','','Initial Inquiry','','','','False','False','False','False','False','False','False','Child S','','','','','','','','','','','','','None','','','','','','False','','True','','','','','','','','Mobility','None','False','False','','Active Projects- Academy','','','','','r_boyd2002@example.org','roger.boyd1@example.net','Home','Personal','Home','False','Work','','ro.boyd69@example.net','251.713.6943x1656','0.0','55235.0','1998','2024-09-01','30701.0','0.0','2024-06-02','0.0','2024-12-19','Early require space school it country. Represent thing democratic.','Get finish nor continue campaign clearly star. Point democratic evening politics analysis.','0.0','2024-12-12','2025-01-02','Household__c.Informal_Greeting__c','0.0','0.0','0.0','0.0','0.0','0.0','0.0','0.0','0.0','0.0','0.0','12641.0','29425.0','35803.0','12919.0','All New or Edited Contacts','0.0','0.0','False','False','False','False','True','False','44288.0','2024-08-18','51125.0','2024-11-28','46776.0','','99717.0','15438.0','20882.0','48957.0','70882.0','0.0','','False','False','','','npsp__Address__c-102','');
INSERT INTO "Contact" VALUES('Contact-219','challen5@example.com','Charlotte','Allen','(682)380-4855x43328','','','','','Prefer to self-describe','False','','','','','Initial Inquiry','','','','UWURGBJ7795','','','','','Central value range determine visit government marriage.','None','','Home','False','2004-02-07','','','','','','','','','','','None','','','False','','','','Research nor property. Compare environment program culture affect whole perform child. List red agreement practice special.','','SEO','None','','English','','','None','Assistance Dogs Set in Motion Program','Cohen, Cole and Crane','Spanish','','Board Member','Charlotte','Help.','She/Her','','','','','','None','','','','False','False','False','False','False','False','False','Men L','','','','','','','','','','','','','None','','','','','','False','','True','','','','','','','','Diabetes Alert','None','False','False','','Board','','','','','c-allen@example.net','challen5@example.com','Home','Personal','Work','False','Home','','ch+allen85@example.com','(743)735-4383x12313','0.0','60410.0','2024','2024-04-07','82723.0','0.0','2024-08-27','0.0','2024-05-11','Dog data former political international natural. Painting base claim appear.','Society north staff company always. Positive enjoy large group growth.','0.0','2024-04-02','2024-10-15','Household__c.Formal_Greeting__c','0.0','0.0','0.0','0.0','0.0','0.0','0.0','0.0','0.0','0.0','0.0','38809.0','22184.0','19962.0','84901.0','All New or Edited Contacts','0.0','0.0','False','False','False','True','False','False','15021.0','2024-09-30','2595.0','2024-06-18','86715.0','','34766.0','97835.0','99085.0','29537.0','38871.0','0.0','','False','False','','','npsp__Address__c-103','');
INSERT INTO "Contact" VALUES('Contact-220','bolin2000@example.net','Lin','Bonnie','686.876.7219','','','','','','False','','','','','','','','','','','','','','','None','','Home','False','','','','','','','','','','','','None','','','False','','','','','','','','','English','','','','','','','','','Lin','','','','','','','','None','','','','False','False','False','False','False','False','False','','','','','','','','','','','','','','None','','','','','','False','','False','','','','','','','','','None','False','False','','','','','','','bo.lin8@example.net','bolin2000@example.net','Home','Personal','Home','False','Home','','b-lin49@example.net','(205)808-3878x1876','0.0','','','','','0.0','','0.0','','','','0.0','','','','0.0','0.0','0.0','0.0','0.0','0.0','0.0','0.0','0.0','0.0','0.0','','','','','','0.0','0.0','False','False','False','False','False','False','','','','','','','','','','','','0.0','','False','False','','','','');
INSERT INTO "Contact" VALUES('Contact-221','br_randall@example.net','Randall','Bryce','(995)746-2988x8320','','','','','','False','','','','','','','','','','','','','','','None','','Home','False','','','','','','','','','','','','None','','','False','','','','','','','','','English','','','','','','','','','Randall','','','','','','','','None','','','','False','False','False','False','False','False','False','','','','','','','','','','','','','','None','','','','','','False','','False','','','','','','','','','None','False','False','','','','','','','brandall98@example.org','br_randall@example.net','Home','Personal','Other','False','Work','','b+randall@example.org','(611)999-7379','0.0','','','','','0.0','','0.0','','','','0.0','','','','0.0','0.0','0.0','0.0','0.0','0.0','0.0','0.0','0.0','0.0','0.0','','','','','','0.0','0.0','False','False','False','False','False','False','','','','','','','','','','','','0.0','','False','False','','','','');
INSERT INTO "Contact" VALUES('Contact-222','b_osborne5@example.net','Brendan','Osborne','001-578-908-6009x37786','','','','','Learning disability/cognitive processing disability','False','','','','','Active','','','','XCPHGBP0FVO','','','','','Wonder his structure hair official trade evening film.','Onboarding','','Home','False','2019-10-14','','','','','','','','','','','Inactive','','','False','','','','Concern daughter smile whether how friend. To business process work put.','','Legal','None','','English','','','Inactive','Sponsorship/Donations','Hickman, Fox and Zamora','Japanese','','Volunteer;Team Facilitator Lead;Client','Brendan','Build.','She/Her','','','','','','None','','','','False','False','False','False','False','False','False','Men S','','','','','','','','','','','','','None','','','','','','False','','False','','','','','','','','Mobility','None','False','False','','Operations- Client','','','','','brendan-osborne@example.org','b_osborne5@example.net','Home','Personal','Other','False','Home','','brendan-osborne1@example.com','4594704089','0.0','44888.0','1981','2024-03-01','92584.0','0.0','2025-01-04','0.0','2024-09-10','Space cold front describe morning. Throughout single usually other.','Get hotel woman room. Phone answer thank both. Event could summer bit. Page box however message.','0.0','2024-03-16','2024-08-07','Household__c.Formal_Greeting__c','0.0','0.0','0.0','0.0','0.0','0.0','0.0','0.0','0.0','0.0','0.0','69457.0','52401.0','54019.0','71835.0','All Individual Contacts','0.0','0.0','False','False','False','True','False','False','97818.0','2024-03-04','41270.0','2025-01-11','70196.0','','5092.0','49891.0','94700.0','98439.0','35096.0','0.0','','False','False','','','npsp__Address__c-104','');
INSERT INTO "Contact" VALUES('Contact-223','r.briggs7@example.com','Rita','Briggs','405.399.8982','','','','','Deaf/Hard of hearing','False','','','','','None','','','','NOAAGBWMTNZ','','','','','Here summer security.','None','','Home','True','2019-12-05','','','','','','','','','','','None','','','False','','','','Behind whom ground half scene maintain add. Want country crime image. Pattern amount think claim challenge structure important.','','SEO','Inactive','','English','','','None','Assistance Dogs Set in Motion Program','Moses, Prince and Delacruz','Italian','','Trainer','Rita','Fire from.','They/Them','','','','','','None','','','','False','False','False','False','False','False','False','Men L','','','','','','','','','','','','','None','','','','','','False','','False','','','','','','','','Psychiatric','Initial Inquiry','False','False','','Operations- Financial','','','','','r-briggs68@example.org','r.briggs7@example.com','Home','Personal','Work','False','Home','','r.briggs1949@example.net','530.290.2989x149','0.0','26161.0','2000','2024-04-23','39367.0','0.0','2024-09-29','0.0','2025-01-11','Door world especially drive growth meeting recently. Factor let kitchen ahead.','Top voice or evidence about yard. Maybe short herself environmental.','0.0','2024-01-23','2024-03-08','Household__c.Name','0.0','0.0','0.0','0.0','0.0','0.0','0.0','0.0','0.0','0.0','0.0','37279.0','52892.0','44119.0','16200.0','No Contacts','0.0','0.0','False','False','False','False','False','True','92126.0','2024-06-03','9872.0','2024-07-23','11594.0','','67548.0','42572.0','80400.0','79945.0','56177.0','0.0','','False','False','','','npsp__Address__c-105','');
INSERT INTO "Contact" VALUES('Contact-224','e+davila2@example.net','Davila','Ethan','971-436-0420x994','','','','','','False','','','','','','','','','','','','','','','None','','Home','False','','','','','','','','','','','','None','','','False','','','','','','','','','English','','','','','','','','','Davila','','','','','','','','None','','','','False','False','False','False','False','False','False','','','','','','','','','','','','','','None','','','','','','False','','False','','','','','','','','','None','False','False','','','','','','','et.davila05@example.net','e+davila2@example.net','Home','Personal','Other','False','Other','','etdavila1959@example.com','220.830.4980x25378','0.0','','','','','0.0','','0.0','','','','0.0','','','','0.0','0.0','0.0','0.0','0.0','0.0','0.0','0.0','0.0','0.0','0.0','','','','','','0.0','0.0','False','False','False','False','False','False','','','','','','','','','','','','0.0','','False','False','','','','');
INSERT INTO "Contact" VALUES('Contact-225','brandon+stewart1998@example.net','Stewart','Brandon','572.476.4194','','','','','','False','','','','','','','','','','','','','','','None','','Home','False','','','','','','','','','','','','None','','','False','','','','','','','','','English','','','','','','','','','Stewart','','','','','','','','None','','','','False','False','False','False','False','False','False','','','','','','','','','','','','','','None','','','','','','False','','False','','','','','','','','','None','False','False','','','','','','','br.stewart@example.com','brandon+stewart1998@example.net','Home','Personal','Other','False','Other','','bstewart1971@example.net','992.854.8609','0.0','','','','','0.0','','0.0','','','','0.0','','','','0.0','0.0','0.0','0.0','0.0','0.0','0.0','0.0','0.0','0.0','0.0','','','','','','0.0','0.0','False','False','False','False','False','False','','','','','','','','','','','','0.0','','False','False','','','','');
CREATE TABLE "DogRelationship__c" (
	id VARCHAR(255) NOT NULL, 
	"Type__c" VARCHAR(255), 
	"Contact__c" VARCHAR(255), 
	"Dog__c" VARCHAR(255), 
	PRIMARY KEY (id)
);
INSERT INTO "DogRelationship__c" VALUES('DogRelationship__c-1','Client','Contact-115','Dog__c-6');
INSERT INTO "DogRelationship__c" VALUES('DogRelationship__c-2','Client','Contact-13','Dog__c-1');
INSERT INTO "DogRelationship__c" VALUES('DogRelationship__c-3','Client','Contact-139','Dog__c-7');
INSERT INTO "DogRelationship__c" VALUES('DogRelationship__c-4','Client','Contact-171','Dog__c-8');
INSERT INTO "DogRelationship__c" VALUES('DogRelationship__c-5','Client','Contact-199','Dog__c-9');
INSERT INTO "DogRelationship__c" VALUES('DogRelationship__c-6','Client','Contact-209','Dog__c-10');
INSERT INTO "DogRelationship__c" VALUES('DogRelationship__c-7','Client','Contact-27','Dog__c-2');
INSERT INTO "DogRelationship__c" VALUES('DogRelationship__c-8','Client','Contact-50','Dog__c-3');
INSERT INTO "DogRelationship__c" VALUES('DogRelationship__c-9','Client','Contact-85','Dog__c-4');
INSERT INTO "DogRelationship__c" VALUES('DogRelationship__c-10','Client','Contact-92','Dog__c-5');
INSERT INTO "DogRelationship__c" VALUES('DogRelationship__c-11','Owner','Contact-1','Dog__c-1');
INSERT INTO "DogRelationship__c" VALUES('DogRelationship__c-12','Client','Contact-115','Dog__c-6');
INSERT INTO "DogRelationship__c" VALUES('DogRelationship__c-13','Client','Contact-13','Dog__c-1');
INSERT INTO "DogRelationship__c" VALUES('DogRelationship__c-14','Owner','Contact-130','Dog__c-6');
INSERT INTO "DogRelationship__c" VALUES('DogRelationship__c-15','Handler','Contact-130','Dog__c-6');
INSERT INTO "DogRelationship__c" VALUES('DogRelationship__c-16','Owner','Contact-136','Dog__c-7');
INSERT INTO "DogRelationship__c" VALUES('DogRelationship__c-17','Client','Contact-139','Dog__c-7');
INSERT INTO "DogRelationship__c" VALUES('DogRelationship__c-18','Breeder','Contact-140','Dog__c-7');
INSERT INTO "DogRelationship__c" VALUES('DogRelationship__c-19','Facilitator','Contact-158','Dog__c-8');
INSERT INTO "DogRelationship__c" VALUES('DogRelationship__c-20','Client','Contact-171','Dog__c-8');
INSERT INTO "DogRelationship__c" VALUES('DogRelationship__c-21','Owner','Contact-173','Dog__c-8');
INSERT INTO "DogRelationship__c" VALUES('DogRelationship__c-22','Facilitator','Contact-185','Dog__c-9');
INSERT INTO "DogRelationship__c" VALUES('DogRelationship__c-23','Client','Contact-199','Dog__c-9');
INSERT INTO "DogRelationship__c" VALUES('DogRelationship__c-24','Owner','Contact-200','Dog__c-9');
INSERT INTO "DogRelationship__c" VALUES('DogRelationship__c-25','Client','Contact-208','Dog__c-10');
INSERT INTO "DogRelationship__c" VALUES('DogRelationship__c-26','Client','Contact-209','Dog__c-10');
INSERT INTO "DogRelationship__c" VALUES('DogRelationship__c-27','Owner','Contact-217','Dog__c-10');
INSERT INTO "DogRelationship__c" VALUES('DogRelationship__c-28','Client','Contact-27','Dog__c-2');
INSERT INTO "DogRelationship__c" VALUES('DogRelationship__c-29','Handler','Contact-34','Dog__c-2');
INSERT INTO "DogRelationship__c" VALUES('DogRelationship__c-30','Handler','Contact-4','Dog__c-1');
INSERT INTO "DogRelationship__c" VALUES('DogRelationship__c-31','Owner','Contact-42','Dog__c-2');
INSERT INTO "DogRelationship__c" VALUES('DogRelationship__c-32','Owner','Contact-49','Dog__c-3');
INSERT INTO "DogRelationship__c" VALUES('DogRelationship__c-33','Client','Contact-50','Dog__c-3');
INSERT INTO "DogRelationship__c" VALUES('DogRelationship__c-34','Client','Contact-58','Dog__c-3');
INSERT INTO "DogRelationship__c" VALUES('DogRelationship__c-35','Owner','Contact-74','Dog__c-4');
INSERT INTO "DogRelationship__c" VALUES('DogRelationship__c-36','Breeder','Contact-80','Dog__c-4');
INSERT INTO "DogRelationship__c" VALUES('DogRelationship__c-37','Client','Contact-85','Dog__c-4');
INSERT INTO "DogRelationship__c" VALUES('DogRelationship__c-38','Client','Contact-92','Dog__c-5');
INSERT INTO "DogRelationship__c" VALUES('DogRelationship__c-39','Client','Contact-92','Dog__c-5');
INSERT INTO "DogRelationship__c" VALUES('DogRelationship__c-40','Owner','Contact-96','Dog__c-5');
CREATE TABLE "Dog__c" (
	id VARCHAR(255) NOT NULL, 
	"ActivationDate__c" VARCHAR(255), 
	"Birthdate__c" VARCHAR(255), 
	"Breed__c" VARCHAR(255), 
	"Gender__c" VARCHAR(255), 
	"LatestPhysicalExamOutcome__c" VARCHAR(255), 
	"MicrochipNumber__c" VARCHAR(255), 
	"Name" VARCHAR(255), 
	"Notes__c" VARCHAR(255), 
	"PhysicalExamDue__c" VARCHAR(255), 
	"Picture__c" VARCHAR(255), 
	"Program__c" VARCHAR(255), 
	"SpayedNeutered__c" VARCHAR(255), 
	"Status__c" VARCHAR(255), 
	"VacExamsReceived__c" VARCHAR(255), 
	"VaccineDueDA2PP__c" VARCHAR(255), 
	"VaccineDueDistemper__c" VARCHAR(255), 
	"VaccineDueHepatitis__c" VARCHAR(255), 
	"VaccineDueParainfluenza__c" VARCHAR(255), 
	"VaccineDueParvovirus__c" VARCHAR(255), 
	"VaccineDueRabies__c" VARCHAR(255), 
	"VetClinic__c" VARCHAR(255), 
	PRIMARY KEY (id)
);
INSERT INTO "Dog__c" VALUES('Dog__c-1','2011-03-17','2012-12-28','Pomeranian','Male','Fail','0-239-22368-3','Sam','Summer analysis left short why head. Draw body name democratic. Will standard relationship.','2024-06-17','https://placekitten.com/60/60','Team Certification','False','','','','2024-09-27','2024-04-06','2024-09-11','2025-10-29','2025-07-25','');
INSERT INTO "Dog__c" VALUES('Dog__c-2','2018-11-26','2006-03-21','Corgi','Male','Pass','0-8226-7434-3','Zeus','Site teacher gun father list move research sort. Music any bring across market. Network economic improve.','2025-06-08','https://picsum.photos/60/60','Team Certification','False','','','','2025-08-01','2024-02-12','2023-03-12','2023-07-28','2023-05-17','');
INSERT INTO "Dog__c" VALUES('Dog__c-3','2009-06-25','2004-08-21','Pomeranian','Male','Pass','0-652-40564-9','Toby','School street however before some. Room read other break. Media newspaper certain political item now. Thus able opportunity.','2025-10-29','https://picsum.photos/60/60','Assistance Dogs Set In Motion','False','','','','2023-08-19','2025-02-07','2024-07-01','2023-10-02','2025-10-01','');
INSERT INTO "Dog__c" VALUES('Dog__c-4','2024-01-07','2000-05-14','Vizsla','Male','Pass','1-942606-83-4','Coco','Travel TV raise wear live parent author. True professor effort end black. Military court short medical know scene us.','2024-11-06','https://dummyimage.com/60x60','Assistance Dogs Set In Motion','True','','','','2025-11-23','2025-05-16','2023-06-11','2024-06-05','2021-03-29','');
INSERT INTO "Dog__c" VALUES('Dog__c-5','2004-10-03','2011-08-02','Samoyed','Male','Fail','1-133-34758-4','Gus','All teacher these listen serious. Road ground open draw tree.','2024-04-19','https://placekitten.com/60/60','Assistance Dogs Set In Motion','True','','','','2025-02-03','2025-12-27','2025-05-03','2024-10-16','2023-11-18','');
INSERT INTO "Dog__c" VALUES('Dog__c-6','2024-10-16','2018-06-25','Boxer','Female','Pass','0-15-125347-1','Nikki','Travel sister operation ago friend. Watch win doctor start rest. Represent fly fall debate century.','2025-02-03','https://picsum.photos/60/60','Assistance Dogs Set In Motion','False','','','','2024-12-27','2025-11-05','2025-12-02','2023-07-03','2026-02-21','');
INSERT INTO "Dog__c" VALUES('Dog__c-7','2019-08-28','2009-10-04','Bloodhound','Male','Pass','1-81112-368-6','Tucker','Talk scene always attack hotel manager. Avoid majority even science blood. Contain read fund house.','2025-12-13','https://picsum.photos/60/60','Team Certification','True','','','','2023-01-24','2024-08-08','2025-12-02','2025-05-21','2025-01-15','');
INSERT INTO "Dog__c" VALUES('Dog__c-8','2021-08-25','2014-09-14','Bernese Mountain Dogs','Female','Pass','0-7304-4032-X','Olive','Professor bill beautiful leg. Goal strong serious power exactly simply. Kid start message recently design red other.','2024-07-19','https://picsum.photos/60/60','Assistance Dogs Set In Motion','False','','','','2024-12-16','2023-04-26','2025-01-24','2023-08-30','2021-11-12','');
INSERT INTO "Dog__c" VALUES('Dog__c-9','2007-10-03','2019-10-21','Boxer','Female','Pass','1-240-81517-4','Misty','Statement citizen protect writer senior. Class lay character trip ever final.','2026-01-06','https://picsum.photos/60/60','Assistance Dogs Set In Motion','False','','','','2024-08-04','2024-10-10','2023-02-02','2024-08-07','2026-08-19','');
INSERT INTO "Dog__c" VALUES('Dog__c-10','2014-11-11','2003-01-29','Border Collie','Male','Fail','0-436-21309-5','Gus','Example each hand response treat. Again town would him move son.','2024-07-10','https://dummyimage.com/60x60','Assistance Dogs Set In Motion','True','','','','2024-05-25','2025-10-17','2023-12-26','2023-06-01','2024-02-03','');
CREATE TABLE "GW_Volunteers__Volunteer_Job__c" (
	id VARCHAR(255) NOT NULL, 
	"GW_Volunteers__Description__c" VARCHAR(255), 
	"GW_Volunteers__Display_on_Website__c" VARCHAR(255), 
	"GW_Volunteers__External_Signup_Url__c" VARCHAR(255), 
	"GW_Volunteers__Inactive__c" VARCHAR(255), 
	"GW_Volunteers__Location_City__c" VARCHAR(255), 
	"GW_Volunteers__Location_Information__c" VARCHAR(255), 
	"GW_Volunteers__Location_Street__c" VARCHAR(255), 
	"GW_Volunteers__Location_Zip_Postal_Code__c" VARCHAR(255), 
	"GW_Volunteers__Location__c" VARCHAR(255), 
	"GW_Volunteers__Ongoing__c" VARCHAR(255), 
	"GW_Volunteers__Skills_Needed__c" VARCHAR(255), 
	"GW_Volunteers__Volunteer_Website_Time_Zone__c" VARCHAR(255), 
	"Name" VARCHAR(255), 
	"GW_Volunteers__Campaign__c" VARCHAR(255), 
	PRIMARY KEY (id)
);
INSERT INTO "GW_Volunteers__Volunteer_Job__c" VALUES('GW_Volunteers__Volunteer_Job__c-1','Academy decscription','False','','False','','','','','','True','Marketing and Branding','','Academy','Campaign-1');
INSERT INTO "GW_Volunteers__Volunteer_Job__c" VALUES('GW_Volunteers__Volunteer_Job__c-2','ADI Accreditation decscription','False','','False','','','','','','True','Writing/Communications','','ADI Accreditation','Campaign-1');
INSERT INTO "GW_Volunteers__Volunteer_Job__c" VALUES('GW_Volunteers__Volunteer_Job__c-3','Branding and Marketing decscription','False','','False','','','','','','True','Marketing and Branding','','Branding and Marketing','Campaign-1');
INSERT INTO "GW_Volunteers__Volunteer_Job__c" VALUES('GW_Volunteers__Volunteer_Job__c-4','Client Certification decscription','False','','False','','','','','','True','Writing/Communications','','Client Certification','Campaign-1');
INSERT INTO "GW_Volunteers__Volunteer_Job__c" VALUES('GW_Volunteers__Volunteer_Job__c-5','Client Operations','False','','False','','','','','','True','Administration','','Client Operations','Campaign-1');
INSERT INTO "GW_Volunteers__Volunteer_Job__c" VALUES('GW_Volunteers__Volunteer_Job__c-6','Community Outreach and Education','False','','False','','','','','','True','Outreach/Networking','','Community Outreach and Education','Campaign-1');
INSERT INTO "GW_Volunteers__Volunteer_Job__c" VALUES('GW_Volunteers__Volunteer_Job__c-7','Dog Availability','False','','False','','','','','','True','Administration','','Dog Availability','Campaign-1');
INSERT INTO "GW_Volunteers__Volunteer_Job__c" VALUES('GW_Volunteers__Volunteer_Job__c-8','Financial Operations','False','','False','','','','','','True','Financial/Bookkeeping','','Financial Operations','Campaign-1');
INSERT INTO "GW_Volunteers__Volunteer_Job__c" VALUES('GW_Volunteers__Volunteer_Job__c-9','Fund Development','False','','False','','','','','','True','Fundraising/Grants','','Fund Development','Campaign-1');
INSERT INTO "GW_Volunteers__Volunteer_Job__c" VALUES('GW_Volunteers__Volunteer_Job__c-10','Governance and Compliance and Operations','False','','False','','','','','','True','Legal','','Governance and Compliance and Operations','Campaign-1');
INSERT INTO "GW_Volunteers__Volunteer_Job__c" VALUES('GW_Volunteers__Volunteer_Job__c-11','Operations Master Docs','False','','False','','','','','','True','Writing/Communications','','Operations Master Docs','Campaign-1');
INSERT INTO "GW_Volunteers__Volunteer_Job__c" VALUES('GW_Volunteers__Volunteer_Job__c-12','Research and Development','False','','False','','','','','','True','Dog Training/Behavior/Veterinary','','Research and Development','Campaign-1');
INSERT INTO "GW_Volunteers__Volunteer_Job__c" VALUES('GW_Volunteers__Volunteer_Job__c-13','Scholarships','False','','False','','','','','','True','Fundraising/Grants','','Scholarships','Campaign-1');
INSERT INTO "GW_Volunteers__Volunteer_Job__c" VALUES('GW_Volunteers__Volunteer_Job__c-14','State Registration','False','','False','','','','','','True','Legal','','State Registration','Campaign-1');
INSERT INTO "GW_Volunteers__Volunteer_Job__c" VALUES('GW_Volunteers__Volunteer_Job__c-15','Team Facilitator Certification','False','','False','','','','','','True','Administration','','Team Facilitator Certification','Campaign-1');
INSERT INTO "GW_Volunteers__Volunteer_Job__c" VALUES('GW_Volunteers__Volunteer_Job__c-16','Team Facilitator Operations','False','','False','','','','','','True','Administration','','Team Facilitator Operations','Campaign-1');
INSERT INTO "GW_Volunteers__Volunteer_Job__c" VALUES('GW_Volunteers__Volunteer_Job__c-17','Technology Infrastructure','False','','False','','','','','','True','Technology/Infrastructure','','Technology Infrastructure','Campaign-1');
INSERT INTO "GW_Volunteers__Volunteer_Job__c" VALUES('GW_Volunteers__Volunteer_Job__c-18','Trainer Certification','False','','False','','','','','','True','Dog Training/Behavior/Veterinary','','Trainer Certification','Campaign-1');
INSERT INTO "GW_Volunteers__Volunteer_Job__c" VALUES('GW_Volunteers__Volunteer_Job__c-19','Volunteer and Staff Operations','False','','False','','','','','','True','Administration','','Volunteer and Staff Operations','Campaign-1');
INSERT INTO "GW_Volunteers__Volunteer_Job__c" VALUES('GW_Volunteers__Volunteer_Job__c-20','Volunteer Recruitment and Retention','False','','False','','','','','','True','Outreach/Networking','','Volunteer Recruitment and Retention','Campaign-1');
INSERT INTO "GW_Volunteers__Volunteer_Job__c" VALUES('GW_Volunteers__Volunteer_Job__c-21','Academy-Content Creator','False','','False','','','','','','True','Education/Course Development','','Academy-Content Creator','Campaign-1');
INSERT INTO "GW_Volunteers__Volunteer_Job__c" VALUES('GW_Volunteers__Volunteer_Job__c-22','Academy-Content Editor','False','','False','','','','','','True','Education/Course Development','','Academy-Content Editor','Campaign-1');
INSERT INTO "GW_Volunteers__Volunteer_Job__c" VALUES('GW_Volunteers__Volunteer_Job__c-23','Marketing- Graphic Design','False','','False','','','','','','True','Graphic Design','','Marketing- Graphic Design','Campaign-1');
INSERT INTO "GW_Volunteers__Volunteer_Job__c" VALUES('GW_Volunteers__Volunteer_Job__c-24','Marketing- Video','False','','False','','','','','','True','Photography/Videography','','Marketing- Video','Campaign-1');
INSERT INTO "GW_Volunteers__Volunteer_Job__c" VALUES('GW_Volunteers__Volunteer_Job__c-25','Marketing- Photo','False','','False','','','','','','True','Photography/Videography','','Marketing- Photo','Campaign-1');
INSERT INTO "GW_Volunteers__Volunteer_Job__c" VALUES('GW_Volunteers__Volunteer_Job__c-26','Marketing- Writing','False','','False','','','','','','True','Writing/Communications','','Marketing- Writing','Campaign-1');
INSERT INTO "GW_Volunteers__Volunteer_Job__c" VALUES('GW_Volunteers__Volunteer_Job__c-27','Marketing- Leadership','False','','False','','','','','','True','Marketing and Branding','','Marketing- Leadership','Campaign-1');
INSERT INTO "GW_Volunteers__Volunteer_Job__c" VALUES('GW_Volunteers__Volunteer_Job__c-28','Marketing- SEO','False','','False','','','','','','True','SEO','','Marketing- SEO','Campaign-1');
INSERT INTO "GW_Volunteers__Volunteer_Job__c" VALUES('GW_Volunteers__Volunteer_Job__c-29','Marketing- Website','False','','False','','','','','','True','Website development','','Marketing- Website','Campaign-1');
INSERT INTO "GW_Volunteers__Volunteer_Job__c" VALUES('GW_Volunteers__Volunteer_Job__c-30','Marketing- Sales','False','','False','','','','','','True','Sales','','Marketing- Sales','Campaign-1');
INSERT INTO "GW_Volunteers__Volunteer_Job__c" VALUES('GW_Volunteers__Volunteer_Job__c-31','Marketing- Advertising','False','','False','','','','','','True','Marketing and Branding','','Marketing- Advertising','Campaign-1');
INSERT INTO "GW_Volunteers__Volunteer_Job__c" VALUES('GW_Volunteers__Volunteer_Job__c-32','Marketing- Events','False','','False','','','','','','True','Project/Program Management','','Marketing- Events','Campaign-1');
INSERT INTO "GW_Volunteers__Volunteer_Job__c" VALUES('GW_Volunteers__Volunteer_Job__c-33','Administrative- Client','False','','False','','','','','','True','Administration','','Administrative- Client','Campaign-1');
INSERT INTO "GW_Volunteers__Volunteer_Job__c" VALUES('GW_Volunteers__Volunteer_Job__c-34','Administrative- Volunteer','False','','False','','','','','','True','Administration','','Administrative- Volunteer','Campaign-1');
INSERT INTO "GW_Volunteers__Volunteer_Job__c" VALUES('GW_Volunteers__Volunteer_Job__c-35','Administrative- Trainer','False','','False','','','','','','True','Administration','','Administrative- Trainer','Campaign-1');
INSERT INTO "GW_Volunteers__Volunteer_Job__c" VALUES('GW_Volunteers__Volunteer_Job__c-36','Administrative- General','False','','False','','','','','','True','Administration','','Administrative- General','Campaign-1');
INSERT INTO "GW_Volunteers__Volunteer_Job__c" VALUES('GW_Volunteers__Volunteer_Job__c-37','Administrative- Technology','False','','False','','','','','','True','Administration','','Administrative- Technology','Campaign-1');
INSERT INTO "GW_Volunteers__Volunteer_Job__c" VALUES('GW_Volunteers__Volunteer_Job__c-38','Outreach- Clients','False','','False','','','','','','True','Outreach/Networking','','Outreach- Clients','Campaign-1');
INSERT INTO "GW_Volunteers__Volunteer_Job__c" VALUES('GW_Volunteers__Volunteer_Job__c-39','Outreach- Disability Orgs','False','','False','','','','','','True','Outreach/Networking','','Outreach- Disability Orgs','Campaign-1');
INSERT INTO "GW_Volunteers__Volunteer_Job__c" VALUES('GW_Volunteers__Volunteer_Job__c-40','Outreach- Dogs','False','','False','','','','','','True','Outreach/Networking','','Outreach- Dogs','Campaign-1');
INSERT INTO "GW_Volunteers__Volunteer_Job__c" VALUES('GW_Volunteers__Volunteer_Job__c-41','Outreach- Veterinarians','False','','False','','','','','','True','Outreach/Networking','','Outreach- Veterinarians','Campaign-1');
INSERT INTO "GW_Volunteers__Volunteer_Job__c" VALUES('GW_Volunteers__Volunteer_Job__c-42','Outreach- Medical Providers','False','','False','','','','','','True','Outreach/Networking','','Outreach- Medical Providers','Campaign-1');
INSERT INTO "GW_Volunteers__Volunteer_Job__c" VALUES('GW_Volunteers__Volunteer_Job__c-43','Outreach- Diversity','False','','False','','','','','','True','Outreach/Networking','','Outreach- Diversity','Campaign-1');
CREATE TABLE "Lead" (
	id VARCHAR(255) NOT NULL, 
	"City" VARCHAR(255), 
	"Company" VARCHAR(255), 
	"Country" VARCHAR(255), 
	"Email" VARCHAR(255), 
	"FirstName" VARCHAR(255), 
	"IsConverted" VARCHAR(255), 
	"LeadSource" VARCHAR(255), 
	"MobilePhone" VARCHAR(255), 
	"Phone" VARCHAR(255), 
	"PostalCode" VARCHAR(255), 
	"Pronoun__c" VARCHAR(255), 
	"State" VARCHAR(255), 
	"Status" VARCHAR(255), 
	"Street" VARCHAR(255), 
	"GW_Volunteers__Volunteer_Availability__c" VARCHAR(255), 
	"GW_Volunteers__Volunteer_Notes__c" VARCHAR(255), 
	"GW_Volunteers__Volunteer_Skills__c" VARCHAR(255), 
	"GW_Volunteers__Volunteer_Status__c" VARCHAR(255), 
	"LeadInterest__c" VARCHAR(255), 
	"LeadSourceOther__c" VARCHAR(255), 
	"PronounOther__c" VARCHAR(255), 
	"npe01__Preferred_Email__c" VARCHAR(255), 
	"npe01__Preferred_Phone__c" VARCHAR(255), 
	"npsp__CompanyCity__c" VARCHAR(255), 
	"npsp__CompanyCountry__c" VARCHAR(255), 
	"npsp__CompanyPostalCode__c" VARCHAR(255), 
	"npsp__CompanyState__c" VARCHAR(255), 
	"npsp__CompanyStreet__c" VARCHAR(255), 
	"LastName" VARCHAR(255), 
	"npsp__Batch__c" VARCHAR(255), 
	PRIMARY KEY (id)
);
INSERT INTO "Lead" VALUES('Lead-1','North Caitlynport','N/A','Uzbekistan','rita75@example.org','Michelle','False','Facebook','','001-986-429-2172x4583','15372','She/Her','Alaska','Open - Not Contacted','5527 Eric Corners','','','','','Teams Set in Motion Program','','Could.','Alternate','Home','','','','','','Murray','');
INSERT INTO "Lead" VALUES('Lead-2','Pamelachester','N/A','Monaco','flemingeric@example.net','Dustin','False','Search Engine','','962-746-0317','73794','Specify','Virginia','Open - Not Contacted','736 Caldwell Ports','','','','','Teams Set in Motion Program','','Move to.','Work','Work','','','','','','Chandler','');
INSERT INTO "Lead" VALUES('Lead-3','Medinaburgh','N/A','Uruguay','connercolton@example.net','Cassidy','False','Website','','399.210.6673','64957','He/Him','Montana','Open - Not Contacted','16596 Travis Drive','','','','','Teams Set in Motion Program','','Speech.','Personal','Other','','','','','','Roberts','');
INSERT INTO "Lead" VALUES('Lead-4','Aimeemouth','N/A','Austria','dgarrison@example.org','Scott','False','Other','','+1-253-655-2410','62524','They/Them','Delaware','Working - Contacted','3918 Claudia Extension Apt. 168','','','','','Teams Set in Motion Program','','Suddenly.','Personal','Work','','','','','','Hogan','');
INSERT INTO "Lead" VALUES('Lead-5','Lambertville','N/A','Botswana','krystal28@example.com','Destiny','False','Health Provider','','(487)681-5592x32646','47380','Prefer not to answer','Nebraska','Open - Not Contacted','101 Alicia Branch','','','','','Teams Set in Motion Program','','It.','Alternate','Home','','','','','','House','');
INSERT INTO "Lead" VALUES('Lead-6','Bentonview','N/A','Uzbekistan','wesleybuchanan@example.org','Gail','False','Website','','(797)823-7257x96468','33087','He/Him','Connecticut','Working - Contacted','90235 Sutton Springs Apt. 956','','','','','Sweet Snoopers Training Program','','Face.','Alternate','Other','','','','','','Hamilton','');
INSERT INTO "Lead" VALUES('Lead-7','Port Kentberg','N/A','Guernsey','jakeadkins@example.net','Nicolas','False','Facebook','','917.486.9093','44132','They/Them','Connecticut','Open - Not Contacted','62430 Pope Turnpike Apt. 784','','','','','Assistance Dogs Set in Motion Program','','Finish.','Work','Home','','','','','','Hooper','');
INSERT INTO "Lead" VALUES('Lead-8','Jakeview','N/A','Belgium','carlsondominique@example.net','Frank','False','Instagram','','6218957802','10580','They/Them','Arizona','Open - Not Contacted','7178 Patricia Drives Suite 775','','','','','Teams Set in Motion Program','','Close.','Work','Mobile','','','','','','Sanford','');
INSERT INTO "Lead" VALUES('Lead-9','Cynthiamouth','N/A','Guyana','bsexton@example.org','Ian','False','Instagram','','(866)677-7078','17158','They/Them','New Jersey','Open - Not Contacted','865 Nichols Skyway Suite 484','','','','','Team Facilitator Certification','','Term.','Personal','Home','','','','','','Duffy','');
INSERT INTO "Lead" VALUES('Lead-10','East Sandytown','N/A','Central African Republic','ralph99@example.com','Kathleen','False','Health Provider','','+1-373-601-2794x320','11268','Specify','Georgia','Working - Contacted','4516 Roman Ramp','','','','','Teams Set in Motion Program','','Up box.','Alternate','Work','','','','','','Boone','');
CREATE TABLE "Log__c" (
	id VARCHAR(255) NOT NULL, 
	"RecordTypeId" VARCHAR(255), 
	"ClientHours__c" VARCHAR(255), 
	"ClientStress__c" VARCHAR(255), 
	"Date__c" VARCHAR(255), 
	"Details__c" VARCHAR(255), 
	"DidMeetThisWeek__c" VARCHAR(255), 
	"FirstAidDetails__c" VARCHAR(255), 
	"FirstAidSuppliesUsed__c" VARCHAR(255), 
	"Handler__c" VARCHAR(255), 
	"OtherHours__c" VARCHAR(255), 
	"PublicAccessHours__c" VARCHAR(255), 
	"RequestSupportFromAtlas__c" VARCHAR(255), 
	"RequestSupportFromTeam__c" VARCHAR(255), 
	"Satisfaction__c" VARCHAR(255), 
	"SessionType__c" VARCHAR(255), 
	"Stress__c" VARCHAR(255), 
	"SupportDetails__c" VARCHAR(255), 
	"Client__c" VARCHAR(255), 
	"Dog__c" VARCHAR(255), 
	"Facilitator__c" VARCHAR(255), 
	"Submitter__c" VARCHAR(255), 
	"Team__c" VARCHAR(255), 
	PRIMARY KEY (id)
);
INSERT INTO "Log__c" VALUES('Log__c-1','012Ru000006bWLeIAM','51.0','Very much','2018-01-22','Wait note open administration court service. Natural truth statement when southern stock create.','False','','False','Kerry','64.0','74.0','False','False','No enjoyment','In Person','Very much','Crime world international rest. Without reach current under baby. Put condition society boy law. Leave sea stock firm we.','','','Contact-9','Contact-10','Team__c-2');
INSERT INTO "Log__c" VALUES('Log__c-2','012Ru000006bWLeIAM','30.0','Not at all','2020-11-10','Drive difference be require arrive call there. Left act clearly have administration. Fish rule music cup with western past gun.','False','','False','Marilyn','30.0','48.0','False','False','A little enjoyment','Virtual','Rather much','Himself wait so world crime issue.','','','Contact-107','Contact-100','Team__c-10');
INSERT INTO "Log__c" VALUES('Log__c-3','012Ru000006bWLeIAM','81.0','Rather much','2023-03-09','Back whether structure everything stock growth after. Reveal rest head focus.','False','','False','Austin','51.0','79.0','False','False','A little enjoyment','Virtual','Rather much','As include market animal food back center. One similar modern would production. Consumer parent think again.','','','Contact-106','Contact-101','Team__c-10');
INSERT INTO "Log__c" VALUES('Log__c-4','012Ru000006bWLeIAM','88.0','Only a little','2017-11-15','Article stop happen special agent. Blood entire feeling. Peace pass full whether benefit camera light sign. Speech debate sense clearly eight perhaps.','False','','False','Ariel','9.0','64.0','True','True','A little enjoyment','In Person','Very much','Voice possible relationship various action produce. Ten us despite always exist last.','','','Contact-99','Contact-101','Team__c-10');
INSERT INTO "Log__c" VALUES('Log__c-5','012Ru000006bWLdIAM','74.0','To some extent','2018-12-04','Investment happen style school rest student light.','False','','False','Russell','97.0','4.0','True','False','Rather much enjoyment','Virtual','Very much','Able project apply building. Money free field million. Method assume hear ball color this.','','','Contact-99','Contact-102','Team__c-10');
INSERT INTO "Log__c" VALUES('Log__c-6','012Ru000006bWLdIAM','92.0','Not at all','2019-03-04','Onto sit must determine. Less talk Democrat line guy. Always tree thought.','False','','False','Jose','68.0','63.0','True','False','Rather much enjoyment','In Person','Not at all','With also factor natural material official. Travel born forget senior camera yourself similar. Work house girl.','','','Contact-111','Contact-103','Team__c-10');
INSERT INTO "Log__c" VALUES('Log__c-7','012Ru000006bWLeIAM','68.0','Very much','2020-02-03','Commercial out television involve billion.','False','','False','Shannon','86.0','95.0','False','True','Some enjoyment','In Person','Not at all','Energy improve pull. Little kitchen drop method within speech. Name fact section physical. Teacher go toward audience prevent summer already then.','','','Contact-96','Contact-104','Team__c-10');
INSERT INTO "Log__c" VALUES('Log__c-8','012Ru000006bWLdIAM','8.0','Very much','2016-12-26','Too research way bad professor. Thank born today above.','False','','False','Christopher','65.0','47.0','False','True','A little enjoyment','In Person','Rather much','Read couple table anything religious member wear language. Month fish customer main today consumer imagine style. Difficult hour senior magazine.','','','Contact-99','Contact-106','Team__c-10');
INSERT INTO "Log__c" VALUES('Log__c-9','012Ru000006bWLdIAM','92.0','Rather much','2024-04-30','Ok morning yet. Source hour get anything executive.','False','','False','Tim','73.0','36.0','True','True','No enjoyment','In Person','Very much','Actually far price professional. Bill thus quickly similar onto money address subject.','','','Contact-92','Contact-107','Team__c-10');
INSERT INTO "Log__c" VALUES('Log__c-10','012Ru000006bWLdIAM','42.0','Only a little','2015-02-18','Sometimes mean ever beat. Local prove system attack voice. Leave popular can bag partner.','False','','False','Jackson','41.0','17.0','False','False','A little enjoyment','Virtual','Very much','Eye such size. Himself movement challenge head.','','','Contact-99','Contact-108','Team__c-10');
INSERT INTO "Log__c" VALUES('Log__c-11','012Ru000006bWLdIAM','59.0','Not at all','2015-08-27','Very edge city page. Particular agreement plan number. Provide buy bring eight need health.','False','','False','Walter','34.0','38.0','False','False','Extreme amount of enjoyment','Virtual','Only a little','Itself production specific country simply loss play. Give fear early onto. System fish but smile reason.','','','Contact-19','Contact-11','Team__c-2');
INSERT INTO "Log__c" VALUES('Log__c-12','012Ru000006bWLdIAM','71.0','Only a little','2019-03-14','Training born special. Wonder training visit who.','False','','False','Sharon','11.0','92.0','True','False','A little enjoyment','In Person','Very much','Apply place understand artist purpose police partner. Foot animal design president police light however network. Choose television north.','','','Contact-102','Contact-110','Team__c-10');
INSERT INTO "Log__c" VALUES('Log__c-13','012Ru000006bWLeIAM','2.0','Not at all','2021-04-14','Ahead never either special. People few authority thing marriage leader. Student read guy especially.','False','','False','Joanna','77.0','90.0','False','True','Some enjoyment','In Person','Rather much','Around finish hand wind let table prevent not. One hope establish they question office around. Among book fight company service outside sign. Ago likely media cup sound special.','','','Contact-113','Contact-110','Team__c-10');
INSERT INTO "Log__c" VALUES('Log__c-14','012Ru000006bWLdIAM','57.0','Rather much','2024-09-08','Beat former move which. Turn maybe our traditional. Long then ground.','False','','False','Gabrielle','65.0','13.0','True','True','A little enjoyment','Virtual','To some extent','Voice argue go poor meeting now middle. Memory agreement fast perform pull middle.','','','Contact-106','Contact-111','Team__c-10');
INSERT INTO "Log__c" VALUES('Log__c-15','012Ru000006bWLeIAM','32.0','To some extent','2017-03-26','View effort everything sport can. One stock once pretty feeling. Remain man industry degree.','False','','False','Leroy','14.0','0.0','True','True','Some enjoyment','Virtual','Very much','Tell feeling young. Organization in author generation investment final mention.','','','Contact-115','Contact-114','Team__c-1');
INSERT INTO "Log__c" VALUES('Log__c-16','012Ru000006bWLdIAM','53.0','Not at all','2023-01-03','Rest news key seat election radio. Hit school nearly find surface fall focus brother.','False','','False','Ebony','87.0','69.0','True','True','A little enjoyment','Virtual','Very much','Case along energy would. Account from four water deep cover special cold. Capital which their pattern.','','','Contact-119','Contact-118','Team__c-1');
INSERT INTO "Log__c" VALUES('Log__c-17','012Ru000006bWLeIAM','82.0','Rather much','2022-12-10','Arrive world long her director series religious difference. Theory people of wide whether.','False','','False','Laura','89.0','66.0','True','False','Extreme amount of enjoyment','Virtual','Only a little','Fall pretty situation better say drug if.','','','Contact-126','Contact-118','Team__c-1');
INSERT INTO "Log__c" VALUES('Log__c-18','012Ru000006bWLeIAM','35.0','Not at all','2020-09-09','Age last art still write line. Process opportunity or factor level leader bed produce. Strategy attack set together he learn. Reveal always tonight not people popular.','False','','False','Alvin','77.0','38.0','False','True','Some enjoyment','In Person','Only a little','Clearly language it capital decide piece. Enough down whom close meet whole.','','','Contact-126','Contact-118','Team__c-1');
INSERT INTO "Log__c" VALUES('Log__c-19','012Ru000006bWLdIAM','25.0','Very much','2017-10-05','Month can soldier marriage style citizen. Sit marriage tend most away operation particularly. Political study run her.','False','','False','Jesse','29.0','9.0','True','False','Extreme amount of enjoyment','In Person','Not at all','Information knowledge party high past daughter. Couple third floor pressure. Score beautiful prove perhaps loss save single.','','','Contact-127','Contact-118','Team__c-1');
INSERT INTO "Log__c" VALUES('Log__c-20','012Ru000006bWLdIAM','41.0','Not at all','2023-05-27','Affect drive program tree west social almost. His art order material.','False','','False','Michaela','28.0','78.0','True','False','A little enjoyment','In Person','To some extent','So its point bank again last. Site development radio very money authority. Theory hope water draw her.','','','Contact-115','Contact-120','Team__c-1');
INSERT INTO "Log__c" VALUES('Log__c-21','012Ru000006bWLeIAM','33.0','Not at all','2017-07-07','Together local effect gun score here take. Buy center set which.','False','','False','Curtis','21.0','92.0','False','False','A little enjoyment','In Person','Only a little','Himself old she send. Cold throughout painting role girl realize free. Speak sit town.','','','Contact-116','Contact-122','Team__c-1');
INSERT INTO "Log__c" VALUES('Log__c-22','012Ru000006bWLeIAM','33.0','Rather much','2018-01-22','Talk artist visit piece. Memory pressure both successful. Economy their about card bit network think.','False','','False','Frances','71.0','77.0','True','False','Some enjoyment','Virtual','Very much','Tax end until style treatment project another or. Exist authority but. Accept month box candidate plant worker gun red.','','','Contact-118','Contact-122','Team__c-1');
INSERT INTO "Log__c" VALUES('Log__c-23','012Ru000006bWLeIAM','85.0','Only a little','2024-03-10','Suffer still wear former. Mr season case no.','False','','False','Christina','40.0','36.0','False','False','No enjoyment','In Person','Very much','State together add fire tree city while. Only fear mind free.','','','Contact-127','Contact-122','Team__c-1');
INSERT INTO "Log__c" VALUES('Log__c-24','012Ru000006bWLeIAM','87.0','Very much','2020-08-02','Mind dark follow player education. Stand look wide parent consider send budget task. Themselves role usually president.','False','','False','Andre','60.0','96.0','True','False','A little enjoyment','In Person','To some extent','South work those. Four morning war while should power. Today because result group. International get line media smile.','','','Contact-118','Contact-123','Team__c-1');
INSERT INTO "Log__c" VALUES('Log__c-25','012Ru000006bWLeIAM','44.0','Not at all','2018-09-20','Worry cultural friend economy.','False','','False','Veronica','35.0','41.0','True','True','No enjoyment','Virtual','To some extent','Attorney compare page often we computer state. Of each reality down. Full stock there response.','','','Contact-119','Contact-123','Team__c-1');
INSERT INTO "Log__c" VALUES('Log__c-26','012Ru000006bWLdIAM','49.0','Very much','2021-07-05','Board respond specific light example could truth. Drive out better force. Center price he south.','False','','False','Frank','48.0','89.0','True','False','No enjoyment','Virtual','To some extent','Near turn real suffer agree throw manage. Every music cell pattern learn big. Street skin sure seat claim bag particularly idea.','','','Contact-126','Contact-123','Team__c-1');
INSERT INTO "Log__c" VALUES('Log__c-27','012Ru000006bWLdIAM','32.0','Rather much','2017-05-28','Model six factor black power. Boy stuff body bring picture music development.','False','','False','Bethany','90.0','34.0','False','True','Rather much enjoyment','In Person','Only a little','Scientist quite north dog laugh by. Data financial data. Those position add despite economy role effect.','','','Contact-133','Contact-125','Team__c-1');
INSERT INTO "Log__c" VALUES('Log__c-28','012Ru000006bWLdIAM','54.0','Very much','2016-10-08','Involve door choose nature international enjoy. Key war play clear another research. Create expert form financial image forget hear.','False','','False','Sara','63.0','20.0','False','False','Extreme amount of enjoyment','Virtual','Not at all','Also wonder although beautiful season she theory cut. Lose next hour. Physical relationship question check art particular eat.','','','Contact-126','Contact-126','Team__c-1');
INSERT INTO "Log__c" VALUES('Log__c-29','012Ru000006bWLdIAM','69.0','Very much','2020-01-15','Special when very visit impact. Interest maintain conference my.','False','','False','Gene','63.0','26.0','True','False','A little enjoyment','In Person','Rather much','Century seven book piece memory like hope. Through style site road.','','','Contact-122','Contact-127','Team__c-1');
INSERT INTO "Log__c" VALUES('Log__c-30','012Ru000006bWLeIAM','46.0','To some extent','2018-03-30','Sort director father color back. Glass author space land remain also.','False','','False','Stacy','74.0','34.0','True','False','Extreme amount of enjoyment','Virtual','Rather much','Third do since herself. Marriage rather off instead center always.','','','Contact-119','Contact-128','Team__c-1');
INSERT INTO "Log__c" VALUES('Log__c-31','012Ru000006bWLdIAM','60.0','Very much','2018-05-26','Teacher resource kid foot natural. Notice stand true shake against theory.','False','','False','Collin','13.0','27.0','False','False','Some enjoyment','Virtual','Not at all','Chance include must song campaign mission administration. Cause notice campaign course.','','','Contact-126','Contact-128','Team__c-1');
INSERT INTO "Log__c" VALUES('Log__c-32','012Ru000006bWLdIAM','72.0','Very much','2016-09-23','Be evidence line participant table seat. Stand like real protect wife crime. Experience spring evening down join owner yourself.','False','','False','Jose','97.0','44.0','False','False','Rather much enjoyment','In Person','Only a little','Hard other national various. Southern yes a company her doctor write.','','','Contact-118','Contact-129','Team__c-1');
INSERT INTO "Log__c" VALUES('Log__c-33','012Ru000006bWLdIAM','14.0','Very much','2023-06-11','Onto from reveal at loss single recognize.','False','','False','Jill','54.0','54.0','False','False','A little enjoyment','Virtual','Only a little','Beat blue seek. Agent ball charge industry.','','','Contact-119','Contact-129','Team__c-1');
INSERT INTO "Log__c" VALUES('Log__c-34','012Ru000006bWLeIAM','97.0','To some extent','2021-02-07','Mission moment organization film necessary story television. Require land good outside on range training. What it fund possible. Show real reduce some suggest its.','False','','False','Malik','31.0','95.0','False','False','Some enjoyment','In Person','Not at all','American music student size movie system. Accept people else pull.','','','Contact-13','Contact-13','Team__c-2');
INSERT INTO "Log__c" VALUES('Log__c-35','012Ru000006bWLeIAM','96.0','Rather much','2019-05-28','Behind dog would already say official. Like best build star. Dog gun traditional issue into often.','False','','False','Joan','91.0','91.0','True','False','Extreme amount of enjoyment','In Person','Only a little','Avoid lose firm and present. Military next difference activity step. Point election energy fund view prepare discuss really.','','','Contact-23','Contact-13','Team__c-2');
INSERT INTO "Log__c" VALUES('Log__c-36','012Ru000006bWLeIAM','58.0','Very much','2019-09-18','Movement order range summer also voice. Administration manager school discover nothing former.','False','','False','Rita','14.0','100.0','False','True','Rather much enjoyment','Virtual','Not at all','Give provide anyone none meeting popular assume throughout. Customer adult should white. Issue seek anything north someone put hard great.','','','Contact-116','Contact-130','Team__c-1');
INSERT INTO "Log__c" VALUES('Log__c-37','012Ru000006bWLdIAM','55.0','To some extent','2015-07-11','Election hear politics factor piece camera. Never yard say road you the.','False','','False','Austin','23.0','58.0','False','True','Rather much enjoyment','In Person','Very much','Audience whose number want next firm remember. Know foreign radio there never.','','','Contact-147','Contact-135','Team__c-3');
INSERT INTO "Log__c" VALUES('Log__c-38','012Ru000006bWLeIAM','17.0','Very much','2020-05-27','Star current life those. Tell per claim. Decade former cold one season animal.','False','','False','Cheyenne','59.0','66.0','True','False','Rather much enjoyment','Virtual','Rather much','Art deal stuff training. Field rich most long close.','','','Contact-143','Contact-136','Team__c-3');
INSERT INTO "Log__c" VALUES('Log__c-39','012Ru000006bWLdIAM','1.0','Very much','2024-02-09','Strong need wife business whose focus once. Program rate hour charge them recent.','False','','False','Kaylee','51.0','72.0','False','False','A little enjoyment','In Person','Only a little','Live but occur college bag.','','','Contact-135','Contact-137','Team__c-3');
INSERT INTO "Log__c" VALUES('Log__c-40','012Ru000006bWLdIAM','31.0','Only a little','2017-04-25','Though late ten concern receive size. Doctor after bill hold. Everyone center finally article around.','False','','False','Chad','5.0','60.0','False','True','Extreme amount of enjoyment','In Person','Rather much','Government word recent culture visit save various. Imagine cold education able. View away system around.','','','Contact-150','Contact-137','Team__c-3');
INSERT INTO "Log__c" VALUES('Log__c-41','012Ru000006bWLdIAM','10.0','Not at all','2023-11-07','Take fear building subject accept on bank. Account find knowledge evening. Speech manager final seat view compare.','False','','False','Jose','100.0','52.0','False','True','Rather much enjoyment','Virtual','Only a little','Sit system tend show. Recently available develop public. Work campaign challenge rule call degree.','','','Contact-151','Contact-141','Team__c-3');
INSERT INTO "Log__c" VALUES('Log__c-42','012Ru000006bWLdIAM','0.0','Only a little','2024-09-04','Month dark half after history quite. Run indeed especially because others as.','False','','False','Patty','28.0','12.0','False','True','A little enjoyment','Virtual','Only a little','Could skin few life anything notice themselves agent. Culture who say film small.','','','Contact-148','Contact-142','Team__c-3');
INSERT INTO "Log__c" VALUES('Log__c-43','012Ru000006bWLdIAM','65.0','Very much','2021-11-01','Tell news accept hope about sea operation. Partner on song minute design. Knowledge commercial particular specific debate however. Article instead old.','False','','False','Susan','76.0','78.0','False','True','No enjoyment','In Person','Rather much','Western cold which maybe reason. Realize authority war second brother.','','','Contact-156','Contact-142','Team__c-3');
INSERT INTO "Log__c" VALUES('Log__c-44','012Ru000006bWLdIAM','50.0','Only a little','2018-03-23','Painting happen understand hundred nice. Camera husband dream least situation life require.','False','','False','Spencer','31.0','19.0','True','False','Some enjoyment','In Person','Not at all','Might window pass. Role very site threat.','','','Contact-146','Contact-143','Team__c-3');
INSERT INTO "Log__c" VALUES('Log__c-45','012Ru000006bWLdIAM','7.0','Very much','2017-03-19','Recognize positive professor natural. Almost up represent many food field stay.','False','','False','Oscar','38.0','41.0','True','False','A little enjoyment','In Person','Very much','Carry effort stuff past. Fire southern modern. Protect herself inside serve soldier image lawyer decision.','','','Contact-137','Contact-145','Team__c-3');
INSERT INTO "Log__c" VALUES('Log__c-46','012Ru000006bWLdIAM','78.0','To some extent','2018-08-01','Arrive teacher century others black knowledge bad. Low player onto federal feel candidate.','False','','False','Bradley','17.0','38.0','True','False','A little enjoyment','Virtual','To some extent','Figure show kind child bring blood resource. Until whose about receive building appear hotel outside. Hair but age final hot forget dinner.','','','Contact-145','Contact-146','Team__c-3');
INSERT INTO "Log__c" VALUES('Log__c-47','012Ru000006bWLdIAM','4.0','Very much','2022-09-30','Over effect money answer yet. Western garden require.','False','','False','David','74.0','0.0','False','True','Some enjoyment','Virtual','Only a little','Couple sea music five. Discussion cause north hundred dinner exist mission. Real too pick character.','','','Contact-139','Contact-147','Team__c-3');
INSERT INTO "Log__c" VALUES('Log__c-48','012Ru000006bWLeIAM','45.0','Rather much','2016-06-12','Size lay professional worker. Behavior even woman.','False','','False','Jimmy','10.0','97.0','True','False','A little enjoyment','Virtual','Very much','Do apply specific economy memory radio mention. Fear attack bit because.','','','Contact-151','Contact-147','Team__c-3');
INSERT INTO "Log__c" VALUES('Log__c-49','012Ru000006bWLdIAM','77.0','Very much','2019-11-22','Involve news operation drug should system. Get point various everyone everyone ok. Want order car training force.','False','','False','Wayne','67.0','8.0','True','True','No enjoyment','Virtual','To some extent','Return sell list kind action. Fish either low successful war. Guy whether third single.','','','Contact-139','Contact-149','Team__c-3');
INSERT INTO "Log__c" VALUES('Log__c-50','012Ru000006bWLeIAM','54.0','Rather much','2015-07-05','Many quickly catch. Their old camera.','False','','False','Tasha','27.0','15.0','True','False','Some enjoyment','In Person','To some extent','Institution without store rock word price. Beyond task military check east much. Response worker at firm this modern now.','','','Contact-153','Contact-149','Team__c-3');
INSERT INTO "Log__c" VALUES('Log__c-51','012Ru000006bWLeIAM','8.0','Very much','2019-04-15','Perform hand occur. Start possible race.','False','','False','Alejandra','6.0','11.0','False','True','Some enjoyment','Virtual','To some extent','Floor loss feeling least. As any girl plan.','','','Contact-153','Contact-150','Team__c-3');
INSERT INTO "Log__c" VALUES('Log__c-52','012Ru000006bWLeIAM','12.0','To some extent','2017-09-01','Store letter participant message participant positive in someone. Character free feel east.','False','','False','Chase','55.0','36.0','True','True','A little enjoyment','In Person','Rather much','Push open our. Economy relate analysis at general should.','','','Contact-136','Contact-153','Team__c-3');
INSERT INTO "Log__c" VALUES('Log__c-53','012Ru000006bWLeIAM','78.0','To some extent','2020-03-09','Red pull I travel when.','False','','False','Isabel','49.0','57.0','True','True','Extreme amount of enjoyment','In Person','Very much','Choose best certainly force song wait I. Low wonder ok price indeed security politics.','','','Contact-142','Contact-153','Team__c-3');
INSERT INTO "Log__c" VALUES('Log__c-54','012Ru000006bWLdIAM','40.0','Not at all','2023-03-25','Major according sound court. Remember know yeah plant staff. That consider later alone.','False','','False','Louis','29.0','65.0','True','False','Extreme amount of enjoyment','In Person','Very much','Five generation policy dinner avoid. Dark training experience Mr table meet bill.','','','Contact-154','Contact-153','Team__c-3');
INSERT INTO "Log__c" VALUES('Log__c-55','012Ru000006bWLdIAM','76.0','Rather much','2024-07-16','Lay positive score staff degree however. He admit skin study.','False','','False','Mia','85.0','78.0','False','True','No enjoyment','Virtual','Not at all','However certain show sing company reveal near. Note hospital glass north soon eat. You stuff husband city.','','','Contact-137','Contact-154','Team__c-3');
INSERT INTO "Log__c" VALUES('Log__c-56','012Ru000006bWLdIAM','37.0','To some extent','2018-11-08','Face room very draw likely. Science family area attack.','False','','False','Brandon','10.0','96.0','True','True','Rather much enjoyment','In Person','To some extent','Message yeah prevent couple bar. Hot cover us early owner mean reach take. Social often meeting energy weight employee.','','','Contact-150','Contact-157','Team__c-3');
INSERT INTO "Log__c" VALUES('Log__c-57','012Ru000006bWLeIAM','6.0','Rather much','2021-01-23','Minute myself behavior forward consumer drive decade. Own know sure figure road father task.','False','','False','Eugene','0.0','21.0','False','True','Extreme amount of enjoyment','Virtual','Not at all','Speech score rock black clear. Meeting finish agency with allow.','','','Contact-158','Contact-158','Team__c-4');
INSERT INTO "Log__c" VALUES('Log__c-58','012Ru000006bWLeIAM','12.0','Not at all','2021-06-28','Late care score join effect require rest. Ago particularly mention red research.','False','','False','Diamond','14.0','61.0','True','True','Some enjoyment','Virtual','Not at all','During lay policy send true. No foot ball item fly. Subject message either floor.','','','Contact-170','Contact-158','Team__c-4');
INSERT INTO "Log__c" VALUES('Log__c-59','012Ru000006bWLeIAM','100.0','Very much','2024-02-13','Director still pull happy actually. Need stage more environment finally create similar these.','False','','False','Rhonda','8.0','9.0','False','False','A little enjoyment','Virtual','Rather much','Sound deep happy economy event.','','','Contact-170','Contact-161','Team__c-4');
INSERT INTO "Log__c" VALUES('Log__c-60','012Ru000006bWLdIAM','2.0','Only a little','2018-07-31','Man always season gun system cultural. White name require instead sense outside animal reveal. Decade yourself group into remember knowledge daughter.','False','','False','Dan','75.0','10.0','True','False','Some enjoyment','In Person','Very much','Window use tree style seven. Serious process interest movement two suffer concern. Social property between more figure.','','','Contact-159','Contact-162','Team__c-4');
INSERT INTO "Log__c" VALUES('Log__c-61','012Ru000006bWLdIAM','53.0','Not at all','2016-06-17','Tv ball room new claim doctor police. Reduce big right use bill policy provide.','False','','False','Andrew','14.0','52.0','False','True','Some enjoyment','In Person','Very much','Us decade read we job. Meeting second trouble decide ball in some his. Finally when ball once lawyer national wonder worker.','','','Contact-179','Contact-163','Team__c-4');
INSERT INTO "Log__c" VALUES('Log__c-62','012Ru000006bWLdIAM','66.0','Only a little','2019-12-11','Wait wide contain see source. Situation mother until family report thousand bit.','False','','False','Joshua','32.0','4.0','True','True','A little enjoyment','In Person','Not at all','Least finish commercial treat over why.','','','Contact-174','Contact-168','Team__c-4');
INSERT INTO "Log__c" VALUES('Log__c-63','012Ru000006bWLeIAM','92.0','Rather much','2018-08-31','Voice feeling value staff feel business. Series of month side they.','False','','False','Lori','23.0','9.0','False','False','A little enjoyment','In Person','Only a little','Sister machine expect upon start. Environment money identify face. Hard federal power boy.','','','Contact-168','Contact-169','Team__c-4');
INSERT INTO "Log__c" VALUES('Log__c-64','012Ru000006bWLdIAM','3.0','Rather much','2023-03-21','Heavy few human all. Boy ok save rate right religious. Just big another yard street.','False','','False','Shelby','21.0','79.0','False','False','Some enjoyment','Virtual','Rather much','Adult act behavior down degree authority. Economic rock offer turn soldier. Organization bar performance scientist.','','','Contact-159','Contact-170','Team__c-4');
INSERT INTO "Log__c" VALUES('Log__c-65','012Ru000006bWLeIAM','50.0','Only a little','2017-04-03','Building lead realize say realize himself board. Somebody event while sit now skin. Exist perhaps organization that.','False','','False','Troy','67.0','12.0','False','False','Rather much enjoyment','Virtual','To some extent','Cut beyond deal. Join within north debate suggest hotel. Social into public physical study relationship.','','','Contact-175','Contact-170','Team__c-4');
INSERT INTO "Log__c" VALUES('Log__c-66','012Ru000006bWLeIAM','23.0','Not at all','2017-03-02','Something walk phone leave. Receive edge chance need message tend expect.','False','','False','Veronica','28.0','65.0','True','False','Some enjoyment','Virtual','Very much','Lose whom happen grow memory eye candidate. Ground pull education tell first tax art.','','','Contact-173','Contact-171','Team__c-4');
INSERT INTO "Log__c" VALUES('Log__c-67','012Ru000006bWLdIAM','63.0','Only a little','2020-02-14','Tell girl film six choose finally. Experience race turn international. Involve focus its public effort black.','False','','False','Diana','3.0','61.0','False','True','Rather much enjoyment','Virtual','Rather much','Painting sometimes every matter leader. Where relationship phone.','','','Contact-158','Contact-173','Team__c-4');
INSERT INTO "Log__c" VALUES('Log__c-68','012Ru000006bWLeIAM','4.0','Not at all','2019-11-13','After order final but factor involve.','False','','False','Courtney','71.0','9.0','True','True','A little enjoyment','Virtual','Rather much','Despite decision range yes keep benefit security. Wife two leave. Business campaign brother environment sure. People north reflect member.','','','Contact-159','Contact-173','Team__c-4');
INSERT INTO "Log__c" VALUES('Log__c-69','012Ru000006bWLdIAM','84.0','Very much','2021-04-20','Effect song pattern reflect though community. Success skill situation garden fight much behavior commercial. Himself buy cover attention.','False','','False','Cindy','31.0','78.0','True','False','A little enjoyment','Virtual','Not at all','Each effort fall throughout eat tax for. Make political cold mean design southern event history. First back option name commercial.','','','Contact-164','Contact-173','Team__c-4');
INSERT INTO "Log__c" VALUES('Log__c-70','012Ru000006bWLdIAM','46.0','Only a little','2022-02-03','Include us leave market enough science. Bit lot both statement exactly.','False','','False','Tracy','44.0','69.0','False','False','A little enjoyment','In Person','Rather much','Reveal these energy clearly beautiful education. Decide answer knowledge boy impact site.','','','Contact-182','Contact-173','Team__c-4');
INSERT INTO "Log__c" VALUES('Log__c-71','012Ru000006bWLeIAM','50.0','To some extent','2023-03-23','Red evidence fund whole. Statement accept wife impact one section.','False','','False','Shane','74.0','87.0','True','False','Rather much enjoyment','Virtual','Very much','Ahead remain simple budget himself away wait occur. Should space also member build film door.','','','Contact-166','Contact-176','Team__c-4');
INSERT INTO "Log__c" VALUES('Log__c-72','012Ru000006bWLeIAM','59.0','To some extent','2020-02-22','Be line east paper world. Get none official him a never more. Ever picture budget action wonder whose issue.','False','','False','Rose','30.0','90.0','True','False','No enjoyment','Virtual','Rather much','Truth practice body mission new. Fire then office Mrs hot away. Health at compare end grow second which. Suddenly throughout actually deep hot safe.','','','Contact-173','Contact-176','Team__c-4');
INSERT INTO "Log__c" VALUES('Log__c-73','012Ru000006bWLdIAM','44.0','Not at all','2024-06-04','Interview certainly economy before book perform ahead.','False','','False','Jorge','42.0','62.0','True','True','No enjoyment','Virtual','Not at all','White parent again if large energy expect.','','','Contact-166','Contact-177','Team__c-4');
INSERT INTO "Log__c" VALUES('Log__c-74','012Ru000006bWLdIAM','37.0','Only a little','2023-05-09','Gun probably build his account act cell. Shake want produce radio thank.','False','','False','Arthur','82.0','7.0','True','True','Extreme amount of enjoyment','In Person','Not at all','Eye health Mrs prove likely describe responsibility church. Word especially total painting nearly.','','','Contact-166','Contact-178','Team__c-4');
INSERT INTO "Log__c" VALUES('Log__c-75','012Ru000006bWLdIAM','81.0','Very much','2016-08-05','Home sure compare PM eat. Energy necessary officer impact series seven court once.','False','','False','Max','22.0','50.0','False','True','Extreme amount of enjoyment','Virtual','Only a little','Spring as over. Quite choice current fly city.','','','Contact-11','Contact-18','Team__c-2');
INSERT INTO "Log__c" VALUES('Log__c-76','012Ru000006bWLdIAM','0.0','Very much','2018-07-04','Anything threat system he billion. Affect word born tonight as even indicate.','False','','False','Tamara','13.0','92.0','True','False','Rather much enjoyment','In Person','Rather much','Whom western site bill heart determine. Into executive recent voice anything answer join trouble.','','','Contact-161','Contact-180','Team__c-4');
INSERT INTO "Log__c" VALUES('Log__c-77','012Ru000006bWLdIAM','91.0','To some extent','2023-05-20','Three result institution happy glass. Week gas focus factor agency. Fight lead worry talk.','False','','False','Samantha','90.0','61.0','False','True','Rather much enjoyment','In Person','Not at all','Right consumer responsibility moment. Late official now indeed education eye agency deal.','','','Contact-175','Contact-180','Team__c-4');
INSERT INTO "Log__c" VALUES('Log__c-78','012Ru000006bWLeIAM','69.0','Rather much','2022-04-26','Method audience must whose church maybe. Continue money but seven. Now war over address operation instead. Color fact none more total.','False','','False','Troy','84.0','2.0','True','True','A little enjoyment','In Person','Rather much','Simple either guy receive. Six author lead while.','','','Contact-194','Contact-185','Team__c-5');
INSERT INTO "Log__c" VALUES('Log__c-79','012Ru000006bWLdIAM','95.0','Only a little','2015-08-24','Course option site center. Fish upon rest establish. Long something north whatever ability. Free sure trouble population.','False','','False','Lucas','75.0','53.0','True','False','Extreme amount of enjoyment','In Person','Very much','Throw bag our meeting fast. Respond expect away black someone.','','','Contact-198','Contact-185','Team__c-5');
INSERT INTO "Log__c" VALUES('Log__c-80','012Ru000006bWLeIAM','98.0','Rather much','2024-03-09','Free quite build drop. Month remember owner which. Economy until teach those.','False','','False','Russell','73.0','36.0','True','True','Some enjoyment','Virtual','Rather much','Blue provide action growth military.','','','Contact-196','Contact-186','Team__c-5');
INSERT INTO "Log__c" VALUES('Log__c-81','012Ru000006bWLeIAM','59.0','Rather much','2020-09-21','Purpose town maybe politics almost. Determine watch these some provide cause against.','False','','False','Anne','72.0','77.0','True','False','Rather much enjoyment','Virtual','Only a little','Campaign industry pattern suggest again card age how. Interesting myself politics surface wife arm card. Party while board important center behind expert writer.','','','Contact-195','Contact-187','Team__c-5');
INSERT INTO "Log__c" VALUES('Log__c-82','012Ru000006bWLeIAM','77.0','Very much','2024-05-06','Painting employee theory lay sure environmental ask. Job follow attention light. Local organization kitchen student expect before.','False','','False','Clinton','19.0','48.0','True','True','Some enjoyment','Virtual','Very much','Attorney piece information federal not. Yes factor reflect name building.','','','Contact-203','Contact-187','Team__c-5');
INSERT INTO "Log__c" VALUES('Log__c-83','012Ru000006bWLdIAM','3.0','To some extent','2021-05-20','Always adult follow suggest stay cover including. Day house plan hard size generation.','False','','False','Alexa','84.0','83.0','True','False','Rather much enjoyment','Virtual','Only a little','Interview production before middle end I. Rock home generation claim fall. Responsibility must knowledge despite generation report.','','','Contact-185','Contact-188','Team__c-5');
INSERT INTO "Log__c" VALUES('Log__c-84','012Ru000006bWLeIAM','80.0','Rather much','2021-12-05','Production campaign we. After parent respond close bill. Attorney almost represent less.','False','','False','Jo','62.0','98.0','False','True','Extreme amount of enjoyment','Virtual','Rather much','Suddenly development off common investment. Theory let system first. Democratic figure fact maybe control under will.','','','Contact-195','Contact-188','Team__c-5');
INSERT INTO "Log__c" VALUES('Log__c-85','012Ru000006bWLdIAM','39.0','Very much','2016-10-30','End modern include next artist.','False','','False','Dorothy','41.0','6.0','True','False','Some enjoyment','Virtual','Not at all','Recently huge energy loss. Everyone economy approach free analysis plan.','','','Contact-17','Contact-19','Team__c-2');
INSERT INTO "Log__c" VALUES('Log__c-86','012Ru000006bWLdIAM','71.0','Not at all','2023-05-16','Information plan process tax economy policy yet election. Never development soldier follow.','False','','False','Debbie','71.0','9.0','False','True','Rather much enjoyment','In Person','To some extent','Hair else idea off because. Ball general say sort yet girl girl. Especially age kind impact how.','','','Contact-191','Contact-191','Team__c-5');
INSERT INTO "Log__c" VALUES('Log__c-87','012Ru000006bWLeIAM','1.0','Not at all','2025-01-10','Company consumer ever admit public around many. Later memory paper market all.','False','','False','Patricia','70.0','84.0','True','True','Extreme amount of enjoyment','Virtual','Rather much','Memory look remain threat. Law have space either. Make site represent trial front cell special once.','','','Contact-201','Contact-192','Team__c-5');
INSERT INTO "Log__c" VALUES('Log__c-88','012Ru000006bWLdIAM','76.0','Only a little','2020-12-09','Get four situation. Their hold read suddenly.','False','','False','Douglas','9.0','45.0','True','False','Some enjoyment','In Person','To some extent','Also check something five growth. Boy population respond behavior while little. Chance next own lose hear citizen.','','','Contact-184','Contact-193','Team__c-5');
INSERT INTO "Log__c" VALUES('Log__c-89','012Ru000006bWLeIAM','40.0','Very much','2020-05-12','Among remain face face event.','False','','False','Jonathan','42.0','86.0','False','True','No enjoyment','In Person','Not at all','Environmental include always base. Main think skin father land appear.','','','Contact-198','Contact-196','Team__c-5');
INSERT INTO "Log__c" VALUES('Log__c-90','012Ru000006bWLeIAM','58.0','Not at all','2019-02-21','Six other simply a dinner in suggest.','False','','False','Jason','22.0','22.0','False','False','Extreme amount of enjoyment','In Person','Very much','Study which into two parent song big. Draw responsibility heart. Study support task baby race western already get.','','','Contact-191','Contact-197','Team__c-5');
INSERT INTO "Log__c" VALUES('Log__c-91','012Ru000006bWLdIAM','59.0','Not at all','2016-05-11','Turn move fill without TV Mrs another. Break local impact partner hot eat whose.','False','','False','Keith','44.0','83.0','False','False','Some enjoyment','In Person','Only a little','More culture size energy us.','','','Contact-192','Contact-197','Team__c-5');
INSERT INTO "Log__c" VALUES('Log__c-92','012Ru000006bWLdIAM','71.0','Only a little','2024-08-16','They prevent challenge into firm even. Share seem talk war.','False','','False','Jeffrey','46.0','56.0','True','True','No enjoyment','Virtual','Only a little','Prove adult alone option hit bed. Can can in realize.','','','Contact-205','Contact-197','Team__c-5');
INSERT INTO "Log__c" VALUES('Log__c-93','012Ru000006bWLdIAM','58.0','Rather much','2020-07-19','Organization everything here ball certain if off.','False','','False','Jaclyn','80.0','63.0','False','False','Rather much enjoyment','In Person','Very much','Evening population seek democratic choice significant significant. Simple particularly market particular sport impact. Serve appear environment course.','','','Contact-190','Contact-198','Team__c-5');
INSERT INTO "Log__c" VALUES('Log__c-94','012Ru000006bWLeIAM','55.0','Very much','2015-02-03','Voice front feeling culture word modern.','False','','False','Fred','25.0','94.0','True','False','Extreme amount of enjoyment','In Person','Not at all','Cut take green may. Should help minute federal ability. Another whom daughter clear threat film. Admit despite act drop start.','','','Contact-18','Contact-2','Team__c-2');
INSERT INTO "Log__c" VALUES('Log__c-95','012Ru000006bWLdIAM','65.0','Only a little','2017-06-26','Shake particular responsibility mind general. Unit similar friend third later member also. Smile approach as too wall while.','False','','False','Stacy','78.0','2.0','True','True','Some enjoyment','Virtual','Rather much','Or member me.','','','Contact-13','Contact-20','Team__c-2');
INSERT INTO "Log__c" VALUES('Log__c-96','012Ru000006bWLeIAM','100.0','Not at all','2020-06-24','Structure produce point challenge PM structure subject either. Site language pay nothing. Ball stop sport but list feel.','False','','False','Katelyn','82.0','77.0','True','False','Some enjoyment','Virtual','To some extent','Draw involve whom night hope owner energy. Nothing hair evidence that. Time catch around.','','','Contact-2','Contact-20','Team__c-2');
INSERT INTO "Log__c" VALUES('Log__c-97','012Ru000006bWLdIAM','61.0','Only a little','2021-04-08','Book cause sign sit around part. Financial city notice reach. Especially trip ok institution rise pattern early.','False','','False','Karla','6.0','52.0','True','True','Rather much enjoyment','In Person','Not at all','Green lawyer rock past firm news interesting beautiful. Nature understand whole mention information admit girl mother.','','','Contact-190','Contact-201','Team__c-5');
INSERT INTO "Log__c" VALUES('Log__c-98','012Ru000006bWLeIAM','27.0','To some extent','2019-06-03','Bed east speech whose major behind.','False','','False','Derek','15.0','37.0','False','False','Extreme amount of enjoyment','In Person','Very much','Crime four close feel share. Fire someone teach happen investment see.','','','Contact-194','Contact-202','Team__c-5');
INSERT INTO "Log__c" VALUES('Log__c-99','012Ru000006bWLeIAM','57.0','Not at all','2020-04-26','Tell product firm order. Politics develop mean money possible summer series. Continue total wide bag without drive get.','False','','False','Daryl','100.0','67.0','False','True','Rather much enjoyment','In Person','Not at all','May player face authority all. Realize successful continue education dog already.','','','Contact-195','Contact-204','Team__c-5');
INSERT INTO "Log__c" VALUES('Log__c-100','012Ru000006bWLdIAM','24.0','Only a little','2023-02-24','Face ask anyone song politics TV. Include support through Mr. Animal medical dinner despite accept.','False','','False','Preston','30.0','78.0','True','False','Some enjoyment','In Person','To some extent','Such save per idea to full. Eat author particularly show.','','','Contact-195','Contact-205','Team__c-5');
INSERT INTO "Log__c" VALUES('Log__c-101','012Ru000006bWLeIAM','94.0','Rather much','2018-10-14','Child truth off western.','False','','False','Wesley','7.0','96.0','False','True','Extreme amount of enjoyment','In Person','To some extent','Fund young national family stay create wonder low. Surface minute company your focus part.','','','Contact-202','Contact-205','Team__c-5');
INSERT INTO "Log__c" VALUES('Log__c-102','012Ru000006bWLeIAM','7.0','Very much','2015-12-30','Fish maybe various baby. Agent face class television. Beautiful miss several record community think room toward. Office wide off wonder.','False','','False','Terrance','2.0','76.0','True','False','Rather much enjoyment','Virtual','Not at all','Foreign check sometimes charge east and sort. Fund box class miss. For teach impact lawyer physical.','','','Contact-216','Contact-206','Team__c-6');
INSERT INTO "Log__c" VALUES('Log__c-103','012Ru000006bWLeIAM','74.0','Not at all','2018-04-04','Page human officer customer. Production rule common good cover.','False','','False','Fernando','54.0','67.0','True','False','A little enjoyment','In Person','Rather much','Trial instead most require sure property. Knowledge sign factor much rise father.','','','Contact-220','Contact-208','Team__c-6');
INSERT INTO "Log__c" VALUES('Log__c-104','012Ru000006bWLeIAM','10.0','Very much','2022-06-03','Upon down none society PM. Executive begin top focus effect throughout director our. Why daughter student animal none free in every.','False','','False','Rhonda','65.0','95.0','False','True','A little enjoyment','Virtual','Not at all','Big agreement unit free paper eight. Much market face pull. Where according manager least response message pattern.','','','Contact-220','Contact-209','Team__c-6');
INSERT INTO "Log__c" VALUES('Log__c-105','012Ru000006bWLdIAM','19.0','Very much','2024-03-14','Military claim least. Degree develop service. Major assume source way change population. Population guy white director price hotel everyone.','False','','False','Alexander','19.0','87.0','True','True','Some enjoyment','Virtual','Rather much','Business return study rock every. Long difficult eye account player expect foreign weight. Husband cause play tend take after write.','','','Contact-222','Contact-209','Team__c-6');
INSERT INTO "Log__c" VALUES('Log__c-106','012Ru000006bWLdIAM','20.0','Rather much','2019-07-30','Actually what parent school tree. Push into site such yet article.','False','','False','Bryan','63.0','19.0','True','True','No enjoyment','Virtual','Only a little','Behind we popular game gun people reflect. Opportunity serious east into daughter spring little.','','','Contact-208','Contact-210','Team__c-6');
INSERT INTO "Log__c" VALUES('Log__c-107','012Ru000006bWLeIAM','14.0','Very much','2015-02-21','Question Mr chance nearly management we bad.','False','','False','Anne','91.0','48.0','False','False','No enjoyment','In Person','Rather much','How rich card fill usually than. Several room deep. Coach authority conference action rich.','','','Contact-212','Contact-210','Team__c-6');
INSERT INTO "Log__c" VALUES('Log__c-108','012Ru000006bWLdIAM','35.0','Rather much','2020-02-18','Teach green forget billion. Write finally director easy tree life low.','False','','False','Duane','59.0','69.0','True','True','Some enjoyment','In Person','Rather much','Firm common picture forward data final throw. Near rich result nice but.','','','Contact-209','Contact-213','Team__c-6');
INSERT INTO "Log__c" VALUES('Log__c-109','012Ru000006bWLeIAM','40.0','Very much','2016-11-17','Store image parent identify radio cause keep. Also black week range radio family establish.','False','','False','Glenn','37.0','69.0','False','False','No enjoyment','In Person','Not at all','Trade experience me born traditional never structure. Popular purpose relate best. Long beat task middle action discussion.','','','Contact-215','Contact-213','Team__c-6');
INSERT INTO "Log__c" VALUES('Log__c-110','012Ru000006bWLdIAM','56.0','Rather much','2018-09-10','Least mother relationship computer bad exist enter environmental. Every indeed maybe method or very. Money sport table something officer industry throw.','False','','False','Troy','89.0','17.0','True','True','No enjoyment','Virtual','Very much','Time morning building behind. Agree question trial require hold somebody.','','','Contact-225','Contact-213','Team__c-6');
INSERT INTO "Log__c" VALUES('Log__c-111','012Ru000006bWLdIAM','93.0','Only a little','2019-12-20','Owner bank unit. Human card central as quality house.','False','','False','Patty','66.0','24.0','True','False','No enjoyment','Virtual','To some extent','Sometimes benefit matter then girl finally offer get. Recognize visit whatever father somebody sell onto.','','','Contact-209','Contact-214','Team__c-6');
INSERT INTO "Log__c" VALUES('Log__c-112','012Ru000006bWLdIAM','11.0','To some extent','2023-01-13','Sense him hold lot. Throw deal above health. Note people together live view all.','False','','False','Kimberly','49.0','95.0','False','True','Rather much enjoyment','Virtual','Rather much','Alone this debate network white listen blue. Different all agency not. Would office you mention.','','','Contact-220','Contact-214','Team__c-6');
INSERT INTO "Log__c" VALUES('Log__c-113','012Ru000006bWLeIAM','55.0','Not at all','2018-02-19','Step want relate under consumer explain their. Theory either right size person magazine per. Box unit into through movement. Interview think catch thus doctor.','False','','False','Andrew','7.0','44.0','False','False','Some enjoyment','Virtual','Only a little','Way consider person owner action Mrs more participant. Fine expect line reveal. Chance his must feel suggest.','','','Contact-222','Contact-214','Team__c-6');
INSERT INTO "Log__c" VALUES('Log__c-114','012Ru000006bWLeIAM','52.0','Very much','2021-01-20','Collection debate owner never option. Certainly try throw.','False','','False','Tyrone','94.0','12.0','True','True','Rather much enjoyment','Virtual','Very much','What according or concern better. Sing key reach sort improve.','','','Contact-215','Contact-215','Team__c-6');
INSERT INTO "Log__c" VALUES('Log__c-115','012Ru000006bWLeIAM','82.0','Very much','2015-04-28','Face somebody sense trouble smile modern. Interview give follow act town argue.','False','','False','Warren','96.0','31.0','False','True','Rather much enjoyment','Virtual','To some extent','True late local bring eight. Shoulder say push.','','','Contact-209','Contact-218','Team__c-6');
INSERT INTO "Log__c" VALUES('Log__c-116','012Ru000006bWLdIAM','97.0','Very much','2015-09-22','Series thus tree quite. With professional respond.','False','','False','Alison','32.0','56.0','True','False','No enjoyment','In Person','Very much','Approach appear none. Class drug wish environmental.','','','Contact-214','Contact-218','Team__c-6');
INSERT INTO "Log__c" VALUES('Log__c-117','012Ru000006bWLeIAM','71.0','Rather much','2024-03-17','Western agency never research check record. Your local white discover no share. Become Congress mouth.','False','','False','Teresa','87.0','36.0','False','True','A little enjoyment','In Person','Rather much','Loss summer itself kind. Organization piece PM when. Successful fund born price enjoy road nature.','','','Contact-219','Contact-218','Team__c-6');
INSERT INTO "Log__c" VALUES('Log__c-118','012Ru000006bWLeIAM','48.0','Only a little','2024-03-28','Far ability section against establish that time. Once green against will above part house. Interesting join voice laugh boy compare.','False','','False','Ashley','37.0','45.0','True','False','Some enjoyment','Virtual','Rather much','Garden figure beat nor song. Quickly human mention property key.','','','Contact-213','Contact-219','Team__c-6');
INSERT INTO "Log__c" VALUES('Log__c-119','012Ru000006bWLdIAM','40.0','Very much','2019-12-03','Area ability pressure control. Size writer day center down try probably beautiful.','False','','False','Katelyn','34.0','19.0','True','False','Some enjoyment','Virtual','To some extent','Who who artist amount.','','','Contact-3','Contact-22','Team__c-2');
INSERT INTO "Log__c" VALUES('Log__c-120','012Ru000006bWLeIAM','11.0','Rather much','2016-03-25','May series kid trial. Culture investment yourself new beyond member whole. Shake product happen quality key research tend.','False','','False','Anna','76.0','13.0','True','False','No enjoyment','In Person','Very much','Probably scene great push imagine. Seek this rather Republican federal.','','','Contact-3','Contact-22','Team__c-2');
INSERT INTO "Log__c" VALUES('Log__c-121','012Ru000006bWLdIAM','3.0','Rather much','2024-03-20','Create easy throw season decide family into. At speak seem half could.','False','','False','Nancy','54.0','50.0','False','True','No enjoyment','In Person','Not at all','Boy though watch plan consider democratic production Mrs. Bed operation account. Product break system machine strategy.','','','Contact-217','Contact-223','Team__c-6');
INSERT INTO "Log__c" VALUES('Log__c-122','012Ru000006bWLeIAM','83.0','Very much','2020-10-09','Long environment statement identify list stock happen according. Pass campaign fly necessary open.','False','','False','Lydia','77.0','15.0','True','False','Extreme amount of enjoyment','In Person','Very much','Strategy before bring arrive suddenly hold prevent. Republican part happy her suddenly analysis. Share dream leg pass quite.','','','Contact-214','Contact-224','Team__c-6');
INSERT INTO "Log__c" VALUES('Log__c-123','012Ru000006bWLeIAM','43.0','Very much','2023-10-16','Character attack win some product learn. Ready west enough attorney population fly.','False','','False','Pam','4.0','50.0','False','True','Rather much enjoyment','In Person','Very much','Pm short technology modern travel really culture discussion.','','','Contact-221','Contact-225','Team__c-6');
INSERT INTO "Log__c" VALUES('Log__c-124','012Ru000006bWLdIAM','95.0','Very much','2024-07-13','Several show significant be move raise difficult. Head sense truth. Those quite significant military hard ready.','False','','False','Reginald','78.0','71.0','True','True','No enjoyment','Virtual','To some extent','Personal if explain sure produce new. To sit school usually leg our. Say environment drug most.','','','Contact-26','Contact-25','Team__c-7');
INSERT INTO "Log__c" VALUES('Log__c-125','012Ru000006bWLeIAM','75.0','To some extent','2020-05-27','Field measure decide cause north. Behind garden toward provide power sign tell network.','False','','False','Cesar','21.0','72.0','False','True','A little enjoyment','In Person','Very much','Field job traditional also. Lot simply party risk. Rock southern side than event until. Seek total off newspaper outside be person.','','','Contact-43','Contact-25','Team__c-7');
INSERT INTO "Log__c" VALUES('Log__c-126','012Ru000006bWLeIAM','98.0','To some extent','2016-12-30','College life feeling might behavior. Prevent suddenly increase worker. Him rich remain its serve say. Born change experience ask president every few remember.','False','','False','Marisa','39.0','34.0','True','False','Extreme amount of enjoyment','Virtual','To some extent','No various happy heavy past. Recently on analysis speech south boy evidence.','','','Contact-1','Contact-3','Team__c-2');
INSERT INTO "Log__c" VALUES('Log__c-127','012Ru000006bWLdIAM','77.0','To some extent','2015-11-25','Thank stay child. Accept bag action question Mrs north white.','False','','False','Bridget','76.0','36.0','True','True','Rather much enjoyment','In Person','Rather much','Growth always garden. Car son tend offer better sound. Know sport Mrs mention.','','','Contact-11','Contact-3','Team__c-2');
INSERT INTO "Log__c" VALUES('Log__c-128','012Ru000006bWLeIAM','61.0','Not at all','2018-05-26','Western human well condition challenge. Until professional owner. Eye begin stay surface market yet.','False','','False','Vernon','7.0','96.0','True','True','Some enjoyment','In Person','To some extent','Sometimes become reality participant. Safe different poor personal population.','','','Contact-3','Contact-3','Team__c-2');
INSERT INTO "Log__c" VALUES('Log__c-129','012Ru000006bWLeIAM','33.0','To some extent','2018-08-30','Pretty whether suffer put arrive you region face. Father stay father red night.','False','','False','Elijah','23.0','21.0','True','False','Some enjoyment','Virtual','Very much','Sport force prevent table age wish. Perform approach race poor traditional happen.','','','Contact-3','Contact-3','Team__c-2');
INSERT INTO "Log__c" VALUES('Log__c-130','012Ru000006bWLeIAM','79.0','Rather much','2016-01-12','Particularly far indeed campaign. Lose century understand suddenly range evening certainly represent. Meeting minute religious consumer ability.','False','','False','Christine','28.0','22.0','False','False','Extreme amount of enjoyment','Virtual','Only a little','War left skin check stand. Mother base character eat plant baby.','','','Contact-41','Contact-30','Team__c-7');
INSERT INTO "Log__c" VALUES('Log__c-131','012Ru000006bWLeIAM','77.0','Rather much','2016-04-25','Talk which might respond paper ever range. Relate civil general provide how. Write hotel rich difference paper foot process write.','False','','False','Rachel','27.0','45.0','True','True','A little enjoyment','In Person','Rather much','House discover myself writer. Case than yeah.','','','Contact-43','Contact-31','Team__c-7');
INSERT INTO "Log__c" VALUES('Log__c-132','012Ru000006bWLdIAM','0.0','To some extent','2023-01-14','Paper fear eat use. Personal bed choice.','False','','False','Tamara','66.0','95.0','False','False','Extreme amount of enjoyment','Virtual','Very much','Success author help kitchen debate officer. Lay visit spend imagine owner above.','','','Contact-46','Contact-33','Team__c-7');
INSERT INTO "Log__c" VALUES('Log__c-133','012Ru000006bWLdIAM','94.0','Only a little','2020-11-10','View example argue thus. Growth maintain yourself action lose. Success eat option discover.','False','','False','Jon','18.0','42.0','True','True','Extreme amount of enjoyment','Virtual','To some extent','Approach hair idea. Toward consider by. Ten between economic serve hour.','','','Contact-27','Contact-35','Team__c-7');
INSERT INTO "Log__c" VALUES('Log__c-134','012Ru000006bWLeIAM','59.0','Only a little','2022-06-12','Born catch shoulder key whatever doctor left. Will growth be sort.','False','','False','Christina','43.0','14.0','False','False','No enjoyment','Virtual','Only a little','Describe end major and. Open son need special reveal others.','','','Contact-27','Contact-35','Team__c-7');
INSERT INTO "Log__c" VALUES('Log__c-135','012Ru000006bWLdIAM','30.0','Only a little','2018-12-24','Us choose citizen must. Class claim particularly. Republican current order side ground.','False','','False','Dave','64.0','37.0','False','True','Extreme amount of enjoyment','Virtual','Rather much','Remain recently whose letter.','','','Contact-33','Contact-35','Team__c-7');
INSERT INTO "Log__c" VALUES('Log__c-136','012Ru000006bWLeIAM','13.0','To some extent','2020-12-09','Hospital tree travel better yes lead. Better cup type language relate decision lot current.','False','','False','Alisha','64.0','73.0','True','False','No enjoyment','Virtual','To some extent','Kitchen response those measure necessary. Ever blue top fact man summer design whole. Someone only lead every size interview.','','','Contact-35','Contact-36','Team__c-7');
INSERT INTO "Log__c" VALUES('Log__c-137','012Ru000006bWLeIAM','19.0','Very much','2022-05-23','After say action activity. Personal usually manage decade system.','False','','False','Dave','96.0','20.0','False','True','A little enjoyment','Virtual','Rather much','Summer provide guy assume toward ask civil. Right pretty environmental sea technology player.','','','Contact-26','Contact-37','Team__c-7');
INSERT INTO "Log__c" VALUES('Log__c-138','012Ru000006bWLdIAM','27.0','Very much','2015-06-14','Mr seem stock represent their reduce. Fact fund despite site. Hope often be subject stock cost.','False','','False','Caleb','77.0','37.0','False','True','Some enjoyment','Virtual','Not at all','Admit more writer party nation. Land another live less four share above. Girl majority go police view force instead form.','','','Contact-27','Contact-38','Team__c-7');
INSERT INTO "Log__c" VALUES('Log__c-139','012Ru000006bWLeIAM','4.0','To some extent','2018-08-28','Method candidate north lay focus night. Great happen civil or something concern.','False','','False','Scott','25.0','80.0','False','True','Rather much enjoyment','In Person','To some extent','Effort clear item their man talk college.','','','Contact-44','Contact-38','Team__c-7');
INSERT INTO "Log__c" VALUES('Log__c-140','012Ru000006bWLdIAM','25.0','Rather much','2015-08-09','Surface model determine city. Discover particularly now.','False','','False','Kelli','51.0','97.0','True','True','Some enjoyment','In Person','Very much','Notice company thousand nice line race can. Begin gas according summer. Blue issue glass available. If on produce.','','','Contact-37','Contact-39','Team__c-7');
INSERT INTO "Log__c" VALUES('Log__c-141','012Ru000006bWLdIAM','3.0','To some extent','2024-05-05','Both majority usually American. Region sure good.','False','','False','Sara','45.0','29.0','False','False','Some enjoyment','In Person','Very much','Decide hotel seek real prevent I front. Get others figure.','','','Contact-41','Contact-39','Team__c-7');
INSERT INTO "Log__c" VALUES('Log__c-142','012Ru000006bWLeIAM','41.0','To some extent','2023-05-05','Offer quickly safe method yet hotel she. Almost news will enough.','False','','False','Ruth','32.0','82.0','False','True','Rather much enjoyment','In Person','Rather much','Value end TV red ball. Land significant add ten risk focus. Time environment value administration.','','','Contact-46','Contact-39','Team__c-7');
INSERT INTO "Log__c" VALUES('Log__c-143','012Ru000006bWLeIAM','10.0','Not at all','2025-01-08','Business picture society yard address special.','False','','False','Hannah','76.0','54.0','False','True','A little enjoyment','Virtual','Not at all','Relate operation choice run know. Voice stock beyond situation suddenly government born these. Organization material decade marriage put couple.','','','Contact-37','Contact-40','Team__c-7');
INSERT INTO "Log__c" VALUES('Log__c-144','012Ru000006bWLdIAM','66.0','Not at all','2015-10-19','Popular key culture by hospital major control. Then example his drop born business son wear.','False','','False','Virginia','32.0','5.0','True','True','No enjoyment','Virtual','Very much','Check bring news method score decide. Evening TV enjoy trip value fact.','','','Contact-34','Contact-45','Team__c-7');
INSERT INTO "Log__c" VALUES('Log__c-145','012Ru000006bWLeIAM','70.0','Not at all','2020-04-29','Stay serious nice budget. Eight miss gas key college peace song.','False','','False','Annette','73.0','53.0','False','True','No enjoyment','In Person','Only a little','Subject letter brother up. Sell black save visit.','','','Contact-34','Contact-45','Team__c-7');
INSERT INTO "Log__c" VALUES('Log__c-146','012Ru000006bWLeIAM','50.0','Rather much','2015-11-28','Year suffer store present become product push memory.','False','','False','Danielle','16.0','15.0','True','True','A little enjoyment','Virtual','Only a little','Safe wait offer the majority think relationship. Office along issue ball as whether. Pull price prepare onto car late purpose.','','','Contact-25','Contact-46','Team__c-7');
INSERT INTO "Log__c" VALUES('Log__c-147','012Ru000006bWLeIAM','33.0','Very much','2024-07-03','Compare involve animal out chance. Capital before speech admit eye. Enough research only laugh effect ask sport. Thank still cost effort.','False','','False','Diana','90.0','28.0','True','True','Rather much enjoyment','Virtual','Very much','Anyone still return understand production reach always. Hair however language worker some foreign.','','','Contact-28','Contact-48','Team__c-7');
INSERT INTO "Log__c" VALUES('Log__c-148','012Ru000006bWLeIAM','31.0','Not at all','2017-05-26','Couple wind sing middle success throughout. Company hard rule final class. Realize tax best free education lay. Person drop former seem music dinner his answer.','False','','False','Seth','33.0','21.0','False','True','A little enjoyment','In Person','Only a little','Now foot save within. Reveal word gas prepare.','','','Contact-56','Contact-49','Team__c-8');
INSERT INTO "Log__c" VALUES('Log__c-149','012Ru000006bWLeIAM','67.0','Very much','2023-01-23','Job person whose personal house name fall.','False','','False','Jean','61.0','31.0','False','False','A little enjoyment','Virtual','Only a little','Operation health avoid when. Support hair wall. Away she not director. Important radio happy director thousand difficult.','','','Contact-58','Contact-49','Team__c-8');
INSERT INTO "Log__c" VALUES('Log__c-150','012Ru000006bWLdIAM','18.0','Very much','2019-01-04','Sea almost society hundred option collection both. Somebody somebody perhaps. Population us young produce he inside population. Occur within people want plant moment just.','False','','False','Katrina','66.0','60.0','True','True','A little enjoyment','Virtual','Only a little','Foreign small southern project. Need only vote maybe teacher.','','','Contact-20','Contact-5','Team__c-2');
INSERT INTO "Log__c" VALUES('Log__c-151','012Ru000006bWLeIAM','93.0','Only a little','2018-02-24','Low left leg help western quite under among. I particularly must mean. Respond great single goal knowledge anyone.','False','','False','Alice','17.0','60.0','True','False','Extreme amount of enjoyment','Virtual','Rather much','Describe story detail civil to seven age. Concern into road. Agent for live education manage plant.','','','Contact-23','Contact-5','Team__c-2');
INSERT INTO "Log__c" VALUES('Log__c-152','012Ru000006bWLdIAM','26.0','Rather much','2023-02-04','Sound increase position industry five. Base head find fish.','False','','False','Beverly','60.0','6.0','True','True','Rather much enjoyment','Virtual','Rather much','From no news trial I region imagine. Some and response number important word everything.','','','Contact-9','Contact-5','Team__c-2');
INSERT INTO "Log__c" VALUES('Log__c-153','012Ru000006bWLeIAM','90.0','Very much','2019-08-13','And college name. Hundred traditional technology ever.','False','','False','Loretta','21.0','21.0','False','True','Rather much enjoyment','Virtual','Only a little','Hope end trade. Light resource present on so. Wish guess modern business night person already particular.','','','Contact-67','Contact-50','Team__c-8');
INSERT INTO "Log__c" VALUES('Log__c-154','012Ru000006bWLdIAM','4.0','Very much','2018-01-23','Coach room watch training. Begin who machine.','False','','False','Alexis','36.0','94.0','False','False','Rather much enjoyment','Virtual','Rather much','Look executive blood job yet small budget. Not detail both reveal miss modern be return.','','','Contact-62','Contact-51','Team__c-8');
INSERT INTO "Log__c" VALUES('Log__c-155','012Ru000006bWLeIAM','57.0','Very much','2022-09-05','Me know his suffer meeting improve. Down which local into song do.','False','','False','Kenneth','88.0','22.0','True','True','A little enjoyment','In Person','Only a little','Imagine accept hit ball character. Here resource kind detail. Whatever successful successful senior. Bad Mr month.','','','Contact-62','Contact-54','Team__c-8');
INSERT INTO "Log__c" VALUES('Log__c-156','012Ru000006bWLdIAM','29.0','Very much','2018-01-05','Ago clear what authority soon. Know seat story clearly mind federal war.','False','','False','Jodi','53.0','32.0','False','True','Some enjoyment','In Person','Not at all','Interest maybe enough PM.','','','Contact-61','Contact-57','Team__c-8');
INSERT INTO "Log__c" VALUES('Log__c-157','012Ru000006bWLdIAM','71.0','To some extent','2018-01-01','Indeed ok take require investment certainly most. Capital partner inside next image.','False','','False','Jerome','23.0','52.0','False','True','No enjoyment','In Person','Very much','Condition collection administration hold under follow adult. Generation huge real education many.','','','Contact-63','Contact-57','Team__c-8');
INSERT INTO "Log__c" VALUES('Log__c-158','012Ru000006bWLeIAM','81.0','Only a little','2020-11-10','Loss parent Republican really. Life force response fill its television human deep. Oil yard factor travel evening operation. Speak course appear lose over north follow able.','False','','False','Nathan','87.0','50.0','False','True','No enjoyment','Virtual','To some extent','School arm response measure debate color general. Author what television any teacher.','','','Contact-68','Contact-58','Team__c-8');
INSERT INTO "Log__c" VALUES('Log__c-159','012Ru000006bWLeIAM','19.0','Not at all','2023-01-03','Hope doctor carry big performance be article. Seek option mean control not leave.','False','','False','Jenna','70.0','5.0','False','False','Extreme amount of enjoyment','Virtual','Not at all','Reduce manager push level.','','','Contact-55','Contact-59','Team__c-8');
INSERT INTO "Log__c" VALUES('Log__c-160','012Ru000006bWLdIAM','27.0','To some extent','2022-07-01','May action activity skill understand. Gun time teacher serious. Cost beat sign exist their.','False','','False','Dawn','85.0','95.0','True','True','A little enjoyment','Virtual','Rather much','Style hospital matter vote huge institution. Under look firm adult some. Standard ten goal management trade. Attorney stuff save view admit perform.','','','Contact-49','Contact-62','Team__c-8');
INSERT INTO "Log__c" VALUES('Log__c-161','012Ru000006bWLdIAM','51.0','To some extent','2023-10-20','Anything party responsibility late. Artist begin organization like value hour once along.','False','','False','Virginia','87.0','47.0','False','False','No enjoyment','Virtual','To some extent','Fine heart pattern space add. Decision necessary firm onto. Indeed room both.','','','Contact-62','Contact-62','Team__c-8');
INSERT INTO "Log__c" VALUES('Log__c-162','012Ru000006bWLdIAM','22.0','Rather much','2023-10-27','Green card board huge thought allow. Process understand statement various these condition.','False','','False','Keith','21.0','67.0','False','False','Rather much enjoyment','In Person','To some extent','Probably my wrong discover. Wonder more along program mind.','','','Contact-54','Contact-63','Team__c-8');
INSERT INTO "Log__c" VALUES('Log__c-163','012Ru000006bWLdIAM','80.0','Very much','2022-05-15','Information rise again experience range low. Pattern trip represent probably.','False','','False','Lindsay','14.0','58.0','False','True','A little enjoyment','Virtual','To some extent','Certain must civil affect majority argue. Defense page near want name all turn. Member drive about moment operation even.','','','Contact-57','Contact-63','Team__c-8');
INSERT INTO "Log__c" VALUES('Log__c-164','012Ru000006bWLdIAM','33.0','Only a little','2016-05-09','Audience worry wall sing. Last today allow bit.','False','','False','Heather','43.0','8.0','True','False','Extreme amount of enjoyment','Virtual','Only a little','They Mr answer mission thus provide. By focus challenge moment security movie. Often sometimes own report huge happen great.','','','Contact-66','Contact-63','Team__c-8');
INSERT INTO "Log__c" VALUES('Log__c-165','012Ru000006bWLdIAM','57.0','Very much','2024-12-17','Evening tell generation myself. Side nice have glass go than enough. What soon control him.','False','','False','Kathryn','41.0','29.0','False','False','Some enjoyment','In Person','Rather much','Change change front hair energy enter. Summer include only treatment article.','','','Contact-64','Contact-64','Team__c-8');
INSERT INTO "Log__c" VALUES('Log__c-166','012Ru000006bWLdIAM','33.0','To some extent','2019-11-05','Series if top note leg arm. Partner air edge interest language keep thought.','False','','False','Leonard','10.0','92.0','False','True','Some enjoyment','In Person','Not at all','Everything central nice performance. Sort bring every everything. Physical whose address parent. Street point nearly south.','','','Contact-60','Contact-65','Team__c-8');
INSERT INTO "Log__c" VALUES('Log__c-167','012Ru000006bWLeIAM','46.0','Rather much','2023-06-10','Cause suggest threat firm nor. Defense green camera country.','False','','False','Leonard','12.0','8.0','False','True','No enjoyment','Virtual','Very much','Soon anyone manage miss try. Concern truth answer sea along research determine case.','','','Contact-50','Contact-69','Team__c-8');
INSERT INTO "Log__c" VALUES('Log__c-168','012Ru000006bWLdIAM','95.0','Rather much','2020-12-03','Level force hot on accept. Since network democratic mission. Discuss table interest argue letter deal picture.','False','','False','Hailey','63.0','28.0','False','True','A little enjoyment','In Person','Rather much','Though store thousand simply development. Trouble product find form operation until increase energy.','','','Contact-50','Contact-69','Team__c-8');
INSERT INTO "Log__c" VALUES('Log__c-169','012Ru000006bWLeIAM','29.0','Very much','2015-08-27','Discuss so board than occur process fund.','False','','False','Brandi','55.0','20.0','False','True','Rather much enjoyment','Virtual','Not at all','Hundred see event artist especially hospital difference paper. Stuff dinner win.','','','Contact-51','Contact-69','Team__c-8');
INSERT INTO "Log__c" VALUES('Log__c-170','012Ru000006bWLeIAM','22.0','Not at all','2016-04-25','Owner reality kind heart.','False','','False','Herbert','59.0','68.0','False','False','No enjoyment','In Person','Only a little','Decide main data next everyone. Speak section federal along away.','','','Contact-56','Contact-70','Team__c-8');
INSERT INTO "Log__c" VALUES('Log__c-171','012Ru000006bWLdIAM','58.0','To some extent','2022-01-25','Ago knowledge trip life believe least. Prepare way kid. Night federal east store investment show parent. Study city arm house.','False','','False','Jermaine','3.0','92.0','False','False','Extreme amount of enjoyment','In Person','Very much','Future become thus like. Assume now item crime matter main treatment. Image glass opportunity bit while better mother beyond.','','','Contact-76','Contact-73','Team__c-9');
INSERT INTO "Log__c" VALUES('Log__c-172','012Ru000006bWLdIAM','14.0','Only a little','2022-03-22','Middle letter could account. Investment less perhaps worker war hold hit. Down along month these late speech.','False','','False','Kristi','96.0','100.0','True','True','Extreme amount of enjoyment','In Person','Rather much','Maintain whether firm front. Bag send language music approach offer knowledge.','','','Contact-75','Contact-74','Team__c-9');
INSERT INTO "Log__c" VALUES('Log__c-173','012Ru000006bWLeIAM','10.0','Rather much','2019-04-20','Feel top country charge. Gas question child attorney condition.','False','','False','Isaiah','58.0','100.0','True','False','A little enjoyment','In Person','To some extent','Worry tree bring happy food south consumer. System least trip performance trouble mission first business.','','','Contact-83','Contact-74','Team__c-9');
INSERT INTO "Log__c" VALUES('Log__c-174','012Ru000006bWLdIAM','1.0','Very much','2016-06-12','Simply community something player field far task eye. Unit support hotel house see.','False','','False','Cathy','6.0','66.0','True','True','Rather much enjoyment','In Person','Not at all','Particular stock these door marriage attack. Receive matter hope hour.','','','Contact-78','Contact-76','Team__c-9');
INSERT INTO "Log__c" VALUES('Log__c-175','012Ru000006bWLdIAM','8.0','Only a little','2020-10-01','High radio movement loss such however pick. Risk brother expert run have many.','False','','False','Alan','75.0','1.0','False','True','Extreme amount of enjoyment','In Person','Very much','Church join arrive ahead yet while now. Fear wear ready success and. Reality gas left teach book receive.','','','Contact-85','Contact-76','Team__c-9');
INSERT INTO "Log__c" VALUES('Log__c-176','012Ru000006bWLeIAM','84.0','To some extent','2023-11-11','Son serve analysis memory. Building offer technology work hour hair. Generation role one everybody.','False','','False','Chad','98.0','84.0','True','False','No enjoyment','In Person','Only a little','American surface share from any case baby. Bed myself for market.','','','Contact-88','Contact-77','Team__c-9');
INSERT INTO "Log__c" VALUES('Log__c-177','012Ru000006bWLdIAM','11.0','Not at all','2024-03-22','Five military just chair thought also series. Certainly back minute heavy store fear I. Exist very international institution American blood we.','False','','False','Janet','52.0','93.0','True','True','Rather much enjoyment','In Person','To some extent','Send a already here face scene dark. So woman wind sport. Or loss play discuss force forget.','','','Contact-72','Contact-78','Team__c-9');
INSERT INTO "Log__c" VALUES('Log__c-178','012Ru000006bWLdIAM','15.0','Very much','2019-06-23','Truth experience apply instead tax however particular. Perform action fast throw per pick myself.','False','','False','Becky','50.0','82.0','True','True','No enjoyment','Virtual','Not at all','Purpose close risk under night instead care. Still ago mean want push analysis.','','','Contact-85','Contact-78','Team__c-9');
INSERT INTO "Log__c" VALUES('Log__c-179','012Ru000006bWLeIAM','56.0','Not at all','2019-06-16','However score official president performance official. House seem kid eat face.','False','','False','Karen','49.0','50.0','True','True','A little enjoyment','Virtual','To some extent','Cell protect she indicate change sort. Process mission expect mission hundred attorney.','','','Contact-84','Contact-79','Team__c-9');
INSERT INTO "Log__c" VALUES('Log__c-180','012Ru000006bWLeIAM','58.0','Very much','2019-02-19','Recent price choice list onto. Voice establish improve you.','False','','False','Alice','58.0','87.0','False','True','Rather much enjoyment','Virtual','Very much','Food worry necessary wall. Special Mrs police base common respond alone.','','','Contact-12','Contact-8','Team__c-2');
INSERT INTO "Log__c" VALUES('Log__c-181','012Ru000006bWLdIAM','90.0','Very much','2017-08-13','Economy might sell cut physical subject road local. Money culture any.','False','','False','Cynthia','99.0','93.0','False','True','No enjoyment','In Person','Not at all','Participant force list go take check finish here. Window town leave.','','','Contact-4','Contact-8','Team__c-2');
INSERT INTO "Log__c" VALUES('Log__c-182','012Ru000006bWLeIAM','63.0','Only a little','2017-10-24','Fish parent cup red. Top find fall finish describe. Team else knowledge every left certain put though.','False','','False','Connie','84.0','55.0','False','True','Rather much enjoyment','In Person','Not at all','Never action world water whose. Former visit claim marriage old mind investment.','','','Contact-79','Contact-81','Team__c-9');
INSERT INTO "Log__c" VALUES('Log__c-183','012Ru000006bWLeIAM','13.0','Very much','2015-08-18','Baby happen along management that offer. Music drop pretty city.','False','','False','Heidi','84.0','94.0','True','False','Extreme amount of enjoyment','Virtual','Very much','Recently hard specific cost. News drive ok TV woman. Age news collection amount.','','','Contact-84','Contact-83','Team__c-9');
INSERT INTO "Log__c" VALUES('Log__c-184','012Ru000006bWLeIAM','46.0','To some extent','2023-12-28','Fine born cup baby you professional. Air model decade.','False','','False','Spencer','47.0','97.0','True','True','Some enjoyment','In Person','Very much','Want some majority over education short wife. Attack only same middle executive appear. Clear green try admit design degree.','','','Contact-85','Contact-84','Team__c-9');
INSERT INTO "Log__c" VALUES('Log__c-185','012Ru000006bWLeIAM','75.0','Only a little','2018-07-09','Shake term live evening marriage. Sure event across. Small do event do total.','False','','False','Levi','6.0','42.0','True','False','A little enjoyment','Virtual','Very much','Others foreign avoid half eye. Around skin truth. Compare house century instead consider well authority.','','','Contact-91','Contact-85','Team__c-9');
INSERT INTO "Log__c" VALUES('Log__c-186','012Ru000006bWLeIAM','89.0','To some extent','2015-01-31','Simple than analysis more another since. Law adult of pressure join eight act education.','False','','False','Spencer','23.0','74.0','True','True','Rather much enjoyment','Virtual','Rather much','You interest usually. Happy your realize body kitchen explain.','','','Contact-77','Contact-86','Team__c-9');
INSERT INTO "Log__c" VALUES('Log__c-187','012Ru000006bWLdIAM','69.0','To some extent','2016-08-06','Adult factor pattern participant.','False','','False','Nina','84.0','51.0','True','False','Rather much enjoyment','Virtual','To some extent','Everyone organization open impact collection scientist although. Stock could station house. Door forget eat professor necessary through.','','','Contact-84','Contact-86','Team__c-9');
INSERT INTO "Log__c" VALUES('Log__c-188','012Ru000006bWLdIAM','31.0','To some extent','2016-12-30','Prevent maybe official evidence. Late child brother former reveal building.','False','','False','Meghan','48.0','57.0','True','False','Some enjoyment','Virtual','To some extent','Picture establish a international.','','','Contact-78','Contact-87','Team__c-9');
INSERT INTO "Log__c" VALUES('Log__c-189','012Ru000006bWLdIAM','99.0','Rather much','2022-06-13','Line address chance religious close shake fear give. Wish scene establish practice might modern. Apply risk citizen official.','False','','False','Frederick','67.0','6.0','False','False','No enjoyment','Virtual','Only a little','Speech federal raise measure thus interest. Choice about laugh owner generation. Send sense camera business recently different federal.','','','Contact-89','Contact-87','Team__c-9');
INSERT INTO "Log__c" VALUES('Log__c-190','012Ru000006bWLeIAM','26.0','To some extent','2020-12-07','Hear safe image citizen one painting find. Child break mean task whole decade market town. Member imagine language upon.','False','','False','Russell','30.0','49.0','False','False','A little enjoyment','In Person','Not at all','Interest no eat. Bad more myself. There produce choose foot.','','','Contact-72','Contact-89','Team__c-9');
INSERT INTO "Log__c" VALUES('Log__c-191','012Ru000006bWLeIAM','40.0','Rather much','2022-11-09','Civil however red. Send authority heavy prevent forget.','False','','False','Luke','70.0','24.0','False','False','Extreme amount of enjoyment','Virtual','To some extent','Point these general meet management activity down. Recently eye fire foot history shoulder after.','','','Contact-73','Contact-90','Team__c-9');
INSERT INTO "Log__c" VALUES('Log__c-192','012Ru000006bWLeIAM','15.0','Rather much','2023-10-09','About of those blood among stand. Less perform carry different view tree.','False','','False','Lori','89.0','28.0','False','False','No enjoyment','In Person','Not at all','Stop turn whole thank data court. Than less cold call rock unit. Fine executive about require.','','','Contact-82','Contact-90','Team__c-9');
INSERT INTO "Log__c" VALUES('Log__c-193','012Ru000006bWLdIAM','2.0','Only a little','2023-11-30','Choose every camera clear store agency smile. Meeting kitchen treatment court.','False','','False','Kristi','43.0','11.0','False','False','Some enjoyment','In Person','Only a little','Dog recognize save run reason keep goal debate. Include effect him big town instead thousand.','','','Contact-99','Contact-93','Team__c-10');
INSERT INTO "Log__c" VALUES('Log__c-194','012Ru000006bWLdIAM','68.0','Rather much','2023-05-07','Kind ability situation.','False','','False','Michael','55.0','68.0','True','True','No enjoyment','Virtual','Only a little','Citizen argue security increase story their. Almost third available standard happen. Will realize be guess after democratic listen.','','','Contact-108','Contact-94','Team__c-10');
INSERT INTO "Log__c" VALUES('Log__c-195','012Ru000006bWLeIAM','10.0','Only a little','2016-07-11','Indeed none style Congress go score. Garden another these cost side likely. Institution accept eye product box situation.','False','','False','Julie','62.0','20.0','False','False','No enjoyment','Virtual','Rather much','Seek ever collection stand anyone scene save watch.','','','Contact-108','Contact-94','Team__c-10');
INSERT INTO "Log__c" VALUES('Log__c-196','012Ru000006bWLeIAM','93.0','Only a little','2017-05-15','Difference because little fish. Technology call born young.','False','','False','Isabel','18.0','99.0','True','True','A little enjoyment','Virtual','Only a little','Also heart since for strong than soon. Career surface Democrat may close.','','','Contact-106','Contact-95','Team__c-10');
INSERT INTO "Log__c" VALUES('Log__c-197','012Ru000006bWLdIAM','23.0','Rather much','2023-01-19','Source opportunity meet program. Look every oil. Return education than.','False','','False','Kerry','32.0','32.0','False','True','A little enjoyment','Virtual','Not at all','So almost item various rather husband financial. Spring site sing thank. General entire former effect south at feeling.','','','Contact-93','Contact-95','Team__c-10');
INSERT INTO "Log__c" VALUES('Log__c-198','012Ru000006bWLeIAM','84.0','Not at all','2021-09-08','She statement what art moment. Life she son safe. Until environmental build grow traditional relate campaign occur.','False','','False','Judith','78.0','73.0','True','False','A little enjoyment','Virtual','Not at all','Including throw national receive different with response term. No writer political building.','','','Contact-111','Contact-97','Team__c-10');
INSERT INTO "Log__c" VALUES('Log__c-199','012Ru000006bWLeIAM','13.0','Rather much','2020-12-10','Stay election good newspaper hundred could natural. Debate picture us pick necessary significant. No court fall above live fear. Both camera red test lay.','False','','False','Warren','3.0','11.0','False','False','No enjoyment','In Person','Very much','Cup sell late seat security. Hotel light professional because lead shake population.','','','Contact-100','Contact-98','Team__c-10');
INSERT INTO "Log__c" VALUES('Log__c-200','012Ru000006bWLeIAM','23.0','To some extent','2019-02-01','Occur difficult bad film war only administration. Training local north win drop school town. Along sport factor less growth popular.','False','','False','Charlene','79.0','83.0','True','False','Some enjoyment','Virtual','Rather much','By remain agency box her air next. Character our above stand conference. Decade force while teach. Hit through door receive.','','','Contact-103','Contact-99','Team__c-10');
CREATE TABLE "Log__c_rt_mapping" (
	record_type_id VARCHAR(18) NOT NULL, 
	developer_name VARCHAR(255), 
	is_person_type BOOLEAN, 
	PRIMARY KEY (record_type_id)
);
INSERT INTO "Log__c_rt_mapping" VALUES('012Ru000006bWLdIAM','Client',0);
INSERT INTO "Log__c_rt_mapping" VALUES('012Ru000006bWLeIAM','TeamFacilitator',0);
CREATE TABLE "ProgramAssignment__c" (
	id VARCHAR(255) NOT NULL, 
	"AssignedDate__c" VARCHAR(255), 
	"CompletionDate__c" VARCHAR(255), 
	"ExpectedCompletion__c" VARCHAR(255), 
	"Status__c" VARCHAR(255), 
	"TeacherAssistantRequested__c" VARCHAR(255), 
	"Contact__c" VARCHAR(255), 
	"Program__c" VARCHAR(255), 
	PRIMARY KEY (id)
);
INSERT INTO "ProgramAssignment__c" VALUES('ProgramAssignment__c-1','2016-08-30','2019-05-24','2021-10-06','Discontinued','False','Contact-102','Program__c-21');
INSERT INTO "ProgramAssignment__c" VALUES('ProgramAssignment__c-2','2022-01-27','2022-07-27','2022-04-04','Completed','False','Contact-123','Program__c-19');
INSERT INTO "ProgramAssignment__c" VALUES('ProgramAssignment__c-3','2018-12-04','2019-05-29','2019-06-10','Completed','False','Contact-13','Program__c-20');
INSERT INTO "ProgramAssignment__c" VALUES('ProgramAssignment__c-4','2015-11-05','2019-07-28','2016-12-17','Removed','False','Contact-145','Program__c-18');
INSERT INTO "ProgramAssignment__c" VALUES('ProgramAssignment__c-5','2017-12-08','2022-03-31','2019-09-09','Removed','False','Contact-171','Program__c-21');
INSERT INTO "ProgramAssignment__c" VALUES('ProgramAssignment__c-6','2018-09-15','2020-03-08','2019-05-11','Removed','False','Contact-194','Program__c-18');
INSERT INTO "ProgramAssignment__c" VALUES('ProgramAssignment__c-7','2018-05-13','2018-05-15','2018-06-02','In Progress','False','Contact-215','Program__c-18');
INSERT INTO "ProgramAssignment__c" VALUES('ProgramAssignment__c-8','2015-04-23','2021-03-02','2015-08-23','Completed','False','Contact-38','Program__c-18');
INSERT INTO "ProgramAssignment__c" VALUES('ProgramAssignment__c-9','2015-05-30','2016-07-17','2021-05-29','Removed','False','Contact-61','Program__c-1');
INSERT INTO "ProgramAssignment__c" VALUES('ProgramAssignment__c-10','2015-03-23','2019-02-23','2019-05-17','Discontinued','False','Contact-81','Program__c-19');
CREATE TABLE "Program__c" (
	id VARCHAR(255) NOT NULL, 
	"CEU__c" VARCHAR(255), 
	"Current__c" VARCHAR(255), 
	"Months__c" VARCHAR(255), 
	"Name" VARCHAR(255), 
	"Reminder__c" VARCHAR(255), 
	"Standalone__c" VARCHAR(255), 
	PRIMARY KEY (id)
);
INSERT INTO "Program__c" VALUES('Program__c-1','False','True','6.0','Client Certification','30.0','False');
INSERT INTO "Program__c" VALUES('Program__c-2','False','True','1.0','Fitness','','True');
INSERT INTO "Program__c" VALUES('Program__c-3','True','True','1.5','Fitness [CEU]','','True');
INSERT INTO "Program__c" VALUES('Program__c-4','False','True','1.0','Medical Disability','','True');
INSERT INTO "Program__c" VALUES('Program__c-5','True','True','1.5','Medical Disability [CEU]','','True');
INSERT INTO "Program__c" VALUES('Program__c-6','False','True','3.0','OT Advanced Bundle','','True');
INSERT INTO "Program__c" VALUES('Program__c-7','True','True','4.0','OT Advanced Bundle [CEU]','','True');
INSERT INTO "Program__c" VALUES('Program__c-8','False','True','1.0','Psychiatric Disability','','True');
INSERT INTO "Program__c" VALUES('Program__c-9','True','True','1.5','Psychiatric Disability [CEU]','','True');
INSERT INTO "Program__c" VALUES('Program__c-10','False','True','4.0','Puppy Raiser','30.0','False');
INSERT INTO "Program__c" VALUES('Program__c-11','False','True','1.0','Service Dog Selection','','True');
INSERT INTO "Program__c" VALUES('Program__c-12','True','True','1.5','Service Dog Selection [CEU]','','True');
INSERT INTO "Program__c" VALUES('Program__c-13','True','True','4.0','Service Dog Training Bundle','','True');
INSERT INTO "Program__c" VALUES('Program__c-14','False','True','1.0','Service Dogs Foundations','','True');
INSERT INTO "Program__c" VALUES('Program__c-15','False','True','1.5','Service Dogs Foundations [CEU]','','True');
INSERT INTO "Program__c" VALUES('Program__c-16','False','True','0.3','Staff','7.0','False');
INSERT INTO "Program__c" VALUES('Program__c-17','True','True','3.0','Sweet Snoopers [CEU]','','True');
INSERT INTO "Program__c" VALUES('Program__c-18','False','True','4.0','Team Facilitator','30.0','True');
INSERT INTO "Program__c" VALUES('Program__c-19','False','True','6.0','Teams Set in Motion Client','','True');
INSERT INTO "Program__c" VALUES('Program__c-20','True','True','9.0','Trainer Certification','30.0','False');
INSERT INTO "Program__c" VALUES('Program__c-21','False','True','0.5','Volunteer','7.0','False');
CREATE TABLE "PublicAccessTest__c" (
	id VARCHAR(255) NOT NULL, 
	"AssessorComments__c" VARCHAR(255), 
	"DateCompleted__c" VARCHAR(255), 
	"Location__c" VARCHAR(255), 
	"ReviewComments__c" VARCHAR(255), 
	"Status__c" VARCHAR(255), 
	"Type__c" VARCHAR(255), 
	"ValidUntil__c" VARCHAR(255), 
	"Assessor__c" VARCHAR(255), 
	"Team__c" VARCHAR(255), 
	PRIMARY KEY (id)
);
INSERT INTO "PublicAccessTest__c" VALUES('PublicAccessTest__c-1','At billion arrive director trip study. Skin exactly exist keep instead feeling industry. Suggest parent old happen.','2024-12-23','In Person','Your third term talk education nation. College fly animal allow wonder act. Nor box first since.','Failed','Recertification','2025-12-23','Contact-108','Team__c-10');
INSERT INTO "PublicAccessTest__c" VALUES('PublicAccessTest__c-2','Though week what sell law. Option practice industry throughout resource ok pay. Rest unit create budget up yeah rather.','2024-11-02','In Person','Ahead brother any himself nature low available mission. Very although attack state mother ago.','Failed','Recertification','2025-11-02','Contact-116','Team__c-1');
INSERT INTO "PublicAccessTest__c" VALUES('PublicAccessTest__c-3','Wall hot size after responsibility. Day turn animal ball heavy. Democratic choice bed he various between owner. Believe perhaps head data very the.','2024-11-18','In Person','Perform weight material pull again medical.','Failed','Initial','2025-11-18','Contact-135','Team__c-3');
INSERT INTO "PublicAccessTest__c" VALUES('PublicAccessTest__c-4','One how fear behind organization. Article bar allow quickly sister.','2024-07-10','Virtual','Physical even thought class. Want large investment down modern.','Passed','Recertification','2025-07-10','Contact-17','Team__c-2');
INSERT INTO "PublicAccessTest__c" VALUES('PublicAccessTest__c-5','None happy miss region trip particular. Somebody impact most water. News quite available act most person her art.','2024-08-07','Virtual','Successful half organization trade child strong. Economic financial final listen mind Mrs.','Provisionally Passed','Initial','2025-08-07','Contact-178','Team__c-4');
INSERT INTO "PublicAccessTest__c" VALUES('PublicAccessTest__c-6','Store by then without college. Believe idea remain develop second answer catch. World school experience fall.','2025-01-06','Virtual','Marriage skill available author add degree century huge. Bank positive experience reality time. Smile wife between everybody candidate development do.','Failed','Retest','2026-01-06','Contact-200','Team__c-5');
INSERT INTO "PublicAccessTest__c" VALUES('PublicAccessTest__c-7','Break sing likely coach agent central huge. Staff former of or know. Surface cup between despite test employee.','2024-05-18','Virtual','Grow necessary can share enjoy behind establish. Large inside ask care dog face.','Passed','Recertification','2025-05-18','Contact-213','Team__c-6');
INSERT INTO "PublicAccessTest__c" VALUES('PublicAccessTest__c-8','Practice woman media catch statement.','2024-10-28','Virtual','Blood section soldier put left around. Resource policy performance capital able garden small. Manager since knowledge of positive avoid bag painting.','Passed','Initial','2025-10-28','Contact-32','Team__c-7');
INSERT INTO "PublicAccessTest__c" VALUES('PublicAccessTest__c-9','Player recent structure class subject detail. Discuss chair notice that range store vote community. News capital risk everybody.','2024-12-10','In Person','Detail future accept camera after. Apply wear door provide situation down.','Failed','Retest','2025-12-10','Contact-59','Team__c-8');
INSERT INTO "PublicAccessTest__c" VALUES('PublicAccessTest__c-10','Attention will fish believe movement. Church tree information necessary cut. Church billion show magazine.','2024-04-11','In Person','Raise why wait national.','Passed','Retest','2025-04-11','Contact-76','Team__c-9');
CREATE TABLE "PuppyLog__c" (
	id VARCHAR(255) NOT NULL, 
	"AdditionalInformation__c" VARCHAR(255), 
	"Date__c" VARCHAR(255), 
	"RequestSupportFromAtlas__c" VARCHAR(255), 
	"Dog__c" VARCHAR(255), 
	"Raiser__c" VARCHAR(255), 
	PRIMARY KEY (id)
);
INSERT INTO "PuppyLog__c" VALUES('PuppyLog__c-1','Bit rock above event spring society. Discover source team entire cut state.','2021-11-16','False','Dog__c-1','Contact-15');
INSERT INTO "PuppyLog__c" VALUES('PuppyLog__c-2','Total happy foot much eye begin. Enjoy mean small move. Leader drug thank himself.','2022-06-19','True','Dog__c-10','Contact-216');
INSERT INTO "PuppyLog__c" VALUES('PuppyLog__c-3','Ask small laugh capital. Sometimes after town inside car dog. Surface day cut.','2018-12-15','True','Dog__c-2','Contact-46');
INSERT INTO "PuppyLog__c" VALUES('PuppyLog__c-4','Camera stay that away should success audience. As car share create shake.','2024-06-21','True','Dog__c-3','Contact-60');
INSERT INTO "PuppyLog__c" VALUES('PuppyLog__c-5','Recent final chair sister clearly stock. Campaign at deal ever north next. Hit find your.','2020-01-31','True','Dog__c-4','Contact-90');
INSERT INTO "PuppyLog__c" VALUES('PuppyLog__c-6','If east lose leader break management. Democratic college range offer method.','2018-12-13','False','Dog__c-5','Contact-105');
INSERT INTO "PuppyLog__c" VALUES('PuppyLog__c-7','Line build forget generation head. Machine military recent impact soon individual. Professional then affect character.','2024-01-15','True','Dog__c-6','Contact-120');
INSERT INTO "PuppyLog__c" VALUES('PuppyLog__c-8','Oil spend PM usually laugh while call up. You interesting street point threat seem.','2022-07-21','False','Dog__c-7','Contact-144');
INSERT INTO "PuppyLog__c" VALUES('PuppyLog__c-9','Style find industry fund somebody student family. Usually ground who activity body hospital. Thousand response society themselves.','2016-08-12','True','Dog__c-8','Contact-161');
INSERT INTO "PuppyLog__c" VALUES('PuppyLog__c-10','Center do gun whom. Rest red partner state.','2024-09-01','False','Dog__c-9','Contact-194');
CREATE TABLE "Team__c" (
	id VARCHAR(255) NOT NULL, 
	"ClientApplicationReceived__c" VARCHAR(255), 
	"ClientApplicationVideoReceived__c" VARCHAR(255), 
	"ClientCGCFormReceived__c" VARCHAR(255), 
	"ClientCertAgreementReceived__c" VARCHAR(255), 
	"ClientLOMIReceived__c" VARCHAR(255), 
	"ClientMentalHealthFormReceived__c" VARCHAR(255), 
	"ClientPreApplicationReceived__c" VARCHAR(255), 
	"ClientProgAgreementReceived__c" VARCHAR(255), 
	"ClientProvRelFormReceived__c" VARCHAR(255), 
	"ClientSurveyReceived__c" VARCHAR(255), 
	"ClientVAPWReceived__c" VARCHAR(255), 
	"FacilitatorAvailability__c" VARCHAR(255), 
	"HealthFormReceived__c" VARCHAR(255), 
	"InitialCertificationDate__c" VARCHAR(255), 
	"Name" VARCHAR(255), 
	"PatCount__c" VARCHAR(255), 
	"PatValidUntil__c" VARCHAR(255), 
	"Photo__c" VARCHAR(255), 
	"PrimaryCertification__c" VARCHAR(255), 
	"SecondaryCertification__c" VARCHAR(255), 
	"Status__c" VARCHAR(255), 
	"TrainingStartDate__c" VARCHAR(255), 
	"XrayReceived__c" VARCHAR(255), 
	"Client__c" VARCHAR(255), 
	"Dog__c" VARCHAR(255), 
	"Facilitator__c" VARCHAR(255), 
	"Handler__c" VARCHAR(255), 
	PRIMARY KEY (id)
);
INSERT INTO "Team__c" VALUES('Team__c-1','','','','','','','','','','','','','','','ForbesAriel_Nikki','0.0','','','Mobility','Allergen Alert','','','','Contact-115','Dog__c-6','','Contact-128');
INSERT INTO "Team__c" VALUES('Team__c-2','','','','','','','','','','','','','','','CarolynBoyle_Sam','1.0','2025-07-10','','Psychiatric','Autism','','','','Contact-13','Dog__c-1','','Contact-17');
INSERT INTO "Team__c" VALUES('Team__c-3','','','','','','','','','','','','','','','RubenRiley_Tucker','0.0','','','Mobility','Autism','','','','Contact-139','Dog__c-7','','Contact-140');
INSERT INTO "Team__c" VALUES('Team__c-4','','','','','','','','','','','','','','','DevinBall_Olive','0.0','','','Allergen Alert','Seizure Response','','','','Contact-171','Dog__c-8','','Contact-173');
INSERT INTO "Team__c" VALUES('Team__c-5','','','','','','','','','','','','','','','SoniaJuarez_Misty','0.0','','','Diabetes Alert','Medical Alert','','','','Contact-199','Dog__c-9','','Contact-200');
INSERT INTO "Team__c" VALUES('Team__c-6','','','','','','','','','','','','','','','DonaldBauer_Gus','1.0','2025-05-18','','Autism','Allergen Alert','','','','Contact-209','Dog__c-10','','Contact-221');
INSERT INTO "Team__c" VALUES('Team__c-7','','','','','','','','','','','','','','','WuHoward_Zeus','1.0','2025-10-28','','Psychiatric','Diabetes Alert','','','','Contact-27','Dog__c-2','','Contact-39');
INSERT INTO "Team__c" VALUES('Team__c-8','','','','','','','','','','','','','','','ErinSolis_Toby','0.0','','','Hearing Alert','Diabetes Alert','','','','Contact-50','Dog__c-3','','Contact-67');
INSERT INTO "Team__c" VALUES('Team__c-9','','','','','','','','','','','','','','','HodgesLaura_Coco','1.0','2025-04-11','','Medical Alert','Psychiatric','','','','Contact-85','Dog__c-4','','Contact-85');
INSERT INTO "Team__c" VALUES('Team__c-10','','','','','','','','','','','','','','','KayleeCherry_Gus','0.0','','','Psychiatric','Autism','','','','Contact-92','Dog__c-5','','Contact-105');
CREATE TABLE "npe4__Relationship__c" (
	id VARCHAR(255) NOT NULL, 
	"npe4__Description__c" VARCHAR(255), 
	"npe4__SYSTEM_SystemCreated__c" VARCHAR(255), 
	"npe4__Status__c" VARCHAR(255), 
	"npe4__Type__c" VARCHAR(255), 
	"npsp__Related_Opportunity_Contact_Role__c" VARCHAR(255), 
	"npe4__Contact__c" VARCHAR(255), 
	"npe4__ReciprocalRelationship__c" VARCHAR(255), 
	"npe4__RelatedContact__c" VARCHAR(255), 
	PRIMARY KEY (id)
);
INSERT INTO "npe4__Relationship__c" VALUES('npe4__Relationship__c-1','','False','Current','Grandfather','','Contact-102','npe4__Relationship__c-181','Contact-101');
INSERT INTO "npe4__Relationship__c" VALUES('npe4__Relationship__c-2','','False','Current','Primary Emergency Contact','','Contact-102','npe4__Relationship__c-182','Contact-103');
INSERT INTO "npe4__Relationship__c" VALUES('npe4__Relationship__c-3','','False','Current','Secondary Emergency Contact','','Contact-102','npe4__Relationship__c-183','Contact-104');
INSERT INTO "npe4__Relationship__c" VALUES('npe4__Relationship__c-4','','False','Current','Grandparent','','Contact-107','npe4__Relationship__c-184','Contact-101');
INSERT INTO "npe4__Relationship__c" VALUES('npe4__Relationship__c-5','','False','Current','Primary Emergency Contact','','Contact-107','npe4__Relationship__c-185','Contact-108');
INSERT INTO "npe4__Relationship__c" VALUES('npe4__Relationship__c-6','','False','Current','Secondary Emergency Contact','','Contact-107','npe4__Relationship__c-186','Contact-109');
INSERT INTO "npe4__Relationship__c" VALUES('npe4__Relationship__c-7','','False','Current','Client','','Contact-111','npe4__Relationship__c-187','Contact-103');
INSERT INTO "npe4__Relationship__c" VALUES('npe4__Relationship__c-8','','False','Current','Primary Emergency Contact','','Contact-111','npe4__Relationship__c-188','Contact-112');
INSERT INTO "npe4__Relationship__c" VALUES('npe4__Relationship__c-9','','False','Current','Secondary Emergency Contact','','Contact-111','npe4__Relationship__c-189','Contact-113');
INSERT INTO "npe4__Relationship__c" VALUES('npe4__Relationship__c-10','','False','Current','Primary Emergency Contact','','Contact-114','npe4__Relationship__c-190','Contact-115');
INSERT INTO "npe4__Relationship__c" VALUES('npe4__Relationship__c-11','','False','Current','Mother','','Contact-114','npe4__Relationship__c-191','Contact-115');
INSERT INTO "npe4__Relationship__c" VALUES('npe4__Relationship__c-12','','False','Current','Secondary Emergency Contact','','Contact-114','npe4__Relationship__c-192','Contact-116');
INSERT INTO "npe4__Relationship__c" VALUES('npe4__Relationship__c-13','','False','Current','Volunteer','','Contact-117','npe4__Relationship__c-193','Contact-115');
INSERT INTO "npe4__Relationship__c" VALUES('npe4__Relationship__c-14','','False','Current','Primary Emergency Contact','','Contact-117','npe4__Relationship__c-194','Contact-118');
INSERT INTO "npe4__Relationship__c" VALUES('npe4__Relationship__c-15','','False','Current','Secondary Emergency Contact','','Contact-117','npe4__Relationship__c-195','Contact-119');
INSERT INTO "npe4__Relationship__c" VALUES('npe4__Relationship__c-16','','False','Current','Son','','Contact-120','npe4__Relationship__c-196','Contact-114');
INSERT INTO "npe4__Relationship__c" VALUES('npe4__Relationship__c-17','','False','Current','Primary Emergency Contact','','Contact-120','npe4__Relationship__c-197','Contact-121');
INSERT INTO "npe4__Relationship__c" VALUES('npe4__Relationship__c-18','','False','Current','Secondary Emergency Contact','','Contact-120','npe4__Relationship__c-198','Contact-122');
INSERT INTO "npe4__Relationship__c" VALUES('npe4__Relationship__c-19','','False','Current','Primary Emergency Contact','','Contact-123','npe4__Relationship__c-199','Contact-124');
INSERT INTO "npe4__Relationship__c" VALUES('npe4__Relationship__c-20','','False','Current','Secondary Emergency Contact','','Contact-123','npe4__Relationship__c-200','Contact-125');
INSERT INTO "npe4__Relationship__c" VALUES('npe4__Relationship__c-21','','False','Current','Friend','','Contact-123','npe4__Relationship__c-201','Contact-125');
INSERT INTO "npe4__Relationship__c" VALUES('npe4__Relationship__c-22','','False','Current','Volunteer','','Contact-128','npe4__Relationship__c-202','Contact-114');
INSERT INTO "npe4__Relationship__c" VALUES('npe4__Relationship__c-23','','False','Current','Primary Emergency Contact','','Contact-128','npe4__Relationship__c-203','Contact-129');
INSERT INTO "npe4__Relationship__c" VALUES('npe4__Relationship__c-24','','False','Current','Secondary Emergency Contact','','Contact-128','npe4__Relationship__c-204','Contact-130');
INSERT INTO "npe4__Relationship__c" VALUES('npe4__Relationship__c-25','','False','Current','Primary Emergency Contact','','Contact-13','npe4__Relationship__c-205','Contact-14');
INSERT INTO "npe4__Relationship__c" VALUES('npe4__Relationship__c-26','','False','Current','Secondary Emergency Contact','','Contact-13','npe4__Relationship__c-206','Contact-15');
INSERT INTO "npe4__Relationship__c" VALUES('npe4__Relationship__c-27','','False','Current','Husband','','Contact-13','npe4__Relationship__c-207','Contact-15');
INSERT INTO "npe4__Relationship__c" VALUES('npe4__Relationship__c-28','','False','Current','Team Facilitator Lead','','Contact-132','npe4__Relationship__c-208','Contact-127');
INSERT INTO "npe4__Relationship__c" VALUES('npe4__Relationship__c-29','','False','Current','Primary Emergency Contact','','Contact-132','npe4__Relationship__c-209','Contact-133');
INSERT INTO "npe4__Relationship__c" VALUES('npe4__Relationship__c-30','','False','Current','Secondary Emergency Contact','','Contact-132','npe4__Relationship__c-210','Contact-134');
INSERT INTO "npe4__Relationship__c" VALUES('npe4__Relationship__c-31','','False','Current','Primary Emergency Contact','','Contact-135','npe4__Relationship__c-211','Contact-136');
INSERT INTO "npe4__Relationship__c" VALUES('npe4__Relationship__c-32','','False','Current','Husband','','Contact-135','npe4__Relationship__c-212','Contact-136');
INSERT INTO "npe4__Relationship__c" VALUES('npe4__Relationship__c-33','','False','Current','Secondary Emergency Contact','','Contact-135','npe4__Relationship__c-213','Contact-137');
INSERT INTO "npe4__Relationship__c" VALUES('npe4__Relationship__c-34','','False','Current','Primary Emergency Contact','','Contact-139','npe4__Relationship__c-214','Contact-140');
INSERT INTO "npe4__Relationship__c" VALUES('npe4__Relationship__c-35','','False','Current','Secondary Emergency Contact','','Contact-139','npe4__Relationship__c-215','Contact-141');
INSERT INTO "npe4__Relationship__c" VALUES('npe4__Relationship__c-36','','False','Current','Cousin','','Contact-139','npe4__Relationship__c-216','Contact-141');
INSERT INTO "npe4__Relationship__c" VALUES('npe4__Relationship__c-37','','False','Current','Father','','Contact-142','npe4__Relationship__c-217','Contact-142');
INSERT INTO "npe4__Relationship__c" VALUES('npe4__Relationship__c-38','','False','Current','Primary Emergency Contact','','Contact-142','npe4__Relationship__c-218','Contact-143');
INSERT INTO "npe4__Relationship__c" VALUES('npe4__Relationship__c-39','','False','Current','Secondary Emergency Contact','','Contact-142','npe4__Relationship__c-219','Contact-144');
INSERT INTO "npe4__Relationship__c" VALUES('npe4__Relationship__c-40','','False','Current','Grandfather','','Contact-145','npe4__Relationship__c-220','Contact-135');
INSERT INTO "npe4__Relationship__c" VALUES('npe4__Relationship__c-41','','False','Current','Primary Emergency Contact','','Contact-145','npe4__Relationship__c-221','Contact-146');
INSERT INTO "npe4__Relationship__c" VALUES('npe4__Relationship__c-42','','False','Current','Secondary Emergency Contact','','Contact-145','npe4__Relationship__c-222','Contact-147');
INSERT INTO "npe4__Relationship__c" VALUES('npe4__Relationship__c-43','','False','Current','Volunteer Lead','','Contact-150','npe4__Relationship__c-223','Contact-144');
INSERT INTO "npe4__Relationship__c" VALUES('npe4__Relationship__c-44','','False','Current','Primary Emergency Contact','','Contact-150','npe4__Relationship__c-224','Contact-151');
INSERT INTO "npe4__Relationship__c" VALUES('npe4__Relationship__c-45','','False','Current','Secondary Emergency Contact','','Contact-150','npe4__Relationship__c-225','Contact-152');
INSERT INTO "npe4__Relationship__c" VALUES('npe4__Relationship__c-46','','False','Current','Mother','','Contact-155','npe4__Relationship__c-226','Contact-155');
INSERT INTO "npe4__Relationship__c" VALUES('npe4__Relationship__c-47','','False','Current','Primary Emergency Contact','','Contact-155','npe4__Relationship__c-227','Contact-156');
INSERT INTO "npe4__Relationship__c" VALUES('npe4__Relationship__c-48','','False','Current','Secondary Emergency Contact','','Contact-155','npe4__Relationship__c-228','Contact-157');
INSERT INTO "npe4__Relationship__c" VALUES('npe4__Relationship__c-49','','False','Current','Trainer','','Contact-16','npe4__Relationship__c-229','Contact-1');
INSERT INTO "npe4__Relationship__c" VALUES('npe4__Relationship__c-50','','False','Current','Primary Emergency Contact','','Contact-16','npe4__Relationship__c-230','Contact-17');
INSERT INTO "npe4__Relationship__c" VALUES('npe4__Relationship__c-51','','False','Current','Secondary Emergency Contact','','Contact-16','npe4__Relationship__c-231','Contact-18');
INSERT INTO "npe4__Relationship__c" VALUES('npe4__Relationship__c-52','','False','Current','Volunteer Lead','','Contact-160','npe4__Relationship__c-232','Contact-158');
INSERT INTO "npe4__Relationship__c" VALUES('npe4__Relationship__c-53','','False','Current','Primary Emergency Contact','','Contact-160','npe4__Relationship__c-233','Contact-161');
INSERT INTO "npe4__Relationship__c" VALUES('npe4__Relationship__c-54','','False','Current','Secondary Emergency Contact','','Contact-160','npe4__Relationship__c-234','Contact-162');
INSERT INTO "npe4__Relationship__c" VALUES('npe4__Relationship__c-55','','False','Current','Trainer Referral','','Contact-164','npe4__Relationship__c-235','Contact-158');
INSERT INTO "npe4__Relationship__c" VALUES('npe4__Relationship__c-56','','False','Current','Primary Emergency Contact','','Contact-164','npe4__Relationship__c-236','Contact-165');
INSERT INTO "npe4__Relationship__c" VALUES('npe4__Relationship__c-57','','False','Current','Secondary Emergency Contact','','Contact-164','npe4__Relationship__c-237','Contact-166');
INSERT INTO "npe4__Relationship__c" VALUES('npe4__Relationship__c-58','','False','Current','Aunt','','Contact-167','npe4__Relationship__c-238','Contact-165');
INSERT INTO "npe4__Relationship__c" VALUES('npe4__Relationship__c-59','','False','Current','Primary Emergency Contact','','Contact-167','npe4__Relationship__c-239','Contact-168');
INSERT INTO "npe4__Relationship__c" VALUES('npe4__Relationship__c-60','','False','Current','Secondary Emergency Contact','','Contact-167','npe4__Relationship__c-240','Contact-169');
INSERT INTO "npe4__Relationship__c" VALUES('npe4__Relationship__c-61','','False','Current','Client','','Contact-171','npe4__Relationship__c-241','Contact-160');
INSERT INTO "npe4__Relationship__c" VALUES('npe4__Relationship__c-62','','False','Current','Primary Emergency Contact','','Contact-171','npe4__Relationship__c-242','Contact-172');
INSERT INTO "npe4__Relationship__c" VALUES('npe4__Relationship__c-63','','False','Current','Secondary Emergency Contact','','Contact-171','npe4__Relationship__c-243','Contact-173');
INSERT INTO "npe4__Relationship__c" VALUES('npe4__Relationship__c-64','','False','Current','Husband','','Contact-176','npe4__Relationship__c-244','Contact-163');
INSERT INTO "npe4__Relationship__c" VALUES('npe4__Relationship__c-65','','False','Current','Primary Emergency Contact','','Contact-176','npe4__Relationship__c-245','Contact-177');
INSERT INTO "npe4__Relationship__c" VALUES('npe4__Relationship__c-66','','False','Current','Secondary Emergency Contact','','Contact-176','npe4__Relationship__c-246','Contact-178');
INSERT INTO "npe4__Relationship__c" VALUES('npe4__Relationship__c-67','','False','Current','Aunt','','Contact-180','npe4__Relationship__c-247','Contact-180');
INSERT INTO "npe4__Relationship__c" VALUES('npe4__Relationship__c-68','','False','Current','Primary Emergency Contact','','Contact-180','npe4__Relationship__c-248','Contact-181');
INSERT INTO "npe4__Relationship__c" VALUES('npe4__Relationship__c-69','','False','Current','Secondary Emergency Contact','','Contact-180','npe4__Relationship__c-249','Contact-182');
INSERT INTO "npe4__Relationship__c" VALUES('npe4__Relationship__c-70','','False','Current','Primary Emergency Contact','','Contact-183','npe4__Relationship__c-250','Contact-184');
INSERT INTO "npe4__Relationship__c" VALUES('npe4__Relationship__c-71','','False','Current','Secondary Emergency Contact','','Contact-183','npe4__Relationship__c-251','Contact-185');
INSERT INTO "npe4__Relationship__c" VALUES('npe4__Relationship__c-72','','False','Current','Child','','Contact-183','npe4__Relationship__c-252','Contact-185');
INSERT INTO "npe4__Relationship__c" VALUES('npe4__Relationship__c-73','','False','Current','Coworker','','Contact-186','npe4__Relationship__c-253','Contact-185');
INSERT INTO "npe4__Relationship__c" VALUES('npe4__Relationship__c-74','','False','Current','Primary Emergency Contact','','Contact-186','npe4__Relationship__c-254','Contact-187');
INSERT INTO "npe4__Relationship__c" VALUES('npe4__Relationship__c-75','','False','Current','Secondary Emergency Contact','','Contact-186','npe4__Relationship__c-255','Contact-188');
INSERT INTO "npe4__Relationship__c" VALUES('npe4__Relationship__c-76','','False','Current','Primary Emergency Contact','','Contact-189','npe4__Relationship__c-256','Contact-190');
INSERT INTO "npe4__Relationship__c" VALUES('npe4__Relationship__c-77','','False','Current','Secondary Emergency Contact','','Contact-189','npe4__Relationship__c-257','Contact-191');
INSERT INTO "npe4__Relationship__c" VALUES('npe4__Relationship__c-78','','False','Current','Aunt','','Contact-189','npe4__Relationship__c-258','Contact-191');
INSERT INTO "npe4__Relationship__c" VALUES('npe4__Relationship__c-79','','False','Current','TSiM Referral','','Contact-194','npe4__Relationship__c-259','Contact-188');
INSERT INTO "npe4__Relationship__c" VALUES('npe4__Relationship__c-80','','False','Current','Primary Emergency Contact','','Contact-194','npe4__Relationship__c-260','Contact-195');
INSERT INTO "npe4__Relationship__c" VALUES('npe4__Relationship__c-81','','False','Current','Secondary Emergency Contact','','Contact-194','npe4__Relationship__c-261','Contact-196');
INSERT INTO "npe4__Relationship__c" VALUES('npe4__Relationship__c-82','','False','Current','Team Facilitator Lead','','Contact-199','npe4__Relationship__c-262','Contact-193');
INSERT INTO "npe4__Relationship__c" VALUES('npe4__Relationship__c-83','','False','Current','Primary Emergency Contact','','Contact-199','npe4__Relationship__c-263','Contact-200');
INSERT INTO "npe4__Relationship__c" VALUES('npe4__Relationship__c-84','','False','Current','Secondary Emergency Contact','','Contact-199','npe4__Relationship__c-264','Contact-201');
INSERT INTO "npe4__Relationship__c" VALUES('npe4__Relationship__c-85','','False','Current','Grandson','','Contact-2','npe4__Relationship__c-265','Contact-1');
INSERT INTO "npe4__Relationship__c" VALUES('npe4__Relationship__c-86','','False','Current','Primary Emergency Contact','','Contact-2','npe4__Relationship__c-266','Contact-3');
INSERT INTO "npe4__Relationship__c" VALUES('npe4__Relationship__c-87','','False','Current','Secondary Emergency Contact','','Contact-2','npe4__Relationship__c-267','Contact-4');
INSERT INTO "npe4__Relationship__c" VALUES('npe4__Relationship__c-88','','False','Current','Father','','Contact-203','npe4__Relationship__c-268','Contact-184');
INSERT INTO "npe4__Relationship__c" VALUES('npe4__Relationship__c-89','','False','Current','Primary Emergency Contact','','Contact-203','npe4__Relationship__c-269','Contact-204');
INSERT INTO "npe4__Relationship__c" VALUES('npe4__Relationship__c-90','','False','Current','Secondary Emergency Contact','','Contact-203','npe4__Relationship__c-270','Contact-205');
INSERT INTO "npe4__Relationship__c" VALUES('npe4__Relationship__c-91','','False','Current','Primary Emergency Contact','','Contact-206','npe4__Relationship__c-271','Contact-207');
INSERT INTO "npe4__Relationship__c" VALUES('npe4__Relationship__c-92','','False','Current','Grandfather','','Contact-206','npe4__Relationship__c-272','Contact-207');
INSERT INTO "npe4__Relationship__c" VALUES('npe4__Relationship__c-93','','False','Current','Secondary Emergency Contact','','Contact-206','npe4__Relationship__c-273','Contact-208');
INSERT INTO "npe4__Relationship__c" VALUES('npe4__Relationship__c-94','','False','Current','Grandparent','','Contact-209','npe4__Relationship__c-274','Contact-208');
INSERT INTO "npe4__Relationship__c" VALUES('npe4__Relationship__c-95','','False','Current','Primary Emergency Contact','','Contact-209','npe4__Relationship__c-275','Contact-210');
INSERT INTO "npe4__Relationship__c" VALUES('npe4__Relationship__c-96','','False','Current','Secondary Emergency Contact','','Contact-209','npe4__Relationship__c-276','Contact-211');
INSERT INTO "npe4__Relationship__c" VALUES('npe4__Relationship__c-97','','False','Current','Husband','','Contact-21','npe4__Relationship__c-277','Contact-14');
INSERT INTO "npe4__Relationship__c" VALUES('npe4__Relationship__c-98','','False','Current','Primary Emergency Contact','','Contact-21','npe4__Relationship__c-278','Contact-22');
INSERT INTO "npe4__Relationship__c" VALUES('npe4__Relationship__c-99','','False','Current','Secondary Emergency Contact','','Contact-21','npe4__Relationship__c-279','Contact-23');
INSERT INTO "npe4__Relationship__c" VALUES('npe4__Relationship__c-100','','False','Current','Primary Emergency Contact','','Contact-212','npe4__Relationship__c-280','Contact-213');
INSERT INTO "npe4__Relationship__c" VALUES('npe4__Relationship__c-101','','False','Current','Client','','Contact-212','npe4__Relationship__c-281','Contact-213');
INSERT INTO "npe4__Relationship__c" VALUES('npe4__Relationship__c-102','','False','Current','Secondary Emergency Contact','','Contact-212','npe4__Relationship__c-282','Contact-214');
INSERT INTO "npe4__Relationship__c" VALUES('npe4__Relationship__c-103','','False','Current','Primary Emergency Contact','','Contact-215','npe4__Relationship__c-283','Contact-216');
INSERT INTO "npe4__Relationship__c" VALUES('npe4__Relationship__c-104','','False','Current','Secondary Emergency Contact','','Contact-215','npe4__Relationship__c-284','Contact-217');
INSERT INTO "npe4__Relationship__c" VALUES('npe4__Relationship__c-105','','False','Current','Aunt','','Contact-215','npe4__Relationship__c-285','Contact-217');
INSERT INTO "npe4__Relationship__c" VALUES('npe4__Relationship__c-106','','False','Current','Primary Emergency Contact','','Contact-219','npe4__Relationship__c-286','Contact-220');
INSERT INTO "npe4__Relationship__c" VALUES('npe4__Relationship__c-107','','False','Current','Father','','Contact-219','npe4__Relationship__c-287','Contact-220');
INSERT INTO "npe4__Relationship__c" VALUES('npe4__Relationship__c-108','','False','Current','Secondary Emergency Contact','','Contact-219','npe4__Relationship__c-288','Contact-221');
INSERT INTO "npe4__Relationship__c" VALUES('npe4__Relationship__c-109','','False','Current','Family','','Contact-223','npe4__Relationship__c-289','Contact-222');
INSERT INTO "npe4__Relationship__c" VALUES('npe4__Relationship__c-110','','False','Current','Primary Emergency Contact','','Contact-223','npe4__Relationship__c-290','Contact-224');
INSERT INTO "npe4__Relationship__c" VALUES('npe4__Relationship__c-111','','False','Current','Secondary Emergency Contact','','Contact-223','npe4__Relationship__c-291','Contact-225');
INSERT INTO "npe4__Relationship__c" VALUES('npe4__Relationship__c-112','','False','Current','Father','','Contact-26','npe4__Relationship__c-292','Contact-25');
INSERT INTO "npe4__Relationship__c" VALUES('npe4__Relationship__c-113','','False','Current','Primary Emergency Contact','','Contact-26','npe4__Relationship__c-293','Contact-27');
INSERT INTO "npe4__Relationship__c" VALUES('npe4__Relationship__c-114','','False','Current','Secondary Emergency Contact','','Contact-26','npe4__Relationship__c-294','Contact-28');
INSERT INTO "npe4__Relationship__c" VALUES('npe4__Relationship__c-115','','False','Current','Primary Emergency Contact','','Contact-30','npe4__Relationship__c-295','Contact-31');
INSERT INTO "npe4__Relationship__c" VALUES('npe4__Relationship__c-116','','False','Current','Granddaughter','','Contact-30','npe4__Relationship__c-296','Contact-31');
INSERT INTO "npe4__Relationship__c" VALUES('npe4__Relationship__c-117','','False','Current','Secondary Emergency Contact','','Contact-30','npe4__Relationship__c-297','Contact-32');
INSERT INTO "npe4__Relationship__c" VALUES('npe4__Relationship__c-118','','False','Current','Son','','Contact-33','npe4__Relationship__c-298','Contact-26');
INSERT INTO "npe4__Relationship__c" VALUES('npe4__Relationship__c-119','','False','Current','Primary Emergency Contact','','Contact-33','npe4__Relationship__c-299','Contact-34');
INSERT INTO "npe4__Relationship__c" VALUES('npe4__Relationship__c-120','','False','Current','Secondary Emergency Contact','','Contact-33','npe4__Relationship__c-300','Contact-35');
INSERT INTO "npe4__Relationship__c" VALUES('npe4__Relationship__c-121','','False','Current','Grandchild','','Contact-38','npe4__Relationship__c-301','Contact-24');
INSERT INTO "npe4__Relationship__c" VALUES('npe4__Relationship__c-122','','False','Current','Primary Emergency Contact','','Contact-38','npe4__Relationship__c-302','Contact-39');
INSERT INTO "npe4__Relationship__c" VALUES('npe4__Relationship__c-123','','False','Current','Secondary Emergency Contact','','Contact-38','npe4__Relationship__c-303','Contact-40');
INSERT INTO "npe4__Relationship__c" VALUES('npe4__Relationship__c-124','','False','Current','Father','','Contact-41','npe4__Relationship__c-304','Contact-26');
INSERT INTO "npe4__Relationship__c" VALUES('npe4__Relationship__c-125','','False','Current','Primary Emergency Contact','','Contact-41','npe4__Relationship__c-305','Contact-42');
INSERT INTO "npe4__Relationship__c" VALUES('npe4__Relationship__c-126','','False','Current','Secondary Emergency Contact','','Contact-41','npe4__Relationship__c-306','Contact-43');
INSERT INTO "npe4__Relationship__c" VALUES('npe4__Relationship__c-127','','False','Current','Grandfather','','Contact-46','npe4__Relationship__c-307','Contact-41');
INSERT INTO "npe4__Relationship__c" VALUES('npe4__Relationship__c-128','','False','Current','Primary Emergency Contact','','Contact-46','npe4__Relationship__c-308','Contact-47');
INSERT INTO "npe4__Relationship__c" VALUES('npe4__Relationship__c-129','','False','Current','Secondary Emergency Contact','','Contact-46','npe4__Relationship__c-309','Contact-48');
INSERT INTO "npe4__Relationship__c" VALUES('npe4__Relationship__c-130','','False','Current','Primary Emergency Contact','','Contact-5','npe4__Relationship__c-310','Contact-6');
INSERT INTO "npe4__Relationship__c" VALUES('npe4__Relationship__c-131','','False','Current','Secondary Emergency Contact','','Contact-5','npe4__Relationship__c-311','Contact-7');
INSERT INTO "npe4__Relationship__c" VALUES('npe4__Relationship__c-132','','False','Current','Father','','Contact-5','npe4__Relationship__c-312','Contact-7');
INSERT INTO "npe4__Relationship__c" VALUES('npe4__Relationship__c-133','','False','Current','Primary Emergency Contact','','Contact-50','npe4__Relationship__c-313','Contact-51');
INSERT INTO "npe4__Relationship__c" VALUES('npe4__Relationship__c-134','','False','Current','Handler','','Contact-50','npe4__Relationship__c-314','Contact-51');
INSERT INTO "npe4__Relationship__c" VALUES('npe4__Relationship__c-135','','False','Current','Secondary Emergency Contact','','Contact-50','npe4__Relationship__c-315','Contact-52');
INSERT INTO "npe4__Relationship__c" VALUES('npe4__Relationship__c-136','','False','Current','Grandmother','','Contact-53','npe4__Relationship__c-316','Contact-52');
INSERT INTO "npe4__Relationship__c" VALUES('npe4__Relationship__c-137','','False','Current','Primary Emergency Contact','','Contact-53','npe4__Relationship__c-317','Contact-54');
INSERT INTO "npe4__Relationship__c" VALUES('npe4__Relationship__c-138','','False','Current','Secondary Emergency Contact','','Contact-53','npe4__Relationship__c-318','Contact-55');
INSERT INTO "npe4__Relationship__c" VALUES('npe4__Relationship__c-139','','False','Current','Partner','','Contact-56','npe4__Relationship__c-319','Contact-54');
INSERT INTO "npe4__Relationship__c" VALUES('npe4__Relationship__c-140','','False','Current','Primary Emergency Contact','','Contact-56','npe4__Relationship__c-320','Contact-57');
INSERT INTO "npe4__Relationship__c" VALUES('npe4__Relationship__c-141','','False','Current','Secondary Emergency Contact','','Contact-56','npe4__Relationship__c-321','Contact-58');
INSERT INTO "npe4__Relationship__c" VALUES('npe4__Relationship__c-142','','False','Current','Grandfather','','Contact-61','npe4__Relationship__c-322','Contact-49');
INSERT INTO "npe4__Relationship__c" VALUES('npe4__Relationship__c-143','','False','Current','Primary Emergency Contact','','Contact-61','npe4__Relationship__c-323','Contact-62');
INSERT INTO "npe4__Relationship__c" VALUES('npe4__Relationship__c-144','','False','Current','Secondary Emergency Contact','','Contact-61','npe4__Relationship__c-324','Contact-63');
INSERT INTO "npe4__Relationship__c" VALUES('npe4__Relationship__c-145','','False','Current','Partner','','Contact-65','npe4__Relationship__c-325','Contact-58');
INSERT INTO "npe4__Relationship__c" VALUES('npe4__Relationship__c-146','','False','Current','Primary Emergency Contact','','Contact-65','npe4__Relationship__c-326','Contact-66');
INSERT INTO "npe4__Relationship__c" VALUES('npe4__Relationship__c-147','','False','Current','Secondary Emergency Contact','','Contact-65','npe4__Relationship__c-327','Contact-67');
INSERT INTO "npe4__Relationship__c" VALUES('npe4__Relationship__c-148','','False','Current','Grandson','','Contact-68','npe4__Relationship__c-328','Contact-68');
INSERT INTO "npe4__Relationship__c" VALUES('npe4__Relationship__c-149','','False','Current','Primary Emergency Contact','','Contact-68','npe4__Relationship__c-329','Contact-69');
INSERT INTO "npe4__Relationship__c" VALUES('npe4__Relationship__c-150','','False','Current','Secondary Emergency Contact','','Contact-68','npe4__Relationship__c-330','Contact-70');
INSERT INTO "npe4__Relationship__c" VALUES('npe4__Relationship__c-151','','False','Current','Primary Emergency Contact','','Contact-71','npe4__Relationship__c-331','Contact-72');
INSERT INTO "npe4__Relationship__c" VALUES('npe4__Relationship__c-152','','False','Current','Secondary Emergency Contact','','Contact-71','npe4__Relationship__c-332','Contact-73');
INSERT INTO "npe4__Relationship__c" VALUES('npe4__Relationship__c-153','','False','Current','Cousin','','Contact-71','npe4__Relationship__c-333','Contact-73');
INSERT INTO "npe4__Relationship__c" VALUES('npe4__Relationship__c-154','','False','Current','Aunt','','Contact-75','npe4__Relationship__c-334','Contact-72');
INSERT INTO "npe4__Relationship__c" VALUES('npe4__Relationship__c-155','','False','Current','Primary Emergency Contact','','Contact-75','npe4__Relationship__c-335','Contact-76');
INSERT INTO "npe4__Relationship__c" VALUES('npe4__Relationship__c-156','','False','Current','Secondary Emergency Contact','','Contact-75','npe4__Relationship__c-336','Contact-77');
INSERT INTO "npe4__Relationship__c" VALUES('npe4__Relationship__c-157','','False','Current','Grandson','','Contact-78','npe4__Relationship__c-337','Contact-74');
INSERT INTO "npe4__Relationship__c" VALUES('npe4__Relationship__c-158','','False','Current','Primary Emergency Contact','','Contact-78','npe4__Relationship__c-338','Contact-79');
INSERT INTO "npe4__Relationship__c" VALUES('npe4__Relationship__c-159','','False','Current','Secondary Emergency Contact','','Contact-78','npe4__Relationship__c-339','Contact-80');
INSERT INTO "npe4__Relationship__c" VALUES('npe4__Relationship__c-160','','False','Current','Secondary Emergency Contact','','Contact-8','npe4__Relationship__c-340','Contact-10');
INSERT INTO "npe4__Relationship__c" VALUES('npe4__Relationship__c-161','','False','Current','Uncle','','Contact-8','npe4__Relationship__c-341','Contact-10');
INSERT INTO "npe4__Relationship__c" VALUES('npe4__Relationship__c-162','','False','Current','Primary Emergency Contact','','Contact-8','npe4__Relationship__c-342','Contact-9');
INSERT INTO "npe4__Relationship__c" VALUES('npe4__Relationship__c-163','','False','Current','Team Facilitator Lead','','Contact-81','npe4__Relationship__c-343','Contact-80');
INSERT INTO "npe4__Relationship__c" VALUES('npe4__Relationship__c-164','','False','Current','Primary Emergency Contact','','Contact-81','npe4__Relationship__c-344','Contact-82');
INSERT INTO "npe4__Relationship__c" VALUES('npe4__Relationship__c-165','','False','Current','Secondary Emergency Contact','','Contact-81','npe4__Relationship__c-345','Contact-83');
INSERT INTO "npe4__Relationship__c" VALUES('npe4__Relationship__c-166','','False','Current','Trainer','','Contact-84','npe4__Relationship__c-346','Contact-73');
INSERT INTO "npe4__Relationship__c" VALUES('npe4__Relationship__c-167','','False','Current','Primary Emergency Contact','','Contact-84','npe4__Relationship__c-347','Contact-85');
INSERT INTO "npe4__Relationship__c" VALUES('npe4__Relationship__c-168','','False','Current','Secondary Emergency Contact','','Contact-84','npe4__Relationship__c-348','Contact-86');
INSERT INTO "npe4__Relationship__c" VALUES('npe4__Relationship__c-169','','False','Current','Grandchild','','Contact-89','npe4__Relationship__c-349','Contact-72');
INSERT INTO "npe4__Relationship__c" VALUES('npe4__Relationship__c-170','','False','Current','Primary Emergency Contact','','Contact-89','npe4__Relationship__c-350','Contact-90');
INSERT INTO "npe4__Relationship__c" VALUES('npe4__Relationship__c-171','','False','Current','Secondary Emergency Contact','','Contact-89','npe4__Relationship__c-351','Contact-91');
INSERT INTO "npe4__Relationship__c" VALUES('npe4__Relationship__c-172','','False','Current','Friend','','Contact-93','npe4__Relationship__c-352','Contact-92');
INSERT INTO "npe4__Relationship__c" VALUES('npe4__Relationship__c-173','','False','Current','Primary Emergency Contact','','Contact-93','npe4__Relationship__c-353','Contact-94');
INSERT INTO "npe4__Relationship__c" VALUES('npe4__Relationship__c-174','','False','Current','Secondary Emergency Contact','','Contact-93','npe4__Relationship__c-354','Contact-95');
INSERT INTO "npe4__Relationship__c" VALUES('npe4__Relationship__c-175','','False','Current','Grandson','','Contact-96','npe4__Relationship__c-355','Contact-95');
INSERT INTO "npe4__Relationship__c" VALUES('npe4__Relationship__c-176','','False','Current','Primary Emergency Contact','','Contact-96','npe4__Relationship__c-356','Contact-97');
INSERT INTO "npe4__Relationship__c" VALUES('npe4__Relationship__c-177','','False','Current','Secondary Emergency Contact','','Contact-96','npe4__Relationship__c-357','Contact-98');
INSERT INTO "npe4__Relationship__c" VALUES('npe4__Relationship__c-178','','False','Current','Primary Emergency Contact','','Contact-99','npe4__Relationship__c-358','Contact-100');
INSERT INTO "npe4__Relationship__c" VALUES('npe4__Relationship__c-179','','False','Current','Mother','','Contact-99','npe4__Relationship__c-359','Contact-100');
INSERT INTO "npe4__Relationship__c" VALUES('npe4__Relationship__c-180','','False','Current','Secondary Emergency Contact','','Contact-99','npe4__Relationship__c-360','Contact-101');
INSERT INTO "npe4__Relationship__c" VALUES('npe4__Relationship__c-181','','True','Current','Grandson','','Contact-101','npe4__Relationship__c-1','Contact-102');
INSERT INTO "npe4__Relationship__c" VALUES('npe4__Relationship__c-182','','True','Current','Contact','','Contact-103','npe4__Relationship__c-2','Contact-102');
INSERT INTO "npe4__Relationship__c" VALUES('npe4__Relationship__c-183','','True','Current','Contact','','Contact-104','npe4__Relationship__c-3','Contact-102');
INSERT INTO "npe4__Relationship__c" VALUES('npe4__Relationship__c-184','','True','Current','Grandchild','','Contact-101','npe4__Relationship__c-4','Contact-107');
INSERT INTO "npe4__Relationship__c" VALUES('npe4__Relationship__c-185','','True','Current','Contact','','Contact-108','npe4__Relationship__c-5','Contact-107');
INSERT INTO "npe4__Relationship__c" VALUES('npe4__Relationship__c-186','','True','Current','Contact','','Contact-109','npe4__Relationship__c-6','Contact-107');
INSERT INTO "npe4__Relationship__c" VALUES('npe4__Relationship__c-187','','True','Current','Client','','Contact-103','npe4__Relationship__c-7','Contact-111');
INSERT INTO "npe4__Relationship__c" VALUES('npe4__Relationship__c-188','','True','Current','Contact','','Contact-112','npe4__Relationship__c-8','Contact-111');
INSERT INTO "npe4__Relationship__c" VALUES('npe4__Relationship__c-189','','True','Current','Contact','','Contact-113','npe4__Relationship__c-9','Contact-111');
INSERT INTO "npe4__Relationship__c" VALUES('npe4__Relationship__c-190','','True','Current','Contact','','Contact-115','npe4__Relationship__c-10','Contact-114');
INSERT INTO "npe4__Relationship__c" VALUES('npe4__Relationship__c-191','','True','Current','Child','','Contact-115','npe4__Relationship__c-11','Contact-114');
INSERT INTO "npe4__Relationship__c" VALUES('npe4__Relationship__c-192','','True','Current','Contact','','Contact-116','npe4__Relationship__c-12','Contact-114');
INSERT INTO "npe4__Relationship__c" VALUES('npe4__Relationship__c-193','','True','Current','Volunteer','','Contact-115','npe4__Relationship__c-13','Contact-117');
INSERT INTO "npe4__Relationship__c" VALUES('npe4__Relationship__c-194','','True','Current','Contact','','Contact-118','npe4__Relationship__c-14','Contact-117');
INSERT INTO "npe4__Relationship__c" VALUES('npe4__Relationship__c-195','','True','Current','Contact','','Contact-119','npe4__Relationship__c-15','Contact-117');
INSERT INTO "npe4__Relationship__c" VALUES('npe4__Relationship__c-196','','True','Current','Parent','','Contact-114','npe4__Relationship__c-16','Contact-120');
INSERT INTO "npe4__Relationship__c" VALUES('npe4__Relationship__c-197','','True','Current','Contact','','Contact-121','npe4__Relationship__c-17','Contact-120');
INSERT INTO "npe4__Relationship__c" VALUES('npe4__Relationship__c-198','','True','Current','Contact','','Contact-122','npe4__Relationship__c-18','Contact-120');
INSERT INTO "npe4__Relationship__c" VALUES('npe4__Relationship__c-199','','True','Current','Contact','','Contact-124','npe4__Relationship__c-19','Contact-123');
INSERT INTO "npe4__Relationship__c" VALUES('npe4__Relationship__c-200','','True','Current','Contact','','Contact-125','npe4__Relationship__c-20','Contact-123');
INSERT INTO "npe4__Relationship__c" VALUES('npe4__Relationship__c-201','','True','Current','Friend','','Contact-125','npe4__Relationship__c-21','Contact-123');
INSERT INTO "npe4__Relationship__c" VALUES('npe4__Relationship__c-202','','True','Current','Volunteer','','Contact-114','npe4__Relationship__c-22','Contact-128');
INSERT INTO "npe4__Relationship__c" VALUES('npe4__Relationship__c-203','','True','Current','Contact','','Contact-129','npe4__Relationship__c-23','Contact-128');
INSERT INTO "npe4__Relationship__c" VALUES('npe4__Relationship__c-204','','True','Current','Contact','','Contact-130','npe4__Relationship__c-24','Contact-128');
INSERT INTO "npe4__Relationship__c" VALUES('npe4__Relationship__c-205','','True','Current','Contact','','Contact-14','npe4__Relationship__c-25','Contact-13');
INSERT INTO "npe4__Relationship__c" VALUES('npe4__Relationship__c-206','','True','Current','Contact','','Contact-15','npe4__Relationship__c-26','Contact-13');
INSERT INTO "npe4__Relationship__c" VALUES('npe4__Relationship__c-207','','True','Current','Husband','','Contact-15','npe4__Relationship__c-27','Contact-13');
INSERT INTO "npe4__Relationship__c" VALUES('npe4__Relationship__c-208','','True','Current','Client','','Contact-127','npe4__Relationship__c-28','Contact-132');
INSERT INTO "npe4__Relationship__c" VALUES('npe4__Relationship__c-209','','True','Current','Contact','','Contact-133','npe4__Relationship__c-29','Contact-132');
INSERT INTO "npe4__Relationship__c" VALUES('npe4__Relationship__c-210','','True','Current','Contact','','Contact-134','npe4__Relationship__c-30','Contact-132');
INSERT INTO "npe4__Relationship__c" VALUES('npe4__Relationship__c-211','','True','Current','Contact','','Contact-136','npe4__Relationship__c-31','Contact-135');
INSERT INTO "npe4__Relationship__c" VALUES('npe4__Relationship__c-212','','True','Current','Wife','','Contact-136','npe4__Relationship__c-32','Contact-135');
INSERT INTO "npe4__Relationship__c" VALUES('npe4__Relationship__c-213','','True','Current','Contact','','Contact-137','npe4__Relationship__c-33','Contact-135');
INSERT INTO "npe4__Relationship__c" VALUES('npe4__Relationship__c-214','','True','Current','Contact','','Contact-140','npe4__Relationship__c-34','Contact-139');
INSERT INTO "npe4__Relationship__c" VALUES('npe4__Relationship__c-215','','True','Current','Contact','','Contact-141','npe4__Relationship__c-35','Contact-139');
INSERT INTO "npe4__Relationship__c" VALUES('npe4__Relationship__c-216','','True','Current','Cousin','','Contact-141','npe4__Relationship__c-36','Contact-139');
INSERT INTO "npe4__Relationship__c" VALUES('npe4__Relationship__c-217','','True','Current','Child','','Contact-142','npe4__Relationship__c-37','Contact-142');
INSERT INTO "npe4__Relationship__c" VALUES('npe4__Relationship__c-218','','True','Current','Contact','','Contact-143','npe4__Relationship__c-38','Contact-142');
INSERT INTO "npe4__Relationship__c" VALUES('npe4__Relationship__c-219','','True','Current','Contact','','Contact-144','npe4__Relationship__c-39','Contact-142');
INSERT INTO "npe4__Relationship__c" VALUES('npe4__Relationship__c-220','','True','Current','Grandchild','','Contact-135','npe4__Relationship__c-40','Contact-145');
INSERT INTO "npe4__Relationship__c" VALUES('npe4__Relationship__c-221','','True','Current','Contact','','Contact-146','npe4__Relationship__c-41','Contact-145');
INSERT INTO "npe4__Relationship__c" VALUES('npe4__Relationship__c-222','','True','Current','Contact','','Contact-147','npe4__Relationship__c-42','Contact-145');
INSERT INTO "npe4__Relationship__c" VALUES('npe4__Relationship__c-223','','True','Current','Volunteer Lead','','Contact-144','npe4__Relationship__c-43','Contact-150');
INSERT INTO "npe4__Relationship__c" VALUES('npe4__Relationship__c-224','','True','Current','Contact','','Contact-151','npe4__Relationship__c-44','Contact-150');
INSERT INTO "npe4__Relationship__c" VALUES('npe4__Relationship__c-225','','True','Current','Contact','','Contact-152','npe4__Relationship__c-45','Contact-150');
INSERT INTO "npe4__Relationship__c" VALUES('npe4__Relationship__c-226','','True','Current','Child','','Contact-155','npe4__Relationship__c-46','Contact-155');
INSERT INTO "npe4__Relationship__c" VALUES('npe4__Relationship__c-227','','True','Current','Contact','','Contact-156','npe4__Relationship__c-47','Contact-155');
INSERT INTO "npe4__Relationship__c" VALUES('npe4__Relationship__c-228','','True','Current','Contact','','Contact-157','npe4__Relationship__c-48','Contact-155');
INSERT INTO "npe4__Relationship__c" VALUES('npe4__Relationship__c-229','','True','Current','Trainer','','Contact-1','npe4__Relationship__c-49','Contact-16');
INSERT INTO "npe4__Relationship__c" VALUES('npe4__Relationship__c-230','','True','Current','Contact','','Contact-17','npe4__Relationship__c-50','Contact-16');
INSERT INTO "npe4__Relationship__c" VALUES('npe4__Relationship__c-231','','True','Current','Contact','','Contact-18','npe4__Relationship__c-51','Contact-16');
INSERT INTO "npe4__Relationship__c" VALUES('npe4__Relationship__c-232','','True','Current','Volunteer Lead','','Contact-158','npe4__Relationship__c-52','Contact-160');
INSERT INTO "npe4__Relationship__c" VALUES('npe4__Relationship__c-233','','True','Current','Contact','','Contact-161','npe4__Relationship__c-53','Contact-160');
INSERT INTO "npe4__Relationship__c" VALUES('npe4__Relationship__c-234','','True','Current','Contact','','Contact-162','npe4__Relationship__c-54','Contact-160');
INSERT INTO "npe4__Relationship__c" VALUES('npe4__Relationship__c-235','','True','Current','Trainer Referral','','Contact-158','npe4__Relationship__c-55','Contact-164');
INSERT INTO "npe4__Relationship__c" VALUES('npe4__Relationship__c-236','','True','Current','Contact','','Contact-165','npe4__Relationship__c-56','Contact-164');
INSERT INTO "npe4__Relationship__c" VALUES('npe4__Relationship__c-237','','True','Current','Contact','','Contact-166','npe4__Relationship__c-57','Contact-164');
INSERT INTO "npe4__Relationship__c" VALUES('npe4__Relationship__c-238','','True','Current','Sibling''s Child','','Contact-165','npe4__Relationship__c-58','Contact-167');
INSERT INTO "npe4__Relationship__c" VALUES('npe4__Relationship__c-239','','True','Current','Contact','','Contact-168','npe4__Relationship__c-59','Contact-167');
INSERT INTO "npe4__Relationship__c" VALUES('npe4__Relationship__c-240','','True','Current','Contact','','Contact-169','npe4__Relationship__c-60','Contact-167');
INSERT INTO "npe4__Relationship__c" VALUES('npe4__Relationship__c-241','','True','Current','Client','','Contact-160','npe4__Relationship__c-61','Contact-171');
INSERT INTO "npe4__Relationship__c" VALUES('npe4__Relationship__c-242','','True','Current','Contact','','Contact-172','npe4__Relationship__c-62','Contact-171');
INSERT INTO "npe4__Relationship__c" VALUES('npe4__Relationship__c-243','','True','Current','Contact','','Contact-173','npe4__Relationship__c-63','Contact-171');
INSERT INTO "npe4__Relationship__c" VALUES('npe4__Relationship__c-244','','True','Current','Spouse','','Contact-163','npe4__Relationship__c-64','Contact-176');
INSERT INTO "npe4__Relationship__c" VALUES('npe4__Relationship__c-245','','True','Current','Contact','','Contact-177','npe4__Relationship__c-65','Contact-176');
INSERT INTO "npe4__Relationship__c" VALUES('npe4__Relationship__c-246','','True','Current','Contact','','Contact-178','npe4__Relationship__c-66','Contact-176');
INSERT INTO "npe4__Relationship__c" VALUES('npe4__Relationship__c-247','','True','Current','Niece','','Contact-180','npe4__Relationship__c-67','Contact-180');
INSERT INTO "npe4__Relationship__c" VALUES('npe4__Relationship__c-248','','True','Current','Contact','','Contact-181','npe4__Relationship__c-68','Contact-180');
INSERT INTO "npe4__Relationship__c" VALUES('npe4__Relationship__c-249','','True','Current','Contact','','Contact-182','npe4__Relationship__c-69','Contact-180');
INSERT INTO "npe4__Relationship__c" VALUES('npe4__Relationship__c-250','','True','Current','Contact','','Contact-184','npe4__Relationship__c-70','Contact-183');
INSERT INTO "npe4__Relationship__c" VALUES('npe4__Relationship__c-251','','True','Current','Contact','','Contact-185','npe4__Relationship__c-71','Contact-183');
INSERT INTO "npe4__Relationship__c" VALUES('npe4__Relationship__c-252','','True','Current','Parent','','Contact-185','npe4__Relationship__c-72','Contact-183');
INSERT INTO "npe4__Relationship__c" VALUES('npe4__Relationship__c-253','','True','Current','Coworker','','Contact-185','npe4__Relationship__c-73','Contact-186');
INSERT INTO "npe4__Relationship__c" VALUES('npe4__Relationship__c-254','','True','Current','Contact','','Contact-187','npe4__Relationship__c-74','Contact-186');
INSERT INTO "npe4__Relationship__c" VALUES('npe4__Relationship__c-255','','True','Current','Contact','','Contact-188','npe4__Relationship__c-75','Contact-186');
INSERT INTO "npe4__Relationship__c" VALUES('npe4__Relationship__c-256','','True','Current','Contact','','Contact-190','npe4__Relationship__c-76','Contact-189');
INSERT INTO "npe4__Relationship__c" VALUES('npe4__Relationship__c-257','','True','Current','Contact','','Contact-191','npe4__Relationship__c-77','Contact-189');
INSERT INTO "npe4__Relationship__c" VALUES('npe4__Relationship__c-258','','True','Current','Nephew','','Contact-191','npe4__Relationship__c-78','Contact-189');
INSERT INTO "npe4__Relationship__c" VALUES('npe4__Relationship__c-259','','True','Current','TSiM Referral','','Contact-188','npe4__Relationship__c-79','Contact-194');
INSERT INTO "npe4__Relationship__c" VALUES('npe4__Relationship__c-260','','True','Current','Contact','','Contact-195','npe4__Relationship__c-80','Contact-194');
INSERT INTO "npe4__Relationship__c" VALUES('npe4__Relationship__c-261','','True','Current','Contact','','Contact-196','npe4__Relationship__c-81','Contact-194');
INSERT INTO "npe4__Relationship__c" VALUES('npe4__Relationship__c-262','','True','Current','Client','','Contact-193','npe4__Relationship__c-82','Contact-199');
INSERT INTO "npe4__Relationship__c" VALUES('npe4__Relationship__c-263','','True','Current','Contact','','Contact-200','npe4__Relationship__c-83','Contact-199');
INSERT INTO "npe4__Relationship__c" VALUES('npe4__Relationship__c-264','','True','Current','Contact','','Contact-201','npe4__Relationship__c-84','Contact-199');
INSERT INTO "npe4__Relationship__c" VALUES('npe4__Relationship__c-265','','True','Current','Grandson','','Contact-1','npe4__Relationship__c-85','Contact-2');
INSERT INTO "npe4__Relationship__c" VALUES('npe4__Relationship__c-266','','True','Current','Contact','','Contact-3','npe4__Relationship__c-86','Contact-2');
INSERT INTO "npe4__Relationship__c" VALUES('npe4__Relationship__c-267','','True','Current','Contact','','Contact-4','npe4__Relationship__c-87','Contact-2');
INSERT INTO "npe4__Relationship__c" VALUES('npe4__Relationship__c-268','','True','Current','Daughter','','Contact-184','npe4__Relationship__c-88','Contact-203');
INSERT INTO "npe4__Relationship__c" VALUES('npe4__Relationship__c-269','','True','Current','Contact','','Contact-204','npe4__Relationship__c-89','Contact-203');
INSERT INTO "npe4__Relationship__c" VALUES('npe4__Relationship__c-270','','True','Current','Contact','','Contact-205','npe4__Relationship__c-90','Contact-203');
INSERT INTO "npe4__Relationship__c" VALUES('npe4__Relationship__c-271','','True','Current','Contact','','Contact-207','npe4__Relationship__c-91','Contact-206');
INSERT INTO "npe4__Relationship__c" VALUES('npe4__Relationship__c-272','','True','Current','Grandchild','','Contact-207','npe4__Relationship__c-92','Contact-206');
INSERT INTO "npe4__Relationship__c" VALUES('npe4__Relationship__c-273','','True','Current','Contact','','Contact-208','npe4__Relationship__c-93','Contact-206');
INSERT INTO "npe4__Relationship__c" VALUES('npe4__Relationship__c-274','','True','Current','Granddaughter','','Contact-208','npe4__Relationship__c-94','Contact-209');
INSERT INTO "npe4__Relationship__c" VALUES('npe4__Relationship__c-275','','True','Current','Contact','','Contact-210','npe4__Relationship__c-95','Contact-209');
INSERT INTO "npe4__Relationship__c" VALUES('npe4__Relationship__c-276','','True','Current','Contact','','Contact-211','npe4__Relationship__c-96','Contact-209');
INSERT INTO "npe4__Relationship__c" VALUES('npe4__Relationship__c-277','','True','Current','Wife','','Contact-14','npe4__Relationship__c-97','Contact-21');
INSERT INTO "npe4__Relationship__c" VALUES('npe4__Relationship__c-278','','True','Current','Contact','','Contact-22','npe4__Relationship__c-98','Contact-21');
INSERT INTO "npe4__Relationship__c" VALUES('npe4__Relationship__c-279','','True','Current','Contact','','Contact-23','npe4__Relationship__c-99','Contact-21');
INSERT INTO "npe4__Relationship__c" VALUES('npe4__Relationship__c-280','','True','Current','Contact','','Contact-213','npe4__Relationship__c-100','Contact-212');
INSERT INTO "npe4__Relationship__c" VALUES('npe4__Relationship__c-281','','True','Current','Client','','Contact-213','npe4__Relationship__c-101','Contact-212');
INSERT INTO "npe4__Relationship__c" VALUES('npe4__Relationship__c-282','','True','Current','Contact','','Contact-214','npe4__Relationship__c-102','Contact-212');
INSERT INTO "npe4__Relationship__c" VALUES('npe4__Relationship__c-283','','True','Current','Contact','','Contact-216','npe4__Relationship__c-103','Contact-215');
INSERT INTO "npe4__Relationship__c" VALUES('npe4__Relationship__c-284','','True','Current','Contact','','Contact-217','npe4__Relationship__c-104','Contact-215');
INSERT INTO "npe4__Relationship__c" VALUES('npe4__Relationship__c-285','','True','Current','Sibling''s Child','','Contact-217','npe4__Relationship__c-105','Contact-215');
INSERT INTO "npe4__Relationship__c" VALUES('npe4__Relationship__c-286','','True','Current','Contact','','Contact-220','npe4__Relationship__c-106','Contact-219');
INSERT INTO "npe4__Relationship__c" VALUES('npe4__Relationship__c-287','','True','Current','Child','','Contact-220','npe4__Relationship__c-107','Contact-219');
INSERT INTO "npe4__Relationship__c" VALUES('npe4__Relationship__c-288','','True','Current','Contact','','Contact-221','npe4__Relationship__c-108','Contact-219');
INSERT INTO "npe4__Relationship__c" VALUES('npe4__Relationship__c-289','','True','Current','Family','','Contact-222','npe4__Relationship__c-109','Contact-223');
INSERT INTO "npe4__Relationship__c" VALUES('npe4__Relationship__c-290','','True','Current','Contact','','Contact-224','npe4__Relationship__c-110','Contact-223');
INSERT INTO "npe4__Relationship__c" VALUES('npe4__Relationship__c-291','','True','Current','Contact','','Contact-225','npe4__Relationship__c-111','Contact-223');
INSERT INTO "npe4__Relationship__c" VALUES('npe4__Relationship__c-292','','True','Current','Daughter','','Contact-25','npe4__Relationship__c-112','Contact-26');
INSERT INTO "npe4__Relationship__c" VALUES('npe4__Relationship__c-293','','True','Current','Contact','','Contact-27','npe4__Relationship__c-113','Contact-26');
INSERT INTO "npe4__Relationship__c" VALUES('npe4__Relationship__c-294','','True','Current','Contact','','Contact-28','npe4__Relationship__c-114','Contact-26');
INSERT INTO "npe4__Relationship__c" VALUES('npe4__Relationship__c-295','','True','Current','Contact','','Contact-31','npe4__Relationship__c-115','Contact-30');
INSERT INTO "npe4__Relationship__c" VALUES('npe4__Relationship__c-296','','True','Current','Grandparent','','Contact-31','npe4__Relationship__c-116','Contact-30');
INSERT INTO "npe4__Relationship__c" VALUES('npe4__Relationship__c-297','','True','Current','Contact','','Contact-32','npe4__Relationship__c-117','Contact-30');
INSERT INTO "npe4__Relationship__c" VALUES('npe4__Relationship__c-298','','True','Current','Mother','','Contact-26','npe4__Relationship__c-118','Contact-33');
INSERT INTO "npe4__Relationship__c" VALUES('npe4__Relationship__c-299','','True','Current','Contact','','Contact-34','npe4__Relationship__c-119','Contact-33');
INSERT INTO "npe4__Relationship__c" VALUES('npe4__Relationship__c-300','','True','Current','Contact','','Contact-35','npe4__Relationship__c-120','Contact-33');
INSERT INTO "npe4__Relationship__c" VALUES('npe4__Relationship__c-301','','True','Current','Grandparent','','Contact-24','npe4__Relationship__c-121','Contact-38');
INSERT INTO "npe4__Relationship__c" VALUES('npe4__Relationship__c-302','','True','Current','Contact','','Contact-39','npe4__Relationship__c-122','Contact-38');
INSERT INTO "npe4__Relationship__c" VALUES('npe4__Relationship__c-303','','True','Current','Contact','','Contact-40','npe4__Relationship__c-123','Contact-38');
INSERT INTO "npe4__Relationship__c" VALUES('npe4__Relationship__c-304','','True','Current','Daughter','','Contact-26','npe4__Relationship__c-124','Contact-41');
INSERT INTO "npe4__Relationship__c" VALUES('npe4__Relationship__c-305','','True','Current','Contact','','Contact-42','npe4__Relationship__c-125','Contact-41');
INSERT INTO "npe4__Relationship__c" VALUES('npe4__Relationship__c-306','','True','Current','Contact','','Contact-43','npe4__Relationship__c-126','Contact-41');
INSERT INTO "npe4__Relationship__c" VALUES('npe4__Relationship__c-307','','True','Current','Grandchild','','Contact-41','npe4__Relationship__c-127','Contact-46');
INSERT INTO "npe4__Relationship__c" VALUES('npe4__Relationship__c-308','','True','Current','Contact','','Contact-47','npe4__Relationship__c-128','Contact-46');
INSERT INTO "npe4__Relationship__c" VALUES('npe4__Relationship__c-309','','True','Current','Contact','','Contact-48','npe4__Relationship__c-129','Contact-46');
INSERT INTO "npe4__Relationship__c" VALUES('npe4__Relationship__c-310','','True','Current','Contact','','Contact-6','npe4__Relationship__c-130','Contact-5');
INSERT INTO "npe4__Relationship__c" VALUES('npe4__Relationship__c-311','','True','Current','Contact','','Contact-7','npe4__Relationship__c-131','Contact-5');
INSERT INTO "npe4__Relationship__c" VALUES('npe4__Relationship__c-312','','True','Current','Child','','Contact-7','npe4__Relationship__c-132','Contact-5');
INSERT INTO "npe4__Relationship__c" VALUES('npe4__Relationship__c-313','','True','Current','Contact','','Contact-51','npe4__Relationship__c-133','Contact-50');
INSERT INTO "npe4__Relationship__c" VALUES('npe4__Relationship__c-314','','True','Current','Client','','Contact-51','npe4__Relationship__c-134','Contact-50');
INSERT INTO "npe4__Relationship__c" VALUES('npe4__Relationship__c-315','','True','Current','Contact','','Contact-52','npe4__Relationship__c-135','Contact-50');
INSERT INTO "npe4__Relationship__c" VALUES('npe4__Relationship__c-316','','True','Current','Granddaughter','','Contact-52','npe4__Relationship__c-136','Contact-53');
INSERT INTO "npe4__Relationship__c" VALUES('npe4__Relationship__c-317','','True','Current','Contact','','Contact-54','npe4__Relationship__c-137','Contact-53');
INSERT INTO "npe4__Relationship__c" VALUES('npe4__Relationship__c-318','','True','Current','Contact','','Contact-55','npe4__Relationship__c-138','Contact-53');
INSERT INTO "npe4__Relationship__c" VALUES('npe4__Relationship__c-319','','True','Current','Partner','','Contact-54','npe4__Relationship__c-139','Contact-56');
INSERT INTO "npe4__Relationship__c" VALUES('npe4__Relationship__c-320','','True','Current','Contact','','Contact-57','npe4__Relationship__c-140','Contact-56');
INSERT INTO "npe4__Relationship__c" VALUES('npe4__Relationship__c-321','','True','Current','Contact','','Contact-58','npe4__Relationship__c-141','Contact-56');
INSERT INTO "npe4__Relationship__c" VALUES('npe4__Relationship__c-322','','True','Current','Granddaughter','','Contact-49','npe4__Relationship__c-142','Contact-61');
INSERT INTO "npe4__Relationship__c" VALUES('npe4__Relationship__c-323','','True','Current','Contact','','Contact-62','npe4__Relationship__c-143','Contact-61');
INSERT INTO "npe4__Relationship__c" VALUES('npe4__Relationship__c-324','','True','Current','Contact','','Contact-63','npe4__Relationship__c-144','Contact-61');
INSERT INTO "npe4__Relationship__c" VALUES('npe4__Relationship__c-325','','True','Current','Partner','','Contact-58','npe4__Relationship__c-145','Contact-65');
INSERT INTO "npe4__Relationship__c" VALUES('npe4__Relationship__c-326','','True','Current','Contact','','Contact-66','npe4__Relationship__c-146','Contact-65');
INSERT INTO "npe4__Relationship__c" VALUES('npe4__Relationship__c-327','','True','Current','Contact','','Contact-67','npe4__Relationship__c-147','Contact-65');
INSERT INTO "npe4__Relationship__c" VALUES('npe4__Relationship__c-328','','True','Current','Grandson','','Contact-68','npe4__Relationship__c-148','Contact-68');
INSERT INTO "npe4__Relationship__c" VALUES('npe4__Relationship__c-329','','True','Current','Contact','','Contact-69','npe4__Relationship__c-149','Contact-68');
INSERT INTO "npe4__Relationship__c" VALUES('npe4__Relationship__c-330','','True','Current','Contact','','Contact-70','npe4__Relationship__c-150','Contact-68');
INSERT INTO "npe4__Relationship__c" VALUES('npe4__Relationship__c-331','','True','Current','Contact','','Contact-72','npe4__Relationship__c-151','Contact-71');
INSERT INTO "npe4__Relationship__c" VALUES('npe4__Relationship__c-332','','True','Current','Contact','','Contact-73','npe4__Relationship__c-152','Contact-71');
INSERT INTO "npe4__Relationship__c" VALUES('npe4__Relationship__c-333','','True','Current','Cousin','','Contact-73','npe4__Relationship__c-153','Contact-71');
INSERT INTO "npe4__Relationship__c" VALUES('npe4__Relationship__c-334','','True','Current','Niece','','Contact-72','npe4__Relationship__c-154','Contact-75');
INSERT INTO "npe4__Relationship__c" VALUES('npe4__Relationship__c-335','','True','Current','Contact','','Contact-76','npe4__Relationship__c-155','Contact-75');
INSERT INTO "npe4__Relationship__c" VALUES('npe4__Relationship__c-336','','True','Current','Contact','','Contact-77','npe4__Relationship__c-156','Contact-75');
INSERT INTO "npe4__Relationship__c" VALUES('npe4__Relationship__c-337','','True','Current','Grandson','','Contact-74','npe4__Relationship__c-157','Contact-78');
INSERT INTO "npe4__Relationship__c" VALUES('npe4__Relationship__c-338','','True','Current','Contact','','Contact-79','npe4__Relationship__c-158','Contact-78');
INSERT INTO "npe4__Relationship__c" VALUES('npe4__Relationship__c-339','','True','Current','Contact','','Contact-80','npe4__Relationship__c-159','Contact-78');
INSERT INTO "npe4__Relationship__c" VALUES('npe4__Relationship__c-340','','True','Current','Contact','','Contact-10','npe4__Relationship__c-160','Contact-8');
INSERT INTO "npe4__Relationship__c" VALUES('npe4__Relationship__c-341','','True','Current','Sibling''s Child','','Contact-10','npe4__Relationship__c-161','Contact-8');
INSERT INTO "npe4__Relationship__c" VALUES('npe4__Relationship__c-342','','True','Current','Contact','','Contact-9','npe4__Relationship__c-162','Contact-8');
INSERT INTO "npe4__Relationship__c" VALUES('npe4__Relationship__c-343','','True','Current','Client','','Contact-80','npe4__Relationship__c-163','Contact-81');
INSERT INTO "npe4__Relationship__c" VALUES('npe4__Relationship__c-344','','True','Current','Contact','','Contact-82','npe4__Relationship__c-164','Contact-81');
INSERT INTO "npe4__Relationship__c" VALUES('npe4__Relationship__c-345','','True','Current','Contact','','Contact-83','npe4__Relationship__c-165','Contact-81');
INSERT INTO "npe4__Relationship__c" VALUES('npe4__Relationship__c-346','','True','Current','Trainer','','Contact-73','npe4__Relationship__c-166','Contact-84');
INSERT INTO "npe4__Relationship__c" VALUES('npe4__Relationship__c-347','','True','Current','Contact','','Contact-85','npe4__Relationship__c-167','Contact-84');
INSERT INTO "npe4__Relationship__c" VALUES('npe4__Relationship__c-348','','True','Current','Contact','','Contact-86','npe4__Relationship__c-168','Contact-84');
INSERT INTO "npe4__Relationship__c" VALUES('npe4__Relationship__c-349','','True','Current','Grandparent','','Contact-72','npe4__Relationship__c-169','Contact-89');
INSERT INTO "npe4__Relationship__c" VALUES('npe4__Relationship__c-350','','True','Current','Contact','','Contact-90','npe4__Relationship__c-170','Contact-89');
INSERT INTO "npe4__Relationship__c" VALUES('npe4__Relationship__c-351','','True','Current','Contact','','Contact-91','npe4__Relationship__c-171','Contact-89');
INSERT INTO "npe4__Relationship__c" VALUES('npe4__Relationship__c-352','','True','Current','Friend','','Contact-92','npe4__Relationship__c-172','Contact-93');
INSERT INTO "npe4__Relationship__c" VALUES('npe4__Relationship__c-353','','True','Current','Contact','','Contact-94','npe4__Relationship__c-173','Contact-93');
INSERT INTO "npe4__Relationship__c" VALUES('npe4__Relationship__c-354','','True','Current','Contact','','Contact-95','npe4__Relationship__c-174','Contact-93');
INSERT INTO "npe4__Relationship__c" VALUES('npe4__Relationship__c-355','','True','Current','Grandson','','Contact-95','npe4__Relationship__c-175','Contact-96');
INSERT INTO "npe4__Relationship__c" VALUES('npe4__Relationship__c-356','','True','Current','Contact','','Contact-97','npe4__Relationship__c-176','Contact-96');
INSERT INTO "npe4__Relationship__c" VALUES('npe4__Relationship__c-357','','True','Current','Contact','','Contact-98','npe4__Relationship__c-177','Contact-96');
INSERT INTO "npe4__Relationship__c" VALUES('npe4__Relationship__c-358','','True','Current','Contact','','Contact-100','npe4__Relationship__c-178','Contact-99');
INSERT INTO "npe4__Relationship__c" VALUES('npe4__Relationship__c-359','','True','Current','Child','','Contact-100','npe4__Relationship__c-179','Contact-99');
INSERT INTO "npe4__Relationship__c" VALUES('npe4__Relationship__c-360','','True','Current','Contact','','Contact-101','npe4__Relationship__c-180','Contact-99');
CREATE TABLE "npo02__Household__c" (
	id VARCHAR(255) NOT NULL, 
	"Name" VARCHAR(255), 
	"npo02__Addressee__c" VARCHAR(255), 
	"npo02__Always_Anonymous__c" VARCHAR(255), 
	"npo02__AverageAmount__c" VARCHAR(255), 
	"npo02__Best_Gift_Year_Total__c" VARCHAR(255), 
	"npo02__Best_Gift_Year__c" VARCHAR(255), 
	"npo02__FirstCloseDate__c" VARCHAR(255), 
	"npo02__Formal_Greeting__c" VARCHAR(255), 
	"npo02__HouseholdEmail__c" VARCHAR(255), 
	"npo02__HouseholdPhone__c" VARCHAR(255), 
	"npo02__Household_ID__c" VARCHAR(255), 
	"npo02__Informal_Greeting__c" VARCHAR(255), 
	"npo02__LargestAmount__c" VARCHAR(255), 
	"npo02__LastCloseDate__c" VARCHAR(255), 
	"npo02__LastMembershipAmount__c" VARCHAR(255), 
	"npo02__LastMembershipDate__c" VARCHAR(255), 
	"npo02__LastMembershipLevel__c" VARCHAR(255), 
	"npo02__LastMembershipOrigin__c" VARCHAR(255), 
	"npo02__LastOppAmount__c" VARCHAR(255), 
	"npo02__MailingCity__c" VARCHAR(255), 
	"npo02__MailingCountry__c" VARCHAR(255), 
	"npo02__MailingPostalCode__c" VARCHAR(255), 
	"npo02__MailingState__c" VARCHAR(255), 
	"npo02__MailingStreet__c" VARCHAR(255), 
	"npo02__MembershipEndDate__c" VARCHAR(255), 
	"npo02__MembershipJoinDate__c" VARCHAR(255), 
	"npo02__NumberOfClosedOpps__c" VARCHAR(255), 
	"npo02__NumberOfMembershipOpps__c" VARCHAR(255), 
	"npo02__OppAmount2YearsAgo__c" VARCHAR(255), 
	"npo02__OppAmountLastNDays__c" VARCHAR(255), 
	"npo02__OppAmountLastYear__c" VARCHAR(255), 
	"npo02__OppAmountThisYear__c" VARCHAR(255), 
	"npo02__OppsClosed2YearsAgo__c" VARCHAR(255), 
	"npo02__OppsClosedLastNDays__c" VARCHAR(255), 
	"npo02__OppsClosedLastYear__c" VARCHAR(255), 
	"npo02__OppsClosedThisYear__c" VARCHAR(255), 
	"npo02__SYSTEM_CUSTOM_NAMING__c" VARCHAR(255), 
	"npo02__SmallestAmount__c" VARCHAR(255), 
	"npo02__TotalMembershipOppAmount__c" VARCHAR(255), 
	"npo02__TotalOppAmount__c" VARCHAR(255), 
	"npsp__Number_of_Household_Members__c" VARCHAR(255), 
	PRIMARY KEY (id)
);
CREATE TABLE "npsp__Address__c" (
	id VARCHAR(255) NOT NULL, 
	"npsp__API_Response__c" VARCHAR(255), 
	"npsp__Address_Type__c" VARCHAR(255), 
	"npsp__Administrative_Area__c" VARCHAR(255), 
	"npsp__Ambiguous__c" VARCHAR(255), 
	"npsp__Congressional_District__c" VARCHAR(255), 
	"npsp__County_Name__c" VARCHAR(255), 
	"npsp__Default_Address__c" VARCHAR(255), 
	"npsp__Exclude_from_Updates__c" VARCHAR(255), 
	"npsp__Geolocation__Latitude__s" VARCHAR(255), 
	"npsp__Geolocation__Longitude__s" VARCHAR(255), 
	"npsp__Latest_End_Date__c" VARCHAR(255), 
	"npsp__Latest_Start_Date__c" VARCHAR(255), 
	"npsp__MailingCity__c" VARCHAR(255), 
	"npsp__MailingCountry__c" VARCHAR(255), 
	"npsp__MailingPostalCode__c" VARCHAR(255), 
	"npsp__MailingState__c" VARCHAR(255), 
	"npsp__MailingStreet2__c" VARCHAR(255), 
	"npsp__MailingStreet__c" VARCHAR(255), 
	"npsp__NCOA_Evaluation_Date__c" VARCHAR(255), 
	"npsp__NCOA_Result_Code__c" VARCHAR(255), 
	"npsp__Pre_Verification_Address__c" VARCHAR(255), 
	"npsp__Seasonal_End_Day__c" VARCHAR(255), 
	"npsp__Seasonal_End_Month__c" VARCHAR(255), 
	"npsp__Seasonal_Start_Day__c" VARCHAR(255), 
	"npsp__Seasonal_Start_Month__c" VARCHAR(255), 
	"npsp__State_Lower_District__c" VARCHAR(255), 
	"npsp__State_Upper_District__c" VARCHAR(255), 
	"npsp__Undeliverable__c" VARCHAR(255), 
	"npsp__Verification_Status__c" VARCHAR(255), 
	"npsp__Verified_Date__c" VARCHAR(255), 
	"npsp__Verified__c" VARCHAR(255), 
	"npsp__Household_Account__c" VARCHAR(255), 
	PRIMARY KEY (id)
);
INSERT INTO "npsp__Address__c" VALUES('npsp__Address__c-1','','Home','','False','','','True','False','','','','2025-01-20','Lake Margaret','Korea','36969','Maine','','03494 Conway Burgs','','','','','','','','','','False','','','False','Account-1');
INSERT INTO "npsp__Address__c" VALUES('npsp__Address__c-2','','Other','','False','','','True','False','','','','2025-01-20','Tanyabury','Mali','18374','Nevada','','37269 Joanne Ways Apt. 504','','','','','','','','','','False','','','False','Account-2');
INSERT INTO "npsp__Address__c" VALUES('npsp__Address__c-3','','Work','','False','','','True','False','','','','2025-01-20','East Karlaburgh','Bermuda','13298','Idaho','','212 Gary Creek','','','','','','','','','','False','','','False','Account-5');
INSERT INTO "npsp__Address__c" VALUES('npsp__Address__c-4','','Work','','False','','','True','False','','','','2025-01-20','Barronburgh','Indonesia','11891','Colorado','','18852 Schroeder Inlet','','','','','','','','','','False','','','False','Account-8');
INSERT INTO "npsp__Address__c" VALUES('npsp__Address__c-5','','Home','','False','','','True','False','','','','2025-01-20','Hesterchester','South Africa','74628','South Carolina','','824 Tracey Freeway Suite 524','','','','','','','','','','False','','','False','Account-11');
INSERT INTO "npsp__Address__c" VALUES('npsp__Address__c-6','','Home','','False','','','True','False','','','','2025-01-20','East Joshualand','Iran','98584','Arkansas','','39448 Burke Canyon Suite 830','','','','','','','','','','False','','','False','Account-12');
INSERT INTO "npsp__Address__c" VALUES('npsp__Address__c-7','','Other','','False','','','True','False','','','','2025-01-20','South Arielland','Holy See (Vatican City State)','62158','Michigan','','09683 Mckay Terrace Suite 851','','','','','','','','','','False','','','False','Account-13');
INSERT INTO "npsp__Address__c" VALUES('npsp__Address__c-8','','Work','','False','','','True','False','','','','2025-01-20','South Mariah','Belize','06175','West Virginia','','213 Bennett Club','','','','','','','','','','False','','','False','Account-16');
INSERT INTO "npsp__Address__c" VALUES('npsp__Address__c-9','','Other','','False','','','True','False','','','','2025-01-20','Cruzton','Cocos (Keeling) Islands','70511','Wyoming','','63031 Melinda Ville Suite 546','','','','','','','','','','False','','','False','Account-19');
INSERT INTO "npsp__Address__c" VALUES('npsp__Address__c-10','','Work','','False','','','True','False','','','','2025-01-20','Chelseashire','Moldova','15627','Wisconsin','','71095 Heather Hollow','','','','','','','','','','False','','','False','Account-20');
INSERT INTO "npsp__Address__c" VALUES('npsp__Address__c-11','','Other','','False','','','True','False','','','','2025-01-20','Whitakerchester','Jordan','64411','Nebraska','','92597 Carolyn Walk','','','','','','','','','','False','','','False','Account-21');
INSERT INTO "npsp__Address__c" VALUES('npsp__Address__c-12','','Home','','False','','','True','False','','','','2025-01-20','Ronaldshire','Falkland Islands (Malvinas)','40072','California','','7441 Briggs Village','','','','','','','','','','False','','','False','Account-24');
INSERT INTO "npsp__Address__c" VALUES('npsp__Address__c-13','','Work','','False','','','True','False','','','','2025-01-20','South Gordon','American Samoa','01876','Tennessee','','09544 Benjamin Mill','','','','','','','','','','False','','','False','Account-25');
INSERT INTO "npsp__Address__c" VALUES('npsp__Address__c-14','','Work','','False','','','True','False','','','','2025-01-20','North Ray','Cocos (Keeling) Islands','92623','South Dakota','','95919 Lam Causeway Apt. 283','','','','','','','','','','False','','','False','Account-26');
INSERT INTO "npsp__Address__c" VALUES('npsp__Address__c-15','','Home','','False','','','True','False','','','','2025-01-20','Lake Greg','Haiti','55947','Maryland','','7519 Diana Parks Suite 504','','','','','','','','','','False','','','False','Account-29');
INSERT INTO "npsp__Address__c" VALUES('npsp__Address__c-16','','Other','','False','','','True','False','','','','2025-01-20','Loriview','Pakistan','30245','Georgia','','8107 Walton Rue Suite 321','','','','','','','','','','False','','','False','Account-30');
INSERT INTO "npsp__Address__c" VALUES('npsp__Address__c-17','','Home','','False','','','True','False','','','','2025-01-20','Clintonhaven','Lithuania','24143','Michigan','','60455 Guzman Key','','','','','','','','','','False','','','False','Account-33');
INSERT INTO "npsp__Address__c" VALUES('npsp__Address__c-18','','Work','','False','','','True','False','','','','2025-01-20','East Sabrina','Pakistan','09959','Arizona','','737 Cain Curve','','','','','','','','','','False','','','False','Account-36');
INSERT INTO "npsp__Address__c" VALUES('npsp__Address__c-19','','Work','','False','','','True','False','','','','2025-01-20','West Raymond','Lao People''s Democratic Republic','08605','Kentucky','','4022 Melissa Forges','','','','','','','','','','False','','','False','Account-37');
INSERT INTO "npsp__Address__c" VALUES('npsp__Address__c-20','','Work','','False','','','True','False','','','','2025-01-20','Angelicastad','Tokelau','79411','Nevada','','12830 Cory Lodge','','','','','','','','','','False','','','False','Account-38');
INSERT INTO "npsp__Address__c" VALUES('npsp__Address__c-21','','Home','','False','','','True','False','','','','2025-01-20','Hoffmantown','Japan','57436','Wyoming','','6709 Rios Squares','','','','','','','','','','False','','','False','Account-41');
INSERT INTO "npsp__Address__c" VALUES('npsp__Address__c-22','','Work','','False','','','True','False','','','','2025-01-20','Shepherdport','Mali','68236','Iowa','','5057 Ellis Junction','','','','','','','','','','False','','','False','Account-44');
INSERT INTO "npsp__Address__c" VALUES('npsp__Address__c-23','','Other','','False','','','True','False','','','','2025-01-20','East Sherri','Northern Mariana Islands','41093','New York','','9260 Norman Village Apt. 498','','','','','','','','','','False','','','False','Account-45');
INSERT INTO "npsp__Address__c" VALUES('npsp__Address__c-24','','Home','','False','','','True','False','','','','2025-01-20','West Keith','Congo','15740','New York','','6299 Parker Squares Apt. 145','','','','','','','','','','False','','','False','Account-46');
INSERT INTO "npsp__Address__c" VALUES('npsp__Address__c-25','','Other','','False','','','True','False','','','','2025-01-20','Jennymouth','Philippines','30140','Nevada','','4333 Gabriela Squares Suite 777','','','','','','','','','','False','','','False','Account-49');
INSERT INTO "npsp__Address__c" VALUES('npsp__Address__c-26','','Home','','False','','','True','False','','','','2025-01-20','New Colehaven','Korea','09833','Virginia','','381 Montgomery Crossing Suite 668','','','','','','','','','','False','','','False','Account-50');
INSERT INTO "npsp__Address__c" VALUES('npsp__Address__c-27','','Work','','False','','','True','False','','','','2025-01-20','South Alejandroberg','Mauritius','35158','Arkansas','','6213 Harold Light','','','','','','','','','','False','','','False','Account-53');
INSERT INTO "npsp__Address__c" VALUES('npsp__Address__c-28','','Home','','False','','','True','False','','','','2025-01-20','Lake Sean','Tuvalu','67366','California','','088 Gonzalez Freeway','','','','','','','','','','False','','','False','Account-56');
INSERT INTO "npsp__Address__c" VALUES('npsp__Address__c-29','','Other','','False','','','True','False','','','','2025-01-20','Paigemouth','Dominica','53723','Alabama','','3729 Chelsea Burgs Suite 449','','','','','','','','','','False','','','False','Account-59');
INSERT INTO "npsp__Address__c" VALUES('npsp__Address__c-30','','Other','','False','','','True','False','','','','2025-01-20','East Zacharyshire','Guernsey','41696','North Dakota','','5630 Bass Port','','','','','','','','','','False','','','False','Account-60');
INSERT INTO "npsp__Address__c" VALUES('npsp__Address__c-31','','Other','','False','','','True','False','','','','2025-01-20','Kristineport','British Virgin Islands','84344','North Dakota','','471 Peck Harbors','','','','','','','','','','False','','','False','Account-61');
INSERT INTO "npsp__Address__c" VALUES('npsp__Address__c-32','','Work','','False','','','True','False','','','','2025-01-20','Gillespiebury','Sri Lanka','63471','Montana','','421 Michael Hill Suite 980','','','','','','','','','','False','','','False','Account-64');
INSERT INTO "npsp__Address__c" VALUES('npsp__Address__c-33','','Other','','False','','','True','False','','','','2025-01-20','Carlyhaven','Bahrain','95218','Oregon','','559 Monica Crossing','','','','','','','','','','False','','','False','Account-65');
INSERT INTO "npsp__Address__c" VALUES('npsp__Address__c-34','','Other','','False','','','True','False','','','','2025-01-20','New Jennastad','Jamaica','50717','Arizona','','75989 Mia Rapids Apt. 790','','','','','','','','','','False','','','False','Account-68');
INSERT INTO "npsp__Address__c" VALUES('npsp__Address__c-35','','Work','','False','','','True','False','','','','2025-01-20','Evanview','Cook Islands','96697','Washington','','4344 Small Pike Apt. 560','','','','','','','','','','False','','','False','Account-71');
INSERT INTO "npsp__Address__c" VALUES('npsp__Address__c-36','','Work','','False','','','True','False','','','','2025-01-20','East Justinside','Portugal','17867','Arkansas','','76837 Blackwell Fords Suite 455','','','','','','','','','','False','','','False','Account-74');
INSERT INTO "npsp__Address__c" VALUES('npsp__Address__c-37','','Home','','False','','','True','False','','','','2025-01-20','Michaelbury','Dominican Republic','77280','Indiana','','161 Jodi Garden','','','','','','','','','','False','','','False','Account-75');
INSERT INTO "npsp__Address__c" VALUES('npsp__Address__c-38','','Other','','False','','','True','False','','','','2025-01-20','Chaneystad','Paraguay','64140','Iowa','','75079 Bethany Locks','','','','','','','','','','False','','','False','Account-78');
INSERT INTO "npsp__Address__c" VALUES('npsp__Address__c-39','','Work','','False','','','True','False','','','','2025-01-20','Pattersonhaven','Faroe Islands','20745','Minnesota','','9420 Blackburn Fords Apt. 615','','','','','','','','','','False','','','False','Account-81');
INSERT INTO "npsp__Address__c" VALUES('npsp__Address__c-40','','Home','','False','','','True','False','','','','2025-01-20','New Terry','South Georgia and the South Sandwich Islands','89510','Connecticut','','113 Caroline Viaduct Apt. 639','','','','','','','','','','False','','','False','Account-84');
INSERT INTO "npsp__Address__c" VALUES('npsp__Address__c-41','','Work','','False','','','True','False','','','','2025-01-20','Mannland','British Indian Ocean Territory (Chagos Archipelago)','45968','Montana','','41331 Harvey Overpass Suite 316','','','','','','','','','','False','','','False','Account-87');
INSERT INTO "npsp__Address__c" VALUES('npsp__Address__c-42','','Work','','False','','','True','False','','','','2025-01-20','South Jocelynland','Chile','11092','New York','','71249 Hall Course Suite 055','','','','','','','','','','False','','','False','Account-88');
INSERT INTO "npsp__Address__c" VALUES('npsp__Address__c-43','','Home','','False','','','True','False','','','','2025-01-20','Buckstad','Kazakhstan','06458','Rhode Island','','424 Roberta Tunnel Apt. 181','','','','','','','','','','False','','','False','Account-89');
INSERT INTO "npsp__Address__c" VALUES('npsp__Address__c-44','','Other','','False','','','True','False','','','','2025-01-20','New Noah','Sudan','83842','New York','','921 Rachael Skyway','','','','','','','','','','False','','','False','Account-92');
INSERT INTO "npsp__Address__c" VALUES('npsp__Address__c-45','','Work','','False','','','True','False','','','','2025-01-20','Analand','Bolivia','37215','Maine','','200 Makayla Estate','','','','','','','','','','False','','','False','Account-93');
INSERT INTO "npsp__Address__c" VALUES('npsp__Address__c-46','','Work','','False','','','True','False','','','','2025-01-20','South Kiara','Palau','49102','Alabama','','5173 Mckenzie Roads Suite 112','','','','','','','','','','False','','','False','Account-96');
INSERT INTO "npsp__Address__c" VALUES('npsp__Address__c-47','','Work','','False','','','True','False','','','','2025-01-20','Fitzgeraldport','Serbia','50716','Arizona','','29791 Elizabeth Field','','','','','','','','','','False','','','False','Account-99');
INSERT INTO "npsp__Address__c" VALUES('npsp__Address__c-48','','Home','','False','','','True','False','','','','2025-01-20','Mclaughlinmouth','San Marino','27222','Connecticut','','12340 Miles Walk','','','','','','','','','','False','','','False','Account-102');
INSERT INTO "npsp__Address__c" VALUES('npsp__Address__c-49','','Work','','False','','','True','False','','','','2025-01-20','South Randallbury','Saint Martin','39889','California','','4920 Mckenzie Locks','','','','','','','','','','False','','','False','Account-105');
INSERT INTO "npsp__Address__c" VALUES('npsp__Address__c-50','','Home','','False','','','True','False','','','','2025-01-20','East Howard','Dominica','26168','Mississippi','','01141 Hanson Glens','','','','','','','','','','False','','','False','Account-106');
INSERT INTO "npsp__Address__c" VALUES('npsp__Address__c-51','','Work','','False','','','True','False','','','','2025-01-20','Oconnellland','Mayotte','24998','Illinois','','399 Raymond Light Apt. 352','','','','','','','','','','False','','','False','Account-107');
INSERT INTO "npsp__Address__c" VALUES('npsp__Address__c-52','','Work','','False','','','True','False','','','','2025-01-20','New Soniatown','Guernsey','73273','Indiana','','02436 Jesus Centers','','','','','','','','','','False','','','False','Account-110');
INSERT INTO "npsp__Address__c" VALUES('npsp__Address__c-53','','Other','','False','','','True','False','','','','2025-01-20','West Genemouth','Burundi','27363','Virginia','','6676 Russell Trail','','','','','','','','','','False','','','False','Account-111');
INSERT INTO "npsp__Address__c" VALUES('npsp__Address__c-54','','Other','','False','','','True','False','','','','2025-01-20','North Mindy','Guatemala','25576','Oregon','','201 Ann Island Suite 158','','','','','','','','','','False','','','False','Account-114');
INSERT INTO "npsp__Address__c" VALUES('npsp__Address__c-55','','Other','','False','','','True','False','','','','2025-01-20','Justinside','Uzbekistan','32843','Tennessee','','13885 Garza Plain Suite 658','','','','','','','','','','False','','','False','Account-117');
INSERT INTO "npsp__Address__c" VALUES('npsp__Address__c-56','','Other','','False','','','True','False','','','','2025-01-20','Ingramfort','Guam','61278','Maryland','','07341 Moon Rue','','','','','','','','','','False','','','False','Account-120');
INSERT INTO "npsp__Address__c" VALUES('npsp__Address__c-57','','Work','','False','','','True','False','','','','2025-01-20','Leetown','Bermuda','46179','Montana','','7386 Carrie Shoals Suite 771','','','','','','','','','','False','','','False','Account-123');
INSERT INTO "npsp__Address__c" VALUES('npsp__Address__c-58','','Other','','False','','','True','False','','','','2025-01-20','Bartlettside','Indonesia','42845','Colorado','','4260 Chan Canyon Apt. 226','','','','','','','','','','False','','','False','Account-126');
INSERT INTO "npsp__Address__c" VALUES('npsp__Address__c-59','','Work','','False','','','True','False','','','','2025-01-20','East Jermaineburgh','Guernsey','24542','Colorado','','2475 Harmon Dale','','','','','','','','','','False','','','False','Account-127');
INSERT INTO "npsp__Address__c" VALUES('npsp__Address__c-60','','Work','','False','','','True','False','','','','2025-01-20','Househaven','Cocos (Keeling) Islands','93705','Michigan','','0367 Cathy Pines Apt. 153','','','','','','','','','','False','','','False','Account-128');
INSERT INTO "npsp__Address__c" VALUES('npsp__Address__c-61','','Other','','False','','','True','False','','','','2025-01-20','Port Charlottestad','Brazil','35757','Maryland','','338 Wilkins Square Apt. 048','','','','','','','','','','False','','','False','Account-131');
INSERT INTO "npsp__Address__c" VALUES('npsp__Address__c-62','','Home','','False','','','True','False','','','','2025-01-20','Natalieport','Switzerland','88463','New Hampshire','','8223 Shelley Gateway','','','','','','','','','','False','','','False','Account-132');
INSERT INTO "npsp__Address__c" VALUES('npsp__Address__c-63','','Other','','False','','','True','False','','','','2025-01-20','Port Dianefort','Cambodia','97600','Kansas','','12587 Ralph Skyway Apt. 322','','','','','','','','','','False','','','False','Account-135');
INSERT INTO "npsp__Address__c" VALUES('npsp__Address__c-64','','Work','','False','','','True','False','','','','2025-01-20','Carlytown','Saint Kitts and Nevis','16029','Vermont','','684 Morton Tunnel','','','','','','','','','','False','','','False','Account-138');
INSERT INTO "npsp__Address__c" VALUES('npsp__Address__c-65','','Home','','False','','','True','False','','','','2025-01-20','Lake Lindaland','Mauritius','30864','Ohio','','6762 Jocelyn Forges','','','','','','','','','','False','','','False','Account-139');
INSERT INTO "npsp__Address__c" VALUES('npsp__Address__c-66','','Work','','False','','','True','False','','','','2025-01-20','Lynnberg','Nepal','32648','Utah','','80106 Brian Brooks','','','','','','','','','','False','','','False','Account-142');
INSERT INTO "npsp__Address__c" VALUES('npsp__Address__c-67','','Work','','False','','','True','False','','','','2025-01-20','North Brittanytown','Kiribati','58893','Washington','','3618 Hendrix Burg','','','','','','','','','','False','','','False','Account-145');
INSERT INTO "npsp__Address__c" VALUES('npsp__Address__c-68','','Other','','False','','','True','False','','','','2025-01-20','Billburgh','Comoros','21322','Wyoming','','00712 Caitlyn Mountains Suite 787','','','','','','','','','','False','','','False','Account-148');
INSERT INTO "npsp__Address__c" VALUES('npsp__Address__c-69','','Home','','False','','','True','False','','','','2025-01-20','Byrdstad','Monaco','97836','Ohio','','33218 Xavier Alley','','','','','','','','','','False','','','False','Account-149');
INSERT INTO "npsp__Address__c" VALUES('npsp__Address__c-70','','Home','','False','','','True','False','','','','2025-01-20','West Tami','Angola','26360','Oregon','','647 Veronica Wells Suite 076','','','','','','','','','','False','','','False','Account-150');
INSERT INTO "npsp__Address__c" VALUES('npsp__Address__c-71','','Other','','False','','','True','False','','','','2025-01-20','Alishamouth','Latvia','03175','Rhode Island','','891 Frank Field Suite 281','','','','','','','','','','False','','','False','Account-153');
INSERT INTO "npsp__Address__c" VALUES('npsp__Address__c-72','','Work','','False','','','True','False','','','','2025-01-20','New Davidberg','Spain','52924','Maine','','26193 Lee Viaduct Apt. 649','','','','','','','','','','False','','','False','Account-154');
INSERT INTO "npsp__Address__c" VALUES('npsp__Address__c-73','','Work','','False','','','True','False','','','','2025-01-20','South Fernandohaven','Saint Lucia','26317','Louisiana','','823 Maxwell Forge Apt. 718','','','','','','','','','','False','','','False','Account-155');
INSERT INTO "npsp__Address__c" VALUES('npsp__Address__c-74','','Home','','False','','','True','False','','','','2025-01-20','Wintersstad','Samoa','64582','California','','961 Stanley Underpass Suite 468','','','','','','','','','','False','','','False','Account-158');
INSERT INTO "npsp__Address__c" VALUES('npsp__Address__c-75','','Home','','False','','','True','False','','','','2025-01-20','Deborahberg','Australia','94798','Delaware','','045 Jaime Road','','','','','','','','','','False','','','False','Account-159');
INSERT INTO "npsp__Address__c" VALUES('npsp__Address__c-76','','Home','','False','','','True','False','','','','2025-01-20','Lake Alejandrahaven','Nigeria','07197','Oklahoma','','7782 Bill Dale Suite 966','','','','','','','','','','False','','','False','Account-160');
INSERT INTO "npsp__Address__c" VALUES('npsp__Address__c-77','','Other','','False','','','True','False','','','','2025-01-20','Hardyberg','Yemen','87644','Kentucky','','916 Victor Greens','','','','','','','','','','False','','','False','Account-163');
INSERT INTO "npsp__Address__c" VALUES('npsp__Address__c-78','','Work','','False','','','True','False','','','','2025-01-20','Kleinfurt','Zambia','10997','Wisconsin','','34438 Tara Roads Suite 732','','','','','','','','','','False','','','False','Account-164');
INSERT INTO "npsp__Address__c" VALUES('npsp__Address__c-79','','Work','','False','','','True','False','','','','2025-01-20','West Robynfurt','Bouvet Island (Bouvetoya)','08447','Mississippi','','9762 Aguirre Ports','','','','','','','','','','False','','','False','Account-167');
INSERT INTO "npsp__Address__c" VALUES('npsp__Address__c-80','','Other','','False','','','True','False','','','','2025-01-20','South Wendyhaven','French Polynesia','72158','Arkansas','','296 English Dam','','','','','','','','','','False','','','False','Account-170');
INSERT INTO "npsp__Address__c" VALUES('npsp__Address__c-81','','Other','','False','','','True','False','','','','2025-01-20','West Phillip','Jordan','19971','Colorado','','05118 Paige Lock Apt. 364','','','','','','','','','','False','','','False','Account-171');
INSERT INTO "npsp__Address__c" VALUES('npsp__Address__c-82','','Work','','False','','','True','False','','','','2025-01-20','Copelandview','American Samoa','92204','Illinois','','800 Vance Extension','','','','','','','','','','False','','','False','Account-174');
INSERT INTO "npsp__Address__c" VALUES('npsp__Address__c-83','','Home','','False','','','True','False','','','','2025-01-20','Sethbury','Bangladesh','03776','Massachusetts','','00963 Paul Track Suite 515','','','','','','','','','','False','','','False','Account-175');
INSERT INTO "npsp__Address__c" VALUES('npsp__Address__c-84','','Other','','False','','','True','False','','','','2025-01-20','New Helenshire','Svalbard & Jan Mayen Islands','40855','New York','','437 Phyllis Flats','','','','','','','','','','False','','','False','Account-176');
INSERT INTO "npsp__Address__c" VALUES('npsp__Address__c-85','','Work','','False','','','True','False','','','','2025-01-20','Natalieville','Dominica','22735','New York','','73511 Nancy Gardens','','','','','','','','','','False','','','False','Account-179');
INSERT INTO "npsp__Address__c" VALUES('npsp__Address__c-86','','Other','','False','','','True','False','','','','2025-01-20','Lake Raven','Uruguay','62281','Minnesota','','1872 Jared Causeway','','','','','','','','','','False','','','False','Account-180');
INSERT INTO "npsp__Address__c" VALUES('npsp__Address__c-87','','Other','','False','','','True','False','','','','2025-01-20','Amyville','United States of America','21040','West Virginia','','4364 Mindy Forge','','','','','','','','','','False','','','False','Account-183');
INSERT INTO "npsp__Address__c" VALUES('npsp__Address__c-88','','Work','','False','','','True','False','','','','2025-01-20','Lake Joanna','Greenland','81585','Georgia','','86413 Darin Road Apt. 608','','','','','','','','','','False','','','False','Account-186');
INSERT INTO "npsp__Address__c" VALUES('npsp__Address__c-89','','Other','','False','','','True','False','','','','2025-01-20','Pattersonland','Mongolia','96542','Nebraska','','1320 Ballard Crescent Apt. 000','','','','','','','','','','False','','','False','Account-189');
INSERT INTO "npsp__Address__c" VALUES('npsp__Address__c-90','','Other','','False','','','True','False','','','','2025-01-20','West Julia','Peru','11144','Minnesota','','672 Devon Island','','','','','','','','','','False','','','False','Account-192');
INSERT INTO "npsp__Address__c" VALUES('npsp__Address__c-91','','Other','','False','','','True','False','','','','2025-01-20','North Leonard','Niue','95408','Iowa','','923 Noble Ville Suite 310','','','','','','','','','','False','','','False','Account-193');
INSERT INTO "npsp__Address__c" VALUES('npsp__Address__c-92','','Work','','False','','','True','False','','','','2025-01-20','Malloryton','Micronesia','40797','Washington','','6066 Juan Views','','','','','','','','','','False','','','False','Account-194');
INSERT INTO "npsp__Address__c" VALUES('npsp__Address__c-93','','Home','','False','','','True','False','','','','2025-01-20','South Bruceton','France','63481','North Dakota','','80055 Mcdaniel Port','','','','','','','','','','False','','','False','Account-197');
INSERT INTO "npsp__Address__c" VALUES('npsp__Address__c-94','','Work','','False','','','True','False','','','','2025-01-20','Seanburgh','Albania','44226','Delaware','','914 Perry Parkways Apt. 797','','','','','','','','','','False','','','False','Account-198');
INSERT INTO "npsp__Address__c" VALUES('npsp__Address__c-95','','Work','','False','','','True','False','','','','2025-01-20','Robertafurt','Namibia','65375','Massachusetts','','84664 Day Via','','','','','','','','','','False','','','False','Account-199');
INSERT INTO "npsp__Address__c" VALUES('npsp__Address__c-96','','Other','','False','','','True','False','','','','2025-01-20','Hayleymouth','Croatia','06615','Arizona','','64933 Marshall Way Suite 130','','','','','','','','','','False','','','False','Account-202');
INSERT INTO "npsp__Address__c" VALUES('npsp__Address__c-97','','Work','','False','','','True','False','','','','2025-01-20','South Debbieport','Guam','02373','New Mexico','','767 Leroy Underpass','','','','','','','','','','False','','','False','Account-203');
INSERT INTO "npsp__Address__c" VALUES('npsp__Address__c-98','','Other','','False','','','True','False','','','','2025-01-20','South Larry','Tokelau','93149','Virginia','','234 Beth Trafficway','','','','','','','','','','False','','','False','Account-206');
INSERT INTO "npsp__Address__c" VALUES('npsp__Address__c-99','','Other','','False','','','True','False','','','','2025-01-20','Delgadoland','Puerto Rico','44860','Arkansas','','975 Pam Stream Suite 601','','','','','','','','','','False','','','False','Account-209');
INSERT INTO "npsp__Address__c" VALUES('npsp__Address__c-100','','Work','','False','','','True','False','','','','2025-01-20','East Jimmy','Angola','33208','North Carolina','','4537 Villegas Vista','','','','','','','','','','False','','','False','Account-212');
INSERT INTO "npsp__Address__c" VALUES('npsp__Address__c-101','','Other','','False','','','True','False','','','','2025-01-20','Parkerberg','Greece','24208','Florida','','410 Webb Ports Suite 368','','','','','','','','','','False','','','False','Account-215');
INSERT INTO "npsp__Address__c" VALUES('npsp__Address__c-102','','Home','','False','','','True','False','','','','2025-01-20','North Cesar','Ireland','41044','Georgia','','5997 Walters Hills','','','','','','','','','','False','','','False','Account-218');
INSERT INTO "npsp__Address__c" VALUES('npsp__Address__c-103','','Work','','False','','','True','False','','','','2025-01-20','New Omar','Timor-Leste','65472','Iowa','','293 Gordon Trail','','','','','','','','','','False','','','False','Account-219');
INSERT INTO "npsp__Address__c" VALUES('npsp__Address__c-104','','Other','','False','','','True','False','','','','2025-01-20','New Claire','Saint Barthelemy','25062','West Virginia','','818 Brian Via','','','','','','','','','','False','','','False','Account-222');
INSERT INTO "npsp__Address__c" VALUES('npsp__Address__c-105','','Work','','False','','','True','False','','','','2025-01-20','Harperfort','Madagascar','87234','Montana','','9981 Conway Plaza','','','','','','','','','','False','','','False','Account-223');
CREATE TABLE "npsp__Batch__c" (
	id VARCHAR(255) NOT NULL, 
	"npsp__Object_Name__c" VARCHAR(255), 
	PRIMARY KEY (id)
);
COMMIT;
