BEGIN TRANSACTION;
CREATE TABLE "Account" (
	id INTEGER NOT NULL, 
	"Email__c" VARCHAR(255), 
	"Name" VARCHAR(255), 
	"RecordTypeId" VARCHAR(255), 
	"npe01__SYSTEMIsIndividual__c" VARCHAR(255), 
	"npe01__SYSTEM_AccountType__c" VARCHAR(255), 
	"npo02__AverageAmount__c" VARCHAR(255), 
	"npo02__Best_Gift_Year_Total__c" VARCHAR(255), 
	"npo02__Best_Gift_Year__c" VARCHAR(255), 
	"npo02__FirstCloseDate__c" VARCHAR(255), 
	"npo02__Formal_Greeting__c" VARCHAR(255), 
	"npo02__HouseholdPhone__c" VARCHAR(255), 
	"npo02__Informal_Greeting__c" VARCHAR(255), 
	"npo02__LargestAmount__c" VARCHAR(255), 
	"npo02__LastCloseDate__c" VARCHAR(255), 
	"npo02__LastMembershipAmount__c" VARCHAR(255), 
	"npo02__LastMembershipDate__c" VARCHAR(255), 
	"npo02__LastMembershipLevel__c" VARCHAR(255), 
	"npo02__LastMembershipOrigin__c" VARCHAR(255), 
	"npo02__LastOppAmount__c" VARCHAR(255), 
	"npo02__MembershipEndDate__c" VARCHAR(255), 
	"npo02__MembershipJoinDate__c" VARCHAR(255), 
	"npo02__NumberOfClosedOpps__c" VARCHAR(255), 
	"npo02__NumberOfMembershipOpps__c" VARCHAR(255), 
	"npo02__OppAmount2YearsAgo__c" VARCHAR(255), 
	"npo02__OppAmountLastNDays__c" VARCHAR(255), 
	"npo02__OppAmountLastYear__c" VARCHAR(255), 
	"npo02__OppAmountThisYear__c" VARCHAR(255), 
	"npo02__OppsClosed2YearsAgo__c" VARCHAR(255), 
	"npo02__OppsClosedLastNDays__c" VARCHAR(255), 
	"npo02__OppsClosedLastYear__c" VARCHAR(255), 
	"npo02__OppsClosedThisYear__c" VARCHAR(255), 
	"npo02__SYSTEM_CUSTOM_NAMING__c" VARCHAR(255), 
	"npo02__SmallestAmount__c" VARCHAR(255), 
	"npo02__TotalMembershipOppAmount__c" VARCHAR(255), 
	"npo02__TotalOppAmount__c" VARCHAR(255), 
	"npsp__Funding_Focus__c" VARCHAR(255), 
	"npsp__Grantmaker__c" VARCHAR(255), 
	"npsp__Matching_Gift_Administrator_Name__c" VARCHAR(255), 
	"npsp__Matching_Gift_Amount_Max__c" VARCHAR(255), 
	"npsp__Matching_Gift_Amount_Min__c" VARCHAR(255), 
	"npsp__Matching_Gift_Annual_Employee_Max__c" VARCHAR(255), 
	"npsp__Matching_Gift_Comments__c" VARCHAR(255), 
	"npsp__Matching_Gift_Company__c" VARCHAR(255), 
	"npsp__Matching_Gift_Email__c" VARCHAR(255), 
	"npsp__Matching_Gift_Info_Updated__c" VARCHAR(255), 
	"npsp__Matching_Gift_Percent__c" VARCHAR(255), 
	"npsp__Matching_Gift_Phone__c" VARCHAR(255), 
	"npsp__Matching_Gift_Request_Deadline__c" VARCHAR(255), 
	"npsp__Number_of_Household_Members__c" VARCHAR(255), 
	"ParentId" VARCHAR(255), 
	"npe01__One2OneContact__c" VARCHAR(255), 
	"npsp__Batch__c" VARCHAR(255), 
	PRIMARY KEY (id)
);
INSERT INTO "Account" VALUES(1,'','The Household','012P0000003O1wVIAS','True','Household Account','0.0','','','','','','','0.0','','0.0','','','','0.0','','','0.0','0.0','0.0','0.0','0.0','0.0','0.0','0.0','0.0','0.0','','0.0','0.0','0.0','','False','','','','','','False','','','','','','','','','');
INSERT INTO "Account" VALUES(2,'','Maynard, Clarke and Mueller','012P0000003O1wWIAS','False','','0.0','','','','','','','0.0','','0.0','','','','0.0','','','0.0','0.0','0.0','0.0','0.0','0.0','0.0','0.0','0.0','0.0','','0.0','0.0','0.0','','False','','','','','','False','','','','','','','','','');
INSERT INTO "Account" VALUES(3,'','Martinez, Oconnor and Bird','012P0000003O1wVIAS','True','Household Account','0.0','','','','','','','0.0','','0.0','','','','0.0','','','0.0','0.0','0.0','0.0','0.0','0.0','0.0','0.0','0.0','0.0','','0.0','0.0','0.0','','False','','','','','','False','','','','','','','','','');
INSERT INTO "Account" VALUES(4,'','Francis','012P0000003O1wWIAS','False','','0.0','','','','','','','0.0','','0.0','','','','0.0','','','0.0','0.0','0.0','0.0','0.0','0.0','0.0','0.0','0.0','0.0','','0.0','0.0','0.0','','False','','','','','','False','','','','','','','','','');
INSERT INTO "Account" VALUES(5,'','Johnston Inc','012P0000003O1wWIAS','False','A individual camera chance beautiful southern able. Remember success into give role.','0.0','48021.0','2003','2022-06-22','Reflect let stage keep mother computer while candidate. Notice sometimes candidate his.','2278242157','Minute specific here. Really hotel protect. Amount lawyer surface letter community reach.','0.0','2022-01-14','0.0','2021-10-24','Meeting growth ok Mrs among laugh small. Foreign real management seek. Them from appear.','Series help around stuff. Represent door there natural.','0.0','2021-08-10','2021-07-25','0.0','0.0','0.0','0.0','0.0','0.0','0.0','0.0','0.0','0.0','Informal_Greeting__c','0.0','0.0','0.0','Environmental','False','Mr. Gabriel Ayala II','53348.0','96634.0','87910.0','Fish action turn set real plant process stop. Her live between appear ball identify speak.','False','ddurham@example.com','2021-08-17','34.0','852.876.8350x4084','Third Mr without performance week success. Soon significant school system partner it.','50510.0','','','');
INSERT INTO "Account" VALUES(6,'','Brittany, Reginald and Glenn Household','012P0000003O1wVIAS','True','Household Account','0.0','','','','Ms. Hawkins Jerry, Casey Reginald and Mcfarland Glenn','','Hawkins, Roth, Casey and Mcfarland','0.0','','0.0','','','','0.0','','','0.0','0.0','0.0','0.0','0.0','0.0','0.0','0.0','0.0','0.0','','0.0','0.0','0.0','','False','','','','','','False','','','','','','4.0','','22','');
INSERT INTO "Account" VALUES(7,'','Solomon-Frank','012P0000003O1wWIAS','False','','0.0','','','','','','','0.0','','0.0','','','','0.0','','','0.0','0.0','0.0','0.0','0.0','0.0','0.0','0.0','0.0','0.0','','0.0','0.0','0.0','','False','','','','','','False','','','','','','','','','');
INSERT INTO "Account" VALUES(8,'','Lynn and Emily Household','012P0000003O1wVIAS','True','Household Account','0.0','','','','Baker Lynn and Mcgee Emily','','Baker and Mcgee','0.0','','0.0','','','','0.0','','','0.0','0.0','0.0','0.0','0.0','0.0','0.0','0.0','0.0','0.0','','0.0','0.0','0.0','','False','','','','','','False','','','','','','2.0','','48','');
INSERT INTO "Account" VALUES(9,'','Yoder-Shields','012P0000003O1wWIAS','False','','0.0','','','','','','','0.0','','0.0','','','','0.0','','','0.0','0.0','0.0','0.0','0.0','0.0','0.0','0.0','0.0','0.0','','0.0','0.0','0.0','','False','','','','','','False','','','','','','','','','');
INSERT INTO "Account" VALUES(10,'','Joel, Scott and Yvonne Household','012P0000003O1wVIAS','True','Household Account','0.0','','','','Mrs. Horn Rhonda, Mrs. Weaver Joel, Bell Scott and Flowers Yvonne','','Horn, Bell and Flowers','0.0','','0.0','','','','0.0','','','0.0','0.0','0.0','0.0','0.0','0.0','0.0','0.0','0.0','0.0','','0.0','0.0','0.0','','False','','','','','','False','','','','','','4.0','','52','');
INSERT INTO "Account" VALUES(11,'','Lyons-Kennedy','012P0000003O1wWIAS','False','','0.0','','','','','','','0.0','','0.0','','','','0.0','','','0.0','0.0','0.0','0.0','0.0','0.0','0.0','0.0','0.0','0.0','','0.0','0.0','0.0','','False','','','','','','False','','','','','','','','','');
INSERT INTO "Account" VALUES(12,'','Tracie, Mike, Nicolas and Rachael Household','012P0000003O1wVIAS','True','Household Account','0.0','','','','Mrs. Good Tracie, Mrs. Arroyo Mike, Estes Nicolas and Barajas Rachael','','Estes and Barajas','0.0','','0.0','','','','0.0','','','0.0','0.0','0.0','0.0','0.0','0.0','0.0','0.0','0.0','0.0','','0.0','0.0','0.0','','False','','','','','','False','','','','','','4.0','','56','');
INSERT INTO "Account" VALUES(13,'','Aguirre, Mclean and Porter','012P0000003O1wWIAS','False','','0.0','','','','','','','0.0','','0.0','','','','0.0','','','0.0','0.0','0.0','0.0','0.0','0.0','0.0','0.0','0.0','0.0','','0.0','0.0','0.0','','False','','','','','','False','','','','','','','','','');
INSERT INTO "Account" VALUES(14,'','The Household','012P0000003O1wVIAS','True','Household Account','0.0','','','','','','','0.0','','0.0','','','','0.0','','','0.0','0.0','0.0','0.0','0.0','0.0','0.0','0.0','0.0','0.0','','0.0','0.0','0.0','','False','','','','','','False','','','','','','','','','');
INSERT INTO "Account" VALUES(15,'','Graham Group','012P0000003O1wWIAS','False','','0.0','','','','','','','0.0','','0.0','','','','0.0','','','0.0','0.0','0.0','0.0','0.0','0.0','0.0','0.0','0.0','0.0','','0.0','0.0','0.0','','False','','','','','','False','','','','','','','','','');
INSERT INTO "Account" VALUES(16,'','Charles and Adrian Household','012P0000003O1wVIAS','True','Household Account','0.0','','','','Mrs. Harper Evan, Decker Charles and Dominguez Adrian','','Harper, Decker and Dominguez','0.0','','0.0','','','','0.0','','','0.0','0.0','0.0','0.0','0.0','0.0','0.0','0.0','0.0','0.0','','0.0','0.0','0.0','','False','','','','','','False','','','','','','3.0','','59','');
INSERT INTO "Account" VALUES(17,'','Williams and Sons','012P0000003O1wWIAS','False','','0.0','','','','','','','0.0','','0.0','','','','0.0','','','0.0','0.0','0.0','0.0','0.0','0.0','0.0','0.0','0.0','0.0','','0.0','0.0','0.0','','False','','','','','','False','','','','','','','','','');
INSERT INTO "Account" VALUES(18,'hayden@nmc.com','Newman, Moran and Collins','012P0000003O1wWIAS','False','','0.0','','','','','','','0.0','','0.0','','','','0.0','','','0.0','0.0','0.0','0.0','0.0','0.0','0.0','0.0','0.0','0.0','','0.0','0.0','0.0','','False','','','','','','False','','','','','','','','60','');
INSERT INTO "Account" VALUES(19,'','Claudia, Deanna, Drew and Diana Household','012P0000003O1wVIAS','True','Household Account','0.0','','','','Dr. Aguilar Deanna, Brandt Drew and Wall Diana','','Santos, Brandt and Wall','0.0','','0.0','','','','0.0','','','0.0','0.0','0.0','0.0','0.0','0.0','0.0','0.0','0.0','0.0','','0.0','0.0','0.0','','False','','','','','','False','','','','','','4.0','','64','');
INSERT INTO "Account" VALUES(20,'','Estrada-Bush','012P0000003O1wWIAS','False','','0.0','','','','','','','0.0','','0.0','','','','0.0','','','0.0','0.0','0.0','0.0','0.0','0.0','0.0','0.0','0.0','0.0','','0.0','0.0','0.0','','False','','','','','','False','','','','','','','','','');
INSERT INTO "Account" VALUES(21,'','The Household','012P0000003O1wVIAS','True','Household Account','0.0','','','','','','','0.0','','0.0','','','','0.0','','','0.0','0.0','0.0','0.0','0.0','0.0','0.0','0.0','0.0','0.0','','0.0','0.0','0.0','','False','','','','','','False','','','','','','','','','');
INSERT INTO "Account" VALUES(22,'','Pruitt-Dawson','012P0000003O1wWIAS','False','','0.0','','','','','','','0.0','','0.0','','','','0.0','','','0.0','0.0','0.0','0.0','0.0','0.0','0.0','0.0','0.0','0.0','','0.0','0.0','0.0','','False','','','','','','False','','','','','','','','','');
INSERT INTO "Account" VALUES(23,'','Monroe Ltd','012P0000003O1wVIAS','True','Household Account','0.0','','','','','','','0.0','','0.0','','','','0.0','','','0.0','0.0','0.0','0.0','0.0','0.0','0.0','0.0','0.0','0.0','','0.0','0.0','0.0','','False','','','','','','False','','','','','','','','','');
INSERT INTO "Account" VALUES(24,'','Skinner','012P0000003O1wWIAS','False','','0.0','','','','','','','0.0','','0.0','','','','0.0','','','0.0','0.0','0.0','0.0','0.0','0.0','0.0','0.0','0.0','0.0','','0.0','0.0','0.0','','False','','','','','','False','','','','','','','','','');
INSERT INTO "Account" VALUES(25,'','Garner-Porter','012P0000003O1wWIAS','False','Fear result such if station natural available teach. Worker address the food movie then discover.','0.0','48676.0','1992','2022-05-27','Republican deal fight memory bit.','631.801.3592x363','Owner decide there technology phone. Pay hope enjoy interest training.','0.0','2021-08-23','0.0','2022-01-29','This soon stuff left fire. Goal personal once laugh. Market politics political over.','Tonight attorney far discuss get foot section. Like lot late western. Economic fly start everybody.','0.0','2021-10-15','2022-02-22','0.0','0.0','0.0','0.0','0.0','0.0','0.0','0.0','0.0','0.0','Informal_Greeting__c','0.0','0.0','0.0','Arts and Culture','False','Miss Mandy Owen','57463.0','15911.0','13023.0','Himself glass suggest avoid. Foot performance parent sense.','False','meadowsnancy@example.net','2022-03-05','42.0','539.269.1659','List recent system chair right. Line oil seek. Run understand bed artist occur.','45731.0','','','');
INSERT INTO "Account" VALUES(26,'','Mariah, Philip and Cassie Household','012P0000003O1wVIAS','True','Household Account','0.0','','','','Mr. Blackwell Mariah, Montoya Philip and Bird Cassie','','Montoya and Bird','0.0','','0.0','','','','0.0','','','0.0','0.0','0.0','0.0','0.0','0.0','0.0','0.0','0.0','0.0','','0.0','0.0','0.0','','False','','','','','','False','','','','','','3.0','','67','');
INSERT INTO "Account" VALUES(27,'','Goodman Ltd','012P0000003O1wWIAS','False','','0.0','','','','','','','0.0','','0.0','','','','0.0','','','0.0','0.0','0.0','0.0','0.0','0.0','0.0','0.0','0.0','0.0','','0.0','0.0','0.0','','False','','','','','','False','','','','','','','','','');
INSERT INTO "Account" VALUES(28,'','Hailey, Christian and Mackenzie Household','012P0000003O1wVIAS','True','Household Account','0.0','','','','Dr. Cowan Sandra, Fowler Christian and Larson Mackenzie','','Mendez, Cowan, Fowler and Larson','0.0','','0.0','','','','0.0','','','0.0','0.0','0.0','0.0','0.0','0.0','0.0','0.0','0.0','0.0','','0.0','0.0','0.0','','False','','','','','','False','','','','','','4.0','','71','');
INSERT INTO "Account" VALUES(29,'','Berry, Cain and Boyer','012P0000003O1wWIAS','False','','0.0','','','','','','','0.0','','0.0','','','','0.0','','','0.0','0.0','0.0','0.0','0.0','0.0','0.0','0.0','0.0','0.0','','0.0','0.0','0.0','','False','','','','','','False','','','','','','','','','');
INSERT INTO "Account" VALUES(30,'','Garrett, Warren and Gabriela Household','012P0000003O1wVIAS','True','Household Account','0.0','','','','Hart Warren and Farley Gabriela','','Cooke, Morgan, Hart and Farley','0.0','','0.0','','','','0.0','','','0.0','0.0','0.0','0.0','0.0','0.0','0.0','0.0','0.0','0.0','','0.0','0.0','0.0','','False','','','','','','False','','','','','','4.0','','75','');
INSERT INTO "Account" VALUES(31,'','Villarreal, Hooper and Massey','012P0000003O1wWIAS','False','','0.0','','','','','','','0.0','','0.0','','','','0.0','','','0.0','0.0','0.0','0.0','0.0','0.0','0.0','0.0','0.0','0.0','','0.0','0.0','0.0','','False','','','','','','False','','','','','','','','','');
INSERT INTO "Account" VALUES(32,'','Edwin and Wendy Household','012P0000003O1wVIAS','True','Household Account','0.0','','','','Mcknight Edwin and Fowler Wendy','','Mcknight and Fowler','0.0','','0.0','','','','0.0','','','0.0','0.0','0.0','0.0','0.0','0.0','0.0','0.0','0.0','0.0','','0.0','0.0','0.0','','False','','','','','','False','','','','','','2.0','','77','');
INSERT INTO "Account" VALUES(33,'','Mendez, Steele and Kane','012P0000003O1wWIAS','False','','0.0','','','','','','','0.0','','0.0','','','','0.0','','','0.0','0.0','0.0','0.0','0.0','0.0','0.0','0.0','0.0','0.0','','0.0','0.0','0.0','','False','','','','','','False','','','','','','','','','');
INSERT INTO "Account" VALUES(34,'','The Household','012P0000003O1wVIAS','True','Household Account','0.0','','','','','','','0.0','','0.0','','','','0.0','','','0.0','0.0','0.0','0.0','0.0','0.0','0.0','0.0','0.0','0.0','','0.0','0.0','0.0','','False','','','','','','False','','','','','','','','','');
INSERT INTO "Account" VALUES(35,'','Everett Group','012P0000003O1wWIAS','False','','0.0','','','','','','','0.0','','0.0','','','','0.0','','','0.0','0.0','0.0','0.0','0.0','0.0','0.0','0.0','0.0','0.0','','0.0','0.0','0.0','','False','','','','','','False','','','','','','','','','');
INSERT INTO "Account" VALUES(36,'','Julie, Eddie, Gloria and Shirley Household','012P0000003O1wVIAS','True','Household Account','0.0','','','','Dr. Curtis Julie, Mcintosh Gloria and Erickson Shirley','','Buchanan, Mcintosh and Erickson','0.0','','0.0','','','','0.0','','','0.0','0.0','0.0','0.0','0.0','0.0','0.0','0.0','0.0','0.0','','0.0','0.0','0.0','','False','','','','','','False','','','','','','4.0','','81','');
INSERT INTO "Account" VALUES(37,'','Dillon-Solis','012P0000003O1wWIAS','False','','0.0','','','','','','','0.0','','0.0','','','','0.0','','','0.0','0.0','0.0','0.0','0.0','0.0','0.0','0.0','0.0','0.0','','0.0','0.0','0.0','','False','','','','','','False','','','','','','','','','');
INSERT INTO "Account" VALUES(38,'shelly@obh.com','Owens, Browning and Herman','012P0000003O1wWIAS','False','','0.0','','','','','','','0.0','','0.0','','','','0.0','','','0.0','0.0','0.0','0.0','0.0','0.0','0.0','0.0','0.0','0.0','','0.0','0.0','0.0','','False','','','','','','False','','','','','','','','82','');
INSERT INTO "Account" VALUES(39,'','Jeremy, Margaret and Michaela Household','012P0000003O1wVIAS','True','Household Account','0.0','','','','Mr. Garza Brent, Escobar Margaret and Mathis Michaela','','Bruce, Garza, Escobar and Mathis','0.0','','0.0','','','','0.0','','','0.0','0.0','0.0','0.0','0.0','0.0','0.0','0.0','0.0','0.0','','0.0','0.0','0.0','','False','','','','','','False','','','','','','4.0','','86','');
INSERT INTO "Account" VALUES(40,'','Coleman Ltd','012P0000003O1wWIAS','False','','0.0','','','','','','','0.0','','0.0','','','','0.0','','','0.0','0.0','0.0','0.0','0.0','0.0','0.0','0.0','0.0','0.0','','0.0','0.0','0.0','','False','','','','','','False','','','','','','','','','');
INSERT INTO "Account" VALUES(41,'','The Household','012P0000003O1wVIAS','True','Household Account','0.0','','','','','','','0.0','','0.0','','','','0.0','','','0.0','0.0','0.0','0.0','0.0','0.0','0.0','0.0','0.0','0.0','','0.0','0.0','0.0','','False','','','','','','False','','','','','','','','','');
INSERT INTO "Account" VALUES(42,'','Fletcher, Stewart and Gallegos','012P0000003O1wWIAS','False','','0.0','','','','','','','0.0','','0.0','','','','0.0','','','0.0','0.0','0.0','0.0','0.0','0.0','0.0','0.0','0.0','0.0','','0.0','0.0','0.0','','False','','','','','','False','','','','','','','','','');
INSERT INTO "Account" VALUES(43,'','Mcguire PLC','012P0000003O1wVIAS','True','Household Account','0.0','','','','','','','0.0','','0.0','','','','0.0','','','0.0','0.0','0.0','0.0','0.0','0.0','0.0','0.0','0.0','0.0','','0.0','0.0','0.0','','False','','','','','','False','','','','','','','','','');
INSERT INTO "Account" VALUES(44,'','Hull','012P0000003O1wWIAS','False','','0.0','','','','','','','0.0','','0.0','','','','0.0','','','0.0','0.0','0.0','0.0','0.0','0.0','0.0','0.0','0.0','0.0','','0.0','0.0','0.0','','False','','','','','','False','','','','','','','','','');
INSERT INTO "Account" VALUES(45,'','Reid and Sons','012P0000003O1wWIAS','False','Without community either wide school until learn. Available he according process film.','0.0','39881.0','2019','2021-10-20','Into bit after space. Military born sell skill part other.','7188491292','Open election understand. Military provide part major school performance under threat.','0.0','2021-08-06','0.0','2021-11-17','Adult carry paper word. Expert international heart provide.','Material nice art church. Happen tax simply class figure. Now such future within.','0.0','2022-05-25','2022-04-07','0.0','0.0','0.0','0.0','0.0','0.0','0.0','0.0','0.0','0.0','Formal_Greeting__c','0.0','0.0','0.0','Animal Welfare','False','Henry Gomez IV','25089.0','54953.0','13400.0','Someone agent rock. Sign under amount social. Wind hospital author peace cover report goal.','False','berggrace@example.org','2022-04-11','73.0','123.975.7680x80765','Manage television and. Each citizen anyone reason begin country several.','423.0','','','');
INSERT INTO "Account" VALUES(46,'','Drew and Peggy Household','012P0000003O1wVIAS','True','Household Account','0.0','','','','Prof. Andrews Aimee, Goodwin Drew and Holmes Peggy','','Andrews, Goodwin and Holmes','0.0','','0.0','','','','0.0','','','0.0','0.0','0.0','0.0','0.0','0.0','0.0','0.0','0.0','0.0','','0.0','0.0','0.0','','False','','','','','','False','','','','','','3.0','','89','');
INSERT INTO "Account" VALUES(47,'','Andrews PLC','012P0000003O1wWIAS','False','','0.0','','','','','','','0.0','','0.0','','','','0.0','','','0.0','0.0','0.0','0.0','0.0','0.0','0.0','0.0','0.0','0.0','','0.0','0.0','0.0','','False','','','','','','False','','','','','','','','','');
INSERT INTO "Account" VALUES(48,'','Frank, Mathew and Tracy Household','012P0000003O1wVIAS','True','Household Account','0.0','','','','Dr. Gutierrez Connor, Prof. Pope Frank, Dr. Drake Kathy, Hays Mathew and Dixon Tracy','','Gutierrez, Drake, Hays and Dixon','0.0','','0.0','','','','0.0','','','0.0','0.0','0.0','0.0','0.0','0.0','0.0','0.0','0.0','0.0','','0.0','0.0','0.0','','False','','','','','','False','','','','','','5.0','','4','');
INSERT INTO "Account" VALUES(49,'','Wade, Chung and Spencer','012P0000003O1wWIAS','False','','0.0','','','','','','','0.0','','0.0','','','','0.0','','','0.0','0.0','0.0','0.0','0.0','0.0','0.0','0.0','0.0','0.0','','0.0','0.0','0.0','','False','','','','','','False','','','','','','','','','');
INSERT INTO "Account" VALUES(50,'','Briana and Kristy Household','012P0000003O1wVIAS','True','Household Account','0.0','','','','Hester Briana and Little Kristy','','Hester and Little','0.0','','0.0','','','','0.0','','','0.0','0.0','0.0','0.0','0.0','0.0','0.0','0.0','0.0','0.0','','0.0','0.0','0.0','','False','','','','','','False','','','','','','2.0','','6','');
INSERT INTO "Account" VALUES(51,'','Carroll-Merritt','012P0000003O1wWIAS','False','','0.0','','','','','','','0.0','','0.0','','','','0.0','','','0.0','0.0','0.0','0.0','0.0','0.0','0.0','0.0','0.0','0.0','','0.0','0.0','0.0','','False','','','','','','False','','','','','','','','','');
INSERT INTO "Account" VALUES(52,'','Erin and Kerri Household','012P0000003O1wVIAS','True','Household Account','0.0','','','','Mrs. Holloway Leonard, Mr. Evans Angel, Jordan Erin and Summers Kerri','','Holloway, Evans, Jordan and Summers','0.0','','0.0','','','','0.0','','','0.0','0.0','0.0','0.0','0.0','0.0','0.0','0.0','0.0','0.0','','0.0','0.0','0.0','','False','','','','','','False','','','','','','4.0','','10','');
INSERT INTO "Account" VALUES(53,'','Bright Inc','012P0000003O1wWIAS','False','','0.0','','','','','','','0.0','','0.0','','','','0.0','','','0.0','0.0','0.0','0.0','0.0','0.0','0.0','0.0','0.0','0.0','','0.0','0.0','0.0','','False','','','','','','False','','','','','','','','','');
INSERT INTO "Account" VALUES(54,'','The Household','012P0000003O1wVIAS','True','Household Account','0.0','','','','','','','0.0','','0.0','','','','0.0','','','0.0','0.0','0.0','0.0','0.0','0.0','0.0','0.0','0.0','0.0','','0.0','0.0','0.0','','False','','','','','','False','','','','','','','','','');
INSERT INTO "Account" VALUES(55,'','Jones-Gates','012P0000003O1wWIAS','False','','0.0','','','','','','','0.0','','0.0','','','','0.0','','','0.0','0.0','0.0','0.0','0.0','0.0','0.0','0.0','0.0','0.0','','0.0','0.0','0.0','','False','','','','','','False','','','','','','','','','');
INSERT INTO "Account" VALUES(56,'','Lonnie, Jared, Trevor and Hunter Household','012P0000003O1wVIAS','True','Household Account','0.0','','','','Sexton Trevor and Warren Hunter','','Chase, Bonilla, Sexton and Warren','0.0','','0.0','','','','0.0','','','0.0','0.0','0.0','0.0','0.0','0.0','0.0','0.0','0.0','0.0','','0.0','0.0','0.0','','False','','','','','','False','','','','','','4.0','','14','');
INSERT INTO "Account" VALUES(57,'','Parrish, Yu and Mathews','012P0000003O1wWIAS','False','','0.0','','','','','','','0.0','','0.0','','','','0.0','','','0.0','0.0','0.0','0.0','0.0','0.0','0.0','0.0','0.0','0.0','','0.0','0.0','0.0','','False','','','','','','False','','','','','','','','','');
INSERT INTO "Account" VALUES(58,'contact@pdc.com','Pacheco, Douglas and Copeland','012P0000003O1wWIAS','False','','0.0','','','','','','','0.0','','0.0','','','','0.0','','','0.0','0.0','0.0','0.0','0.0','0.0','0.0','0.0','0.0','0.0','','0.0','0.0','0.0','','False','','','','','','False','','','','','','','','15','');
INSERT INTO "Account" VALUES(59,'','Billy, Tabitha and Cory Household','012P0000003O1wVIAS','True','Household Account','0.0','','','','Oconnor Tabitha and Wagner Cory','','Santana, Oconnor and Wagner','0.0','','0.0','','','','0.0','','','0.0','0.0','0.0','0.0','0.0','0.0','0.0','0.0','0.0','0.0','','0.0','0.0','0.0','','False','','','','','','False','','','','','','3.0','','18','');
INSERT INTO "Account" VALUES(60,'','Ramsey Ltd','012P0000003O1wWIAS','False','','0.0','','','','','','','0.0','','0.0','','','','0.0','','','0.0','0.0','0.0','0.0','0.0','0.0','0.0','0.0','0.0','0.0','','0.0','0.0','0.0','','False','','','','','','False','','','','','','','','','');
INSERT INTO "Account" VALUES(61,'','The Household','012P0000003O1wVIAS','True','Household Account','0.0','','','','','','','0.0','','0.0','','','','0.0','','','0.0','0.0','0.0','0.0','0.0','0.0','0.0','0.0','0.0','0.0','','0.0','0.0','0.0','','False','','','','','','False','','','','','','','','','');
INSERT INTO "Account" VALUES(62,'','Wagner, Barr and Donovan','012P0000003O1wWIAS','False','','0.0','','','','','','','0.0','','0.0','','','','0.0','','','0.0','0.0','0.0','0.0','0.0','0.0','0.0','0.0','0.0','0.0','','0.0','0.0','0.0','','False','','','','','','False','','','','','','','','','');
INSERT INTO "Account" VALUES(63,'','Cox PLC','012P0000003O1wVIAS','True','Household Account','0.0','','','','','','','0.0','','0.0','','','','0.0','','','0.0','0.0','0.0','0.0','0.0','0.0','0.0','0.0','0.0','0.0','','0.0','0.0','0.0','','False','','','','','','False','','','','','','','','','');
INSERT INTO "Account" VALUES(64,'','Mercado','012P0000003O1wWIAS','False','','0.0','','','','','','','0.0','','0.0','','','','0.0','','','0.0','0.0','0.0','0.0','0.0','0.0','0.0','0.0','0.0','0.0','','0.0','0.0','0.0','','False','','','','','','False','','','','','','','','','');
INSERT INTO "Account" VALUES(65,'','Coleman-Cantrell','012P0000003O1wWIAS','False','Over much happy board raise this away. Race operation it style family rise.','0.0','19720.0','1990','2021-07-18','Hotel think civil purpose financial need ahead. Sell top myself. Board now on.','028-420-3973x40456','Drop consumer ball may live wonder. Us place street continue.','0.0','2022-02-05','0.0','2021-12-06','Seat of look. Station what first than board.','Third true head order go reality manager. Price side south item.','0.0','2022-02-24','2021-09-11','0.0','0.0','0.0','0.0','0.0','0.0','0.0','0.0','0.0','0.0','Formal_Greeting__c','0.0','0.0','0.0','Human Services','False','Mr. Leroy Kirk PhD','36853.0','67642.0','12388.0','Last school professor agree space. Education third just personal read.','False','zimmermancolleen@example.org','2022-03-06','15.0','001-080-794-6766x91558','Plant to mention language put necessary. Most hit each interview receive.','43834.0','','','');
INSERT INTO "Account" VALUES(66,'','Clinton and Patty Household','012P0000003O1wVIAS','True','Household Account','0.0','','','','Mrs. Oliver Gabriella, Prof. Craig Tanner, Hancock Clinton and Lindsey Patty','','Oliver, Craig, Hancock and Lindsey','0.0','','0.0','','','','0.0','','','0.0','0.0','0.0','0.0','0.0','0.0','0.0','0.0','0.0','0.0','','0.0','0.0','0.0','','False','','','','','','False','','','','','','4.0','','26','');
INSERT INTO "Account" VALUES(67,'','Patton-Giles','012P0000003O1wWIAS','False','','0.0','','','','','','','0.0','','0.0','','','','0.0','','','0.0','0.0','0.0','0.0','0.0','0.0','0.0','0.0','0.0','0.0','','0.0','0.0','0.0','','False','','','','','','False','','','','','','','','','');
INSERT INTO "Account" VALUES(68,'','Cory, Rebecca, Sheena and Marisa Household','012P0000003O1wVIAS','True','Household Account','0.0','','','','Church Sheena and Joyce Marisa','','Bishop, Cohen, Church and Joyce','0.0','','0.0','','','','0.0','','','0.0','0.0','0.0','0.0','0.0','0.0','0.0','0.0','0.0','0.0','','0.0','0.0','0.0','','False','','','','','','False','','','','','','4.0','','30','');
INSERT INTO "Account" VALUES(69,'','Carr Group','012P0000003O1wWIAS','False','','0.0','','','','','','','0.0','','0.0','','','','0.0','','','0.0','0.0','0.0','0.0','0.0','0.0','0.0','0.0','0.0','0.0','','0.0','0.0','0.0','','False','','','','','','False','','','','','','','','','');
INSERT INTO "Account" VALUES(70,'','Sylvia and Jaime Household','012P0000003O1wVIAS','True','Household Account','0.0','','','','Andrews Sylvia and Guerrero Jaime','','Andrews and Guerrero','0.0','','0.0','','','','0.0','','','0.0','0.0','0.0','0.0','0.0','0.0','0.0','0.0','0.0','0.0','','0.0','0.0','0.0','','False','','','','','','False','','','','','','2.0','','32','');
INSERT INTO "Account" VALUES(71,'','Duarte-Hatfield','012P0000003O1wWIAS','False','','0.0','','','','','','','0.0','','0.0','','','','0.0','','','0.0','0.0','0.0','0.0','0.0','0.0','0.0','0.0','0.0','0.0','','0.0','0.0','0.0','','False','','','','','','False','','','','','','','','','');
INSERT INTO "Account" VALUES(72,'','Warren, Cindy, Reginald, Eileen and Andrew Household','012P0000003O1wVIAS','True','Household Account','0.0','','','','Dr. Pearson Warren, Mr. Terry Cindy, Conrad Eileen and Montoya Andrew','','Flowers, Conrad and Montoya','0.0','','0.0','','','','0.0','','','0.0','0.0','0.0','0.0','0.0','0.0','0.0','0.0','0.0','0.0','','0.0','0.0','0.0','','False','','','','','','False','','','','','','5.0','','37','');
INSERT INTO "Account" VALUES(73,'','Richardson PLC','012P0000003O1wWIAS','False','','0.0','','','','','','','0.0','','0.0','','','','0.0','','','0.0','0.0','0.0','0.0','0.0','0.0','0.0','0.0','0.0','0.0','','0.0','0.0','0.0','','False','','','','','','False','','','','','','','','','');
INSERT INTO "Account" VALUES(74,'','The Household','012P0000003O1wVIAS','True','Household Account','0.0','','','','','','','0.0','','0.0','','','','0.0','','','0.0','0.0','0.0','0.0','0.0','0.0','0.0','0.0','0.0','0.0','','0.0','0.0','0.0','','False','','','','','','False','','','','','','','','','');
INSERT INTO "Account" VALUES(75,'','Calderon, Ayala and Clark','012P0000003O1wWIAS','False','','0.0','','','','','','','0.0','','0.0','','','','0.0','','','0.0','0.0','0.0','0.0','0.0','0.0','0.0','0.0','0.0','0.0','','0.0','0.0','0.0','','False','','','','','','False','','','','','','','','','');
INSERT INTO "Account" VALUES(76,'','Debbie, Mike and Phyllis Household','012P0000003O1wVIAS','True','Household Account','0.0','','','','Copeland Mike and Anderson Phyllis','','Figueroa, Copeland and Anderson','0.0','','0.0','','','','0.0','','','0.0','0.0','0.0','0.0','0.0','0.0','0.0','0.0','0.0','0.0','','0.0','0.0','0.0','','False','','','','','','False','','','','','','3.0','','40','');
INSERT INTO "Account" VALUES(77,'','Orr-Blankenship','012P0000003O1wWIAS','False','','0.0','','','','','','','0.0','','0.0','','','','0.0','','','0.0','0.0','0.0','0.0','0.0','0.0','0.0','0.0','0.0','0.0','','0.0','0.0','0.0','','False','','','','','','False','','','','','','','','','');
INSERT INTO "Account" VALUES(78,'contact@peck-powers.com','Peck-Powers','012P0000003O1wWIAS','False','','0.0','','','','','','','0.0','','0.0','','','','0.0','','','0.0','0.0','0.0','0.0','0.0','0.0','0.0','0.0','0.0','0.0','','0.0','0.0','0.0','','False','','','','','','False','','','','','','','','41','');
INSERT INTO "Account" VALUES(79,'','Bob, Diane and Jackson Household','012P0000003O1wVIAS','True','Household Account','0.0','','','','Prof. English Cynthia, Dr. Schultz Becky, Garza Diane and Mitchell Jackson','','English, Atkinson, Schultz, Garza and Mitchell','0.0','','0.0','','','','0.0','','','0.0','0.0','0.0','0.0','0.0','0.0','0.0','0.0','0.0','0.0','','0.0','0.0','0.0','','False','','','','','','False','','','','','','5.0','','46','');
INSERT INTO "Account" VALUES(80,'','Rush, Randolph and Morris','012P0000003O1wWIAS','False','','0.0','','','','','','','0.0','','0.0','','','','0.0','','','0.0','0.0','0.0','0.0','0.0','0.0','0.0','0.0','0.0','0.0','','0.0','0.0','0.0','','False','','','','','','False','','','','','','','','','');
INSERT INTO "Account" VALUES(81,'','Sample Account for Entitlements','','False','','','','','','','','','','','','','','','','','','','','','','','','','','','','','','','','','False','','','','','','False','','','','','','','','','');
CREATE TABLE "Account_rt_mapping" (
	record_type_id VARCHAR(18) NOT NULL, 
	developer_name VARCHAR(255), 
	PRIMARY KEY (record_type_id)
);
INSERT INTO "Account_rt_mapping" VALUES('012P0000003O1wQIAS','Default');
INSERT INTO "Account_rt_mapping" VALUES('012P0000003O1wVIAS','HH_Account');
INSERT INTO "Account_rt_mapping" VALUES('012P0000003O1wWIAS','Organization');
CREATE TABLE "BackgroundCheck__c" (
	id INTEGER NOT NULL, 
	"Date__c" VARCHAR(255), 
	"Notes__c" VARCHAR(255), 
	"Status__c" VARCHAR(255), 
	"Contact__c" VARCHAR(255), 
	PRIMARY KEY (id)
);
INSERT INTO "BackgroundCheck__c" VALUES(1,'2020-12-22','Within participant they window run call often. Consider better ok. I lose north hear. Old yet miss surface dog crime.','Fail','71');
INSERT INTO "BackgroundCheck__c" VALUES(2,'2021-02-11','Local large far create finally if. Almost speech exactly.','Fail','19');
INSERT INTO "BackgroundCheck__c" VALUES(3,'2021-03-21','Message back space thought wish involve. Method figure camera nation official nothing foreign.','Pending','88');
INSERT INTO "BackgroundCheck__c" VALUES(4,'2020-02-27','Item within budget production goal. Modern song political offer yes run movement special. Return factor only husband describe most player.','Pass','26');
CREATE TABLE "Campaign" (
	id INTEGER NOT NULL, 
	"Name" VARCHAR(255), 
	PRIMARY KEY (id)
);
INSERT INTO "Campaign" VALUES(1,'The Campaign');
INSERT INTO "Campaign" VALUES(2,'The Campaign');
CREATE TABLE "Contact" (
	id INTEGER NOT NULL, 
	"ADSiMApplicationReceived__c" VARCHAR(255), 
	"ADSiMPreApplicationReceived__c" VARCHAR(255), 
	"ADSiMProgAgreementReceived__c" VARCHAR(255), 
	"BoardAgreementReceived__c" VARCHAR(255), 
	"BoardApplicationReceived__c" VARCHAR(255), 
	"BoardCoIReceived__c" VARCHAR(255), 
	"BoardMemberAcceptedDate__c" VARCHAR(255), 
	"BoardMemberStatus__c" VARCHAR(255), 
	"BoardResumeReceived__c" VARCHAR(255), 
	"BoardToNReceived__c" VARCHAR(255), 
	"ClientApplicationReceived__c" VARCHAR(255), 
	"ClientCertAgreementReceived__c" VARCHAR(255), 
	"ClientLOMIReceived__c" VARCHAR(255), 
	"ClientMedicalDevices__c" VARCHAR(255), 
	"ClientPreApplicationReceived__c" VARCHAR(255), 
	"ClientProgAgreementReceived__c" VARCHAR(255), 
	"ClientStatus__c" VARCHAR(255), 
	"ClientSurveyReceived__c" VARCHAR(255), 
	"ClientVAPWReceived__c" VARCHAR(255), 
	"CriminalConviction__c" VARCHAR(255), 
	"DateStarted__c" VARCHAR(255), 
	"Email" VARCHAR(255), 
	"FacilitatorApplicationReceived__c" VARCHAR(255), 
	"FacilitatorCertAgreementReceived__c" VARCHAR(255), 
	"FacilitatorInfrNoticeReceived__c" VARCHAR(255), 
	"FacilitatorPracticumReceived__c" VARCHAR(255), 
	"FacilitatorProfGrowthPlanReceived__c" VARCHAR(255), 
	"FacilitatorProgAgreementReceived__c" VARCHAR(255), 
	"FacilitatorReferenceReceived__c" VARCHAR(255), 
	"FacilitatorStatus__c" VARCHAR(255), 
	"FirstName" VARCHAR(255), 
	"GW_Volunteers__Volunteer_Auto_Reminder_Email_Opt_Out__c" VARCHAR(255), 
	"GW_Volunteers__Volunteer_Availability__c" VARCHAR(255), 
	"GW_Volunteers__Volunteer_Last_Web_Signup_Date__c" VARCHAR(255), 
	"GW_Volunteers__Volunteer_Manager_Notes__c" VARCHAR(255), 
	"GW_Volunteers__Volunteer_Notes__c" VARCHAR(255), 
	"GW_Volunteers__Volunteer_Organization__c" VARCHAR(255), 
	"GW_Volunteers__Volunteer_Skills__c" VARCHAR(255), 
	"GW_Volunteers__Volunteer_Status__c" VARCHAR(255), 
	"Language__c" VARCHAR(255), 
	"LastName" VARCHAR(255), 
	"LeadComments__c" VARCHAR(255), 
	"LeadFacilitatorStatus__c" VARCHAR(255), 
	"LeadInterest__c" VARCHAR(255), 
	"LeadSourceOther__c" VARCHAR(255), 
	"OtherLanguages__c" VARCHAR(255), 
	"Phone" VARCHAR(255), 
	"Positions__c" VARCHAR(255), 
	"PronounOther__c" VARCHAR(255), 
	"Pronoun__c" VARCHAR(255), 
	"PuppyApplicationReceived__c" VARCHAR(255), 
	"PuppyCertAgreementReceived__c" VARCHAR(255), 
	"PuppyInfrNoticeReceived__c" VARCHAR(255), 
	"PuppyProgAgreementReceived__c" VARCHAR(255), 
	"PuppyRaiserStatus__c" VARCHAR(255), 
	"PuppyReferenceReceived__c" VARCHAR(255), 
	"StaffAgreementReceived__c" VARCHAR(255), 
	"StaffApplicationReceived__c" VARCHAR(255), 
	"StaffI9Received__c" VARCHAR(255), 
	"StaffOfferReceived__c" VARCHAR(255), 
	"StaffResumeReceived__c" VARCHAR(255), 
	"StaffW4Received__c" VARCHAR(255), 
	"TSiMApplicationReceived__c" VARCHAR(255), 
	"TSiMProgAgreementReceived__c" VARCHAR(255), 
	"TrainerApplicationReceived__c" VARCHAR(255), 
	"TrainerBoardTrain__c" VARCHAR(255), 
	"TrainerCertAgreementReceived__c" VARCHAR(255), 
	"TrainerInfrNoticeReceived__c" VARCHAR(255), 
	"TrainerProgAgreementReceived__c" VARCHAR(255), 
	"TrainerReferenceReceived__c" VARCHAR(255), 
	"TrainerSpecialties__c" VARCHAR(255), 
	"TrainerStatus__c" VARCHAR(255), 
	"VolunteerAccess__c" VARCHAR(255), 
	"VolunteerAgreementReceived__c" VARCHAR(255), 
	"VolunteerApplicationReceived__c" VARCHAR(255), 
	"VolunteerFocus__c" VARCHAR(255), 
	"VolunteerResumeReceived__c" VARCHAR(255), 
	"npe01__AlternateEmail__c" VARCHAR(255), 
	"npe01__HomeEmail__c" VARCHAR(255), 
	"npe01__PreferredPhone__c" VARCHAR(255), 
	"npe01__Preferred_Email__c" VARCHAR(255), 
	"npe01__Primary_Address_Type__c" VARCHAR(255), 
	"npe01__Private__c" VARCHAR(255), 
	"npe01__Secondary_Address_Type__c" VARCHAR(255), 
	"npe01__WorkEmail__c" VARCHAR(255), 
	"npe01__WorkPhone__c" VARCHAR(255), 
	"npo02__AverageAmount__c" VARCHAR(255), 
	"npo02__Best_Gift_Year_Total__c" VARCHAR(255), 
	"npo02__Best_Gift_Year__c" VARCHAR(255), 
	"npo02__FirstCloseDate__c" VARCHAR(255), 
	"npo02__Household_Naming_Order__c" VARCHAR(255), 
	"npo02__LargestAmount__c" VARCHAR(255), 
	"npo02__LastCloseDate__c" VARCHAR(255), 
	"npo02__LastMembershipAmount__c" VARCHAR(255), 
	"npo02__LastMembershipDate__c" VARCHAR(255), 
	"npo02__LastMembershipLevel__c" VARCHAR(255), 
	"npo02__LastMembershipOrigin__c" VARCHAR(255), 
	"npo02__LastOppAmount__c" VARCHAR(255), 
	"npo02__MembershipEndDate__c" VARCHAR(255), 
	"npo02__MembershipJoinDate__c" VARCHAR(255), 
	"npo02__Naming_Exclusions__c" VARCHAR(255), 
	"npo02__NumberOfClosedOpps__c" VARCHAR(255), 
	"npo02__NumberOfMembershipOpps__c" VARCHAR(255), 
	"npo02__OppAmount2YearsAgo__c" VARCHAR(255), 
	"npo02__OppAmountLastNDays__c" VARCHAR(255), 
	"npo02__OppAmountLastYear__c" VARCHAR(255), 
	"npo02__OppAmountThisYear__c" VARCHAR(255), 
	"npo02__OppsClosed2YearsAgo__c" VARCHAR(255), 
	"npo02__OppsClosedLastNDays__c" VARCHAR(255), 
	"npo02__OppsClosedLastYear__c" VARCHAR(255), 
	"npo02__OppsClosedThisYear__c" VARCHAR(255), 
	"npo02__SmallestAmount__c" VARCHAR(255), 
	"npo02__Soft_Credit_Last_Year__c" VARCHAR(255), 
	"npo02__Soft_Credit_This_Year__c" VARCHAR(255), 
	"npo02__Soft_Credit_Total__c" VARCHAR(255), 
	"npo02__Soft_Credit_Two_Years_Ago__c" VARCHAR(255), 
	"npo02__TotalMembershipOppAmount__c" VARCHAR(255), 
	"npo02__TotalOppAmount__c" VARCHAR(255), 
	"npsp__Deceased__c" VARCHAR(255), 
	"npsp__Do_Not_Contact__c" VARCHAR(255), 
	"npsp__Exclude_from_Household_Formal_Greeting__c" VARCHAR(255), 
	"npsp__Exclude_from_Household_Informal_Greeting__c" VARCHAR(255), 
	"npsp__Exclude_from_Household_Name__c" VARCHAR(255), 
	"npsp__First_Soft_Credit_Amount__c" VARCHAR(255), 
	"npsp__First_Soft_Credit_Date__c" VARCHAR(255), 
	"npsp__Largest_Soft_Credit_Amount__c" VARCHAR(255), 
	"npsp__Largest_Soft_Credit_Date__c" VARCHAR(255), 
	"npsp__Last_Soft_Credit_Amount__c" VARCHAR(255), 
	"npsp__Last_Soft_Credit_Date__c" VARCHAR(255), 
	"npsp__Number_of_Soft_Credits_Last_N_Days__c" VARCHAR(255), 
	"npsp__Number_of_Soft_Credits_Last_Year__c" VARCHAR(255), 
	"npsp__Number_of_Soft_Credits_This_Year__c" VARCHAR(255), 
	"npsp__Number_of_Soft_Credits_Two_Years_Ago__c" VARCHAR(255), 
	"npsp__Number_of_Soft_Credits__c" VARCHAR(255), 
	"npsp__Soft_Credit_Last_N_Days__c" VARCHAR(255), 
	"npsp__is_Address_Override__c" VARCHAR(255), 
	"AccountId" VARCHAR(255), 
	"ReportsToId" VARCHAR(255), 
	"npo02__Household__c" VARCHAR(255), 
	"npsp__Batch__c" VARCHAR(255), 
	"npsp__Current_Address__c" VARCHAR(255), 
	"npsp__Primary_Affiliation__c" VARCHAR(255), 
	PRIMARY KEY (id)
);
INSERT INTO "Contact" VALUES(1,'','','','','','','','','','','','','','','','','','','','False','','m+hays2@example.org','','','','','','','','','Hays','False','','','','','','','','','Mathew','','','','','','(364)177-4816x210','','','','','','','','','','','','','','','','','','','False','','','','','','','','','','','','mhays2001@example.net','m+hays2@example.org','Home','Personal','','False','Home','ma.hays82@example.com','835-960-9228','0.0','','','','','0.0','','0.0','','','','0.0','','','','0.0','0.0','0.0','0.0','0.0','0.0','0.0','0.0','0.0','0.0','0.0','','','','','0.0','0.0','False','False','False','False','False','','','','','','','','','','','','0.0','False','48','','','','','');
INSERT INTO "Contact" VALUES(2,'','','','','','','','None','','','','','','Show remain cost.','','','Onboarding','','','True','2021-09-27','f-pope6@example.com','','','','','','','','Inactive','Pope','False','','','','Smile much bed away analysis hair. Program particularly near play age. Also now film your here reflect individual.','','Writing/Communications','Initial Inquiry','English','Frank','Her nearly seem. Assume matter book list there mean.','Inactive','Sweet Snoopers Training Program','Gentry Group','Vietnamese','+1-711-088-0092','Volunteer;Team Facilitator','Happy.','Specify','','','','','None','','','','','','','','','','','False','','','','','Mobility','Inactive','Sensitive Info- Board','','','','','frpope42@example.net','f-pope6@example.com','Home','Personal','Home','False','Home','fr+pope1972@example.net','1661140069','0.0','60666.0','1971','2021-07-21','34381.0','0.0','2022-04-26','0.0','2021-11-23','Form where for can almost. Run discussion at be return.','Yard commercial minute green. Southern our property central.','0.0','2022-06-04','2021-11-09','Household__c.Informal_Greeting__c','0.0','0.0','0.0','0.0','0.0','0.0','0.0','0.0','0.0','0.0','0.0','5685.0','92461.0','78190.0','27388.0','0.0','0.0','False','False','False','True','False','33390.0','2022-02-23','24151.0','2021-11-16','3037.0','','85459.0','9694.0','82964.0','86454.0','84902.0','0.0','False','48','','','','17','');
INSERT INTO "Contact" VALUES(3,'','','','','','','','Active','','','','','','Long together focus time reason whatever.','','','None','','','True','2015-02-02','c-gutierrez1966@example.com','','','','','','','','Initial Inquiry','Gutierrez','False','','','','Send laugh mention suddenly. Data possible down suffer forget away. Note air partner role.','','Writing/Communications','Onboarding','English','Connor','Nearly card deep edge into soon her gas. Son talk end job little pay. Name Mrs physical.','None','Sweet Snoopers Training Program','Odonnell, Dominguez and Espinoza','Spanish','333-929-1634x2140','Volunteer','Military.','They/Them','','','','','Onboarding','','','','','','','','','','','False','','','','','Autism','Inactive','Active Projects- Scholarships','','','','','connor_gutierrez5@example.net','c-gutierrez1966@example.com','Home','Personal','Home','False','Work','c.gutierrez@example.net','9626391035','0.0','62609.0','1974','2022-04-28','33635.0','0.0','2021-11-29','0.0','2021-08-21','Cell improve quality listen.','Positive many brother fight. Stay manager already financial wind tax certain.','0.0','2022-06-07','2022-06-22','Household__c.Name','0.0','0.0','0.0','0.0','0.0','0.0','0.0','0.0','0.0','0.0','0.0','76053.0','71930.0','30535.0','79334.0','0.0','0.0','False','False','False','False','True','8754.0','2022-02-26','28611.0','2021-10-02','73518.0','','17144.0','78734.0','99760.0','9217.0','15882.0','0.0','False','48','','','','17','');
INSERT INTO "Contact" VALUES(4,'','','','','','','','Onboarding','','','','','','Government class employee society.','','','On Hold','','','False','2004-02-29','k_drake94@example.org','','','','','','','','In Training','Drake','False','','','','Contain build take case. Follow capital unit two speak green institution almost.','','Fundraising/Grants','Active','English','Kathy','Difference of ask foreign. Agreement beyond seat.','None','Team Facilitator Certification','Matthews Inc','Vietnamese','+1-190-711-4031','Trainer;Client','Add.','She/Her','','','','','None','','','','','','','','','','','False','','','','','Mobility','Onboarding','Sensitive Info- Trainer','','','','','kathy_drake1980@example.org','k_drake94@example.org','Home','Personal','Home','False','Other','kathydrake1@example.net','+1-850-183-7576x3699','0.0','77196.0','1972','2021-08-08','87402.0','0.0','2021-09-01','0.0','2022-05-13','Owner situation size prepare fly. Life room measure guess.','We across great note player radio. Part success enjoy wide. Center entire system.','0.0','2022-04-13','2021-07-19','Household__c.Name','0.0','0.0','0.0','0.0','0.0','0.0','0.0','0.0','0.0','0.0','0.0','95569.0','98662.0','9408.0','85178.0','0.0','0.0','False','False','False','False','True','98725.0','2022-02-04','20402.0','2022-02-27','57426.0','','20412.0','30332.0','95703.0','42537.0','87856.0','0.0','False','48','','','','17','');
INSERT INTO "Contact" VALUES(5,'','','','','','','','','','','','','','','','','','','','False','','kr-little2@example.org','','','','','','','','','Little','False','','','','','','','','','Kristy','','','','','','+1-053-767-9562x56207','','','','','','','','','','','','','','','','','','','False','','','','','','','','','','','','k.little46@example.org','kr-little2@example.org','Home','Personal','','False','Work','kristy.little1@example.org','(196)016-1127x29425','0.0','','','','','0.0','','0.0','','','','0.0','','','','0.0','0.0','0.0','0.0','0.0','0.0','0.0','0.0','0.0','0.0','0.0','','','','','0.0','0.0','False','False','False','False','False','','','','','','','','','','','','0.0','False','50','','','','','');
INSERT INTO "Contact" VALUES(6,'','','','','','','','','','','','','','','','','','','','False','','briana+hester67@example.com','','','','','','','','','Hester','False','','','','','','','','','Briana','','','','','','262.971.9908x565','','','','','','','','','','','','','','','','','','','False','','','','','','','','','','','','brhester@example.org','briana+hester67@example.com','Home','Personal','','False','Work','bhester@example.com','001-996-732-3409x44731','0.0','','','','','0.0','','0.0','','','','0.0','','','','0.0','0.0','0.0','0.0','0.0','0.0','0.0','0.0','0.0','0.0','0.0','','','','','0.0','0.0','False','False','False','False','False','','','','','','','','','','','','0.0','False','50','','','','','');
INSERT INTO "Contact" VALUES(7,'','','','','','','','','','','','','','','','','','','','False','','erin.jordan5@example.com','','','','','','','','','Jordan','False','','','','','','','','','Erin','','','','','','+1-287-133-3462','','','','','','','','','','','','','','','','','','','False','','','','','','','','','','','','erin_jordan@example.net','erin.jordan5@example.com','Home','Personal','','False','Other','e-jordan1953@example.org','+1-716-939-4382','0.0','','','','','0.0','','0.0','','','','0.0','','','','0.0','0.0','0.0','0.0','0.0','0.0','0.0','0.0','0.0','0.0','0.0','','','','','0.0','0.0','False','False','False','False','False','','','','','','','','','','','','0.0','False','52','','','','','');
INSERT INTO "Contact" VALUES(8,'','','','','','','','','','','','','','','','','','','','False','','kesummers93@example.com','','','','','','','','','Summers','False','','','','','','','','','Kerri','','','','','','802.566.7049x59199','','','','','','','','','','','','','','','','','','','False','','','','','','','','','','','','k_summers97@example.net','kesummers93@example.com','Home','Personal','','False','Work','ke_summers1964@example.com','045-085-6399','0.0','','','','','0.0','','0.0','','','','0.0','','','','0.0','0.0','0.0','0.0','0.0','0.0','0.0','0.0','0.0','0.0','0.0','','','','','0.0','0.0','False','False','False','False','False','','','','','','','','','','','','0.0','False','52','','','','','');
INSERT INTO "Contact" VALUES(9,'','','','','','','','Onboarding','','','','','','Information represent month.','','','Initial Inquiry','','','False','2021-01-19','angel+evans@example.net','','','','','','','','None','Evans','False','','','','Picture sport get interview. Police fill far just color. Serious today then car loss whose official election.','','SEO','Onboarding','English','Angel','Develop watch detail responsibility evidence pull head. Bad later fast away then attack just.','Active','Assistance Dogs Set in Motion Program','Bauer-Pierce','English','(676)206-3770x31286','Puppy Raiser','After.','She/Her','','','','','Onboarding','','','','','','','','','','','False','','','','','Medical Incident Assist','Suspended','Active Projects- Branding and Marketing','','','','','an-evans2012@example.net','angel+evans@example.net','Home','Personal','Home','False','Home','a.evans1969@example.org','001-745-692-7555x7731','0.0','74099.0','1992','2022-02-15','58992.0','0.0','2021-09-15','0.0','2022-04-06','Morning set table.','Color around consumer several something suggest. Realize rock stuff couple. Carry level popular.','0.0','2022-02-13','2022-01-31','Household__c.Name','0.0','0.0','0.0','0.0','0.0','0.0','0.0','0.0','0.0','0.0','0.0','30894.0','83530.0','69320.0','58415.0','0.0','0.0','False','False','False','False','True','18585.0','2021-09-10','24191.0','2021-08-12','59686.0','','54414.0','40234.0','40377.0','66642.0','11362.0','0.0','False','52','','','','19','');
INSERT INTO "Contact" VALUES(10,'','','','','','','','Active','','','','','','Big never money myself when school face.','','','Decertified','','','True','2000-12-26','le+holloway7@example.org','','','','','','','','Suspended','Holloway','False','','','','Finish protect break Democrat across. Necessary nation foot current subject night western.','','Photography/Videography','Inactive','English','Leonard','Sound culture painting organization. Hear focus might among save. Cup not where degree role open question.','Active','Team Facilitator Certification','Alexander Ltd','Russian','(941)715-0071','Trainer;Client','Cost.','They/Them','','','','','In Training','','','','','','','','','','','True','','','','','Hearing Alert','In Training','Board - READ ONLY','','','','','leonard_holloway@example.com','le+holloway7@example.org','Home','Personal','Home','False','Home','leonard+holloway4@example.com','882.749.4007x77347','0.0','78263.0','1984','2022-01-07','56388.0','0.0','2022-04-03','0.0','2021-08-22','Traditional market agree.','Cause easy improve occur stage compare. Create gun popular.','0.0','2022-03-16','2022-05-22','Household__c.Name','0.0','0.0','0.0','0.0','0.0','0.0','0.0','0.0','0.0','0.0','0.0','64211.0','27706.0','19965.0','11786.0','0.0','0.0','False','False','False','False','True','92133.0','2022-05-20','13436.0','2022-03-18','97822.0','','18063.0','56145.0','84024.0','49085.0','13559.0','0.0','False','52','','','','19','');
INSERT INTO "Contact" VALUES(11,'','','','','','','','','','','','','','','','','','','','False','','trevor_sexton88@example.net','','','','','','','','','Sexton','False','','','','','','','','','Trevor','','','','','','001-705-832-0658x09021','','','','','','','','','','','','','','','','','','','False','','','','','','','','','','','','tsexton@example.net','trevor_sexton88@example.net','Home','Personal','','False','Other','tr.sexton@example.org','+1-638-363-6142','0.0','','','','','0.0','','0.0','','','','0.0','','','','0.0','0.0','0.0','0.0','0.0','0.0','0.0','0.0','0.0','0.0','0.0','','','','','0.0','0.0','False','False','False','False','False','','','','','','','','','','','','0.0','False','56','','','','','');
INSERT INTO "Contact" VALUES(12,'','','','','','','','','','','','','','','','','','','','False','','hwarren0@example.com','','','','','','','','','Warren','False','','','','','','','','','Hunter','','','','','','749-972-6466x559','','','','','','','','','','','','','','','','','','','False','','','','','','','','','','','','hunter.warren@example.net','hwarren0@example.com','Home','Personal','','False','Other','huwarren6@example.com','+1-592-513-0719x6921','0.0','','','','','0.0','','0.0','','','','0.0','','','','0.0','0.0','0.0','0.0','0.0','0.0','0.0','0.0','0.0','0.0','0.0','','','','','0.0','0.0','False','False','False','False','False','','','','','','','','','','','','0.0','False','56','','','','','');
INSERT INTO "Contact" VALUES(13,'','','','','','','','Active','','','','','','Whatever suddenly nor position pretty join.','','','Inactive','','','True','2018-09-18','lchase7@example.net','','','','','','','','In Training','Chase','False','','','','Federal probably top time consumer our. Floor information couple space. Scene offer before design local.','','Writing/Communications','Onboarding','Arabic','Lonnie','Anyone development though body she.','Inactive','Volunteering','Hayden, Mann and Maldonado','Korean','297.477.2565','Team Facilitator Lead','Child.','She/Her','','','','','Inactive','','','','','','','','','','','False','','','','','Psychiatric;Autism','Suspended','Active Projects- Branding and Marketing','','','','','lo+chase@example.net','lchase7@example.net','Home','Personal','Home','False','Home','lonnie.chase@example.org','053.699.2863','0.0','64453.0','1984','2021-10-22','29054.0','0.0','2022-03-29','0.0','2021-10-15','North bill threat about nation. South mean follow he where. So true read really else.','Where American power heart measure. Hair him wall sense actually interesting.','0.0','2021-11-04','2022-03-14','Household__c.Formal_Greeting__c','0.0','0.0','0.0','0.0','0.0','0.0','0.0','0.0','0.0','0.0','0.0','51381.0','60169.0','70539.0','89750.0','0.0','0.0','False','False','True','False','False','52249.0','2021-08-08','57090.0','2021-08-14','40971.0','','56576.0','47455.0','30390.0','28067.0','72908.0','0.0','False','56','','','','21','');
INSERT INTO "Contact" VALUES(14,'','','','','','','','Onboarding','','','','','','Read affect artist.','','','Initial Inquiry','','','True','2020-01-28','jared+bonilla78@example.com','','','','','','','','Certified','Bonilla','False','','','','Low add author property protect mind. Page size should child. Service who nor myself let until.','','Administration','Onboarding','Spanish','Jared','Suggest TV same factor relate phone feel. If appear send college indeed.','Inactive','Client Certification','Carrillo and Sons','English','650-402-3026x436','Trainer;Client','Bag clear.','She/Her','','','','','Inactive','','','','','','','','','','','False','','','','','Psychiatric','Onboarding','Operations- Financial','','','','','ja-bonilla10@example.com','jared+bonilla78@example.com','Home','Personal','Home','False','Work','ja-bonilla97@example.com','102-806-9785','0.0','13669.0','1986','2021-10-08','60690.0','0.0','2021-11-10','0.0','2022-06-27','Less why former class. Why whose since opportunity modern write discuss.','Director inside mouth. Land free news spend name main. Against past purpose practice year station.','0.0','2022-06-05','2022-04-24','Household__c.Formal_Greeting__c','0.0','0.0','0.0','0.0','0.0','0.0','0.0','0.0','0.0','0.0','0.0','61685.0','7362.0','18887.0','66985.0','0.0','0.0','False','False','True','False','False','64768.0','2022-05-17','74458.0','2022-03-11','52145.0','','29108.0','62272.0','24981.0','60528.0','6529.0','0.0','False','56','','','','21','');
INSERT INTO "Contact" VALUES(15,'','','','','','','','','','','','','','','','','','','','False','','tr+long@example.net','','','','','','','','','Long','False','','','','','','','','','Travis','','','','','','770.261.6627x09856','','','','','','','','','','','','','','','','','','','False','','','','','','','','','','','','travis.long87@example.org','tr+long@example.net','Home','Personal','Work','False','Home','travis_long8@example.org','+1-197-183-5059x3326','0.0','','','','','0.0','','0.0','','','','0.0','','','','0.0','0.0','0.0','0.0','0.0','0.0','0.0','0.0','0.0','0.0','0.0','','','','','0.0','0.0','False','False','False','False','False','','','','','','','','','','','','0.0','False','58','','','','','');
INSERT INTO "Contact" VALUES(16,'','','','','','','','','','','','','','','','','','','','False','','toconnor2@example.org','','','','','','','','','Oconnor','False','','','','','','','','','Tabitha','','','','','','624.092.8519','','','','','','','','','','','','','','','','','','','False','','','','','','','','','','','','t.oconnor@example.org','toconnor2@example.org','Home','Personal','','False','Other','t.oconnor7@example.org','(691)578-5913','0.0','','','','','0.0','','0.0','','','','0.0','','','','0.0','0.0','0.0','0.0','0.0','0.0','0.0','0.0','0.0','0.0','0.0','','','','','0.0','0.0','False','False','False','False','False','','','','','','','','','','','','0.0','False','59','','','','','');
INSERT INTO "Contact" VALUES(17,'','','','','','','','','','','','','','','','','','','','False','','co_wagner1954@example.org','','','','','','','','','Wagner','False','','','','','','','','','Cory','','','','','','814.005.5497','','','','','','','','','','','','','','','','','','','False','','','','','','','','','','','','cory+wagner58@example.net','co_wagner1954@example.org','Home','Personal','','False','Work','co.wagner77@example.net','095-705-6355x43252','0.0','','','','','0.0','','0.0','','','','0.0','','','','0.0','0.0','0.0','0.0','0.0','0.0','0.0','0.0','0.0','0.0','0.0','','','','','0.0','0.0','False','False','False','False','False','','','','','','','','','','','','0.0','False','59','','','','','');
INSERT INTO "Contact" VALUES(18,'','','','','','','','None','','','','','','Determine north be wonder yard speech.','','','In Training','','','True','2005-03-20','b.santana2001@example.org','','','','','','','','Onboarding','Santana','False','','','','High event car challenge behind where reduce. Today despite tree between.','','Writing/Communications','Active','English','Billy','Number sometimes college chance. Several method analysis sport really above.','None','Sponsorship/Donations','Sherman, Callahan and Ray','Spanish','181.457.7628x2890','Trainer;Client','Treatment.','She/Her','','','','','Onboarding','','','','','','','','','','','False','','','','','Narcolepsy Alert','Onboarding','Board - READ ONLY','','','','','billy_santana85@example.net','b.santana2001@example.org','Home','Personal','Home','False','Other','b+santana5@example.org','+1-665-264-3104x22647','0.0','3004.0','2002','2021-08-07','34069.0','0.0','2022-03-12','0.0','2022-05-05','Recently bar that hour brother. Play particular everyone PM positive treatment.','Recently again guess degree. Material report difference key consumer.','0.0','2022-01-16','2021-07-31','Household__c.Formal_Greeting__c','0.0','0.0','0.0','0.0','0.0','0.0','0.0','0.0','0.0','0.0','0.0','3237.0','12162.0','18541.0','56541.0','0.0','0.0','False','False','True','False','False','70186.0','2022-01-02','61038.0','2022-05-07','49863.0','','76641.0','50303.0','88776.0','62332.0','27001.0','0.0','False','59','','','','22','');
INSERT INTO "Contact" VALUES(19,'','','','','','','','','','','','','','','','','','','','False','','re_casey1991@example.com','','','','','','','','','Casey','False','','','','','','','','','Reginald','','','','','','001-137-272-5865x0029','','','','','','','','','','','','','','','','','','','False','','','','','','','','','','','','reginald-casey69@example.net','re_casey1991@example.com','Home','Personal','','False','Work','reginald.casey@example.net','(691)066-9815x8120','0.0','','','','','0.0','','0.0','','','','0.0','','','','0.0','0.0','0.0','0.0','0.0','0.0','0.0','0.0','0.0','0.0','0.0','','','','','0.0','0.0','False','False','False','False','False','','','','','','','','','','','','0.0','False','6','','','','','');
INSERT INTO "Contact" VALUES(20,'','','','','','','','','','','','','','','','','','','','False','','glennmcfarland7@example.net','','','','','','','','','Mcfarland','False','','','','','','','','','Glenn','','','','','','368.971.3518x55048','','','','','','','','','','','','','','','','','','','False','','','','','','','','','','','','g+mcfarland@example.net','glennmcfarland7@example.net','Home','Personal','','False','Home','glmcfarland1961@example.org','965-015-0384x05970','0.0','','','','','0.0','','0.0','','','','0.0','','','','0.0','0.0','0.0','0.0','0.0','0.0','0.0','0.0','0.0','0.0','0.0','','','','','0.0','0.0','False','False','False','False','False','','','','','','','','','','','','0.0','False','6','','','','','');
INSERT INTO "Contact" VALUES(21,'','','','','','','','Inactive','','','','','','Guess yourself energy quickly.','','','On Hold','','','True','2002-03-09','j.hawkins@example.com','','','','','','','','Initial Inquiry','Hawkins','False','','','','Tend network agree keep nation century. Although business make live. Left entire experience church away everything food analysis.','','Nonprofit Leadership','Active','English','Jerry','Discuss attack safe light. Agency produce way there ahead medical participant. Create call at four.','None','Teams Set in Motion Program','Chung-Saunders','Korean','001-060-409-0764x556','Volunteer;Team Facilitator Lead;Client','West.','They/Them','','','','','In Training','','','','','','','','','','','False','','','','','Diabetes Alert','Onboarding','Active Projects- Technology Infrastructure','','','','','je_hawkins6@example.net','j.hawkins@example.com','Home','Personal','Home','False','Work','jerry+hawkins1965@example.net','001-865-453-7608x3244','0.0','30183.0','2004','2022-04-08','32475.0','0.0','2021-10-08','0.0','2022-06-10','Television play prove weight. Happen back certain forward great clearly police identify.','Drug hour only Mrs answer remain. Career look occur eight some price market.','0.0','2021-07-02','2021-12-14','Household__c.Name','0.0','0.0','0.0','0.0','0.0','0.0','0.0','0.0','0.0','0.0','0.0','16378.0','57001.0','52761.0','16272.0','0.0','0.0','False','False','False','False','True','6657.0','2021-12-25','92602.0','2022-04-08','9139.0','','4650.0','25333.0','42817.0','71309.0','94620.0','0.0','False','6','','','','23','');
INSERT INTO "Contact" VALUES(22,'','','','','','','','Active','','','','','','Present assume bank.','','','Inactive','','','False','2015-08-01','brittany-roth66@example.com','','','','','','','','None','Roth','False','','','','Our store coach agreement move wind us. Style of century window military. Job than pass.','','Marketing and Branding','Onboarding','English','Brittany','According discover article eight risk him form thousand.','None','General info/Other','Randall-Ibarra','Spanish','917-894-7006','Donor','Expert.','Specify','','','','','Initial Inquiry','','','','','','','','','','','True','','','','','Mobility','Certified','Active Projects- Governance, Compliance and Operations','','','','','br_roth@example.net','brittany-roth66@example.com','Home','Personal','Home','False','Work','brroth5@example.com','(353)671-9387x335','0.0','11123.0','1994','2021-12-19','64523.0','0.0','2022-03-13','0.0','2022-02-09','Hair artist exist write own that. After form whose stand him.','Value wall full forward throw.','0.0','2022-05-03','2021-12-29','Household__c.Formal_Greeting__c','0.0','0.0','0.0','0.0','0.0','0.0','0.0','0.0','0.0','0.0','0.0','42951.0','12850.0','13100.0','62694.0','0.0','0.0','False','False','True','False','False','7855.0','2021-11-20','80249.0','2022-01-01','43504.0','','59120.0','38011.0','10232.0','77904.0','12468.0','0.0','False','6','','','','23','');
INSERT INTO "Contact" VALUES(23,'','','','','','','','','','','','','','','','','','','','False','','clinton_hancock1947@example.net','','','','','','','','','Hancock','False','','','','','','','','','Clinton','','','','','','(085)402-0094x61243','','','','','','','','','','','','','','','','','','','False','','','','','','','','','','','','clintonhancock02@example.com','clinton_hancock1947@example.net','Home','Personal','','False','Other','cl-hancock65@example.org','614.837.1759x93817','0.0','','','','','0.0','','0.0','','','','0.0','','','','0.0','0.0','0.0','0.0','0.0','0.0','0.0','0.0','0.0','0.0','0.0','','','','','0.0','0.0','False','False','False','False','False','','','','','','','','','','','','0.0','False','66','','','','','');
INSERT INTO "Contact" VALUES(24,'','','','','','','','','','','','','','','','','','','','False','','pa_lindsey@example.net','','','','','','','','','Lindsey','False','','','','','','','','','Patty','','','','','','930-446-0633x076','','','','','','','','','','','','','','','','','','','False','','','','','','','','','','','','pa-lindsey04@example.com','pa_lindsey@example.net','Home','Personal','','False','Home','pa+lindsey0@example.com','247-683-8165x22270','0.0','','','','','0.0','','0.0','','','','0.0','','','','0.0','0.0','0.0','0.0','0.0','0.0','0.0','0.0','0.0','0.0','0.0','','','','','0.0','0.0','False','False','False','False','False','','','','','','','','','','','','0.0','False','66','','','','','');
INSERT INTO "Contact" VALUES(25,'','','','','','','','None','','','','','','Ten picture economic make offer out then.','','','Initial Inquiry','','','False','2015-10-29','gabriella+oliver@example.org','','','','','','','','Onboarding','Oliver','False','','','','Child throw those huge growth. Sing concern executive.','','Social Media','Inactive','English','Gabriella','Eye stock dream defense employee information along themselves. Would member son federal. Political range group capital better consider they.','Inactive','Client Certification','Hull, Vega and Sanford','Spanish','+1-423-414-3884','Trainer','Available.','He/Him','','','','','Certified','','','','','','','','','','','True','','','','','Psychiatric;Autism','Onboarding','Active Projects- Research and Development','','','','','gabriellaoliver1964@example.com','gabriella+oliver@example.org','Home','Personal','Home','False','Work','ga.oliver@example.com','459.162.2411','0.0','39180.0','1971','2021-12-29','5787.0','0.0','2021-10-06','0.0','2021-11-05','Happy product message some. Space new describe up return fly. Way prove star charge near.','Million imagine represent consider might their. Stock plant someone politics itself.','0.0','2021-08-11','2022-01-29','Household__c.Name','0.0','0.0','0.0','0.0','0.0','0.0','0.0','0.0','0.0','0.0','0.0','69192.0','28553.0','1983.0','32768.0','0.0','0.0','False','False','False','False','True','16295.0','2021-12-27','72428.0','2022-01-19','71517.0','','92447.0','71292.0','93213.0','51142.0','59079.0','0.0','False','66','','','','25','');
INSERT INTO "Contact" VALUES(26,'','','','','','','','Active','','','','','','Director until fire.','','','Initial Inquiry','','','True','2020-05-09','ta_craig1948@example.org','','','','','','','','In Training','Craig','False','','','','West more institution. Specific clearly summer with argue. Until hit treatment least PM. Mission part fill agent current when six.','','Technology/Infrastructure','Onboarding','English','Tanner','Body child with know set evidence I history. Particularly chair similar environmental picture on quickly use.','None','Sponsorship/Donations','Herrera, Rice and Whitney','Spanish','(451)237-7939x308','Puppy Raiser','Whatever.','She/Her','','','','','Initial Inquiry','','','','','','','','','','','True','','','','','Mobility','Onboarding','Operations- Volunteer and Staff','','','','','t-craig5@example.com','ta_craig1948@example.org','Home','Personal','Home','False','Other','tacraig1988@example.com','938-786-0266','0.0','68291.0','1995','2022-03-05','24089.0','0.0','2022-04-26','0.0','2021-09-15','Focus somebody we gun factor system institution none. Put reduce voice bad hit present although.','Total whose work major. Well total world film very. Thank south within painting.','0.0','2022-01-25','2022-05-16','Household__c.Name','0.0','0.0','0.0','0.0','0.0','0.0','0.0','0.0','0.0','0.0','0.0','44038.0','91619.0','96088.0','88885.0','0.0','0.0','False','False','False','False','True','76804.0','2021-08-01','56072.0','2022-02-07','3575.0','','40507.0','15321.0','17059.0','8024.0','8878.0','0.0','False','66','','','','25','');
INSERT INTO "Contact" VALUES(27,'','','','','','','','','','','','','','','','','','','','False','','sheenachurch54@example.com','','','','','','','','','Church','False','','','','','','','','','Sheena','','','','','','(116)516-1125x4392','','','','','','','','','','','','','','','','','','','False','','','','','','','','','','','','sh.church1944@example.com','sheenachurch54@example.com','Home','Personal','','False','Other','sh.church1961@example.org','473-752-5991x96792','0.0','','','','','0.0','','0.0','','','','0.0','','','','0.0','0.0','0.0','0.0','0.0','0.0','0.0','0.0','0.0','0.0','0.0','','','','','0.0','0.0','False','False','False','False','False','','','','','','','','','','','','0.0','False','68','','','','','');
INSERT INTO "Contact" VALUES(28,'','','','','','','','','','','','','','','','','','','','False','','m.joyce1996@example.org','','','','','','','','','Joyce','False','','','','','','','','','Marisa','','','','','','(812)175-6946x13908','','','','','','','','','','','','','','','','','','','False','','','','','','','','','','','','m.joyce1943@example.net','m.joyce1996@example.org','Home','Personal','','False','Home','marisa-joyce@example.net','+1-489-228-5509x2565','0.0','','','','','0.0','','0.0','','','','0.0','','','','0.0','0.0','0.0','0.0','0.0','0.0','0.0','0.0','0.0','0.0','0.0','','','','','0.0','0.0','False','False','False','False','False','','','','','','','','','','','','0.0','False','68','','','','','');
INSERT INTO "Contact" VALUES(29,'','','','','','','','Inactive','','','','','','Truth too together fill culture.','','','Certified','','','True','2013-10-10','rebeccacohen3@example.org','','','','','','','','Certified','Cohen','False','','','','Central small most service similar. Business this specific seek.','','Administration','Onboarding','Spanish','Rebecca','Site little about class necessary door whole. Star card maybe sort sense.','Inactive','Sponsorship/Donations','Chang and Sons','English','1519392713','Staff','Southern.','Specify','','','','','None','','','','','','','','','','','True','','','','','Psychiatric;Autism','Certified','Active Projects- Fund Development','','','','','r-cohen86@example.com','rebeccacohen3@example.org','Home','Personal','Home','False','Other','rcohen84@example.com','688-917-9030','0.0','90986.0','2018','2022-06-08','78933.0','0.0','2022-05-01','0.0','2021-09-06','Word more wife recent start wide evening.','Nothing thus tough reality bank say mouth. Base parent same skin fact.','0.0','2022-02-11','2021-10-24','Household__c.Formal_Greeting__c','0.0','0.0','0.0','0.0','0.0','0.0','0.0','0.0','0.0','0.0','0.0','86003.0','56556.0','83045.0','6068.0','0.0','0.0','False','False','True','False','False','60193.0','2021-10-07','94507.0','2021-12-19','42559.0','','77570.0','1113.0','65712.0','26844.0','8971.0','0.0','False','68','','','','26','');
INSERT INTO "Contact" VALUES(30,'','','','','','','','None','','','','','','List piece generation national during amount strong.','','','Certified','','','True','2008-11-21','co-bishop63@example.org','','','','','','','','Certified','Bishop','False','','','','Speak letter chair behavior threat my season similar. Pay four get tonight suffer call trial.','','Education/Course Development','None','English','Cory','Issue newspaper save century exactly.','Active','Client Certification','Ward-Hunt','Spanish','020.520.3631x590','Volunteer;Client','Join.','He/Him','','','','','Initial Inquiry','','','','','','','','','','','False','','','','','Diabetes Alert','Initial Inquiry','Sensitive Info- Board','','','','','c.bishop1995@example.net','co-bishop63@example.org','Home','Personal','Home','False','Other','corybishop1972@example.org','518-736-6270x2928','0.0','46010.0','2018','2022-01-09','60534.0','0.0','2022-04-27','0.0','2022-03-16','Religious represent later. Way art fly whatever type set.','Say number he deep increase. Radio fact key. Star total truth then explain soon bag.','0.0','2021-11-18','2021-08-30','Household__c.Formal_Greeting__c','0.0','0.0','0.0','0.0','0.0','0.0','0.0','0.0','0.0','0.0','0.0','70307.0','90035.0','49476.0','36088.0','0.0','0.0','False','False','True','False','False','20871.0','2022-06-25','6673.0','2022-04-23','97833.0','','99083.0','18165.0','77315.0','14703.0','25486.0','0.0','False','68','','','','26','');
INSERT INTO "Contact" VALUES(31,'','','','','','','','','','','','','','','','','','','','False','','j_guerrero@example.net','','','','','','','','','Guerrero','False','','','','','','','','','Jaime','','','','','','749.009.6152x904','','','','','','','','','','','','','','','','','','','False','','','','','','','','','','','','jguerrero52@example.net','j_guerrero@example.net','Home','Personal','','False','Work','jaime.guerrero3@example.org','+1-298-884-5245x78721','0.0','','','','','0.0','','0.0','','','','0.0','','','','0.0','0.0','0.0','0.0','0.0','0.0','0.0','0.0','0.0','0.0','0.0','','','','','0.0','0.0','False','False','False','False','False','','','','','','','','','','','','0.0','False','70','','','','','');
INSERT INTO "Contact" VALUES(32,'','','','','','','','','','','','','','','','','','','','False','','sylvia_andrews@example.com','','','','','','','','','Andrews','False','','','','','','','','','Sylvia','','','','','','368-805-6030','','','','','','','','','','','','','','','','','','','False','','','','','','','','','','','','s-andrews2000@example.net','sylvia_andrews@example.com','Home','Personal','','False','Home','sylvia-andrews88@example.net','5542968953','0.0','','','','','0.0','','0.0','','','','0.0','','','','0.0','0.0','0.0','0.0','0.0','0.0','0.0','0.0','0.0','0.0','0.0','','','','','0.0','0.0','False','False','False','False','False','','','','','','','','','','','','0.0','False','70','','','','','');
INSERT INTO "Contact" VALUES(33,'','','','','','','','','','','','','','','','','','','','False','','eileen_conrad1972@example.com','','','','','','','','','Conrad','False','','','','','','','','','Eileen','','','','','','9023500163','','','','','','','','','','','','','','','','','','','False','','','','','','','','','','','','eileen+conrad2002@example.net','eileen_conrad1972@example.com','Home','Personal','','False','Other','e.conrad73@example.org','222-964-4855x32816','0.0','','','','','0.0','','0.0','','','','0.0','','','','0.0','0.0','0.0','0.0','0.0','0.0','0.0','0.0','0.0','0.0','0.0','','','','','0.0','0.0','False','False','False','False','False','','','','','','','','','','','','0.0','False','72','','','','','');
INSERT INTO "Contact" VALUES(34,'','','','','','','','','','','','','','','','','','','','False','','andrew-montoya1@example.com','','','','','','','','','Montoya','False','','','','','','','','','Andrew','','','','','','001-902-693-6172x772','','','','','','','','','','','','','','','','','','','False','','','','','','','','','','','','andrewmontoya3@example.net','andrew-montoya1@example.com','Home','Personal','','False','Work','a.montoya6@example.org','966-129-2485x205','0.0','','','','','0.0','','0.0','','','','0.0','','','','0.0','0.0','0.0','0.0','0.0','0.0','0.0','0.0','0.0','0.0','0.0','','','','','0.0','0.0','False','False','False','False','False','','','','','','','','','','','','0.0','False','72','','','','','');
INSERT INTO "Contact" VALUES(35,'','','','','','','','Active','','','','','','Artist hour any he.','','','Inactive','','','True','2002-09-17','warren+pearson1980@example.com','','','','','','','','Certified','Pearson','False','','','','Letter and story city. Certainly compare around change everyone line improve side. Development impact herself mother however this.','','Website development','Initial Inquiry','English','Warren','Floor fast rule something meeting part history admit. Possible section that order involve occur believe.','None','Sweet Snoopers Training Program','Hines-Nolan','Russian','001-218-999-8278x9683','Volunteer;Team Facilitator','Fund.','She/Her','','','','','Initial Inquiry','','','','','','','','','','','False','','','','','Hearing Alert','None','Active Projects- Team Facilitator Certification','','','','','w-pearson1951@example.org','warren+pearson1980@example.com','Home','Personal','Home','False','Work','wa_pearson0@example.net','820.908.6924x83896','0.0','44992.0','1974','2022-01-01','14100.0','0.0','2022-01-09','0.0','2022-04-24','Purpose believe type. Hand upon design appear public.','Person scientist suggest decide tonight prevent.','0.0','2022-02-27','2021-09-18','Household__c.Informal_Greeting__c','0.0','0.0','0.0','0.0','0.0','0.0','0.0','0.0','0.0','0.0','0.0','68245.0','16520.0','7136.0','67746.0','0.0','0.0','False','False','False','True','False','75815.0','2022-03-06','9277.0','2021-10-11','29936.0','','10391.0','56700.0','16272.0','94502.0','4431.0','0.0','False','72','','','','28','');
INSERT INTO "Contact" VALUES(36,'','','','','','','','None','','','','','','Bag try return impact card.','','','Inactive','','','False','2017-06-03','ci+terry3@example.com','','','','','','','','Suspended','Terry','False','','','','Us kitchen bad wind represent really reason air. Phone manager coach. Hour across various list question happen control nearly.','','Social Media','Inactive','Vietnamese','Cindy','Glass ability crime. State life important computer fact service. Several range gun article itself. Project level short author use protect.','None','Sponsorship/Donations','Moon-Brock','Tagalog','7502425258','Volunteer','Piece.','She/Her','','','','','Onboarding','','','','','','','','','','','True','','','','','Autism','Inactive','Operations- Client','','','','','cindy-terry9@example.com','ci+terry3@example.com','Home','Personal','Home','False','Home','c+terry3@example.net','001-457-997-7426','0.0','47381.0','2001','2022-03-25','45968.0','0.0','2022-05-11','0.0','2022-03-11','Agree individual within American. Analysis relationship top cover.','Actually economy often both. Executive give several. Our hundred your ok should.','0.0','2022-06-10','2022-04-24','Household__c.Informal_Greeting__c','0.0','0.0','0.0','0.0','0.0','0.0','0.0','0.0','0.0','0.0','0.0','61913.0','259.0','36533.0','85900.0','0.0','0.0','False','False','False','True','False','30377.0','2021-11-04','49728.0','2022-03-04','87954.0','','86720.0','68948.0','72756.0','93778.0','69756.0','0.0','False','72','','','','28','');
INSERT INTO "Contact" VALUES(37,'','','','','','','','Inactive','','','','','','Series else follow tend year safe.','','','Inactive','','','True','2012-04-19','re-flowers@example.org','','','','','','','','Certified','Flowers','False','','','','What Republican always kind. State happen drug few. Herself military fear.','','Social Media','Inactive','English','Reginald','Middle when professional how. Stock true read sing note program.','Active','Teams Set in Motion Program','Carter, Sparks and Shepard','Korean','164.430.9823','Volunteer;Client','First.','He/Him','','','','','None','','','','','','','','','','','False','','','','','Psychiatric;Autism','Onboarding','Active Projects- Academy','','','','','reginaldflowers94@example.org','re-flowers@example.org','Home','Personal','Home','False','Work','reginald_flowers54@example.org','001-605-992-7112','0.0','12158.0','1996','2022-06-30','66172.0','0.0','2022-04-20','0.0','2021-10-16','Green better poor system head. Expert other such.','Change sport idea conference imagine exactly note. Rest low speech bank tend each without probably.','0.0','2022-06-15','2021-12-13','Household__c.Formal_Greeting__c','0.0','0.0','0.0','0.0','0.0','0.0','0.0','0.0','0.0','0.0','0.0','31948.0','41326.0','71572.0','93013.0','0.0','0.0','False','False','True','False','False','71812.0','2022-04-19','30274.0','2021-11-22','26924.0','','87712.0','46159.0','89362.0','56064.0','22761.0','0.0','False','72','','','','28','');
INSERT INTO "Contact" VALUES(38,'','','','','','','','','','','','','','','','','','','','False','','mikecopeland1@example.org','','','','','','','','','Copeland','False','','','','','','','','','Mike','','','','','','7956522944','','','','','','','','','','','','','','','','','','','False','','','','','','','','','','','','mikecopeland1972@example.org','mikecopeland1@example.org','Home','Personal','','False','Work','mi+copeland@example.org','+1-530-992-4442x70239','0.0','','','','','0.0','','0.0','','','','0.0','','','','0.0','0.0','0.0','0.0','0.0','0.0','0.0','0.0','0.0','0.0','0.0','','','','','0.0','0.0','False','False','False','False','False','','','','','','','','','','','','0.0','False','76','','','','','');
INSERT INTO "Contact" VALUES(39,'','','','','','','','','','','','','','','','','','','','False','','p+anderson0@example.com','','','','','','','','','Anderson','False','','','','','','','','','Phyllis','','','','','','070.239.6507','','','','','','','','','','','','','','','','','','','False','','','','','','','','','','','','p.anderson94@example.org','p+anderson0@example.com','Home','Personal','','False','Home','p_anderson65@example.net','(906)168-0237x087','0.0','','','','','0.0','','0.0','','','','0.0','','','','0.0','0.0','0.0','0.0','0.0','0.0','0.0','0.0','0.0','0.0','0.0','','','','','0.0','0.0','False','False','False','False','False','','','','','','','','','','','','0.0','False','76','','','','','');
INSERT INTO "Contact" VALUES(40,'','','','','','','','None','','','','','','Hand data personal live.','','','None','','','True','2013-01-26','d_figueroa60@example.org','','','','','','','','Certified','Figueroa','False','','','','And after task focus glass TV son. None nation red speech week once scientist.','','Medical/Mental Health','Active','English','Debbie','Through city party.','Active','Trainer Certification','Howell Ltd','Spanish','(544)330-5514','Volunteer;Team Facilitator','Guy.','Specify','','','','','Onboarding','','','','','','','','','','','True','','','','','Hearing Alert','Initial Inquiry','Active Projects- Technology Infrastructure','','','','','defigueroa6@example.com','d_figueroa60@example.org','Home','Personal','Home','False','Other','debbie_figueroa1996@example.com','251.235.6689','0.0','95840.0','1977','2021-07-18','46662.0','0.0','2022-04-10','0.0','2022-06-22','Maintain administration discover name like foot keep item.','Now control late rich believe other painting. Real owner when western subject this why.','0.0','2022-06-12','2021-09-09','Household__c.Formal_Greeting__c','0.0','0.0','0.0','0.0','0.0','0.0','0.0','0.0','0.0','0.0','0.0','56277.0','17077.0','32501.0','13234.0','0.0','0.0','False','False','True','False','False','24852.0','2022-04-27','40398.0','2021-12-26','71970.0','','84544.0','84388.0','91916.0','73904.0','28220.0','0.0','False','76','','','','30','');
INSERT INTO "Contact" VALUES(41,'','','','','','','','','','','','','','','','','','','','False','','raven.taylor12@example.net','','','','','','','','','Taylor','False','','','','','','','','','Raven','','','','','','(114)148-5052','','','','','','','','','','','','','','','','','','','False','','','','','','','','','','','','r.taylor46@example.org','raven.taylor12@example.net','Home','Personal','Work','False','Work','r.taylor3@example.org','001-107-048-5283x27816','0.0','','','','','0.0','','0.0','','','','0.0','','','','0.0','0.0','0.0','0.0','0.0','0.0','0.0','0.0','0.0','0.0','0.0','','','','','0.0','0.0','False','False','False','False','False','','','','','','','','','','','','0.0','False','78','','','','','');
INSERT INTO "Contact" VALUES(42,'','','','','','','','','','','','','','','','','','','','False','','dianegarza@example.net','','','','','','','','','Garza','False','','','','','','','','','Diane','','','','','','348-289-8725','','','','','','','','','','','','','','','','','','','False','','','','','','','','','','','','di.garza4@example.com','dianegarza@example.net','Home','Personal','','False','Other','di+garza70@example.net','(630)835-1134','0.0','','','','','0.0','','0.0','','','','0.0','','','','0.0','0.0','0.0','0.0','0.0','0.0','0.0','0.0','0.0','0.0','0.0','','','','','0.0','0.0','False','False','False','False','False','','','','','','','','','','','','0.0','False','79','','','','','');
INSERT INTO "Contact" VALUES(43,'','','','','','','','','','','','','','','','','','','','False','','j+mitchell1@example.com','','','','','','','','','Mitchell','False','','','','','','','','','Jackson','','','','','','539-536-5499','','','','','','','','','','','','','','','','','','','False','','','','','','','','','','','','j+mitchell1989@example.org','j+mitchell1@example.com','Home','Personal','','False','Home','ja_mitchell1999@example.net','635.890.2468x945','0.0','','','','','0.0','','0.0','','','','0.0','','','','0.0','0.0','0.0','0.0','0.0','0.0','0.0','0.0','0.0','0.0','0.0','','','','','0.0','0.0','False','False','False','False','False','','','','','','','','','','','','0.0','False','79','','','','','');
INSERT INTO "Contact" VALUES(44,'','','','','','','','Inactive','','','','','','However if lose star down center miss agent.','','','On Hold','','','False','2018-02-06','becky-schultz1962@example.com','','','','','','','','Certified','Schultz','False','','','','Mention hotel three garden wear financial improve. In executive perhaps performance voice.','','Website development','Active','English','Becky','Staff student decade six former machine example recognize. Indicate never manage drug professional institution.','None','Sweet Snoopers Training Program','Cuevas and Sons','Tagalog','+1-650-705-1286x076','Staff','Meeting.','He/Him','','','','','Suspended','','','','','','','','','','','True','','','','','Medical Incident Assist','None','Active Projects- Governance, Compliance and Operations','','','','','becky-schultz@example.org','becky-schultz1962@example.com','Home','Personal','Home','False','Work','be+schultz@example.net','001-965-488-0073','0.0','50668.0','2005','2021-08-06','89331.0','0.0','2021-08-12','0.0','2021-07-07','Meeting back thank without. Seem Mr manage article plan. Art majority box religious tend.','Team room day form campaign ago whatever. Two make cultural any.','0.0','2022-01-03','2022-03-22','Household__c.Name','0.0','0.0','0.0','0.0','0.0','0.0','0.0','0.0','0.0','0.0','0.0','20422.0','14171.0','97638.0','64629.0','0.0','0.0','False','False','False','False','True','94422.0','2022-02-15','45000.0','2021-08-15','87537.0','','37527.0','49362.0','95913.0','91938.0','74335.0','0.0','False','79','','','','31','');
INSERT INTO "Contact" VALUES(45,'','','','','','','','None','','','','','','Plan improve number agree child.','','','None','','','False','2007-07-30','c+english@example.com','','','','','','','','Suspended','English','False','','','','Activity keep try three young. Owner billion great network air there because. Make station central myself rich five daughter.','','Medical/Mental Health','None','English','Cynthia','Present black think dark as establish huge.','Active','Trainer Certification','Wilkerson LLC','German','839-752-4432','Client','Far.','He/Him','','','','','In Training','','','','','','','','','','','True','','','','','Psychiatric','Certified','Active Projects- Team Facilitator Certification','','','','','c.english1975@example.com','c+english@example.com','Home','Personal','Home','False','Work','cynthia-english1974@example.com','001-088-884-1144x463','0.0','55963.0','1988','2021-10-24','20025.0','0.0','2021-12-24','0.0','2022-01-31','Executive third table necessary probably source drop. Newspaper right scientist cause do than.','Receive blue someone picture. Surface want expert new.','0.0','2021-07-28','2021-09-16','Household__c.Name','0.0','0.0','0.0','0.0','0.0','0.0','0.0','0.0','0.0','0.0','0.0','74269.0','22589.0','61198.0','3287.0','0.0','0.0','False','False','False','False','True','70241.0','2021-07-09','82789.0','2021-07-18','89519.0','','7724.0','73367.0','13843.0','93642.0','21731.0','0.0','False','79','','','','31','');
INSERT INTO "Contact" VALUES(46,'','','','','','','','Onboarding','','','','','','Recognize consider industry green knowledge play if.','','','In Training','','','False','2009-12-08','b+atkinson4@example.com','','','','','','','','In Training','Atkinson','False','','','','Short bed throughout movie real main.','','Financial/Bookkeeping','Inactive','English','Bob','Like value operation believe cost picture Congress finally. Main commercial enough record. Save son fine standard seven country trip.','Active','Sweet Snoopers Training Program','Strong, Potter and Montgomery','Tagalog','+1-050-668-2293','Donor','Protect.','Specify','','','','','None','','','','','','','','','','','False','','','','','Medical Incident Assist','Inactive','Board - READ ONLY','','','','','bob_atkinson@example.org','b+atkinson4@example.com','Home','Personal','Home','False','Work','b+atkinson@example.com','+1-302-545-0515x313','0.0','89285.0','2014','2021-08-28','65488.0','0.0','2022-04-10','0.0','2021-10-01','Speak draw himself arm natural might TV. Cost hand cultural country carry. Other listen personal.','Social woman loss people something Democrat five. Let drop prepare north modern.','0.0','2022-05-26','2022-04-20','Household__c.Formal_Greeting__c','0.0','0.0','0.0','0.0','0.0','0.0','0.0','0.0','0.0','0.0','0.0','79294.0','43761.0','89863.0','47732.0','0.0','0.0','False','False','True','False','False','18784.0','2021-11-10','52234.0','2021-10-15','45738.0','','91503.0','85363.0','12116.0','16567.0','49166.0','0.0','False','79','','','','31','');
INSERT INTO "Contact" VALUES(47,'','','','','','','','','','','','','','','','','','','','False','','emcgee1947@example.net','','','','','','','','','Mcgee','False','','','','','','','','','Emily','','','','','','001-582-281-2959','','','','','','','','','','','','','','','','','','','False','','','','','','','','','','','','em+mcgee2000@example.com','emcgee1947@example.net','Home','Personal','','False','Other','emily-mcgee1987@example.net','(863)897-1772','0.0','','','','','0.0','','0.0','','','','0.0','','','','0.0','0.0','0.0','0.0','0.0','0.0','0.0','0.0','0.0','0.0','0.0','','','','','0.0','0.0','False','False','False','False','False','','','','','','','','','','','','0.0','False','8','','','','','');
INSERT INTO "Contact" VALUES(48,'','','','','','','','','','','','','','','','','','','','False','','l_baker7@example.org','','','','','','','','','Baker','False','','','','','','','','','Lynn','','','','','','(439)955-0614x3412','','','','','','','','','','','','','','','','','','','False','','','','','','','','','','','','lynnbaker04@example.com','l_baker7@example.org','Home','Personal','','False','Other','l.baker4@example.net','001-429-883-3538x82900','0.0','','','','','0.0','','0.0','','','','0.0','','','','0.0','0.0','0.0','0.0','0.0','0.0','0.0','0.0','0.0','0.0','0.0','','','','','0.0','0.0','False','False','False','False','False','','','','','','','','','','','','0.0','False','8','','','','','');
INSERT INTO "Contact" VALUES(49,'','','','','','','','','','','','','','','','','','','','False','','s-bell69@example.com','','','','','','','','','Bell','False','','','','','','','','','Scott','','','','','','411-689-4788x746','','','','','','','','','','','','','','','','','','','False','','','','','','','','','','','','s+bell1@example.com','s-bell69@example.com','Home','Personal','','False','Other','sc.bell1980@example.net','341.209.1014x9559','0.0','','','','','0.0','','0.0','','','','0.0','','','','0.0','0.0','0.0','0.0','0.0','0.0','0.0','0.0','0.0','0.0','0.0','','','','','0.0','0.0','False','False','False','False','False','','','','','','','','','','','','0.0','False','10','','','','','');
INSERT INTO "Contact" VALUES(50,'','','','','','','','','','','','','','','','','','','','False','','y-flowers1956@example.org','','','','','','','','','Flowers','False','','','','','','','','','Yvonne','','','','','','+1-092-774-6192x95288','','','','','','','','','','','','','','','','','','','False','','','','','','','','','','','','yvonne+flowers03@example.net','y-flowers1956@example.org','Home','Personal','','False','Work','yvonne.flowers44@example.com','(345)870-1329x287','0.0','','','','','0.0','','0.0','','','','0.0','','','','0.0','0.0','0.0','0.0','0.0','0.0','0.0','0.0','0.0','0.0','0.0','','','','','0.0','0.0','False','False','False','False','False','','','','','','','','','','','','0.0','False','10','','','','','');
INSERT INTO "Contact" VALUES(51,'','','','','','','','Onboarding','','','','','','Member letter get week herself seem cell.','','','Inactive','','','False','2012-08-10','r.horn@example.org','','','','','','','','None','Horn','False','','','','Relate health education our five.','','Sales','Active','English','Rhonda','Cost six within front. Available quite spend doctor threat suffer fill.','Active','General info/Other','Salazar, Frederick and Hudson','Spanish','(359)320-4144','Donor','Region.','Specify','','','','','Certified','','','','','','','','','','','True','','','','','Psychiatric;Autism','Certified','Active Projects- State Registration','','','','','r.horn53@example.com','r.horn@example.org','Home','Personal','Home','False','Home','rhonda+horn1980@example.com','+1-964-685-1245','0.0','99508.0','2016','2021-11-16','65338.0','0.0','2022-06-21','0.0','2021-08-01','Parent again say cover. Spring hair individual behind work.','Different ground price thus we. Too behind art everybody.','0.0','2022-05-06','2021-09-14','Household__c.Name','0.0','0.0','0.0','0.0','0.0','0.0','0.0','0.0','0.0','0.0','0.0','48964.0','28003.0','62834.0','96795.0','0.0','0.0','False','False','False','False','True','44028.0','2022-02-25','94606.0','2022-02-22','74345.0','','47974.0','59498.0','43439.0','3686.0','49019.0','0.0','False','10','','','','2','');
INSERT INTO "Contact" VALUES(52,'','','','','','','','Active','','','','','','Cold admit red.','','','On Hold','','','True','2008-04-01','jo_weaver04@example.net','','','','','','','','Initial Inquiry','Weaver','False','','','','Late her computer force city nice. Total language list. Act learn whole pay television Mrs wrong.','','Nonprofit Leadership','Onboarding','English','Joel','Discover environmental buy road investment buy moment. Pick chair letter ago travel not. Series yeah series line power despite fill.','Active','Sponsorship/Donations','Doyle Group','German','058-391-7342x2528','Volunteer;Team Facilitator','Exist.','They/Them','','','','','Initial Inquiry','','','','','','','','','','','False','','','','','Narcolepsy Alert','Inactive','Active Projects- Volunteer Recruitment and Retention','','','','','joel+weaver1962@example.net','jo_weaver04@example.net','Home','Personal','Home','False','Other','jo.weaver@example.net','(702)468-7987','0.0','17717.0','2013','2022-06-01','75750.0','0.0','2022-01-28','0.0','2021-10-29','Matter push sport. Respond day program low realize.','General point part. Provide weight hundred my.','0.0','2021-10-12','2021-10-13','Household__c.Informal_Greeting__c','0.0','0.0','0.0','0.0','0.0','0.0','0.0','0.0','0.0','0.0','0.0','89733.0','8770.0','63805.0','75775.0','0.0','0.0','False','False','False','True','False','66041.0','2021-07-14','49447.0','2022-04-17','74529.0','','26287.0','1050.0','6014.0','86827.0','72569.0','0.0','False','10','','','','2','');
INSERT INTO "Contact" VALUES(53,'','','','','','','','','','','','','','','','','','','','False','','nicolasestes54@example.com','','','','','','','','','Estes','False','','','','','','','','','Nicolas','','','','','','420-920-0419x93366','','','','','','','','','','','','','','','','','','','False','','','','','','','','','','','','n_estes1951@example.com','nicolasestes54@example.com','Home','Personal','','False','Work','ni.estes1992@example.org','(791)539-2833x47220','0.0','','','','','0.0','','0.0','','','','0.0','','','','0.0','0.0','0.0','0.0','0.0','0.0','0.0','0.0','0.0','0.0','0.0','','','','','0.0','0.0','False','False','False','False','False','','','','','','','','','','','','0.0','False','12','','','','','');
INSERT INTO "Contact" VALUES(54,'','','','','','','','','','','','','','','','','','','','False','','r.barajas42@example.com','','','','','','','','','Barajas','False','','','','','','','','','Rachael','','','','','','953-886-7458','','','','','','','','','','','','','','','','','','','False','','','','','','','','','','','','rbarajas3@example.org','r.barajas42@example.com','Home','Personal','','False','Home','ra-barajas1956@example.net','427-565-1174x16523','0.0','','','','','0.0','','0.0','','','','0.0','','','','0.0','0.0','0.0','0.0','0.0','0.0','0.0','0.0','0.0','0.0','0.0','','','','','0.0','0.0','False','False','False','False','False','','','','','','','','','','','','0.0','False','12','','','','','');
INSERT INTO "Contact" VALUES(55,'','','','','','','','Active','','','','','','Enough window ball read traditional more safe.','','','Inactive','','','True','2014-04-19','tr+good0@example.org','','','','','','','','Certified','Good','False','','','','Result officer treatment rise ever statement out. Season couple despite.','','Social Media','Onboarding','English','Tracie','Relationship government instead until. Me staff kid manager single they.','Inactive','Assistance Dogs Set in Motion Program','Deleon and Sons','Vietnamese','(744)724-7851','Client','Theory.','They/Them','','','','','Onboarding','','','','','','','','','','','False','','','','','Psychiatric;Autism','In Training','Operations- Master Docs - READ ONLY','','','','','t-good@example.net','tr+good0@example.org','Home','Personal','Home','False','Other','tr_good6@example.net','347.914.4837','0.0','45328.0','1974','2021-12-22','25251.0','0.0','2022-03-29','0.0','2022-02-03','Difficult every property author maintain quite turn to. Probably down own paper dog space.','Behind program media quickly four member. Product country low class talk include.','0.0','2022-06-19','2021-07-20','Household__c.Informal_Greeting__c','0.0','0.0','0.0','0.0','0.0','0.0','0.0','0.0','0.0','0.0','0.0','34422.0','15113.0','13934.0','5587.0','0.0','0.0','False','False','False','True','False','82791.0','2022-06-24','82316.0','2022-06-22','57051.0','','21450.0','87987.0','60316.0','52427.0','80856.0','0.0','False','12','','','','3','');
INSERT INTO "Contact" VALUES(56,'','','','','','','','Inactive','','','','','','If top training politics its responsibility yet.','','','Initial Inquiry','','','False','2001-07-21','miarroyo3@example.org','','','','','','','','Suspended','Arroyo','False','','','','American rule where college opportunity. Physical talk station hot try grow. Whose citizen environmental.','','Legal','Initial Inquiry','English','Mike','Own chair heavy raise under together really. Early leader threat professional person feeling structure.','Inactive','General info/Other','Hamilton, James and Arellano','Vietnamese','176.859.5343','Puppy Raiser','Computer.','She/Her','','','','','In Training','','','','','','','','','','','False','','','','','Psychiatric;Autism','Onboarding','Active Projects- Scholarships','','','','','m-arroyo@example.net','miarroyo3@example.org','Home','Personal','Home','False','Home','mike+arroyo4@example.com','(613)919-6604x289','0.0','27608.0','1997','2021-08-08','44486.0','0.0','2022-04-06','0.0','2021-11-13','Live someone let statement pick establish. Film some only small long issue team.','People decision when continue media. Ahead resource to a should let almost. Test ask such.','0.0','2022-05-06','2021-09-02','Household__c.Informal_Greeting__c','0.0','0.0','0.0','0.0','0.0','0.0','0.0','0.0','0.0','0.0','0.0','61690.0','40180.0','46033.0','49636.0','0.0','0.0','False','False','False','True','False','71267.0','2021-08-14','13913.0','2022-06-03','8061.0','','87582.0','98454.0','23282.0','31157.0','1837.0','0.0','False','12','','','','3','');
INSERT INTO "Contact" VALUES(57,'','','','','','','','','','','','','','','','','','','','False','','ch-decker6@example.com','','','','','','','','','Decker','False','','','','','','','','','Charles','','','','','','273.364.6835x793','','','','','','','','','','','','','','','','','','','False','','','','','','','','','','','','chdecker8@example.com','ch-decker6@example.com','Home','Personal','','False','Work','chdecker1951@example.org','324-567-5142x725','0.0','','','','','0.0','','0.0','','','','0.0','','','','0.0','0.0','0.0','0.0','0.0','0.0','0.0','0.0','0.0','0.0','0.0','','','','','0.0','0.0','False','False','False','False','False','','','','','','','','','','','','0.0','False','16','','','','','');
INSERT INTO "Contact" VALUES(58,'','','','','','','','','','','','','','','','','','','','False','','ad+dominguez1974@example.org','','','','','','','','','Dominguez','False','','','','','','','','','Adrian','','','','','','+1-547-273-6404','','','','','','','','','','','','','','','','','','','False','','','','','','','','','','','','a-dominguez@example.com','ad+dominguez1974@example.org','Home','Personal','','False','Home','ad-dominguez9@example.org','361.283.5201x50118','0.0','','','','','0.0','','0.0','','','','0.0','','','','0.0','0.0','0.0','0.0','0.0','0.0','0.0','0.0','0.0','0.0','0.0','','','','','0.0','0.0','False','False','False','False','False','','','','','','','','','','','','0.0','False','16','','','','','');
INSERT INTO "Contact" VALUES(59,'','','','','','','','Onboarding','','','','','','Certain speak tend local.','','','Onboarding','','','True','2014-04-23','e_harper@example.org','','','','','','','','Onboarding','Harper','False','','','','Still surface forget. Father bad involve year concern pretty think. Forget speak save hotel.','','SEO','Active','English','Evan','Keep bit experience pressure. Stage represent hundred collection.','None','Sweet Snoopers Training Program','Boyle Inc','Russian','437-477-9057x2642','Puppy Raiser','Stage.','He/Him','','','','','Initial Inquiry','','','','','','','','','','','False','','','','','Mobility','Suspended','Active Projects- Academy','','','','','ev_harper1965@example.net','e_harper@example.org','Home','Personal','Home','False','Work','evharper1988@example.org','001-512-702-8813x937','0.0','38716.0','1986','2021-09-24','10258.0','0.0','2021-10-31','0.0','2022-01-13','Than road involve story use. Win myself compare take place. Knowledge laugh book.','Record late else foot call. Window cut go night now.','0.0','2022-05-10','2021-11-28','Household__c.Name','0.0','0.0','0.0','0.0','0.0','0.0','0.0','0.0','0.0','0.0','0.0','66862.0','71915.0','41596.0','52589.0','0.0','0.0','False','False','False','False','True','46190.0','2022-01-24','38460.0','2022-03-17','80868.0','','78545.0','72678.0','78913.0','80530.0','67607.0','0.0','False','16','','','','5','');
INSERT INTO "Contact" VALUES(60,'','','','','','','','','','','','','','','','','','','','False','','h-vaughan1@example.net','','','','','','','','','Vaughan','False','','','','','','','','','Hayden','','','','','','629-572-7057x750','','','','','','','','','','','','','','','','','','','False','','','','','','','','','','','','hayden.vaughan1945@example.net','h-vaughan1@example.net','Home','Personal','Work','False','Home','hayden-vaughan@example.org','001-070-287-7860x92120','0.0','','','','','0.0','','0.0','','','','0.0','','','','0.0','0.0','0.0','0.0','0.0','0.0','0.0','0.0','0.0','0.0','0.0','','','','','0.0','0.0','False','False','False','False','False','','','','','','','','','','','','0.0','False','18','','','','','');
INSERT INTO "Contact" VALUES(61,'','','','','','','','','','','','','','','','','','','','False','','dr-brandt50@example.com','','','','','','','','','Brandt','False','','','','','','','','','Drew','','','','','','(923)653-9871','','','','','','','','','','','','','','','','','','','False','','','','','','','','','','','','dr.brandt90@example.org','dr-brandt50@example.com','Home','Personal','','False','Home','dr+brandt@example.com','001-406-192-0725x309','0.0','','','','','0.0','','0.0','','','','0.0','','','','0.0','0.0','0.0','0.0','0.0','0.0','0.0','0.0','0.0','0.0','0.0','','','','','0.0','0.0','False','False','False','False','False','','','','','','','','','','','','0.0','False','19','','','','','');
INSERT INTO "Contact" VALUES(62,'','','','','','','','','','','','','','','','','','','','False','','diwall@example.net','','','','','','','','','Wall','False','','','','','','','','','Diana','','','','','','(588)378-7122','','','','','','','','','','','','','','','','','','','False','','','','','','','','','','','','di+wall9@example.com','diwall@example.net','Home','Personal','','False','Home','diana.wall82@example.com','+1-494-330-8948','0.0','','','','','0.0','','0.0','','','','0.0','','','','0.0','0.0','0.0','0.0','0.0','0.0','0.0','0.0','0.0','0.0','0.0','','','','','0.0','0.0','False','False','False','False','False','','','','','','','','','','','','0.0','False','19','','','','','');
INSERT INTO "Contact" VALUES(63,'','','','','','','','None','','','','','','White conference account partner pull world across.','','','Onboarding','','','False','2014-08-11','d-aguilar95@example.com','','','','','','','','Inactive','Aguilar','False','','','','There occur order want. Despite they ball once avoid. Open front military special provide prove say road.','','Outreach/Networking','Inactive','Italian','Deanna','Space full happy view somebody store. Garden could physical cut.','None','Sweet Snoopers Training Program','Franco-Goodwin','Spanish','+1-760-370-1256x3235','Volunteer;Trainer','Wife.','He/Him','','','','','Onboarding','','','','','','','','','','','False','','','','','Narcolepsy Alert','Onboarding','Active Projects- State Registration','','','','','deaguilar11@example.net','d-aguilar95@example.com','Home','Personal','Home','False','Other','d-aguilar92@example.net','758.779.3358','0.0','49205.0','2000','2022-02-06','51242.0','0.0','2022-02-07','0.0','2021-10-28','Conference exactly health fall police perhaps. Capital wonder or executive environment.','Should yet fast full. Hope garden lose why believe. Beautiful create chair young order six girl.','0.0','2022-03-03','2022-06-19','Household__c.Informal_Greeting__c','0.0','0.0','0.0','0.0','0.0','0.0','0.0','0.0','0.0','0.0','0.0','88987.0','42053.0','12497.0','28024.0','0.0','0.0','False','False','False','True','False','64391.0','2021-10-18','71560.0','2022-06-09','40409.0','','11766.0','80628.0','20070.0','63900.0','2581.0','0.0','False','19','','','','6','');
INSERT INTO "Contact" VALUES(64,'','','','','','','','Inactive','','','','','','Mind less we knowledge student determine some.','','','Inactive','','','False','2000-03-14','c_santos0@example.com','','','','','','','','None','Santos','False','','','','Decade group thus probably why able build.','','Medical/Mental Health','Active','English','Claudia','Word modern outside finally will. Generation stand time side raise.','Inactive','Assistance Dogs Set in Motion Program','Beck-Banks','Spanish','+1-747-126-8895','Volunteer;Team Facilitator Lead;Client','Heart.','He/Him','','','','','Suspended','','','','','','','','','','','True','','','','','Hearing Alert','In Training','Active Projects- Dog Availability','','','','','csantos7@example.org','c_santos0@example.com','Home','Personal','Home','False','Work','cl+santos@example.org','(973)768-8367','0.0','75834.0','1987','2021-08-14','26083.0','0.0','2022-05-20','0.0','2021-07-15','American ability friend difficult within determine sign. Skin southern tax.','History protect receive whatever realize. Position prove office fast decade someone.','0.0','2022-01-22','2022-04-26','Household__c.Formal_Greeting__c','0.0','0.0','0.0','0.0','0.0','0.0','0.0','0.0','0.0','0.0','0.0','79562.0','54167.0','55750.0','88342.0','0.0','0.0','False','False','True','False','False','71491.0','2021-09-17','90146.0','2021-07-07','71707.0','','64614.0','46122.0','26288.0','13016.0','9058.0','0.0','False','19','','','','6','');
INSERT INTO "Contact" VALUES(65,'','','','','','','','','','','','','','','','','','','','False','','ph.montoya@example.com','','','','','','','','','Montoya','False','','','','','','','','','Philip','','','','','','4850917731','','','','','','','','','','','','','','','','','','','False','','','','','','','','','','','','p.montoya1958@example.com','ph.montoya@example.com','Home','Personal','','False','Work','ph_montoya1989@example.org','151.448.2005x338','0.0','','','','','0.0','','0.0','','','','0.0','','','','0.0','0.0','0.0','0.0','0.0','0.0','0.0','0.0','0.0','0.0','0.0','','','','','0.0','0.0','False','False','False','False','False','','','','','','','','','','','','0.0','False','26','','','','','');
INSERT INTO "Contact" VALUES(66,'','','','','','','','','','','','','','','','','','','','False','','c.bird3@example.net','','','','','','','','','Bird','False','','','','','','','','','Cassie','','','','','','+1-242-861-5565','','','','','','','','','','','','','','','','','','','False','','','','','','','','','','','','ca_bird1997@example.net','c.bird3@example.net','Home','Personal','','False','Home','cassie.bird1951@example.com','980.859.6399','0.0','','','','','0.0','','0.0','','','','0.0','','','','0.0','0.0','0.0','0.0','0.0','0.0','0.0','0.0','0.0','0.0','0.0','','','','','0.0','0.0','False','False','False','False','False','','','','','','','','','','','','0.0','False','26','','','','','');
INSERT INTO "Contact" VALUES(67,'','','','','','','','Onboarding','','','','','','Visit industry responsibility address its.','','','Onboarding','','','True','2001-08-13','mariah-blackwell2008@example.org','','','','','','','','None','Blackwell','False','','','','Standard parent onto commercial each civil guy.','','Medical/Mental Health','Active','Portuguese','Mariah','Newspaper democratic buy produce ability significant. Happen which back subject Congress laugh. Hear action food if.','Active','General info/Other','Burke-Owen','German','+1-046-056-1804x091','Trainer','Can huge.','Specify','','','','','Suspended','','','','','','','','','','','True','','','','','Narcolepsy Alert','Certified','Sensitive Info- Trainer','','','','','m+blackwell52@example.net','mariah-blackwell2008@example.org','Home','Personal','Home','False','Work','mariah+blackwell2@example.net','933-238-1072','0.0','36169.0','1989','2021-08-20','43767.0','0.0','2021-08-24','0.0','2021-08-18','Single run seat perhaps bed lose. Well agree minute debate yourself development.','Push account health today learn herself method.','0.0','2022-02-06','2021-08-08','Household__c.Informal_Greeting__c','0.0','0.0','0.0','0.0','0.0','0.0','0.0','0.0','0.0','0.0','0.0','72248.0','22143.0','50091.0','60789.0','0.0','0.0','False','False','False','True','False','59474.0','2021-09-17','55054.0','2022-04-20','70287.0','','53098.0','5901.0','16766.0','48262.0','27210.0','0.0','False','26','','','','8','');
INSERT INTO "Contact" VALUES(68,'','','','','','','','','','','','','','','','','','','','False','','christian-fowler1996@example.org','','','','','','','','','Fowler','False','','','','','','','','','Christian','','','','','','573.601.6721','','','','','','','','','','','','','','','','','','','False','','','','','','','','','','','','c+fowler9@example.org','christian-fowler1996@example.org','Home','Personal','','False','Other','cfowler11@example.net','609-228-5496','0.0','','','','','0.0','','0.0','','','','0.0','','','','0.0','0.0','0.0','0.0','0.0','0.0','0.0','0.0','0.0','0.0','0.0','','','','','0.0','0.0','False','False','False','False','False','','','','','','','','','','','','0.0','False','28','','','','','');
INSERT INTO "Contact" VALUES(69,'','','','','','','','','','','','','','','','','','','','False','','mackenzie_larson@example.org','','','','','','','','','Larson','False','','','','','','','','','Mackenzie','','','','','','+1-752-386-1206x67843','','','','','','','','','','','','','','','','','','','False','','','','','','','','','','','','mackenzie.larson1949@example.com','mackenzie_larson@example.org','Home','Personal','','False','Home','malarson1989@example.org','005.069.3206','0.0','','','','','0.0','','0.0','','','','0.0','','','','0.0','0.0','0.0','0.0','0.0','0.0','0.0','0.0','0.0','0.0','0.0','','','','','0.0','0.0','False','False','False','False','False','','','','','','','','','','','','0.0','False','28','','','','','');
INSERT INTO "Contact" VALUES(70,'','','','','','','','Onboarding','','','','','','Challenge resource five myself message.','','','Inactive','','','False','2015-06-25','sa.cowan@example.com','','','','','','','','Suspended','Cowan','False','','','','Later vote without lead contain see week. Enter local movie real term.','','Technology/Infrastructure','Active','English','Sandra','Never above painting country space agreement. Full subject leave real star star white. Affect one gun staff rate chance.','Inactive','Sweet Snoopers Training Program','Roach-Terry','Spanish','001-569-839-1487','Trainer;Client','Their.','Specify','','','','','In Training','','','','','','','','','','','True','','','','','Hearing Alert','Suspended','Active Projects- ADI','','','','','sa+cowan@example.com','sa.cowan@example.com','Home','Personal','Home','False','Home','sa.cowan67@example.net','001-789-4452x6996','0.0','33646.0','2004','2021-12-25','99066.0','0.0','2021-12-07','0.0','2022-03-02','Forward away can book hard. Five both others yes fire political. Forward cut how every teacher.','Fight current ever particular maintain visit. Leader recent economic feel.','0.0','2022-06-17','2022-03-23','Household__c.Name','0.0','0.0','0.0','0.0','0.0','0.0','0.0','0.0','0.0','0.0','0.0','66374.0','2578.0','35537.0','27199.0','0.0','0.0','False','False','False','False','True','40125.0','2022-01-25','32860.0','2021-07-25','81158.0','','51661.0','88357.0','38182.0','42728.0','67131.0','0.0','False','28','','','','9','');
INSERT INTO "Contact" VALUES(71,'','','','','','','','Initial Inquiry','','','','','','When identify nice discussion lead.','','','Certified','','','True','2020-03-12','h-mendez2012@example.org','','','','','','','','Certified','Mendez','False','','','','Inside word expert decision Mr new. Opportunity first money mind sound sort. Dog right agreement describe woman safe simply.','','Dog Training/Behavior/Veterinary','Initial Inquiry','English','Hailey','World me certainly authority. Writer on kid wish local. Tonight meeting while serious phone.','Inactive','Trainer Certification','Hammond, Le and Nelson','German','+1-232-412-5837x31931','Team Facilitator','Action.','They/Them','','','','','Onboarding','','','','','','','','','','','False','','','','','Narcolepsy Alert','Suspended','Operations- Financial','','','','','haileymendez@example.net','h-mendez2012@example.org','Home','Personal','Home','False','Work','h.mendez2010@example.com','9603527363','0.0','83186.0','1978','2021-12-19','8403.0','0.0','2022-04-06','0.0','2021-09-03','Live nice ten.','Enter performance energy final to bar lot. Stop strategy alone current beyond hundred catch.','0.0','2022-05-27','2022-04-25','Household__c.Formal_Greeting__c','0.0','0.0','0.0','0.0','0.0','0.0','0.0','0.0','0.0','0.0','0.0','28883.0','9746.0','42429.0','96329.0','0.0','0.0','False','False','True','False','False','81524.0','2021-11-09','70988.0','2021-08-16','60109.0','','91927.0','95515.0','2527.0','41476.0','28469.0','0.0','False','28','','','','9','');
INSERT INTO "Contact" VALUES(72,'','','','','','','','','','','','','','','','','','','','False','','warrenhart84@example.net','','','','','','','','','Hart','False','','','','','','','','','Warren','','','','','','(925)690-3328','','','','','','','','','','','','','','','','','','','False','','','','','','','','','','','','w.hart67@example.com','warrenhart84@example.net','Home','Personal','','False','Home','warrenhart@example.com','410-096-4979','0.0','','','','','0.0','','0.0','','','','0.0','','','','0.0','0.0','0.0','0.0','0.0','0.0','0.0','0.0','0.0','0.0','0.0','','','','','0.0','0.0','False','False','False','False','False','','','','','','','','','','','','0.0','False','30','','','','','');
INSERT INTO "Contact" VALUES(73,'','','','','','','','','','','','','','','','','','','','False','','gabriela-farley1992@example.org','','','','','','','','','Farley','False','','','','','','','','','Gabriela','','','','','','887.638.4477x401','','','','','','','','','','','','','','','','','','','False','','','','','','','','','','','','g+farley1944@example.net','gabriela-farley1992@example.org','Home','Personal','','False','Work','ga.farley2010@example.net','001-432-395-9015x180','0.0','','','','','0.0','','0.0','','','','0.0','','','','0.0','0.0','0.0','0.0','0.0','0.0','0.0','0.0','0.0','0.0','0.0','','','','','0.0','0.0','False','False','False','False','False','','','','','','','','','','','','0.0','False','30','','','','','');
INSERT INTO "Contact" VALUES(74,'','','','','','','','Inactive','','','','','','Behind modern wife positive.','','','Initial Inquiry','','','False','2008-03-26','wmorgan@example.net','','','','','','','','Suspended','Morgan','False','','','','Suggest girl itself democratic. Tell film plan yet family shoulder.','','Social Media','None','English','Warren','Should should forward education more. Sell sit land with six.','Active','Teams Set in Motion Program','Dominguez, Johnston and Anthony','Spanish;French','351-912-7029x3695','Team Facilitator','Many eye.','Specify','','','','','Certified','','','','','','','','','','','True','','','','','Mobility','Suspended','Active Projects- Academy','','','','','w+morgan8@example.org','wmorgan@example.net','Home','Personal','Home','False','Other','warren_morgan@example.org','001-754-374-6779x9459','0.0','30587.0','2011','2022-01-24','91359.0','0.0','2022-02-07','0.0','2021-07-05','Goal radio family simply least happy base. He common thing involve eight total watch.','Ok own city program responsibility. Admit soldier room.','0.0','2021-07-21','2022-05-30','Household__c.Formal_Greeting__c','0.0','0.0','0.0','0.0','0.0','0.0','0.0','0.0','0.0','0.0','0.0','5497.0','55480.0','62586.0','32738.0','0.0','0.0','False','False','True','False','False','14960.0','2022-03-05','47243.0','2021-12-25','43232.0','','48436.0','99678.0','17453.0','44328.0','46205.0','0.0','False','30','','','','10','');
INSERT INTO "Contact" VALUES(75,'','','','','','','','Onboarding','','','','','','Student ready everyone.','','','Inactive','','','False','2017-09-29','gacooke@example.net','','','','','','','','Inactive','Cooke','False','','','','Foot south call town sometimes present. Finally per peace production Democrat out. Question life impact peace write yeah figure stuff.','','Writing/Communications','Inactive','English','Garrett','Often few staff. Enough full door deep.','None','Client Certification','Tran-Cunningham','Spanish','728-828-8950x3997','Team Facilitator','Sure just.','Specify','','','','','Onboarding','','','','','','','','','','','True','','','','','Mobility;Autism','In Training','Active Projects- ADI','','','','','garrett.cooke@example.com','gacooke@example.net','Home','Personal','Home','False','Work','ga_cooke3@example.com','2965746982','0.0','686.0','2007','2021-12-11','90028.0','0.0','2022-03-25','0.0','2021-11-08','Color draw fine contain determine teach. Long senior focus pressure. Likely hear page want sound.','Material low sport or factor surface. Sister network TV interest recognize culture.','0.0','2022-06-09','2021-07-03','Household__c.Formal_Greeting__c','0.0','0.0','0.0','0.0','0.0','0.0','0.0','0.0','0.0','0.0','0.0','54687.0','8580.0','87756.0','29176.0','0.0','0.0','False','False','True','False','False','64849.0','2022-04-05','80109.0','2022-01-15','80858.0','','86537.0','8854.0','30647.0','16151.0','50411.0','0.0','False','30','','','','10','');
INSERT INTO "Contact" VALUES(76,'','','','','','','','','','','','','','','','','','','','False','','wefowler1962@example.com','','','','','','','','','Fowler','False','','','','','','','','','Wendy','','','','','','(634)473-5040x39193','','','','','','','','','','','','','','','','','','','False','','','','','','','','','','','','wefowler@example.net','wefowler1962@example.com','Home','Personal','','False','Home','w+fowler46@example.org','+1-787-971-5038x44018','0.0','','','','','0.0','','0.0','','','','0.0','','','','0.0','0.0','0.0','0.0','0.0','0.0','0.0','0.0','0.0','0.0','0.0','','','','','0.0','0.0','False','False','False','False','False','','','','','','','','','','','','0.0','False','32','','','','','');
INSERT INTO "Contact" VALUES(77,'','','','','','','','','','','','','','','','','','','','False','','ed+mcknight43@example.net','','','','','','','','','Mcknight','False','','','','','','','','','Edwin','','','','','','001-980-311-8573x25074','','','','','','','','','','','','','','','','','','','False','','','','','','','','','','','','ed-mcknight42@example.org','ed+mcknight43@example.net','Home','Personal','','False','Work','edwin.mcknight4@example.org','(168)853-5409','0.0','','','','','0.0','','0.0','','','','0.0','','','','0.0','0.0','0.0','0.0','0.0','0.0','0.0','0.0','0.0','0.0','0.0','','','','','0.0','0.0','False','False','False','False','False','','','','','','','','','','','','0.0','False','32','','','','','');
INSERT INTO "Contact" VALUES(78,'','','','','','','','','','','','','','','','','','','','False','','gloria+mcintosh@example.org','','','','','','','','','Mcintosh','False','','','','','','','','','Gloria','','','','','','001-996-124-3256x9870','','','','','','','','','','','','','','','','','','','False','','','','','','','','','','','','gloriamcintosh12@example.org','gloria+mcintosh@example.org','Home','Personal','','False','Other','gl-mcintosh2007@example.com','001-939-600-0667x4474','0.0','','','','','0.0','','0.0','','','','0.0','','','','0.0','0.0','0.0','0.0','0.0','0.0','0.0','0.0','0.0','0.0','0.0','','','','','0.0','0.0','False','False','False','False','False','','','','','','','','','','','','0.0','False','36','','','','','');
INSERT INTO "Contact" VALUES(79,'','','','','','','','','','','','','','','','','','','','False','','sh-erickson5@example.net','','','','','','','','','Erickson','False','','','','','','','','','Shirley','','','','','','(155)269-7884x86994','','','','','','','','','','','','','','','','','','','False','','','','','','','','','','','','shirley+erickson3@example.net','sh-erickson5@example.net','Home','Personal','','False','Home','serickson1963@example.net','+1-888-131-4440','0.0','','','','','0.0','','0.0','','','','0.0','','','','0.0','0.0','0.0','0.0','0.0','0.0','0.0','0.0','0.0','0.0','0.0','','','','','0.0','0.0','False','False','False','False','False','','','','','','','','','','','','0.0','False','36','','','','','');
INSERT INTO "Contact" VALUES(80,'','','','','','','','Onboarding','','','','','','Top size student dream.','','','None','','','True','2020-04-04','e+buchanan00@example.com','','','','','','','','Initial Inquiry','Buchanan','False','','','','Close onto forward side write movie. Television accept sport action heart page. Perform seek deep like too population detail poor.','','Nonprofit Leadership','Inactive','English','Eddie','Whether table response. Pattern understand couple risk wind full collection eye. All be already talk.','None','Volunteering','Mahoney-Chaney','German','(049)901-8090','Staff','Million.','They/Them','','','','','Suspended','','','','','','','','','','','False','','','','','Mobility;Autism','Inactive','Operations- Trainer','','','','','eddie_buchanan98@example.net','e+buchanan00@example.com','Home','Personal','Home','False','Home','ed_buchanan@example.com','121.066.4249x89988','0.0','4346.0','1999','2021-11-25','52223.0','0.0','2022-03-30','0.0','2022-01-31','On mind resource. Response lay form what training those.','Let baby name method. Ask avoid decade anyone though with. Him sing modern police.','0.0','2022-05-17','2022-05-23','Household__c.Formal_Greeting__c','0.0','0.0','0.0','0.0','0.0','0.0','0.0','0.0','0.0','0.0','0.0','93273.0','25247.0','14783.0','99735.0','0.0','0.0','False','False','True','False','False','40673.0','2021-12-09','5483.0','2021-10-20','38748.0','','20549.0','24670.0','52001.0','42265.0','75867.0','0.0','False','36','','','','13','');
INSERT INTO "Contact" VALUES(81,'','','','','','','','None','','','','','','Night doctor fire medical.','','','Initial Inquiry','','','False','2019-01-06','julie+curtis@example.org','','','','','','','','Inactive','Curtis','False','','','','Party left computer bit. Along officer contain conference for high. Short available ball billion individual.','','Website development','None','German','Julie','Peace back lead few attack rule plant.','None','Volunteering','Baldwin, Rodriguez and Cohen','Portuguese','9263106181','Team Facilitator Lead','Sit.','Specify','','','','','None','','','','','','','','','','','True','','','','','Diabetes Alert','Initial Inquiry','Active Projects- Governance, Compliance and Operations','','','','','juliecurtis@example.org','julie+curtis@example.org','Home','Personal','Home','False','Home','ju+curtis67@example.net','001-474-937-7203','0.0','42150.0','2016','2022-03-26','35925.0','0.0','2022-06-28','0.0','2021-09-07','Agree security spring fund forget yeah. Year store establish effect.','Set but case maintain. Under career discover attorney beyond until. South color start expert.','0.0','2022-06-13','2022-03-18','Household__c.Informal_Greeting__c','0.0','0.0','0.0','0.0','0.0','0.0','0.0','0.0','0.0','0.0','0.0','63923.0','44836.0','54591.0','69680.0','0.0','0.0','False','False','False','True','False','42811.0','2022-03-27','10266.0','2021-09-01','92073.0','','49825.0','21204.0','39545.0','39166.0','35561.0','0.0','False','36','','','','13','');
INSERT INTO "Contact" VALUES(82,'','','','','','','','','','','','','','','','','','','','False','','sh.farmer2007@example.com','','','','','','','','','Farmer','False','','','','','','','','','Shelly','','','','','','536.131.8876x63514','','','','','','','','','','','','','','','','','','','False','','','','','','','','','','','','s.farmer1982@example.net','sh.farmer2007@example.com','Home','Personal','Work','False','Work','sh+farmer2012@example.org','027-577-4351x0127','0.0','','','','','0.0','','0.0','','','','0.0','','','','0.0','0.0','0.0','0.0','0.0','0.0','0.0','0.0','0.0','0.0','0.0','','','','','0.0','0.0','False','False','False','False','False','','','','','','','','','','','','0.0','False','38','','','','','');
INSERT INTO "Contact" VALUES(83,'','','','','','','','','','','','','','','','','','','','False','','ma-escobar@example.com','','','','','','','','','Escobar','False','','','','','','','','','Margaret','','','','','','960.437.8930','','','','','','','','','','','','','','','','','','','False','','','','','','','','','','','','m+escobar2@example.org','ma-escobar@example.com','Home','Personal','','False','Work','margaretescobar5@example.com','(825)933-1244','0.0','','','','','0.0','','0.0','','','','0.0','','','','0.0','0.0','0.0','0.0','0.0','0.0','0.0','0.0','0.0','0.0','0.0','','','','','0.0','0.0','False','False','False','False','False','','','','','','','','','','','','0.0','False','39','','','','','');
INSERT INTO "Contact" VALUES(84,'','','','','','','','','','','','','','','','','','','','False','','mi+mathis45@example.org','','','','','','','','','Mathis','False','','','','','','','','','Michaela','','','','','','+1-953-181-9418','','','','','','','','','','','','','','','','','','','False','','','','','','','','','','','','michaela+mathis7@example.org','mi+mathis45@example.org','Home','Personal','','False','Other','michaela_mathis1@example.org','001-440-089-8166x586','0.0','','','','','0.0','','0.0','','','','0.0','','','','0.0','0.0','0.0','0.0','0.0','0.0','0.0','0.0','0.0','0.0','0.0','','','','','0.0','0.0','False','False','False','False','False','','','','','','','','','','','','0.0','False','39','','','','','');
INSERT INTO "Contact" VALUES(85,'','','','','','','','None','','','','','','Dark together raise wonder.','','','In Training','','','False','2012-11-09','brent+garza4@example.net','','','','','','','','Inactive','Garza','False','','','','Throw quite while sing. Woman business protect. While agent to.','','Nonprofit Leadership','Active','English','Brent','Especially world dog people interview ago per as. Throughout loss section simply answer event.','Inactive','Sweet Snoopers Training Program','Washington-Maddox','Italian','+1-063-211-4279x32374','Trainer','Fine.','He/Him','','','','','None','','','','','','','','','','','True','','','','','Narcolepsy Alert','Onboarding','Sensitive Info- Volunteer and Staff','','','','','br.garza@example.org','brent+garza4@example.net','Home','Personal','Home','False','Work','brgarza8@example.net','+1-958-656-9151','0.0','48862.0','2019','2022-04-23','68841.0','0.0','2021-10-04','0.0','2021-07-17','Agreement would really cause foreign TV nature. Possible fire name.','Draw available reality pattern defense get. Effort choose appear value charge.','0.0','2021-11-05','2021-10-23','Household__c.Name','0.0','0.0','0.0','0.0','0.0','0.0','0.0','0.0','0.0','0.0','0.0','57485.0','17064.0','21341.0','63805.0','0.0','0.0','False','False','False','False','True','87611.0','2022-04-21','29030.0','2022-03-16','91314.0','','42661.0','31388.0','48896.0','43027.0','51075.0','0.0','False','39','','','','14','');
INSERT INTO "Contact" VALUES(86,'','','','','','','','Inactive','','','','','','Pattern seat election election rule appear marriage head.','','','Decertified','','','False','2017-12-24','jeremy.bruce87@example.net','','','','','','','','Suspended','Bruce','False','','','','Republican process four herself behavior. Develop range east suggest responsibility.','','Social Media','Initial Inquiry','Korean','Jeremy','Real catch technology spring employee part sign. Ten hold citizen poor ahead toward discover. Its read book address five respond.','Active','Teams Set in Motion Program','Allen Inc','Spanish','001-029-874-6699','Volunteer;Team Facilitator Lead;Client','They.','He/Him','','','','','Inactive','','','','','','','','','','','True','','','','','Medical Incident Assist','Onboarding','Active Projects- Scholarships','','','','','je+bruce@example.com','jeremy.bruce87@example.net','Home','Personal','Home','False','Home','jeremybruce7@example.org','613-856-8948','0.0','61728.0','2000','2021-09-08','55215.0','0.0','2021-12-01','0.0','2022-01-23','Life gas hotel. Someone contain country statement. Pattern travel citizen child news.','Thus also ten believe produce recently. Thus follow others performance.','0.0','2021-10-05','2022-03-19','Household__c.Formal_Greeting__c','0.0','0.0','0.0','0.0','0.0','0.0','0.0','0.0','0.0','0.0','0.0','59288.0','74313.0','83266.0','105.0','0.0','0.0','False','False','True','False','False','70868.0','2022-02-22','76185.0','2022-02-08','27477.0','','23266.0','34516.0','33114.0','95883.0','54592.0','0.0','False','39','','','','14','');
INSERT INTO "Contact" VALUES(87,'','','','','','','','','','','','','','','','','','','','False','','dr_goodwin72@example.net','','','','','','','','','Goodwin','False','','','','','','','','','Drew','','','','','','(518)323-8918x51921','','','','','','','','','','','','','','','','','','','False','','','','','','','','','','','','drew_goodwin99@example.net','dr_goodwin72@example.net','Home','Personal','','False','Work','dr_goodwin0@example.com','775-911-0243x84221','0.0','','','','','0.0','','0.0','','','','0.0','','','','0.0','0.0','0.0','0.0','0.0','0.0','0.0','0.0','0.0','0.0','0.0','','','','','0.0','0.0','False','False','False','False','False','','','','','','','','','','','','0.0','False','46','','','','','');
INSERT INTO "Contact" VALUES(88,'','','','','','','','','','','','','','','','','','','','False','','p-holmes1990@example.com','','','','','','','','','Holmes','False','','','','','','','','','Peggy','','','','','','608.782.1021','','','','','','','','','','','','','','','','','','','False','','','','','','','','','','','','pe-holmes2@example.net','p-holmes1990@example.com','Home','Personal','','False','Home','p+holmes@example.com','538-117-1804x53414','0.0','','','','','0.0','','0.0','','','','0.0','','','','0.0','0.0','0.0','0.0','0.0','0.0','0.0','0.0','0.0','0.0','0.0','','','','','0.0','0.0','False','False','False','False','False','','','','','','','','','','','','0.0','False','46','','','','','');
INSERT INTO "Contact" VALUES(89,'','','','','','','','Onboarding','','','','','','Newspaper social hundred glass.','','','Onboarding','','','True','2010-01-22','aandrews85@example.com','','','','','','','','Initial Inquiry','Andrews','False','','','','Radio determine list bill he particularly. List great in our quite song. Account ever set still create back once.','','SEO','Initial Inquiry','English','Aimee','Attention describe free particular benefit add it.','None','Assistance Dogs Set in Motion Program','Flynn-Mora','Portuguese','124.613.7747','Client','Likely.','She/Her','','','','','Inactive','','','','','','','','','','','False','','','','','Hearing Alert','Onboarding','Active Projects- Research and Development','','','','','aimee_andrews1996@example.org','aandrews85@example.com','Home','Personal','Home','False','Other','a_andrews1947@example.net','264.800.4622','0.0','88946.0','1998','2021-07-20','66371.0','0.0','2021-08-21','0.0','2022-04-05','Simply nor entire state be water. Sport road notice house kid hotel away.','Level blue only special type where company. Price activity strategy teach key.','0.0','2022-03-07','2021-09-03','Household__c.Name','0.0','0.0','0.0','0.0','0.0','0.0','0.0','0.0','0.0','0.0','0.0','18575.0','27873.0','77271.0','31063.0','0.0','0.0','False','False','False','False','True','28524.0','2021-08-15','55240.0','2022-04-02','68593.0','','42695.0','28113.0','65353.0','91127.0','74504.0','0.0','False','46','','','','16','');
INSERT INTO "Contact" VALUES(90,'','','','','','','','','','','','','','','','','','','','False','','t_dixon2003@example.com','','','','','','','','','Dixon','False','','','','','','','','','Tracy','','','','','','001-653-824-2035x62297','','','','','','','','','','','','','','','','','','','False','','','','','','','','','','','','tr.dixon@example.com','t_dixon2003@example.com','Home','Personal','','False','Home','t_dixon@example.org','008.892.5831x083','0.0','','','','','0.0','','0.0','','','','0.0','','','','0.0','0.0','0.0','0.0','0.0','0.0','0.0','0.0','0.0','0.0','0.0','','','','','0.0','0.0','False','False','False','False','False','','','','','','','','','','','','0.0','False','48','','','','','');
CREATE TABLE "ContinuingEducationUnit__c" (
	id INTEGER NOT NULL, 
	"AuthorityOther__c" VARCHAR(255), 
	"Authority__c" VARCHAR(255), 
	"Comments__c" VARCHAR(255), 
	"DateCompleted__c" VARCHAR(255), 
	"DateSubmitted__c" VARCHAR(255), 
	"Name" VARCHAR(255), 
	"ProgramDate__c" VARCHAR(255), 
	"ProgramHours__c" VARCHAR(255), 
	"ProgramTitle__c" VARCHAR(255), 
	"Quantity__c" VARCHAR(255), 
	"Role__c" VARCHAR(255), 
	"Status__c" VARCHAR(255), 
	"Trainer__c" VARCHAR(255), 
	PRIMARY KEY (id)
);
INSERT INTO "ContinuingEducationUnit__c" VALUES(1,'Velez, Wyatt and Davidson','CCPDT','When billion send north win.','2009-05-24','2003-01-29','Synergized discrete capacity','2001-11-25','1848.0','Right-sized intangible capacity','18.0','Attendee','Pending','50');
INSERT INTO "ContinuingEducationUnit__c" VALUES(2,'Vasquez-Branch','CBCC','Person watch part argue cut defense.','2011-12-23','2010-12-04','Optional explicit pricing structure','2003-11-25','1798.0','Devolved actuating productivity','3.0','Presenter','Approved','73');
INSERT INTO "ContinuingEducationUnit__c" VALUES(3,'Mcguire and Sons','Other','Vote reveal politics kitchen expect rate.','2016-10-01','2008-12-17','Versatile modular data-warehouse','2008-01-17','564.0','Profit-focused responsive approach','5.0','Attendee','Pending','6');
INSERT INTO "ContinuingEducationUnit__c" VALUES(4,'Hutchinson LLC','Other','Life raise bill authority.','2020-09-28','2020-04-06','Polarized intangible hierarchy','2000-10-04','1851.0','Organized context-sensitive strategy','8.0','Attendee','Pending','32');
CREATE TABLE "DogRelationship__c" (
	id INTEGER NOT NULL, 
	"Type__c" VARCHAR(255), 
	"Contact__c" VARCHAR(255), 
	"Dog__c" VARCHAR(255), 
	PRIMARY KEY (id)
);
INSERT INTO "DogRelationship__c" VALUES(1,'Owner','55','1');
INSERT INTO "DogRelationship__c" VALUES(2,'Client','58','1');
INSERT INTO "DogRelationship__c" VALUES(3,'Veterinarian','60','1');
INSERT INTO "DogRelationship__c" VALUES(4,'Client','69','2');
INSERT INTO "DogRelationship__c" VALUES(5,'Breeder','48','2');
INSERT INTO "DogRelationship__c" VALUES(6,'Owner','81','2');
INSERT INTO "DogRelationship__c" VALUES(7,'Veterinarian','82','2');
INSERT INTO "DogRelationship__c" VALUES(8,'Breeder','6','3');
INSERT INTO "DogRelationship__c" VALUES(9,'Owner','7','3');
INSERT INTO "DogRelationship__c" VALUES(10,'Client','13','3');
INSERT INTO "DogRelationship__c" VALUES(11,'Veterinarian','15','3');
INSERT INTO "DogRelationship__c" VALUES(12,'Owner','25','4');
INSERT INTO "DogRelationship__c" VALUES(13,'Handler','27','4');
INSERT INTO "DogRelationship__c" VALUES(14,'Client','','1');
INSERT INTO "DogRelationship__c" VALUES(15,'Client','40','4');
INSERT INTO "DogRelationship__c" VALUES(16,'Veterinarian','41','4');
CREATE TABLE "Dog__c" (
	id INTEGER NOT NULL, 
	"ActivationDate__c" VARCHAR(255), 
	"Birthdate__c" VARCHAR(255), 
	"Breed__c" VARCHAR(255), 
	"Gender__c" VARCHAR(255), 
	"HealthFormReceived__c" VARCHAR(255), 
	"LatestPhysicalExamOutcome__c" VARCHAR(255), 
	"MicrochipNumber__c" VARCHAR(255), 
	"Name" VARCHAR(255), 
	"Notes__c" VARCHAR(255), 
	"PhysicalExamDue__c" VARCHAR(255), 
	"Picture__c" VARCHAR(255), 
	"Program__c" VARCHAR(255), 
	"SpayedNeutered__c" VARCHAR(255), 
	"Status__c" VARCHAR(255), 
	"VacExamsReceived__c" VARCHAR(255), 
	"VaccineDueDistemper__c" VARCHAR(255), 
	"VaccineDueHepatitis__c" VARCHAR(255), 
	"VaccineDueParainfluenza__c" VARCHAR(255), 
	"VaccineDueParvovirus__c" VARCHAR(255), 
	"VaccineDueRabies__c" VARCHAR(255), 
	"XrayReceived__c" VARCHAR(255), 
	"VetClinic__c" VARCHAR(255), 
	PRIMARY KEY (id)
);
INSERT INTO "Dog__c" VALUES(1,'2002-04-12','2010-08-01','Vizsla','Female','','Pass','0-668-26188-9','Lulu','Lose do painting difference trade economy. For child side. Run kind look begin join.','2022-03-15','https://dummyimage.com/60x60','Assistance Dogs Set In Motion','True','In Training','','2020-12-20','2022-03-11','2022-10-28','2022-11-02','2022-04-13','','18');
INSERT INTO "Dog__c" VALUES(2,'2013-05-07','2021-01-12','Havanese','Female','','Pass','0-234-62835-9','Princess','Brother third base later society person station. Call because finish personal allow community. Know themselves past risk.','2023-01-03','https://placekitten.com/60/60','Team Certification','False','Certified','','2021-02-24','2023-03-30','2022-04-02','2022-05-13','2025-04-09','','38');
INSERT INTO "Dog__c" VALUES(3,'2003-11-23','2002-08-13','Collie','Female','','Fail','1-4955-7784-8','Angel','Oil girl whether peace follow few. Will respond black bed.','2022-01-10','https://picsum.photos/60/60','Assistance Dogs Set In Motion','True','Certified','','2022-07-26','2022-04-16','2023-01-01','2021-05-25','2018-08-26','','58');
INSERT INTO "Dog__c" VALUES(4,'2019-03-24','2012-11-21','Miniature Schnauzer','Female','','Pass','0-542-35459-4','Izzy','Them daughter improve employee. Father right until above lose share. Side dark Congress bit cut. Discuss perhaps stock choose laugh.','2022-04-08','https://picsum.photos/60/60','Team Certification','True','None','','2020-08-20','2022-01-29','2023-06-04','2021-08-14','2022-01-23','','78');
CREATE TABLE "GW_Volunteers__Volunteer_Job__c" (
	id INTEGER NOT NULL, 
	"GW_Volunteers__Description__c" VARCHAR(255), 
	"GW_Volunteers__Skills_Needed__c" VARCHAR(255), 
	"GW_Volunteers__Ongoing__c" VARCHAR(255), 
	"Name" VARCHAR(255), 
	"GW_Volunteers__Campaign__c" VARCHAR(255), 
	PRIMARY KEY (id)
);
INSERT INTO "GW_Volunteers__Volunteer_Job__c" VALUES(1,'Team Facilitator Certification','Administration','True','Team Facilitator Certification','2');
INSERT INTO "GW_Volunteers__Volunteer_Job__c" VALUES(2,'Team Facilitator Operations','Administration','True','Team Facilitator Operations','2');
INSERT INTO "GW_Volunteers__Volunteer_Job__c" VALUES(3,'Technology Infrastructure','Technology/Infrastructure','True','Technology Infrastructure','2');
INSERT INTO "GW_Volunteers__Volunteer_Job__c" VALUES(4,'Trainer Certification','Dog Training/Behavior/Veterinary','True','Trainer Certification','2');
INSERT INTO "GW_Volunteers__Volunteer_Job__c" VALUES(5,'Volunteer and Staff Operations','Administration','True','Volunteer and Staff Operations','2');
INSERT INTO "GW_Volunteers__Volunteer_Job__c" VALUES(6,'Volunteer Recruitment and Retention','Outreach/Networking','True','Volunteer Recruitment and Retention','2');
INSERT INTO "GW_Volunteers__Volunteer_Job__c" VALUES(7,'Academy-Content Creator','Education/Course Development','True','Academy-Content Creator','2');
INSERT INTO "GW_Volunteers__Volunteer_Job__c" VALUES(8,'Academy-Content Editor','Education/Course Development','True','Academy-Content Editor','2');
INSERT INTO "GW_Volunteers__Volunteer_Job__c" VALUES(9,'Marketing- Graphic Design','Graphic Design','True','Marketing- Graphic Design','2');
INSERT INTO "GW_Volunteers__Volunteer_Job__c" VALUES(10,'Marketing- Video','Photography/Videography','True','Marketing- Video','2');
INSERT INTO "GW_Volunteers__Volunteer_Job__c" VALUES(11,'Marketing- Photo','Photography/Videography','True','Marketing- Photo','2');
INSERT INTO "GW_Volunteers__Volunteer_Job__c" VALUES(12,'Marketing- Writing','Writing/Communications','True','Marketing- Writing','2');
INSERT INTO "GW_Volunteers__Volunteer_Job__c" VALUES(13,'Marketing- Leadership','Marketing and Branding','True','Marketing- Leadership','2');
INSERT INTO "GW_Volunteers__Volunteer_Job__c" VALUES(14,'Marketing- SEO','SEO','True','Marketing- SEO','2');
INSERT INTO "GW_Volunteers__Volunteer_Job__c" VALUES(15,'Marketing- Website','Website development','True','Marketing- Website','2');
INSERT INTO "GW_Volunteers__Volunteer_Job__c" VALUES(16,'Marketing- Sales','Sales','True','Marketing- Sales','2');
INSERT INTO "GW_Volunteers__Volunteer_Job__c" VALUES(17,'Marketing- Advertising','Marketing and Branding','True','Marketing- Advertising','2');
INSERT INTO "GW_Volunteers__Volunteer_Job__c" VALUES(18,'Marketing- Events','Project/Program Management','True','Marketing- Events','2');
INSERT INTO "GW_Volunteers__Volunteer_Job__c" VALUES(19,'Administrative- Client','Administration','True','Administrative- Client','2');
INSERT INTO "GW_Volunteers__Volunteer_Job__c" VALUES(20,'Administrative- Volunteer','Administration','True','Administrative- Volunteer','2');
INSERT INTO "GW_Volunteers__Volunteer_Job__c" VALUES(21,'Administrative- Trainer','Administration','True','Administrative- Trainer','2');
INSERT INTO "GW_Volunteers__Volunteer_Job__c" VALUES(22,'Administrative- General','Administration','True','Administrative- General','2');
INSERT INTO "GW_Volunteers__Volunteer_Job__c" VALUES(23,'Administrative- Technology','Administration','True','Administrative- Technology','2');
INSERT INTO "GW_Volunteers__Volunteer_Job__c" VALUES(24,'Outreach- Clients','Outreach/Networking','True','Outreach- Clients','2');
INSERT INTO "GW_Volunteers__Volunteer_Job__c" VALUES(25,'Outreach- Disability Orgs','Outreach/Networking','True','Outreach- Disability Orgs','2');
INSERT INTO "GW_Volunteers__Volunteer_Job__c" VALUES(26,'Outreach- Dogs','Outreach/Networking','True','Outreach- Dogs','2');
INSERT INTO "GW_Volunteers__Volunteer_Job__c" VALUES(27,'Outreach- Veterinarians','Outreach/Networking','True','Outreach- Veterinarians','2');
INSERT INTO "GW_Volunteers__Volunteer_Job__c" VALUES(28,'Outreach- Medical Providers','Outreach/Networking','True','Outreach- Medical Providers','2');
INSERT INTO "GW_Volunteers__Volunteer_Job__c" VALUES(29,'Outreach- Diversity','Outreach/Networking','True','Outreach- Diversity','2');
INSERT INTO "GW_Volunteers__Volunteer_Job__c" VALUES(30,'Academy decscription','Marketing and Branding','True','Academy','2');
INSERT INTO "GW_Volunteers__Volunteer_Job__c" VALUES(31,'ADI Accreditation decscription','Writing/Communications','True','ADI Accreditation','2');
INSERT INTO "GW_Volunteers__Volunteer_Job__c" VALUES(32,'Branding and Marketing decscription','Marketing and Branding','True','Branding and Marketing','2');
INSERT INTO "GW_Volunteers__Volunteer_Job__c" VALUES(33,'Client Certification decscription','Writing/Communications','True','Client Certification','2');
INSERT INTO "GW_Volunteers__Volunteer_Job__c" VALUES(34,'Client Operations','Administration','True','Client Operations','2');
INSERT INTO "GW_Volunteers__Volunteer_Job__c" VALUES(35,'Community Outreach and Education','Outreach/Networking','True','Community Outreach and Education','2');
INSERT INTO "GW_Volunteers__Volunteer_Job__c" VALUES(36,'Dog Availability','Administration','True','Dog Availability','2');
INSERT INTO "GW_Volunteers__Volunteer_Job__c" VALUES(37,'Financial Operations','Financial/Bookkeeping','True','Financial Operations','2');
INSERT INTO "GW_Volunteers__Volunteer_Job__c" VALUES(38,'Fund Development','Fundraising/Grants','True','Fund Development','2');
INSERT INTO "GW_Volunteers__Volunteer_Job__c" VALUES(39,'Governance and Compliance and Operations','Legal','True','Governance and Compliance and Operations','2');
INSERT INTO "GW_Volunteers__Volunteer_Job__c" VALUES(40,'Operations Master Docs','Writing/Communications','True','Operations Master Docs','2');
INSERT INTO "GW_Volunteers__Volunteer_Job__c" VALUES(41,'Research and Development','Dog Training/Behavior/Veterinary','True','Research and Development','2');
INSERT INTO "GW_Volunteers__Volunteer_Job__c" VALUES(42,'Scholarships','Fundraising/Grants','True','Scholarships','2');
INSERT INTO "GW_Volunteers__Volunteer_Job__c" VALUES(43,'State Registration','Legal','True','State Registration','2');
INSERT INTO "GW_Volunteers__Volunteer_Job__c" VALUES(44,'Team Facilitator Certification','Administration','True','Team Facilitator Certification','2');
INSERT INTO "GW_Volunteers__Volunteer_Job__c" VALUES(45,'Team Facilitator Operations','Administration','True','Team Facilitator Operations','2');
INSERT INTO "GW_Volunteers__Volunteer_Job__c" VALUES(46,'Technology Infrastructure','Technology/Infrastructure','True','Technology Infrastructure','2');
INSERT INTO "GW_Volunteers__Volunteer_Job__c" VALUES(47,'Trainer Certification','Dog Training/Behavior/Veterinary','True','Trainer Certification','2');
INSERT INTO "GW_Volunteers__Volunteer_Job__c" VALUES(48,'Volunteer and Staff Operations','Administration','True','Volunteer and Staff Operations','2');
INSERT INTO "GW_Volunteers__Volunteer_Job__c" VALUES(49,'Volunteer Recruitment and Retention','Outreach/Networking','True','Volunteer Recruitment and Retention','2');
INSERT INTO "GW_Volunteers__Volunteer_Job__c" VALUES(50,'Academy-Content Creator','Education/Course Development','True','Academy-Content Creator','2');
INSERT INTO "GW_Volunteers__Volunteer_Job__c" VALUES(51,'Academy-Content Editor','Education/Course Development','True','Academy-Content Editor','2');
INSERT INTO "GW_Volunteers__Volunteer_Job__c" VALUES(52,'Marketing- Graphic Design','Graphic Design','True','Marketing- Graphic Design','2');
INSERT INTO "GW_Volunteers__Volunteer_Job__c" VALUES(53,'Marketing- Video','Photography/Videography','True','Marketing- Video','2');
INSERT INTO "GW_Volunteers__Volunteer_Job__c" VALUES(54,'Marketing- Photo','Photography/Videography','True','Marketing- Photo','2');
INSERT INTO "GW_Volunteers__Volunteer_Job__c" VALUES(55,'Marketing- Writing','Writing/Communications','True','Marketing- Writing','2');
INSERT INTO "GW_Volunteers__Volunteer_Job__c" VALUES(56,'Marketing- Leadership','Marketing and Branding','True','Marketing- Leadership','2');
INSERT INTO "GW_Volunteers__Volunteer_Job__c" VALUES(57,'Marketing- SEO','SEO','True','Marketing- SEO','2');
INSERT INTO "GW_Volunteers__Volunteer_Job__c" VALUES(58,'Marketing- Website','Website development','True','Marketing- Website','2');
INSERT INTO "GW_Volunteers__Volunteer_Job__c" VALUES(59,'Marketing- Sales','Sales','True','Marketing- Sales','2');
INSERT INTO "GW_Volunteers__Volunteer_Job__c" VALUES(60,'Marketing- Advertising','Marketing and Branding','True','Marketing- Advertising','2');
INSERT INTO "GW_Volunteers__Volunteer_Job__c" VALUES(61,'Marketing- Events','Project/Program Management','True','Marketing- Events','2');
INSERT INTO "GW_Volunteers__Volunteer_Job__c" VALUES(62,'Administrative- Client','Administration','True','Administrative- Client','2');
INSERT INTO "GW_Volunteers__Volunteer_Job__c" VALUES(63,'Administrative- Volunteer','Administration','True','Administrative- Volunteer','2');
INSERT INTO "GW_Volunteers__Volunteer_Job__c" VALUES(64,'Administrative- Trainer','Administration','True','Administrative- Trainer','2');
INSERT INTO "GW_Volunteers__Volunteer_Job__c" VALUES(65,'Administrative- General','Administration','True','Administrative- General','2');
INSERT INTO "GW_Volunteers__Volunteer_Job__c" VALUES(66,'Administrative- Technology','Administration','True','Administrative- Technology','2');
INSERT INTO "GW_Volunteers__Volunteer_Job__c" VALUES(67,'Outreach- Clients','Outreach/Networking','True','Outreach- Clients','2');
INSERT INTO "GW_Volunteers__Volunteer_Job__c" VALUES(68,'Outreach- Disability Orgs','Outreach/Networking','True','Outreach- Disability Orgs','2');
INSERT INTO "GW_Volunteers__Volunteer_Job__c" VALUES(69,'Outreach- Dogs','Outreach/Networking','True','Outreach- Dogs','2');
INSERT INTO "GW_Volunteers__Volunteer_Job__c" VALUES(70,'Outreach- Veterinarians','Outreach/Networking','True','Outreach- Veterinarians','2');
INSERT INTO "GW_Volunteers__Volunteer_Job__c" VALUES(71,'Outreach- Medical Providers','Outreach/Networking','True','Outreach- Medical Providers','2');
INSERT INTO "GW_Volunteers__Volunteer_Job__c" VALUES(72,'Outreach- Diversity','Outreach/Networking','True','Outreach- Diversity','2');
INSERT INTO "GW_Volunteers__Volunteer_Job__c" VALUES(73,'Academy decscription','Marketing and Branding','True','Academy','2');
INSERT INTO "GW_Volunteers__Volunteer_Job__c" VALUES(74,'ADI Accreditation decscription','Writing/Communications','True','ADI Accreditation','2');
INSERT INTO "GW_Volunteers__Volunteer_Job__c" VALUES(75,'Branding and Marketing decscription','Marketing and Branding','True','Branding and Marketing','2');
INSERT INTO "GW_Volunteers__Volunteer_Job__c" VALUES(76,'Client Certification decscription','Writing/Communications','True','Client Certification','2');
INSERT INTO "GW_Volunteers__Volunteer_Job__c" VALUES(77,'Client Operations','Administration','True','Client Operations','2');
INSERT INTO "GW_Volunteers__Volunteer_Job__c" VALUES(78,'Community Outreach and Education','Outreach/Networking','True','Community Outreach and Education','2');
INSERT INTO "GW_Volunteers__Volunteer_Job__c" VALUES(79,'Dog Availability','Administration','True','Dog Availability','2');
INSERT INTO "GW_Volunteers__Volunteer_Job__c" VALUES(80,'Financial Operations','Financial/Bookkeeping','True','Financial Operations','2');
INSERT INTO "GW_Volunteers__Volunteer_Job__c" VALUES(81,'Fund Development','Fundraising/Grants','True','Fund Development','2');
INSERT INTO "GW_Volunteers__Volunteer_Job__c" VALUES(82,'Governance and Compliance and Operations','Legal','True','Governance and Compliance and Operations','2');
INSERT INTO "GW_Volunteers__Volunteer_Job__c" VALUES(83,'Operations Master Docs','Writing/Communications','True','Operations Master Docs','2');
INSERT INTO "GW_Volunteers__Volunteer_Job__c" VALUES(84,'Research and Development','Dog Training/Behavior/Veterinary','True','Research and Development','2');
INSERT INTO "GW_Volunteers__Volunteer_Job__c" VALUES(85,'Scholarships','Fundraising/Grants','True','Scholarships','2');
INSERT INTO "GW_Volunteers__Volunteer_Job__c" VALUES(86,'State Registration','Legal','True','State Registration','2');
INSERT INTO "GW_Volunteers__Volunteer_Job__c" VALUES(87,'Team Facilitator Certification','Administration','True','Team Facilitator Certification','2');
INSERT INTO "GW_Volunteers__Volunteer_Job__c" VALUES(88,'Team Facilitator Operations','Administration','True','Team Facilitator Operations','2');
INSERT INTO "GW_Volunteers__Volunteer_Job__c" VALUES(89,'Technology Infrastructure','Technology/Infrastructure','True','Technology Infrastructure','2');
INSERT INTO "GW_Volunteers__Volunteer_Job__c" VALUES(90,'Trainer Certification','Dog Training/Behavior/Veterinary','True','Trainer Certification','2');
INSERT INTO "GW_Volunteers__Volunteer_Job__c" VALUES(91,'Volunteer and Staff Operations','Administration','True','Volunteer and Staff Operations','2');
INSERT INTO "GW_Volunteers__Volunteer_Job__c" VALUES(92,'Volunteer Recruitment and Retention','Outreach/Networking','True','Volunteer Recruitment and Retention','2');
INSERT INTO "GW_Volunteers__Volunteer_Job__c" VALUES(93,'Academy-Content Creator','Education/Course Development','True','Academy-Content Creator','2');
INSERT INTO "GW_Volunteers__Volunteer_Job__c" VALUES(94,'Academy-Content Editor','Education/Course Development','True','Academy-Content Editor','2');
INSERT INTO "GW_Volunteers__Volunteer_Job__c" VALUES(95,'Marketing- Graphic Design','Graphic Design','True','Marketing- Graphic Design','2');
INSERT INTO "GW_Volunteers__Volunteer_Job__c" VALUES(96,'Marketing- Video','Photography/Videography','True','Marketing- Video','2');
INSERT INTO "GW_Volunteers__Volunteer_Job__c" VALUES(97,'Marketing- Photo','Photography/Videography','True','Marketing- Photo','2');
INSERT INTO "GW_Volunteers__Volunteer_Job__c" VALUES(98,'Marketing- Writing','Writing/Communications','True','Marketing- Writing','2');
INSERT INTO "GW_Volunteers__Volunteer_Job__c" VALUES(99,'Marketing- Leadership','Marketing and Branding','True','Marketing- Leadership','2');
INSERT INTO "GW_Volunteers__Volunteer_Job__c" VALUES(100,'Marketing- SEO','SEO','True','Marketing- SEO','2');
INSERT INTO "GW_Volunteers__Volunteer_Job__c" VALUES(101,'Marketing- Website','Website development','True','Marketing- Website','2');
INSERT INTO "GW_Volunteers__Volunteer_Job__c" VALUES(102,'Marketing- Sales','Sales','True','Marketing- Sales','2');
INSERT INTO "GW_Volunteers__Volunteer_Job__c" VALUES(103,'Marketing- Advertising','Marketing and Branding','True','Marketing- Advertising','2');
INSERT INTO "GW_Volunteers__Volunteer_Job__c" VALUES(104,'Marketing- Events','Project/Program Management','True','Marketing- Events','2');
INSERT INTO "GW_Volunteers__Volunteer_Job__c" VALUES(105,'Administrative- Client','Administration','True','Administrative- Client','2');
INSERT INTO "GW_Volunteers__Volunteer_Job__c" VALUES(106,'Administrative- Volunteer','Administration','True','Administrative- Volunteer','2');
INSERT INTO "GW_Volunteers__Volunteer_Job__c" VALUES(107,'Administrative- Trainer','Administration','True','Administrative- Trainer','2');
INSERT INTO "GW_Volunteers__Volunteer_Job__c" VALUES(108,'Administrative- General','Administration','True','Administrative- General','2');
INSERT INTO "GW_Volunteers__Volunteer_Job__c" VALUES(109,'Administrative- Technology','Administration','True','Administrative- Technology','2');
INSERT INTO "GW_Volunteers__Volunteer_Job__c" VALUES(110,'Outreach- Clients','Outreach/Networking','True','Outreach- Clients','2');
INSERT INTO "GW_Volunteers__Volunteer_Job__c" VALUES(111,'Outreach- Disability Orgs','Outreach/Networking','True','Outreach- Disability Orgs','2');
INSERT INTO "GW_Volunteers__Volunteer_Job__c" VALUES(112,'Outreach- Dogs','Outreach/Networking','True','Outreach- Dogs','2');
INSERT INTO "GW_Volunteers__Volunteer_Job__c" VALUES(113,'Outreach- Veterinarians','Outreach/Networking','True','Outreach- Veterinarians','2');
INSERT INTO "GW_Volunteers__Volunteer_Job__c" VALUES(114,'Outreach- Medical Providers','Outreach/Networking','True','Outreach- Medical Providers','2');
INSERT INTO "GW_Volunteers__Volunteer_Job__c" VALUES(115,'Outreach- Diversity','Outreach/Networking','True','Outreach- Diversity','2');
INSERT INTO "GW_Volunteers__Volunteer_Job__c" VALUES(116,'Academy decscription','Marketing and Branding','True','Academy','1');
INSERT INTO "GW_Volunteers__Volunteer_Job__c" VALUES(117,'ADI Accreditation decscription','Writing/Communications','True','ADI Accreditation','1');
INSERT INTO "GW_Volunteers__Volunteer_Job__c" VALUES(118,'Branding and Marketing decscription','Marketing and Branding','True','Branding and Marketing','1');
INSERT INTO "GW_Volunteers__Volunteer_Job__c" VALUES(119,'Client Certification decscription','Writing/Communications','True','Client Certification','1');
INSERT INTO "GW_Volunteers__Volunteer_Job__c" VALUES(120,'Client Operations','Administration','True','Client Operations','1');
INSERT INTO "GW_Volunteers__Volunteer_Job__c" VALUES(121,'Community Outreach and Education','Outreach/Networking','True','Community Outreach and Education','1');
INSERT INTO "GW_Volunteers__Volunteer_Job__c" VALUES(122,'Dog Availability','Administration','True','Dog Availability','1');
INSERT INTO "GW_Volunteers__Volunteer_Job__c" VALUES(123,'Financial Operations','Financial/Bookkeeping','True','Financial Operations','1');
INSERT INTO "GW_Volunteers__Volunteer_Job__c" VALUES(124,'Fund Development','Fundraising/Grants','True','Fund Development','1');
INSERT INTO "GW_Volunteers__Volunteer_Job__c" VALUES(125,'Governance and Compliance and Operations','Legal','True','Governance and Compliance and Operations','1');
INSERT INTO "GW_Volunteers__Volunteer_Job__c" VALUES(126,'Operations Master Docs','Writing/Communications','True','Operations Master Docs','1');
INSERT INTO "GW_Volunteers__Volunteer_Job__c" VALUES(127,'Research and Development','Dog Training/Behavior/Veterinary','True','Research and Development','1');
INSERT INTO "GW_Volunteers__Volunteer_Job__c" VALUES(128,'Scholarships','Fundraising/Grants','True','Scholarships','1');
INSERT INTO "GW_Volunteers__Volunteer_Job__c" VALUES(129,'State Registration','Legal','True','State Registration','1');
INSERT INTO "GW_Volunteers__Volunteer_Job__c" VALUES(130,'Team Facilitator Certification','Administration','True','Team Facilitator Certification','1');
INSERT INTO "GW_Volunteers__Volunteer_Job__c" VALUES(131,'Team Facilitator Operations','Administration','True','Team Facilitator Operations','1');
INSERT INTO "GW_Volunteers__Volunteer_Job__c" VALUES(132,'Technology Infrastructure','Technology/Infrastructure','True','Technology Infrastructure','1');
INSERT INTO "GW_Volunteers__Volunteer_Job__c" VALUES(133,'Trainer Certification','Dog Training/Behavior/Veterinary','True','Trainer Certification','1');
INSERT INTO "GW_Volunteers__Volunteer_Job__c" VALUES(134,'Volunteer and Staff Operations','Administration','True','Volunteer and Staff Operations','1');
INSERT INTO "GW_Volunteers__Volunteer_Job__c" VALUES(135,'Volunteer Recruitment and Retention','Outreach/Networking','True','Volunteer Recruitment and Retention','1');
INSERT INTO "GW_Volunteers__Volunteer_Job__c" VALUES(136,'Academy-Content Creator','Education/Course Development','True','Academy-Content Creator','1');
INSERT INTO "GW_Volunteers__Volunteer_Job__c" VALUES(137,'Academy-Content Editor','Education/Course Development','True','Academy-Content Editor','1');
INSERT INTO "GW_Volunteers__Volunteer_Job__c" VALUES(138,'Marketing- Graphic Design','Graphic Design','True','Marketing- Graphic Design','1');
INSERT INTO "GW_Volunteers__Volunteer_Job__c" VALUES(139,'Marketing- Video','Photography/Videography','True','Marketing- Video','1');
INSERT INTO "GW_Volunteers__Volunteer_Job__c" VALUES(140,'Marketing- Photo','Photography/Videography','True','Marketing- Photo','1');
INSERT INTO "GW_Volunteers__Volunteer_Job__c" VALUES(141,'Marketing- Writing','Writing/Communications','True','Marketing- Writing','1');
INSERT INTO "GW_Volunteers__Volunteer_Job__c" VALUES(142,'Marketing- Leadership','Marketing and Branding','True','Marketing- Leadership','1');
INSERT INTO "GW_Volunteers__Volunteer_Job__c" VALUES(143,'Marketing- SEO','SEO','True','Marketing- SEO','1');
INSERT INTO "GW_Volunteers__Volunteer_Job__c" VALUES(144,'Marketing- Website','Website development','True','Marketing- Website','1');
INSERT INTO "GW_Volunteers__Volunteer_Job__c" VALUES(145,'Marketing- Sales','Sales','True','Marketing- Sales','1');
INSERT INTO "GW_Volunteers__Volunteer_Job__c" VALUES(146,'Marketing- Advertising','Marketing and Branding','True','Marketing- Advertising','1');
INSERT INTO "GW_Volunteers__Volunteer_Job__c" VALUES(147,'Marketing- Events','Project/Program Management','True','Marketing- Events','1');
INSERT INTO "GW_Volunteers__Volunteer_Job__c" VALUES(148,'Administrative- Client','Administration','True','Administrative- Client','1');
INSERT INTO "GW_Volunteers__Volunteer_Job__c" VALUES(149,'Administrative- Volunteer','Administration','True','Administrative- Volunteer','1');
INSERT INTO "GW_Volunteers__Volunteer_Job__c" VALUES(150,'Administrative- Trainer','Administration','True','Administrative- Trainer','1');
INSERT INTO "GW_Volunteers__Volunteer_Job__c" VALUES(151,'Administrative- General','Administration','True','Administrative- General','1');
INSERT INTO "GW_Volunteers__Volunteer_Job__c" VALUES(152,'Administrative- Technology','Administration','True','Administrative- Technology','1');
INSERT INTO "GW_Volunteers__Volunteer_Job__c" VALUES(153,'Outreach- Clients','Outreach/Networking','True','Outreach- Clients','1');
INSERT INTO "GW_Volunteers__Volunteer_Job__c" VALUES(154,'Outreach- Disability Orgs','Outreach/Networking','True','Outreach- Disability Orgs','1');
INSERT INTO "GW_Volunteers__Volunteer_Job__c" VALUES(155,'Outreach- Dogs','Outreach/Networking','True','Outreach- Dogs','1');
INSERT INTO "GW_Volunteers__Volunteer_Job__c" VALUES(156,'Outreach- Veterinarians','Outreach/Networking','True','Outreach- Veterinarians','1');
INSERT INTO "GW_Volunteers__Volunteer_Job__c" VALUES(157,'Outreach- Medical Providers','Outreach/Networking','True','Outreach- Medical Providers','1');
INSERT INTO "GW_Volunteers__Volunteer_Job__c" VALUES(158,'Outreach- Diversity','Outreach/Networking','True','Outreach- Diversity','1');
INSERT INTO "GW_Volunteers__Volunteer_Job__c" VALUES(159,'Academy decscription','Marketing and Branding','True','Academy','2');
INSERT INTO "GW_Volunteers__Volunteer_Job__c" VALUES(160,'ADI Accreditation decscription','Writing/Communications','True','ADI Accreditation','2');
INSERT INTO "GW_Volunteers__Volunteer_Job__c" VALUES(161,'Branding and Marketing decscription','Marketing and Branding','True','Branding and Marketing','2');
INSERT INTO "GW_Volunteers__Volunteer_Job__c" VALUES(162,'Client Certification decscription','Writing/Communications','True','Client Certification','2');
INSERT INTO "GW_Volunteers__Volunteer_Job__c" VALUES(163,'Client Operations','Administration','True','Client Operations','2');
INSERT INTO "GW_Volunteers__Volunteer_Job__c" VALUES(164,'Community Outreach and Education','Outreach/Networking','True','Community Outreach and Education','2');
INSERT INTO "GW_Volunteers__Volunteer_Job__c" VALUES(165,'Dog Availability','Administration','True','Dog Availability','2');
INSERT INTO "GW_Volunteers__Volunteer_Job__c" VALUES(166,'Financial Operations','Financial/Bookkeeping','True','Financial Operations','2');
INSERT INTO "GW_Volunteers__Volunteer_Job__c" VALUES(167,'Fund Development','Fundraising/Grants','True','Fund Development','2');
INSERT INTO "GW_Volunteers__Volunteer_Job__c" VALUES(168,'Governance and Compliance and Operations','Legal','True','Governance and Compliance and Operations','2');
INSERT INTO "GW_Volunteers__Volunteer_Job__c" VALUES(169,'Operations Master Docs','Writing/Communications','True','Operations Master Docs','2');
INSERT INTO "GW_Volunteers__Volunteer_Job__c" VALUES(170,'Research and Development','Dog Training/Behavior/Veterinary','True','Research and Development','2');
INSERT INTO "GW_Volunteers__Volunteer_Job__c" VALUES(171,'Scholarships','Fundraising/Grants','True','Scholarships','2');
INSERT INTO "GW_Volunteers__Volunteer_Job__c" VALUES(172,'State Registration','Legal','True','State Registration','2');
CREATE TABLE "Lead" (
	id INTEGER NOT NULL, 
	"City" VARCHAR(255), 
	"Company" VARCHAR(255), 
	"Country" VARCHAR(255), 
	"Email" VARCHAR(255), 
	"FirstName" VARCHAR(255), 
	"GW_Volunteers__Volunteer_Availability__c" VARCHAR(255), 
	"GW_Volunteers__Volunteer_Notes__c" VARCHAR(255), 
	"GW_Volunteers__Volunteer_Skills__c" VARCHAR(255), 
	"GW_Volunteers__Volunteer_Status__c" VARCHAR(255), 
	"IsConverted" VARCHAR(255), 
	"IsUnreadByOwner" VARCHAR(255), 
	"LastName" VARCHAR(255), 
	"LeadInterest__c" VARCHAR(255), 
	"LeadSource" VARCHAR(255), 
	"LeadSourceOther__c" VARCHAR(255), 
	"MobilePhone" VARCHAR(255), 
	"Phone" VARCHAR(255), 
	"PostalCode" VARCHAR(255), 
	"PronounOther__c" VARCHAR(255), 
	"Pronoun__c" VARCHAR(255), 
	"State" VARCHAR(255), 
	"Status" VARCHAR(255), 
	"Street" VARCHAR(255), 
	"npe01__Preferred_Email__c" VARCHAR(255), 
	"npe01__Preferred_Phone__c" VARCHAR(255), 
	"npsp__CompanyCity__c" VARCHAR(255), 
	"npsp__CompanyCountry__c" VARCHAR(255), 
	"npsp__CompanyPostalCode__c" VARCHAR(255), 
	"npsp__CompanyState__c" VARCHAR(255), 
	"npsp__CompanyStreet__c" VARCHAR(255), 
	"npsp__Batch__c" VARCHAR(255), 
	PRIMARY KEY (id)
);
INSERT INTO "Lead" VALUES(1,'Lake Claudia','N/A','Seychelles','jenna95@example.org','Mercedes','','','','','False','True','Maynard','Sweet Snoopers Training Program','Search Engine','','757.328.0126x29525','826-272-6890x089','14581','Thousand.','He/Him','Delaware','Working - Contacted','922 Glenda Centers','Alternate','Work','','','','','','');
INSERT INTO "Lead" VALUES(2,'Lake Meaganberg','N/A','Switzerland','katelynskinner@example.com','Joanna','','','','','False','True','Preston','Team Facilitator Certification','Website','','(043)770-3180x3275','001-913-612-5752x998','05046','Him poor.','They/Them','Minnesota','Working - Contacted','6021 Merritt Ways Suite 629','Personal','Home','','','','','','');
INSERT INTO "Lead" VALUES(3,'Maysfurt','N/A','Micronesia','jenglish@example.net','Cassidy','','','','','False','True','Rogers','Sweet Snoopers Training Program','Search Engine','','+1-987-898-6622x36174','559.737.9504x17766','70785','As above.','She/Her','Georgia','Open - Not Contacted','96752 Lee Locks','Personal','Other','','','','','','');
INSERT INTO "Lead" VALUES(4,'Andradeside','N/A','Belize','jreynolds@example.com','Kaitlyn','','','','','False','True','Duffy','Sponsorship/Donations','Facebook','','184.385.2366x181','(459)325-7720','72582','Common.','Specify','Rhode Island','Open - Not Contacted','3269 Duane Fork Apt. 872','Alternate','Other','','','','','','');
CREATE TABLE "Log__c" (
	id INTEGER NOT NULL, 
	"ClientHours__c" VARCHAR(255), 
	"ClientStress__c" VARCHAR(255), 
	"Date__c" VARCHAR(255), 
	"Details__c" VARCHAR(255), 
	"Handler__c" VARCHAR(255), 
	"OtherHours__c" VARCHAR(255), 
	"PublicAccessHours__c" VARCHAR(255), 
	"RecordTypeId" VARCHAR(255), 
	"RequestSupportFromAtlas__c" VARCHAR(255), 
	"RequestSupportFromTeam__c" VARCHAR(255), 
	"Satisfaction__c" VARCHAR(255), 
	"SessionType__c" VARCHAR(255), 
	"Stress__c" VARCHAR(255), 
	"SupportDetails__c" VARCHAR(255), 
	"Type__c" VARCHAR(255), 
	"Client__c" VARCHAR(255), 
	"Dog__c" VARCHAR(255), 
	"Facilitator__c" VARCHAR(255), 
	"Submitter__c" VARCHAR(255), 
	PRIMARY KEY (id)
);
INSERT INTO "Log__c" VALUES(1,'51.0','Rather much','2019-08-12','Them several although recent break campaign. Meet model season only she back. Environment continue always however less decide put build.','Judy','87.0','16.0','','True','False','Extreme amount of enjoyment','Virtual','Rather much','Exactly them can wide pattern bad child. Debate follow become. Must consumer able require film last black.','Client','70','2','78','69');
INSERT INTO "Log__c" VALUES(2,'18.0','Very much','2018-10-16','Member cell return arrive right reason within. Phone strategy be at throughout. Position always other phone rather player.','Candice','1.0','100.0','','False','False','No enjoyment','In Person','Only a little','Sea leg health room agency least job. Base kid ever maybe market goal. Reflect participant billion later effect set price.','Client','69','2','85','74');
INSERT INTO "Log__c" VALUES(3,'34.0','Rather much','2020-05-06','Specific goal crime government. Second audience according. West range service recently the yourself hundred.','Bernard','59.0','44.0','','False','True','Some enjoyment','In Person','Not at all','Order third again site. Happen walk quickly fine meeting discuss write doctor. Church guy building.','Facilitator','74','2','77','86');
INSERT INTO "Log__c" VALUES(4,'40.0','To some extent','2021-04-24','Send apply administration. Someone defense subject apply study notice student.','Helen','68.0','0.0','','True','True','Rather much enjoyment','In Person','To some extent','Audience contain election good between anyone arm. Cause together car member realize mission.','Facilitator','73','2','77','81');
INSERT INTO "Log__c" VALUES(5,'33.0','Rather much','2017-01-22','Act because require police if. Language can industry place computer pass already.','Shelley','87.0','21.0','','False','True','A little enjoyment','Virtual','Only a little','Not economic his. Education record director color. Goal evidence national political.','Facilitator','78','2','79','69');
INSERT INTO "Log__c" VALUES(6,'10.0','Not at all','2016-01-03','Time college event already. President check young positive product center west chance. Well reveal minute relationship land.','Logan','73.0','72.0','','True','False','Extreme amount of enjoyment','In Person','To some extent','Lose sense personal drug get environment. Energy her member course.','Facilitator','82','2','76','81');
INSERT INTO "Log__c" VALUES(7,'9.0','Rather much','2016-08-04','Effect score southern eight. Case set second officer seven alone parent fly. Treat Democrat letter today. Kind outside word item drive decide similar.','Kylie','16.0','52.0','','False','False','No enjoyment','Virtual','Only a little','Bed interesting late to decision month with black. Science hit run. Southern sure military anything despite girl ready.','Client','82','2','81','83');
INSERT INTO "Log__c" VALUES(8,'12.0','To some extent','2016-09-14','Unit expert fly according. Start reflect sea blue.','Arthur','13.0','58.0','','True','False','Rather much enjoyment','Virtual','To some extent','Myself address contain job discussion total. Exist them sell goal. Herself college soldier end participant southern program. Recognize force leg score already themselves.','Facilitator','20','1','62','56');
INSERT INTO "Log__c" VALUES(9,'100.0','Not at all','2017-01-13','Author weight job like every. Election couple bank man cultural. Issue light keep pretty today trade.','Michael','98.0','100.0','','True','False','Extreme amount of enjoyment','Virtual','Not at all','Method career mission within ground.','Client','89','3','2','5');
INSERT INTO "Log__c" VALUES(10,'80.0','Rather much','2020-11-23','World once deal recently term body idea. Free seven over onto agent. Share check purpose network.','Keith','92.0','27.0','','True','False','A little enjoyment','In Person','To some extent','Right edge production green participant. Learn suffer door close.','Client','87','3','6','1');
INSERT INTO "Log__c" VALUES(11,'98.0','To some extent','2020-05-07','Seek particular quickly be nature. Cost production someone might because. Thing start quite who develop budget five.','Karen','78.0','73.0','','False','True','A little enjoyment','In Person','Only a little','Yeah decide ago contain size positive. Check sit newspaper sometimes civil continue until two.','Client','87','3','87','10');
INSERT INTO "Log__c" VALUES(12,'60.0','Very much','2016-03-14','Market together radio. Argue company player.','Mallory','72.0','41.0','','False','True','A little enjoyment','Virtual','Very much','Executive then away day then him watch. Could above card third very level. Oil order on you.','Facilitator','2','3','8','89');
INSERT INTO "Log__c" VALUES(13,'7.0','Only a little','2020-11-20','Stand want those friend. Wind position individual character type.','Lori','57.0','26.0','','True','False','No enjoyment','Virtual','To some extent','Eight beat want loss. Try join former. Company whose act but from shoulder your quite.','Client','2','3','18','9');
INSERT INTO "Log__c" VALUES(14,'25.0','Not at all','2018-07-27','Miss source safe between wish stay. It theory color none. Create capital themselves treatment.','Debbie','37.0','44.0','','False','False','Extreme amount of enjoyment','In Person','Only a little','Before college natural because. Along so tend when operation offer them. Without season able catch loss. Scene necessary worker list firm change loss.','Client','3','3','1','17');
INSERT INTO "Log__c" VALUES(15,'97.0','Not at all','2020-01-01','Resource relationship short impact. Available school reduce south. Power speech every bring another hard. Write down site.','Shelly','26.0','45.0','','True','False','Extreme amount of enjoyment','In Person','Very much','Beyond help beat team fill health create rather.','Facilitator','1','3','4','3');
INSERT INTO "Log__c" VALUES(16,'55.0','Rather much','2017-05-13','Quite prevent tonight trade. Tend process action.','Terry','73.0','95.0','','False','True','Extreme amount of enjoyment','In Person','Very much','I catch try notice I glass. Until board market husband suggest manage.','Facilitator','6','3','','2');
INSERT INTO "Log__c" VALUES(17,'23.0','Very much','2019-02-05','Avoid free resource choose year expect summer.','Laurie','24.0','42.0','','True','False','A little enjoyment','Virtual','Only a little','Nothing responsibility after cell direction make. Common response operation. Woman animal range up ask though head.','Client','6','3','5','3');
INSERT INTO "Log__c" VALUES(18,'52.0','To some extent','2019-09-01','Anything not west draw compare year.','Ray','35.0','18.0','','False','False','No enjoyment','In Person','To some extent','Gas new perhaps young. More yet policy blue wind.','Client','6','3','7','10');
INSERT INTO "Log__c" VALUES(19,'67.0','Rather much','2022-03-04','Source indeed concern center with. Suffer old far me certain black. Plan this indeed today what still door.','Jasmin','73.0','79.0','','False','False','No enjoyment','Virtual','Very much','Thousand court also public away discuss discover.','Client','10','3','12','2');
INSERT INTO "Log__c" VALUES(20,'36.0','Rather much','2020-09-12','So send foreign break respond. Bag explain court sport.','Jesse','31.0','28.0','','False','True','Extreme amount of enjoyment','In Person','Not at all','Cold win production myself. Financial room level bed information yourself. From investment news break body summer.','Client','10','3','8','4');
INSERT INTO "Log__c" VALUES(21,'99.0','Only a little','2019-02-14','Boy old thank. Ground color cold act support.','Trevor','8.0','90.0','','True','False','No enjoyment','Virtual','Only a little','Baby behavior successful say. Shoulder floor senior performance couple PM fact. Write plan couple.','Client','10','3','13','8');
INSERT INTO "Log__c" VALUES(22,'11.0','Not at all','2018-11-17','Serve once middle study not ask boy drive. Million whether else politics music would. Yard alone much skill sound buy make.','Erika','44.0','0.0','','True','False','Extreme amount of enjoyment','Virtual','Only a little','Trade do daughter specific. Change worry deal do eight trial. Physical or responsibility relationship good. Rather house Democrat tell four.','Facilitator','8','3','9','88');
INSERT INTO "Log__c" VALUES(23,'23.0','To some extent','2021-09-24','World television walk part. Grow wide just statement. Season task two rise book sell.','Theresa','52.0','12.0','','True','True','A little enjoyment','In Person','Very much','Adult main agency. Study color blue wait. Look least institution accept technology economy.','Facilitator','47','1','47','59');
INSERT INTO "Log__c" VALUES(24,'60.0','To some extent','2021-01-07','Somebody discuss wide which policy animal early become. Face agree military standard. Policy various think form trial against former. History article admit take in ready know off.','Marissa','78.0','64.0','','False','True','Extreme amount of enjoyment','In Person','Rather much','Benefit trouble available whether game send eight. Drop sister choice learn many. Admit court PM clear impact particularly.','Client','14','3','10','88');
INSERT INTO "Log__c" VALUES(25,'87.0','Rather much','2022-01-07','We fund response agent. By ask thought end require. Support away news.','Billy','32.0','32.0','','True','True','No enjoyment','Virtual','Not at all','Understand learn thousand door. Kind try senior join conference per camera.','Client','12','3','9','87');
INSERT INTO "Log__c" VALUES(26,'28.0','Not at all','2015-05-03','Property Mrs camera pay. Store social long. Act board industry somebody mention possible result.','Jeremiah','95.0','13.0','','False','True','Extreme amount of enjoyment','Virtual','To some extent','Interesting but hundred shoulder. Suggest exactly son more front little fact.','Client','25','4','27','29');
INSERT INTO "Log__c" VALUES(27,'3.0','Only a little','2019-01-28','Share station claim pass campaign. Sister likely thought trip somebody address its. Never material parent suggest morning development whom.','Kathryn','66.0','78.0','','False','False','Some enjoyment','Virtual','To some extent','Full each cost. Thousand million by about lawyer next from stage. Enough trip majority raise.','Client','24','4','29','39');
INSERT INTO "Log__c" VALUES(28,'83.0','Rather much','2019-02-08','Road deep wonder eight sort. Month college of million lay first church she.','Shane','36.0','16.0','','False','False','No enjoyment','Virtual','Only a little','Possible stock in put rest war week. Occur why industry star small alone. Believe response fund drug such eat specific collection. Stuff much option get necessary.','Client','29','4','45','30');
INSERT INTO "Log__c" VALUES(29,'39.0','Rather much','2019-10-08','Population either mention. Mother growth provide apply television.','Kayla','39.0','37.0','','True','True','Extreme amount of enjoyment','Virtual','To some extent','Politics behind away shake system. Through name specific think government billion. Arm customer eight north.','Facilitator','27','4','27','44');
INSERT INTO "Log__c" VALUES(30,'22.0','Only a little','2016-11-12','Year seven short when enjoy final rule. Maybe blood sing.','Mandy','60.0','32.0','','False','True','Extreme amount of enjoyment','Virtual','To some extent','Air market lead we fact despite speech. Beautiful loss most want test several.','Facilitator','31','4','34','43');
INSERT INTO "Log__c" VALUES(31,'94.0','Very much','2015-06-05','Result worker maintain necessary city smile. Sell hotel safe.','Gabrielle','91.0','67.0','','True','True','A little enjoyment','In Person','Only a little','Relationship assume want throw others change. Speech authority fire strategy buy. Camera security new age act.','Facilitator','32','4','27','35');
INSERT INTO "Log__c" VALUES(32,'63.0','Very much','2016-09-15','Identify firm avoid reason institution detail record. Think benefit people pattern position. Financial part join movie agree.','Jeanne','21.0','11.0','','True','True','Rather much enjoyment','In Person','Only a little','White budget someone. Nation summer try religious source stop. Enough husband word where hand response side front.','Facilitator','32','4','27','39');
INSERT INTO "Log__c" VALUES(33,'39.0','Not at all','2017-09-01','Speech music six pull. Force back education behavior similar budget body.','Donna','62.0','88.0','','True','False','No enjoyment','In Person','Not at all','Decide happy particularly. Accept help main window. Now should race run ten me group course.','Facilitator','35','4','28','42');
INSERT INTO "Log__c" VALUES(34,'77.0','Only a little','2017-09-20','Maintain will try activity item. Vote prepare night term argue give.','Jane','21.0','95.0','','False','True','Extreme amount of enjoyment','Virtual','Only a little','Throw statement money two sound this ahead loss. Realize cultural person cultural she senior without dinner. Light direction year more along.','Facilitator','35','4','30','44');
INSERT INTO "Log__c" VALUES(35,'24.0','Not at all','2020-12-16','Look think partner adult several response high. Check site wait one also both level model. Over without worry seek itself answer Democrat.','Felicia','10.0','71.0','','False','False','Extreme amount of enjoyment','In Person','Rather much','Old word long third fire. Week contain seek keep.','Client','36','4','29','29');
INSERT INTO "Log__c" VALUES(36,'62.0','To some extent','2021-03-23','Pm force fall weight learn difficult. Instead argue simply.','Evelyn','90.0','47.0','','True','False','Extreme amount of enjoyment','Virtual','Rather much','Trial however mind. Treatment author continue when here common school. Possible bed mind example various.','Client','33','4','28','35');
INSERT INTO "Log__c" VALUES(37,'44.0','Rather much','2016-10-09','Single itself maintain PM couple nor if. Main poor level level.','Ian','66.0','73.0','','True','False','No enjoyment','In Person','To some extent','Free ten mention win security cut these pass. Yard performance affect instead upon fear. Kind east four gas him teach because.','Facilitator','34','4','46','25');
INSERT INTO "Log__c" VALUES(38,'93.0','Rather much','2019-03-27','Try month natural paper network hit central test. Seem sport city his coach.','Makayla','18.0','47.0','','True','False','Extreme amount of enjoyment','Virtual','Very much','Everyone key become almost win. Recent tree they admit. Traditional step too today discuss television.','Facilitator','34','4','38','41');
INSERT INTO "Log__c" VALUES(39,'90.0','Only a little','2016-04-11','Occur support rate Mrs image on. Job space future difficult phone local.','Xavier','89.0','4.0','','True','True','Extreme amount of enjoyment','In Person','Rather much','Last main science food expert table. Information training do there experience human through. Order meet party without somebody keep I international.','Client','39','4','25','37');
INSERT INTO "Log__c" VALUES(40,'78.0','Rather much','2021-05-13','Test today around war her chance among. Avoid key within join hear.','Drew','60.0','83.0','','False','True','No enjoyment','In Person','Very much','Require responsibility beyond I movie music any. Executive not set either dinner. Early notice activity west film five.','Facilitator','45','4','27','45');
INSERT INTO "Log__c" VALUES(41,'91.0','To some extent','2018-05-30','School movie down. Sit strong reality table friend important.','Samantha','43.0','52.0','','False','True','Extreme amount of enjoyment','In Person','Very much','Nothing grow line place method probably from. Behind record cut find culture wait.','Client','46','4','30','27');
INSERT INTO "Log__c" VALUES(42,'69.0','Only a little','2020-12-08','Itself professor thought process growth trip. Quality surface no military sound catch consider develop. Plan read space industry place resource.','Tami','56.0','61.0','','True','False','Rather much enjoyment','In Person','Not at all','Event exactly almost so rise find truth sea. End feeling product situation door until student. Scientist west one customer.','Client','43','4','43','43');
INSERT INTO "Log__c" VALUES(43,'36.0','Not at all','2018-04-20','Minute which history involve respond economy. Take although citizen during development. Life eight fill suddenly top.','Abigail','89.0','72.0','','True','False','Extreme amount of enjoyment','Virtual','Only a little','For hour standard front shoulder. Already list thus leader. Student house see live product care.','Client','52','1','21','19');
INSERT INTO "Log__c" VALUES(44,'5.0','Very much','2015-11-18','Act officer table out. Provide free nearly.','Bill','54.0','66.0','','False','False','Extreme amount of enjoyment','Virtual','Very much','Attack charge would. Cold thing treatment. Huge fly usually result.','Client','49','1','51','61');
INSERT INTO "Log__c" VALUES(45,'100.0','Not at all','2021-12-12','Key current network serious statement. Game now other. Start next stop president throughout rich.','Jaime','10.0','0.0','','True','False','Some enjoyment','In Person','Only a little','Anything listen agree turn light accept. Effort direction exactly sea prevent life glass start.','Facilitator','55','1','48','56');
INSERT INTO "Log__c" VALUES(46,'18.0','Not at all','2019-01-11','Message central issue. Central middle tend story center think official.','Roberto','81.0','19.0','','True','False','A little enjoyment','In Person','Very much','Social specific quality general. Last plan interesting just. Civil indeed son news remember.','Client','55','1','','60');
INSERT INTO "Log__c" VALUES(47,'47.0','Rather much','2017-04-28','Nation serious detail view evidence. Majority rock want should. Possible gas series effect. Those stand try instead deal collection eight.','Tasha','24.0','47.0','','True','False','Extreme amount of enjoyment','Virtual','Rather much','So positive table left laugh address. Answer have young argue another compare age.','Client','53','1','22','60');
INSERT INTO "Log__c" VALUES(48,'99.0','Not at all','2021-09-13','Real half culture water never high bed who. Interest beat election democratic official they appear. Air turn fall break something serious hot.','Eduardo','93.0','91.0','','False','True','A little enjoyment','In Person','Only a little','Education their example hold around ready discuss physical. Hard space put she national term. Fire able early join election treat painting free.','Client','59','1','64','62');
INSERT INTO "Log__c" VALUES(49,'92.0','Very much','2021-03-19','Into reveal computer one face choice. Hope exactly type describe.','Charlotte','28.0','87.0','','False','False','Rather much enjoyment','In Person','Very much','Your when Republican particularly. Type next significant sure enjoy.','Facilitator','57','1','52','48');
INSERT INTO "Log__c" VALUES(50,'15.0','Very much','2019-08-26','Audience animal goal bank moment the. The prevent if easy late soon difference white. Market position student agent.','Sheri','28.0','34.0','','False','True','Rather much enjoyment','Virtual','To some extent','Recent leader again strategy do child. Pull size eat reason course.','Facilitator','58','1','62','53');
INSERT INTO "Log__c" VALUES(51,'63.0','Very much','2019-01-19','Edge six example. Culture opportunity firm do until try center.','Cathy','20.0','11.0','','False','False','Some enjoyment','Virtual','To some extent','Let director major beyond table box fight account. Culture vote look group billion both table. Work point too lay others upon.','Facilitator','58','1','20','47');
INSERT INTO "Log__c" VALUES(52,'17.0','Rather much','2017-11-22','Control source commercial. Series TV thank shake end.','Chase','58.0','68.0','','True','False','Extreme amount of enjoyment','In Person','Not at all','Out then shoulder range fall. Standard task risk difference consumer paper billion.','Client','63','1','47','53');
INSERT INTO "Log__c" VALUES(53,'97.0','Only a little','2019-04-03','Respond leave employee bar miss. Billion enough it maybe word her morning. Approach measure dark executive.','Adrian','71.0','24.0','','True','False','A little enjoyment','Virtual','Rather much','And possible old so. Another oil design over. With shoulder half eight explain example coach old.','Client','67','2','75','73');
INSERT INTO "Log__c" VALUES(54,'80.0','To some extent','2017-09-02','Realize individual market most. Often consider whatever address year each federal. Service degree than respond less sea affect degree. Peace between agency really resource occur girl civil.','Geoffrey','75.0','91.0','','False','False','A little enjoyment','Virtual','To some extent','Issue international student remain tough. Some model recent.','Client','65','2','74','74');
INSERT INTO "Log__c" VALUES(55,'87.0','Rather much','2016-04-06','Almost up board. Food dream attorney firm show turn.','Kristie','83.0','50.0','','False','True','Extreme amount of enjoyment','In Person','Very much','Word expect protect wish ok. Environmental big particularly.','Client','66','2','','70');
CREATE TABLE "Log__c_rt_mapping" (
	record_type_id VARCHAR(18) NOT NULL, 
	developer_name VARCHAR(255), 
	PRIMARY KEY (record_type_id)
);
INSERT INTO "Log__c_rt_mapping" VALUES('012P0000003O1wzIAC','Client');
INSERT INTO "Log__c_rt_mapping" VALUES('012P0000003O1x0IAC','TeamFacilitator');
CREATE TABLE "ProgramAssignment__c" (
	id INTEGER NOT NULL, 
	"AssignedDate__c" VARCHAR(255), 
	"CompletionDate__c" VARCHAR(255), 
	"ExpectedCompletion__c" VARCHAR(255), 
	"Status__c" VARCHAR(255), 
	"Contact__c" VARCHAR(255), 
	"Program__c" VARCHAR(255), 
	PRIMARY KEY (id)
);
INSERT INTO "ProgramAssignment__c" VALUES(1,'2016-05-14','2016-11-05','2018-01-20','Completed','56','22');
INSERT INTO "ProgramAssignment__c" VALUES(2,'2021-10-01','2022-02-06','2022-06-13','Removed','10','65');
INSERT INTO "ProgramAssignment__c" VALUES(3,'2021-09-23','2022-02-04','2022-06-28','Discontinued','37','67');
CREATE TABLE "Program__c" (
	id INTEGER NOT NULL, 
	"CEU__c" VARCHAR(255), 
	"Current__c" VARCHAR(255), 
	"Months__c" VARCHAR(255), 
	"Name" VARCHAR(255), 
	"Reminder__c" VARCHAR(255), 
	"Standalone__c" VARCHAR(255), 
	PRIMARY KEY (id)
);
INSERT INTO "Program__c" VALUES(1,'False','True','6.0','Client Certification','30.0','False');
INSERT INTO "Program__c" VALUES(2,'False','True','1.0','Fitness','','True');
INSERT INTO "Program__c" VALUES(3,'True','True','1.5','Fitness [CEU]','','True');
INSERT INTO "Program__c" VALUES(4,'False','True','1.0','Medical Disability','','True');
INSERT INTO "Program__c" VALUES(5,'False','True','1.5','Medical Disability [CEU]','','True');
INSERT INTO "Program__c" VALUES(6,'False','True','1.0','Medical Disability','','True');
INSERT INTO "Program__c" VALUES(7,'False','True','1.5','Medical Disability [CEU]','','True');
INSERT INTO "Program__c" VALUES(8,'True','True','4.0','OT Advanced Bundle [CEU]','','True');
INSERT INTO "Program__c" VALUES(9,'False','True','1.0','Psychiatric Disability','','True');
INSERT INTO "Program__c" VALUES(10,'True','True','1.5','Psychiatric Disability [CEU]','','True');
INSERT INTO "Program__c" VALUES(11,'False','True','4.0','Puppy Raiser','30.0','False');
INSERT INTO "Program__c" VALUES(12,'False','True','1.0','Service Dog Selection','','True');
INSERT INTO "Program__c" VALUES(13,'True','True','1.5','Service Dog Selection [CEU]','','True');
INSERT INTO "Program__c" VALUES(14,'True','True','4.0','Service Dog Training Bundle','','True');
INSERT INTO "Program__c" VALUES(15,'False','True','1.0','Service Dogs Foundations','','True');
INSERT INTO "Program__c" VALUES(16,'False','True','1.5','Service Dogs Foundations [CEU]','','True');
INSERT INTO "Program__c" VALUES(17,'False','True','0.3','Staff','7.0','False');
INSERT INTO "Program__c" VALUES(18,'True','True','3.0','Sweet Snoopers [CEU]','','True');
INSERT INTO "Program__c" VALUES(19,'False','True','4.0','Team Facilitator','30.0','True');
INSERT INTO "Program__c" VALUES(20,'False','True','6.0','Teams Set in Motion Client','','True');
INSERT INTO "Program__c" VALUES(21,'True','True','9.0','Trainer Certification','30.0','False');
INSERT INTO "Program__c" VALUES(22,'False','True','0.5','Volunteer','7.0','False');
INSERT INTO "Program__c" VALUES(23,'False','True','6.0','Client Certification','30.0','False');
INSERT INTO "Program__c" VALUES(24,'False','True','1.0','Fitness','','True');
INSERT INTO "Program__c" VALUES(25,'True','True','1.5','Fitness [CEU]','','True');
INSERT INTO "Program__c" VALUES(26,'False','True','1.0','Medical Disability','','True');
INSERT INTO "Program__c" VALUES(27,'False','True','1.5','Medical Disability [CEU]','','True');
INSERT INTO "Program__c" VALUES(28,'False','True','1.0','Medical Disability','','True');
INSERT INTO "Program__c" VALUES(29,'False','True','1.5','Medical Disability [CEU]','','True');
INSERT INTO "Program__c" VALUES(30,'True','True','4.0','OT Advanced Bundle [CEU]','','True');
INSERT INTO "Program__c" VALUES(31,'False','True','1.0','Psychiatric Disability','','True');
INSERT INTO "Program__c" VALUES(32,'True','True','1.5','Psychiatric Disability [CEU]','','True');
INSERT INTO "Program__c" VALUES(33,'False','True','4.0','Puppy Raiser','30.0','False');
INSERT INTO "Program__c" VALUES(34,'False','True','1.0','Service Dog Selection','','True');
INSERT INTO "Program__c" VALUES(35,'True','True','1.5','Service Dog Selection [CEU]','','True');
INSERT INTO "Program__c" VALUES(36,'True','True','4.0','Service Dog Training Bundle','','True');
INSERT INTO "Program__c" VALUES(37,'False','True','1.0','Service Dogs Foundations','','True');
INSERT INTO "Program__c" VALUES(38,'False','True','1.5','Service Dogs Foundations [CEU]','','True');
INSERT INTO "Program__c" VALUES(39,'False','True','0.3','Staff','7.0','False');
INSERT INTO "Program__c" VALUES(40,'True','True','3.0','Sweet Snoopers [CEU]','','True');
INSERT INTO "Program__c" VALUES(41,'False','True','4.0','Team Facilitator','30.0','True');
INSERT INTO "Program__c" VALUES(42,'False','True','6.0','Teams Set in Motion Client','','True');
INSERT INTO "Program__c" VALUES(43,'True','True','9.0','Trainer Certification','30.0','False');
INSERT INTO "Program__c" VALUES(44,'False','True','0.5','Volunteer','7.0','False');
INSERT INTO "Program__c" VALUES(45,'False','True','6.0','Client Certification','30.0','False');
INSERT INTO "Program__c" VALUES(46,'False','True','1.0','Fitness','','True');
INSERT INTO "Program__c" VALUES(47,'True','True','1.5','Fitness [CEU]','','True');
INSERT INTO "Program__c" VALUES(48,'False','True','1.0','Medical Disability','','True');
INSERT INTO "Program__c" VALUES(49,'False','True','1.5','Medical Disability [CEU]','','True');
INSERT INTO "Program__c" VALUES(50,'False','True','1.0','Medical Disability','','True');
INSERT INTO "Program__c" VALUES(51,'False','True','1.5','Medical Disability [CEU]','','True');
INSERT INTO "Program__c" VALUES(52,'True','True','4.0','OT Advanced Bundle [CEU]','','True');
INSERT INTO "Program__c" VALUES(53,'False','True','1.0','Psychiatric Disability','','True');
INSERT INTO "Program__c" VALUES(54,'True','True','1.5','Psychiatric Disability [CEU]','','True');
INSERT INTO "Program__c" VALUES(55,'False','True','4.0','Puppy Raiser','30.0','False');
INSERT INTO "Program__c" VALUES(56,'False','True','1.0','Service Dog Selection','','True');
INSERT INTO "Program__c" VALUES(57,'True','True','1.5','Service Dog Selection [CEU]','','True');
INSERT INTO "Program__c" VALUES(58,'True','True','4.0','Service Dog Training Bundle','','True');
INSERT INTO "Program__c" VALUES(59,'False','True','1.0','Service Dogs Foundations','','True');
INSERT INTO "Program__c" VALUES(60,'False','True','1.5','Service Dogs Foundations [CEU]','','True');
INSERT INTO "Program__c" VALUES(61,'False','True','0.3','Staff','7.0','False');
INSERT INTO "Program__c" VALUES(62,'True','True','3.0','Sweet Snoopers [CEU]','','True');
INSERT INTO "Program__c" VALUES(63,'False','True','4.0','Team Facilitator','30.0','True');
INSERT INTO "Program__c" VALUES(64,'False','True','6.0','Teams Set in Motion Client','','True');
INSERT INTO "Program__c" VALUES(65,'True','True','9.0','Trainer Certification','30.0','False');
INSERT INTO "Program__c" VALUES(66,'False','True','0.5','Volunteer','7.0','False');
INSERT INTO "Program__c" VALUES(67,'False','True','6.0','Client Certification','30.0','False');
INSERT INTO "Program__c" VALUES(68,'False','True','1.0','Fitness','','True');
INSERT INTO "Program__c" VALUES(69,'True','True','1.5','Fitness [CEU]','','True');
INSERT INTO "Program__c" VALUES(70,'False','True','1.0','Medical Disability','','True');
INSERT INTO "Program__c" VALUES(71,'False','True','1.5','Medical Disability [CEU]','','True');
INSERT INTO "Program__c" VALUES(72,'False','True','1.0','Medical Disability','','True');
INSERT INTO "Program__c" VALUES(73,'False','True','1.5','Medical Disability [CEU]','','True');
INSERT INTO "Program__c" VALUES(74,'True','True','4.0','OT Advanced Bundle [CEU]','','True');
INSERT INTO "Program__c" VALUES(75,'False','True','1.0','Psychiatric Disability','','True');
INSERT INTO "Program__c" VALUES(76,'True','True','1.5','Psychiatric Disability [CEU]','','True');
INSERT INTO "Program__c" VALUES(77,'False','True','4.0','Puppy Raiser','30.0','False');
INSERT INTO "Program__c" VALUES(78,'False','True','1.0','Service Dog Selection','','True');
INSERT INTO "Program__c" VALUES(79,'True','True','1.5','Service Dog Selection [CEU]','','True');
INSERT INTO "Program__c" VALUES(80,'True','True','4.0','Service Dog Training Bundle','','True');
INSERT INTO "Program__c" VALUES(81,'False','True','1.0','Service Dogs Foundations','','True');
INSERT INTO "Program__c" VALUES(82,'False','True','1.5','Service Dogs Foundations [CEU]','','True');
INSERT INTO "Program__c" VALUES(83,'False','True','0.3','Staff','7.0','False');
INSERT INTO "Program__c" VALUES(84,'True','True','3.0','Sweet Snoopers [CEU]','','True');
INSERT INTO "Program__c" VALUES(85,'False','True','4.0','Team Facilitator','30.0','True');
INSERT INTO "Program__c" VALUES(86,'False','True','6.0','Teams Set in Motion Client','','True');
INSERT INTO "Program__c" VALUES(87,'True','True','9.0','Trainer Certification','30.0','False');
INSERT INTO "Program__c" VALUES(88,'False','True','0.5','Volunteer','7.0','False');
CREATE TABLE "PublicAccessTest__c" (
	id INTEGER NOT NULL, 
	"AssessorComments__c" VARCHAR(255), 
	"DateCompleted__c" VARCHAR(255), 
	"Location__c" VARCHAR(255), 
	"ReviewComments__c" VARCHAR(255), 
	"Status__c" VARCHAR(255), 
	"Type__c" VARCHAR(255), 
	"ValidUntil__c" VARCHAR(255), 
	"Assessor__c" VARCHAR(255), 
	"Team__c" VARCHAR(255), 
	PRIMARY KEY (id)
);
INSERT INTO "PublicAccessTest__c" VALUES(1,'Onto civil seven everyone receive kind eight. Audience yeah above require maintain respond official. Enjoy stay financial even practice follow. Despite traditional despite stock least agreement energy price.','2022-04-26','Virtual','Threat popular at plan both long assume. Song name his down. Everybody live responsibility result country local around.','Passed','Retest','2023-04-26','74','1');
INSERT INTO "PublicAccessTest__c" VALUES(2,'Suggest go effect age simply drug. Message kid rich people.','2022-03-14','Virtual','On ever tree what. Morning since adult.','Passed','Initial','2023-03-14','90','2');
INSERT INTO "PublicAccessTest__c" VALUES(3,'Mouth war great interesting. Recent with store left himself soon method everyone.','2021-08-10','In Person','Sure international get against resource painting project. Eight leave as door.','Passed','Recertification','2022-08-10','38','3');
CREATE TABLE "Team__c" (
	id INTEGER NOT NULL, 
	"Name" VARCHAR(255), 
	"PatCount__c" VARCHAR(255), 
	"PatValidUntil__c" VARCHAR(255), 
	"PrimaryCertification__c" VARCHAR(255), 
	"SecondaryCertification__c" VARCHAR(255), 
	"Client__c" VARCHAR(255), 
	"Dog__c" VARCHAR(255), 
	"Handler__c" VARCHAR(255), 
	PRIMARY KEY (id)
);
INSERT INTO "Team__c" VALUES(1,'Larson-Princess','0.0','2023-04-03','Mobility','Allergen Alert','69','2','');
INSERT INTO "Team__c" VALUES(2,'Chase-Angel','1.0','2023-06-11','Medical Alert','Seizure Response','13','3','12');
INSERT INTO "Team__c" VALUES(3,'Figueroa-Izzy','1.0','2022-09-06','Medical Alert','Allergen Alert','40','4','40');
CREATE TABLE "npe4__Relationship__c" (
	id INTEGER NOT NULL, 
	"npe4__Type__c" VARCHAR(255), 
	"npe4__Contact__c" VARCHAR(255), 
	"npe4__RelatedContact__c" VARCHAR(255), 
	PRIMARY KEY (id)
);
CREATE TABLE "npo02__Household__c" (
	id INTEGER NOT NULL, 
	"Name" VARCHAR(255), 
	"npo02__Addressee__c" VARCHAR(255), 
	"npo02__Always_Anonymous__c" VARCHAR(255), 
	"npo02__AverageAmount__c" VARCHAR(255), 
	"npo02__Best_Gift_Year_Total__c" VARCHAR(255), 
	"npo02__Best_Gift_Year__c" VARCHAR(255), 
	"npo02__FirstCloseDate__c" VARCHAR(255), 
	"npo02__Formal_Greeting__c" VARCHAR(255), 
	"npo02__HouseholdEmail__c" VARCHAR(255), 
	"npo02__HouseholdPhone__c" VARCHAR(255), 
	"npo02__Household_ID__c" VARCHAR(255), 
	"npo02__Informal_Greeting__c" VARCHAR(255), 
	"npo02__LargestAmount__c" VARCHAR(255), 
	"npo02__LastCloseDate__c" VARCHAR(255), 
	"npo02__LastMembershipAmount__c" VARCHAR(255), 
	"npo02__LastMembershipDate__c" VARCHAR(255), 
	"npo02__LastMembershipLevel__c" VARCHAR(255), 
	"npo02__LastMembershipOrigin__c" VARCHAR(255), 
	"npo02__LastOppAmount__c" VARCHAR(255), 
	"npo02__MailingCity__c" VARCHAR(255), 
	"npo02__MailingCountry__c" VARCHAR(255), 
	"npo02__MailingPostalCode__c" VARCHAR(255), 
	"npo02__MailingState__c" VARCHAR(255), 
	"npo02__MailingStreet__c" VARCHAR(255), 
	"npo02__MembershipEndDate__c" VARCHAR(255), 
	"npo02__MembershipJoinDate__c" VARCHAR(255), 
	"npo02__NumberOfClosedOpps__c" VARCHAR(255), 
	"npo02__NumberOfMembershipOpps__c" VARCHAR(255), 
	"npo02__OppAmount2YearsAgo__c" VARCHAR(255), 
	"npo02__OppAmountLastNDays__c" VARCHAR(255), 
	"npo02__OppAmountLastYear__c" VARCHAR(255), 
	"npo02__OppAmountThisYear__c" VARCHAR(255), 
	"npo02__OppsClosed2YearsAgo__c" VARCHAR(255), 
	"npo02__OppsClosedLastNDays__c" VARCHAR(255), 
	"npo02__OppsClosedLastYear__c" VARCHAR(255), 
	"npo02__OppsClosedThisYear__c" VARCHAR(255), 
	"npo02__SYSTEM_CUSTOM_NAMING__c" VARCHAR(255), 
	"npo02__SmallestAmount__c" VARCHAR(255), 
	"npo02__TotalMembershipOppAmount__c" VARCHAR(255), 
	"npo02__TotalOppAmount__c" VARCHAR(255), 
	"npsp__Number_of_Household_Members__c" VARCHAR(255), 
	PRIMARY KEY (id)
);
CREATE TABLE "npsp__Address__c" (
	id INTEGER NOT NULL, 
	"npsp__API_Response__c" VARCHAR(255), 
	"npsp__Address_Type__c" VARCHAR(255), 
	"npsp__Administrative_Area__c" VARCHAR(255), 
	"npsp__Ambiguous__c" VARCHAR(255), 
	"npsp__Congressional_District__c" VARCHAR(255), 
	"npsp__County_Name__c" VARCHAR(255), 
	"npsp__Default_Address__c" VARCHAR(255), 
	"npsp__Latest_End_Date__c" VARCHAR(255), 
	"npsp__Latest_Start_Date__c" VARCHAR(255), 
	"npsp__MailingCity__c" VARCHAR(255), 
	"npsp__MailingCountry__c" VARCHAR(255), 
	"npsp__MailingPostalCode__c" VARCHAR(255), 
	"npsp__MailingState__c" VARCHAR(255), 
	"npsp__MailingStreet2__c" VARCHAR(255), 
	"npsp__MailingStreet__c" VARCHAR(255), 
	"npsp__Pre_Verification_Address__c" VARCHAR(255), 
	"npsp__Seasonal_End_Day__c" VARCHAR(255), 
	"npsp__Seasonal_End_Month__c" VARCHAR(255), 
	"npsp__Seasonal_Start_Day__c" VARCHAR(255), 
	"npsp__Seasonal_Start_Month__c" VARCHAR(255), 
	"npsp__State_Lower_District__c" VARCHAR(255), 
	"npsp__State_Upper_District__c" VARCHAR(255), 
	"npsp__Verification_Status__c" VARCHAR(255), 
	"npsp__Verified__c" VARCHAR(255), 
	"npsp__Household_Account__c" VARCHAR(255), 
	PRIMARY KEY (id)
);
INSERT INTO "npsp__Address__c" VALUES(1,'','Home','','False','','','False','','','Marksstad','','47871','Wyoming','','4141 Kristi Field','','','','','','','','','False','1');
INSERT INTO "npsp__Address__c" VALUES(2,'','Home','','False','','','False','','','New Kelsey','','08100','Delaware','','6958 Allen Drives','','','','','','','','','False','10');
INSERT INTO "npsp__Address__c" VALUES(3,'','Home','','False','','','False','','','Moranton','','91546','Wyoming','','576 Dorothy Flat','','','','','','','','','False','12');
INSERT INTO "npsp__Address__c" VALUES(4,'','Home','','False','','','False','','','Keyfurt','','75340','South Carolina','','200 Darrell Isle Suite 475','','','','','','','','','False','14');
INSERT INTO "npsp__Address__c" VALUES(5,'','Home','','False','','','False','','','East Annaview','','14326','Alaska','','432 Geoffrey Crossing Apt. 362','','','','','','','','','False','16');
INSERT INTO "npsp__Address__c" VALUES(6,'','Home','','False','','','False','','','Sheriland','','61833','Rhode Island','','915 Glenn View Suite 928','','','','','','','','','False','19');
INSERT INTO "npsp__Address__c" VALUES(7,'','Home','','False','','','False','','','South Norma','','43338','Indiana','','14314 Vang Crossroad','','','','','','','','','False','21');
INSERT INTO "npsp__Address__c" VALUES(8,'','Home','','False','','','False','','','Michaelview','','69883','Wisconsin','','56509 Chambers Extension','','','','','','','','','False','26');
INSERT INTO "npsp__Address__c" VALUES(9,'','Home','','False','','','False','','','Port Martin','','70870','Alaska','','006 Felicia Spring','','','','','','','','','False','28');
INSERT INTO "npsp__Address__c" VALUES(10,'','Home','','False','','','False','','','South Tammy','','91585','New Jersey','','02866 Kevin Walk Apt. 373','','','','','','','','','False','30');
INSERT INTO "npsp__Address__c" VALUES(11,'','Home','','False','','','False','','','North Tracey','','51392','Wyoming','','139 Rachael Bridge','','','','','','','','','False','32');
INSERT INTO "npsp__Address__c" VALUES(12,'','Home','','False','','','False','','','Marshallview','','58276','Minnesota','','405 Hinton Green','','','','','','','','','False','34');
INSERT INTO "npsp__Address__c" VALUES(13,'','Home','','False','','','False','','','Murilloville','','48414','Alaska','','66837 Isaiah Port','','','','','','','','','False','36');
INSERT INTO "npsp__Address__c" VALUES(14,'','Home','','False','','','False','','','Lake Tom','','87676','Delaware','','535 Arias Ferry Apt. 822','','','','','','','','','False','39');
INSERT INTO "npsp__Address__c" VALUES(15,'','Home','','False','','','False','','','North Jasmine','','77024','Indiana','','5037 Small Mount','','','','','','','','','False','41');
INSERT INTO "npsp__Address__c" VALUES(16,'','Home','','False','','','False','','','Port Christian','','60657','Arkansas','','420 Wheeler Isle','','','','','','','','','False','46');
INSERT INTO "npsp__Address__c" VALUES(17,'','Home','','False','','','False','','','Chadfurt','','98497','Louisiana','','02878 Riggs Crescent','','','','','','','','','False','48');
INSERT INTO "npsp__Address__c" VALUES(18,'','Home','','False','','','False','','','Francestown','','72344','Arkansas','','0524 Barnes Valleys Apt. 447','','','','','','','','','False','50');
INSERT INTO "npsp__Address__c" VALUES(19,'','Home','','False','','','False','','','Hatfieldhaven','','60178','Kentucky','','3053 Gwendolyn Glen Suite 689','','','','','','','','','False','52');
INSERT INTO "npsp__Address__c" VALUES(20,'','Home','','False','','','False','','','Greggville','','94697','Washington','','4317 Helen Course Apt. 841','','','','','','','','','False','54');
INSERT INTO "npsp__Address__c" VALUES(21,'','Home','','False','','','False','','','New Xavier','','25661','North Carolina','','6233 Barrera Plaza','','','','','','','','','False','56');
INSERT INTO "npsp__Address__c" VALUES(22,'','Home','','False','','','False','','','Port Lydiafort','','65915','Utah','','9567 Hogan Groves Apt. 595','','','','','','','','','False','59');
INSERT INTO "npsp__Address__c" VALUES(23,'','Home','','False','','','False','','','Gravesfurt','','34475','Michigan','','31265 Marcia Fields Suite 966','','','','','','','','','False','6');
INSERT INTO "npsp__Address__c" VALUES(24,'','Home','','False','','','False','','','New Alexisstad','','80603','North Carolina','','39410 Rose Views Suite 514','','','','','','','','','False','61');
INSERT INTO "npsp__Address__c" VALUES(25,'','Home','','False','','','False','','','Jenningsmouth','','92815','Nevada','','4599 Angel Estate','','','','','','','','','False','66');
INSERT INTO "npsp__Address__c" VALUES(26,'','Home','','False','','','False','','','Livingstonland','','03025','Washington','','8034 Sheryl View','','','','','','','','','False','68');
INSERT INTO "npsp__Address__c" VALUES(27,'','Home','','False','','','False','','','Lake Karamouth','','21587','Virginia','','4591 Odonnell Estate','','','','','','','','','False','70');
INSERT INTO "npsp__Address__c" VALUES(28,'','Home','','False','','','False','','','New Fernandoburgh','','54918','Vermont','','21190 Terry Hollow','','','','','','','','','False','72');
INSERT INTO "npsp__Address__c" VALUES(29,'','Home','','False','','','False','','','South Samuel','','66149','Hawaii','','13445 Spencer Glens Apt. 861','','','','','','','','','False','74');
INSERT INTO "npsp__Address__c" VALUES(30,'','Home','','False','','','False','','','Port Walterstad','','14480','Texas','','2560 Berg Causeway Apt. 456','','','','','','','','','False','76');
INSERT INTO "npsp__Address__c" VALUES(31,'','Home','','False','','','False','','','Henryville','','92523','North Dakota','','4557 Mayo Park Apt. 272','','','','','','','','','False','79');
INSERT INTO "npsp__Address__c" VALUES(32,'','Home','','False','','','False','','','Arianaville','','93675','Ohio','','00130 Marks Ridge Suite 047','','','','','','','','','False','8');
CREATE TABLE "npsp__Batch__c" (
	id INTEGER NOT NULL, 
	"Name" VARCHAR(255), 
	"npsp__Batch_Status__c" VARCHAR(255), 
	"npsp__Description__c" VARCHAR(255), 
	"npsp__Number_of_Items__c" VARCHAR(255), 
	"npsp__Object_Name__c" VARCHAR(255), 
	PRIMARY KEY (id)
);
COMMIT;
