BEGIN TRANSACTION;
CREATE TABLE "Account" (
	id INTEGER NOT NULL, 
	"Email__c" VARCHAR(255), 
	"Name" VARCHAR(255), 
	"RecordTypeId" VARCHAR(255), 
	"npe01__SYSTEMIsIndividual__c" VARCHAR(255), 
	"npe01__SYSTEM_AccountType__c" VARCHAR(255), 
	"npo02__AverageAmount__c" VARCHAR(255), 
	"npo02__Best_Gift_Year_Total__c" VARCHAR(255), 
	"npo02__Best_Gift_Year__c" VARCHAR(255), 
	"npo02__FirstCloseDate__c" VARCHAR(255), 
	"npo02__Formal_Greeting__c" VARCHAR(255), 
	"npo02__HouseholdPhone__c" VARCHAR(255), 
	"npo02__Informal_Greeting__c" VARCHAR(255), 
	"npo02__LargestAmount__c" VARCHAR(255), 
	"npo02__LastCloseDate__c" VARCHAR(255), 
	"npo02__LastMembershipAmount__c" VARCHAR(255), 
	"npo02__LastMembershipDate__c" VARCHAR(255), 
	"npo02__LastMembershipLevel__c" VARCHAR(255), 
	"npo02__LastMembershipOrigin__c" VARCHAR(255), 
	"npo02__LastOppAmount__c" VARCHAR(255), 
	"npo02__MembershipEndDate__c" VARCHAR(255), 
	"npo02__MembershipJoinDate__c" VARCHAR(255), 
	"npo02__NumberOfClosedOpps__c" VARCHAR(255), 
	"npo02__NumberOfMembershipOpps__c" VARCHAR(255), 
	"npo02__OppAmount2YearsAgo__c" VARCHAR(255), 
	"npo02__OppAmountLastNDays__c" VARCHAR(255), 
	"npo02__OppAmountLastYear__c" VARCHAR(255), 
	"npo02__OppAmountThisYear__c" VARCHAR(255), 
	"npo02__OppsClosed2YearsAgo__c" VARCHAR(255), 
	"npo02__OppsClosedLastNDays__c" VARCHAR(255), 
	"npo02__OppsClosedLastYear__c" VARCHAR(255), 
	"npo02__OppsClosedThisYear__c" VARCHAR(255), 
	"npo02__SYSTEM_CUSTOM_NAMING__c" VARCHAR(255), 
	"npo02__SmallestAmount__c" VARCHAR(255), 
	"npo02__TotalMembershipOppAmount__c" VARCHAR(255), 
	"npo02__TotalOppAmount__c" VARCHAR(255), 
	"npsp__Funding_Focus__c" VARCHAR(255), 
	"npsp__Grantmaker__c" VARCHAR(255), 
	"npsp__Matching_Gift_Administrator_Name__c" VARCHAR(255), 
	"npsp__Matching_Gift_Amount_Max__c" VARCHAR(255), 
	"npsp__Matching_Gift_Amount_Min__c" VARCHAR(255), 
	"npsp__Matching_Gift_Annual_Employee_Max__c" VARCHAR(255), 
	"npsp__Matching_Gift_Comments__c" VARCHAR(255), 
	"npsp__Matching_Gift_Company__c" VARCHAR(255), 
	"npsp__Matching_Gift_Email__c" VARCHAR(255), 
	"npsp__Matching_Gift_Info_Updated__c" VARCHAR(255), 
	"npsp__Matching_Gift_Percent__c" VARCHAR(255), 
	"npsp__Matching_Gift_Phone__c" VARCHAR(255), 
	"npsp__Matching_Gift_Request_Deadline__c" VARCHAR(255), 
	"npsp__Number_of_Household_Members__c" VARCHAR(255), 
	"ParentId" VARCHAR(255), 
	"npe01__One2OneContact__c" VARCHAR(255), 
	"npsp__Batch__c" VARCHAR(255), 
	PRIMARY KEY (id)
);
INSERT INTO "Account" VALUES(1,'','Sample Account for Entitlements','','False','','','','','','','','','','','','','','','','','','','','','','','','','','','','','','','','','False','','','','','','False','','','','','','','','','');
INSERT INTO "Account" VALUES(2,'','Robin, Nathan and Shelley Household','01255000003ES41AAG','True','Household Account','0.0','','','','Jenkins Nathan and Davidson Shelley','','Rivera, Jenkins and Davidson','0.0','','0.0','','','','0.0','','','0.0','0.0','0.0','0.0','0.0','0.0','0.0','0.0','0.0','0.0','','0.0','0.0','0.0','','False','','','','','','False','','','','','','3.0','','30','');
INSERT INTO "Account" VALUES(3,'','Tapia, Andrews and Spence','01255000003ES42AAG','False','','0.0','','','','','','','0.0','','0.0','','','','0.0','','','0.0','0.0','0.0','0.0','0.0','0.0','0.0','0.0','0.0','0.0','','0.0','0.0','0.0','','False','','','','','','False','','','','','','','','','');
INSERT INTO "Account" VALUES(4,'','The Household','01255000003ES41AAG','True','Household Account','0.0','','','','','','','0.0','','0.0','','','','0.0','','','0.0','0.0','0.0','0.0','0.0','0.0','0.0','0.0','0.0','0.0','','0.0','0.0','0.0','','False','','','','','','False','','','','','','','','','');
INSERT INTO "Account" VALUES(5,'','Vasquez Group','01255000003ES42AAG','False','','0.0','','','','','','','0.0','','0.0','','','','0.0','','','0.0','0.0','0.0','0.0','0.0','0.0','0.0','0.0','0.0','0.0','','0.0','0.0','0.0','','False','','','','','','False','','','','','','','','','');
INSERT INTO "Account" VALUES(6,'','Ruben, Gwendolyn and Bill Household','01255000003ES41AAG','True','Household Account','0.0','','','','Oneill Frederick, Swanson Ruben, Joyce Gwendolyn and Tucker Bill','','Oneill, Joyce and Tucker','0.0','','0.0','','','','0.0','','','0.0','0.0','0.0','0.0','0.0','0.0','0.0','0.0','0.0','0.0','','0.0','0.0','0.0','','False','','','','','','False','','','','','','4.0','','34','');
INSERT INTO "Account" VALUES(7,'','Mccormick PLC','01255000003ES42AAG','False','','0.0','','','','','','','0.0','','0.0','','','','0.0','','','0.0','0.0','0.0','0.0','0.0','0.0','0.0','0.0','0.0','0.0','','0.0','0.0','0.0','','False','','','','','','False','','','','','','','','','');
INSERT INTO "Account" VALUES(8,'','Mathews-Sutton','01255000003ES42AAG','False','','0.0','','','','','','','0.0','','0.0','','','','0.0','','','0.0','0.0','0.0','0.0','0.0','0.0','0.0','0.0','0.0','0.0','','0.0','0.0','0.0','','False','','','','','','False','','','','','','','','','');
INSERT INTO "Account" VALUES(9,'','Claire, Valerie and Lindsay Household','01255000003ES41AAG','True','Household Account','0.0','','','','Phillips Claire, Flowers Lisa, Cervantes Valerie and Lopez Lindsay','','Flowers, Cervantes and Lopez','0.0','','0.0','','','','0.0','','','0.0','0.0','0.0','0.0','0.0','0.0','0.0','0.0','0.0','0.0','','0.0','0.0','0.0','','False','','','','','','False','','','','','','4.0','','38','');
INSERT INTO "Account" VALUES(10,'','Lawrence, Aguilar and Logan','01255000003ES42AAG','False','','0.0','','','','','','','0.0','','0.0','','','','0.0','','','0.0','0.0','0.0','0.0','0.0','0.0','0.0','0.0','0.0','0.0','','0.0','0.0','0.0','','False','','','','','','False','','','','','','','','','');
INSERT INTO "Account" VALUES(11,'','The Household','01255000003ES41AAG','True','Household Account','0.0','','','','','','','0.0','','0.0','','','','0.0','','','0.0','0.0','0.0','0.0','0.0','0.0','0.0','0.0','0.0','0.0','','0.0','0.0','0.0','','False','','','','','','False','','','','','','','','','');
INSERT INTO "Account" VALUES(12,'','Crane LLC','01255000003ES42AAG','False','','0.0','','','','','','','0.0','','0.0','','','','0.0','','','0.0','0.0','0.0','0.0','0.0','0.0','0.0','0.0','0.0','0.0','','0.0','0.0','0.0','','False','','','','','','False','','','','','','','','','');
INSERT INTO "Account" VALUES(13,'','Durham Ltd','01255000003ES41AAG','True','Household Account','0.0','','','','','','','0.0','','0.0','','','','0.0','','','0.0','0.0','0.0','0.0','0.0','0.0','0.0','0.0','0.0','0.0','','0.0','0.0','0.0','','False','','','','','','False','','','','','','','','','');
INSERT INTO "Account" VALUES(14,'','Francis','01255000003ES42AAG','False','','0.0','','','','','','','0.0','','0.0','','','','0.0','','','0.0','0.0','0.0','0.0','0.0','0.0','0.0','0.0','0.0','0.0','','0.0','0.0','0.0','','False','','','','','','False','','','','','','','','','');
INSERT INTO "Account" VALUES(15,'','Figueroa-Spence','01255000003ES42AAG','False','Order back support line rise draw sell threat.','0.0','90946.0','2003','2022-01-11','Seat another cold personal save. Institution democratic conference option figure.','(637)954-0490x96566','Size already series defense page. Cause item happen.','0.0','2022-05-14','0.0','2021-10-07','Seek even fund surface easy. Against forward agency model.','Himself try service mean tonight. Science until girl decision add however action.','0.0','2021-10-16','2022-06-24','0.0','0.0','0.0','0.0','0.0','0.0','0.0','0.0','0.0','0.0','Informal_Greeting__c','0.0','0.0','0.0','Environmental','False','Miss Belinda Stein DDS','89323.0','42014.0','31122.0','Treatment citizen artist too nor deep. Worker reveal find require between early.','False','bnguyen@example.net','2021-10-24','80.0','(958)961-3777x19832','History magazine under school important soon production. He agency stage size TV glass.','39140.0','','','');
INSERT INTO "Account" VALUES(16,'','Curtis, Sharon, Sierra and Patrick Household','01255000003ES41AAG','True','Household Account','0.0','','','','Bauer Sharon, Herrera Brandy, Morrison Sierra and Greer Patrick','','Mcclain, Herrera, Morrison and Greer','0.0','','0.0','','','','0.0','','','0.0','0.0','0.0','0.0','0.0','0.0','0.0','0.0','0.0','0.0','','0.0','0.0','0.0','','False','','','','','','False','','','','','','5.0','','44','');
INSERT INTO "Account" VALUES(17,'','Leon PLC','01255000003ES42AAG','False','','0.0','','','','','','','0.0','','0.0','','','','0.0','','','0.0','0.0','0.0','0.0','0.0','0.0','0.0','0.0','0.0','0.0','','0.0','0.0','0.0','','False','','','','','','False','','','','','','','','','');
INSERT INTO "Account" VALUES(18,'','Alex, Ariel and Mitchell Household','01255000003ES41AAG','True','Household Account','0.0','','','','Suarez Alex, Scott Ariel and Salas Mitchell','','Scott and Salas','0.0','','0.0','','','','0.0','','','0.0','0.0','0.0','0.0','0.0','0.0','0.0','0.0','0.0','0.0','','0.0','0.0','0.0','','False','','','','','','False','','','','','','3.0','','47','');
INSERT INTO "Account" VALUES(19,'','Rodriguez, Wong and Braun','01255000003ES42AAG','False','','0.0','','','','','','','0.0','','0.0','','','','0.0','','','0.0','0.0','0.0','0.0','0.0','0.0','0.0','0.0','0.0','0.0','','0.0','0.0','0.0','','False','','','','','','False','','','','','','','','','');
INSERT INTO "Account" VALUES(20,'','Judith, Colton, Jim and Shane Household','01255000003ES41AAG','True','Household Account','0.0','','','','Willis Gregg, Cannon Jim and Nelson Shane','','Hensley, Ray, Willis, Cannon and Nelson','0.0','','0.0','','','','0.0','','','0.0','0.0','0.0','0.0','0.0','0.0','0.0','0.0','0.0','0.0','','0.0','0.0','0.0','','False','','','','','','False','','','','','','5.0','','51','');
INSERT INTO "Account" VALUES(21,'','Blevins, Hess and Raymond','01255000003ES42AAG','False','','0.0','','','','','','','0.0','','0.0','','','','0.0','','','0.0','0.0','0.0','0.0','0.0','0.0','0.0','0.0','0.0','0.0','','0.0','0.0','0.0','','False','','','','','','False','','','','','','','','','');
INSERT INTO "Account" VALUES(22,'','Shawn, Dawn and Randy Household','01255000003ES41AAG','True','Household Account','0.0','','','','Cardenas Dawn and Hubbard Randy','','Dunn, Cardenas and Hubbard','0.0','','0.0','','','','0.0','','','0.0','0.0','0.0','0.0','0.0','0.0','0.0','0.0','0.0','0.0','','0.0','0.0','0.0','','False','','','','','','False','','','','','','3.0','','55','');
INSERT INTO "Account" VALUES(23,'','Roy and Sons','01255000003ES42AAG','False','','0.0','','','','','','','0.0','','0.0','','','','0.0','','','0.0','0.0','0.0','0.0','0.0','0.0','0.0','0.0','0.0','0.0','','0.0','0.0','0.0','','False','','','','','','False','','','','','','','','','');
INSERT INTO "Account" VALUES(24,'','The Household','01255000003ES41AAG','True','Household Account','0.0','','','','','','','0.0','','0.0','','','','0.0','','','0.0','0.0','0.0','0.0','0.0','0.0','0.0','0.0','0.0','0.0','','0.0','0.0','0.0','','False','','','','','','False','','','','','','','','','');
INSERT INTO "Account" VALUES(25,'','Boone Group','01255000003ES42AAG','False','','0.0','','','','','','','0.0','','0.0','','','','0.0','','','0.0','0.0','0.0','0.0','0.0','0.0','0.0','0.0','0.0','0.0','','0.0','0.0','0.0','','False','','','','','','False','','','','','','','','','');
INSERT INTO "Account" VALUES(26,'','Leroy, Jean, Jeffery, Angela and Denise Household','01255000003ES41AAG','True','Household Account','0.0','','','','Davidson Leroy, Flores Jean, Banks Jeffery, Tran Angela and Dunlap Denise','','Tran and Dunlap','0.0','','0.0','','','','0.0','','','0.0','0.0','0.0','0.0','0.0','0.0','0.0','0.0','0.0','0.0','','0.0','0.0','0.0','','False','','','','','','False','','','','','','5.0','','60','');
INSERT INTO "Account" VALUES(27,'','Cooper Ltd','01255000003ES42AAG','False','','0.0','','','','','','','0.0','','0.0','','','','0.0','','','0.0','0.0','0.0','0.0','0.0','0.0','0.0','0.0','0.0','0.0','','0.0','0.0','0.0','','False','','','','','','False','','','','','','','','','');
INSERT INTO "Account" VALUES(28,'','Buckley LLC','01255000003ES42AAG','False','','0.0','','','','','','','0.0','','0.0','','','','0.0','','','0.0','0.0','0.0','0.0','0.0','0.0','0.0','0.0','0.0','0.0','','0.0','0.0','0.0','','False','','','','','','False','','','','','','','','','');
INSERT INTO "Account" VALUES(29,'','Joy, Yvonne and Karl Household','01255000003ES41AAG','True','Household Account','0.0','','','','Holmes Joy, Underwood Yvette, Camacho Yvonne and Hansen Karl','','Underwood, Camacho and Hansen','0.0','','0.0','','','','0.0','','','0.0','0.0','0.0','0.0','0.0','0.0','0.0','0.0','0.0','0.0','','0.0','0.0','0.0','','False','','','','','','False','','','','','','4.0','','65','');
INSERT INTO "Account" VALUES(30,'','Mcknight, Brewer and Barrera','01255000003ES42AAG','False','','0.0','','','','','','','0.0','','0.0','','','','0.0','','','0.0','0.0','0.0','0.0','0.0','0.0','0.0','0.0','0.0','0.0','','0.0','0.0','0.0','','False','','','','','','False','','','','','','','','','');
INSERT INTO "Account" VALUES(31,'','The Household','01255000003ES41AAG','True','Household Account','0.0','','','','','','','0.0','','0.0','','','','0.0','','','0.0','0.0','0.0','0.0','0.0','0.0','0.0','0.0','0.0','0.0','','0.0','0.0','0.0','','False','','','','','','False','','','','','','','','','');
INSERT INTO "Account" VALUES(32,'','Mclaughlin-Church','01255000003ES42AAG','False','','0.0','','','','','','','0.0','','0.0','','','','0.0','','','0.0','0.0','0.0','0.0','0.0','0.0','0.0','0.0','0.0','0.0','','0.0','0.0','0.0','','False','','','','','','False','','','','','','','','','');
INSERT INTO "Account" VALUES(33,'','Ewing, Weaver and Crawford','01255000003ES41AAG','True','Household Account','0.0','','','','','','','0.0','','0.0','','','','0.0','','','0.0','0.0','0.0','0.0','0.0','0.0','0.0','0.0','0.0','0.0','','0.0','0.0','0.0','','False','','','','','','False','','','','','','','','','');
INSERT INTO "Account" VALUES(34,'','Jimenez','01255000003ES42AAG','False','','0.0','','','','','','','0.0','','0.0','','','','0.0','','','0.0','0.0','0.0','0.0','0.0','0.0','0.0','0.0','0.0','0.0','','0.0','0.0','0.0','','False','','','','','','False','','','','','','','','','');
INSERT INTO "Account" VALUES(35,'','Ware Group','01255000003ES42AAG','False','Arrive law either. Than quite course.','0.0','11338.0','2011','2022-03-19','Good go election usually whom. Be assume common here every. Kid left practice light court.','001-452-158-0985x36378','Sister where girl picture number skill green. Charge between letter growth will do get.','0.0','2021-12-31','0.0','2021-12-17','Manage current power. Quality act too admit new third.','Finish remember raise suggest reality let back. Data trade different staff crime.','0.0','2021-08-26','2021-12-13','0.0','0.0','0.0','0.0','0.0','0.0','0.0','0.0','0.0','0.0','Formal_Greeting__c','0.0','0.0','0.0','Human Services','False','Kathleen Hobbs PhD','5200.0','76956.0','46952.0','True Mrs discover do customer board. Buy give strong choose group area organization.','False','mossamber@example.net','2021-11-12','97.0','7887553204','Hotel success energy catch. Say item large college. Doctor maybe hard arrive.','79117.0','','','');
INSERT INTO "Account" VALUES(36,'','Emma, Donald, Destiny and Stacie Household','01255000003ES41AAG','True','Household Account','0.0','','','','Petty Destiny and Shannon Stacie','','Hart, Moyer, Petty and Shannon','0.0','','0.0','','','','0.0','','','0.0','0.0','0.0','0.0','0.0','0.0','0.0','0.0','0.0','0.0','','0.0','0.0','0.0','','False','','','','','','False','','','','','','4.0','','72','');
INSERT INTO "Account" VALUES(37,'','Michael, Molina and Keith','01255000003ES42AAG','False','','0.0','','','','','','','0.0','','0.0','','','','0.0','','','0.0','0.0','0.0','0.0','0.0','0.0','0.0','0.0','0.0','0.0','','0.0','0.0','0.0','','False','','','','','','False','','','','','','','','','');
INSERT INTO "Account" VALUES(38,'','Neil, Sophia and Carrie Household','01255000003ES41AAG','True','Household Account','0.0','','','','Hobbs Carla, Howell Patty, Oconnell Sophia and Villa Carrie','','Andersen, Hobbs, Howell, Oconnell and Villa','0.0','','0.0','','','','0.0','','','0.0','0.0','0.0','0.0','0.0','0.0','0.0','0.0','0.0','0.0','','0.0','0.0','0.0','','False','','','','','','False','','','','','','5.0','','77','');
INSERT INTO "Account" VALUES(39,'','Jackson-Cooper','01255000003ES42AAG','False','','0.0','','','','','','','0.0','','0.0','','','','0.0','','','0.0','0.0','0.0','0.0','0.0','0.0','0.0','0.0','0.0','0.0','','0.0','0.0','0.0','','False','','','','','','False','','','','','','','','','');
INSERT INTO "Account" VALUES(40,'','Maureen and Bill Household','01255000003ES41AAG','True','Household Account','0.0','','','','Petty Maureen and Friedman Bill','','Petty and Friedman','0.0','','0.0','','','','0.0','','','0.0','0.0','0.0','0.0','0.0','0.0','0.0','0.0','0.0','0.0','','0.0','0.0','0.0','','False','','','','','','False','','','','','','2.0','','79','');
INSERT INTO "Account" VALUES(41,'','Pacheco LLC','01255000003ES42AAG','False','','0.0','','','','','','','0.0','','0.0','','','','0.0','','','0.0','0.0','0.0','0.0','0.0','0.0','0.0','0.0','0.0','0.0','','0.0','0.0','0.0','','False','','','','','','False','','','','','','','','','');
INSERT INTO "Account" VALUES(42,'','Alexa, Katelyn and Eugene Household','01255000003ES41AAG','True','Household Account','0.0','','','','Whitaker Hayden, Church Alexa, Fuller Katelyn and Evans Eugene','','Whitaker, Fuller and Evans','0.0','','0.0','','','','0.0','','','0.0','0.0','0.0','0.0','0.0','0.0','0.0','0.0','0.0','0.0','','0.0','0.0','0.0','','False','','','','','','False','','','','','','4.0','','83','');
INSERT INTO "Account" VALUES(43,'','Erickson-Dodson','01255000003ES42AAG','False','','0.0','','','','','','','0.0','','0.0','','','','0.0','','','0.0','0.0','0.0','0.0','0.0','0.0','0.0','0.0','0.0','0.0','','0.0','0.0','0.0','','False','','','','','','False','','','','','','','','','');
INSERT INTO "Account" VALUES(44,'','The Household','01255000003ES41AAG','True','Household Account','0.0','','','','','','','0.0','','0.0','','','','0.0','','','0.0','0.0','0.0','0.0','0.0','0.0','0.0','0.0','0.0','0.0','','0.0','0.0','0.0','','False','','','','','','False','','','','','','','','','');
INSERT INTO "Account" VALUES(45,'','Gallagher and Sons','01255000003ES42AAG','False','','0.0','','','','','','','0.0','','0.0','','','','0.0','','','0.0','0.0','0.0','0.0','0.0','0.0','0.0','0.0','0.0','0.0','','0.0','0.0','0.0','','False','','','','','','False','','','','','','','','','');
INSERT INTO "Account" VALUES(46,'','Ronald, Brittney and Pedro Household','01255000003ES41AAG','True','Household Account','0.0','','','','Blair Ronald, Velasquez Jaclyn, Cooley Brittney and Hunt Pedro','','Velasquez, Cooley and Hunt','0.0','','0.0','','','','0.0','','','0.0','0.0','0.0','0.0','0.0','0.0','0.0','0.0','0.0','0.0','','0.0','0.0','0.0','','False','','','','','','False','','','','','','4.0','','87','');
INSERT INTO "Account" VALUES(47,'','Trevino Inc','01255000003ES42AAG','False','','0.0','','','','','','','0.0','','0.0','','','','0.0','','','0.0','0.0','0.0','0.0','0.0','0.0','0.0','0.0','0.0','0.0','','0.0','0.0','0.0','','False','','','','','','False','','','','','','','','','');
INSERT INTO "Account" VALUES(48,'','Flynn-Vega','01255000003ES42AAG','False','','0.0','','','','','','','0.0','','0.0','','','','0.0','','','0.0','0.0','0.0','0.0','0.0','0.0','0.0','0.0','0.0','0.0','','0.0','0.0','0.0','','False','','','','','','False','','','','','','','','','');
INSERT INTO "Account" VALUES(49,'','Allen, Peggy, Kent, Zachary and Douglas Household','01255000003ES41AAG','True','Household Account','0.0','','','','Reeves Zachary and Fischer Douglas','','Lara, Meza, Ritter, Reeves and Fischer','0.0','','0.0','','','','0.0','','','0.0','0.0','0.0','0.0','0.0','0.0','0.0','0.0','0.0','0.0','','0.0','0.0','0.0','','False','','','','','','False','','','','','','5.0','','93','');
INSERT INTO "Account" VALUES(50,'','Yu, Fuentes and Smith','01255000003ES42AAG','False','','0.0','','','','','','','0.0','','0.0','','','','0.0','','','0.0','0.0','0.0','0.0','0.0','0.0','0.0','0.0','0.0','0.0','','0.0','0.0','0.0','','False','','','','','','False','','','','','','','','','');
INSERT INTO "Account" VALUES(51,'','The Household','01255000003ES41AAG','True','Household Account','0.0','','','','','','','0.0','','0.0','','','','0.0','','','0.0','0.0','0.0','0.0','0.0','0.0','0.0','0.0','0.0','0.0','','0.0','0.0','0.0','','False','','','','','','False','','','','','','','','','');
INSERT INTO "Account" VALUES(52,'','Dawson-Wilson','01255000003ES42AAG','False','','0.0','','','','','','','0.0','','0.0','','','','0.0','','','0.0','0.0','0.0','0.0','0.0','0.0','0.0','0.0','0.0','0.0','','0.0','0.0','0.0','','False','','','','','','False','','','','','','','','','');
INSERT INTO "Account" VALUES(53,'','Donovan, Lewis and Duke','01255000003ES41AAG','True','Household Account','0.0','','','','','','','0.0','','0.0','','','','0.0','','','0.0','0.0','0.0','0.0','0.0','0.0','0.0','0.0','0.0','0.0','','0.0','0.0','0.0','','False','','','','','','False','','','','','','','','','');
INSERT INTO "Account" VALUES(54,'','Melton','01255000003ES42AAG','False','','0.0','','','','','','','0.0','','0.0','','','','0.0','','','0.0','0.0','0.0','0.0','0.0','0.0','0.0','0.0','0.0','0.0','','0.0','0.0','0.0','','False','','','','','','False','','','','','','','','','');
INSERT INTO "Account" VALUES(55,'','Romero, Baxter and Weber','01255000003ES42AAG','False','Either boy foot. Own nor how drug start recently.','0.0','20411.0','2010','2021-11-23','Number friend suddenly. Fish possible tonight up.','2258403760','Ahead place put save. Your certain manage line yourself environment money just.','0.0','2021-10-05','0.0','2022-01-27','Matter include production no another. Place shoulder morning keep trade including side.','List edge find human according. Sound main mission paper prevent.','0.0','2022-04-04','2022-04-29','0.0','0.0','0.0','0.0','0.0','0.0','0.0','0.0','0.0','0.0','Informal_Greeting__c','0.0','0.0','0.0','Arts and Culture','False','Mr. Alejandro Howell','89766.0','67694.0','54197.0','Test tend level last president. Buy culture front tend on fact.','False','tami64@example.net','2021-11-16','60.0','(522)056-7287','Glass child occur media tree company minute. Look sure kid foot.','91307.0','','','');
INSERT INTO "Account" VALUES(56,'','Tammie and Erica Household','01255000003ES41AAG','True','Household Account','0.0','','','','Oneal Rachael, Wilkerson Tammie and Cooley Erica','','Oneal, Wilkerson and Cooley','0.0','','0.0','','','','0.0','','','0.0','0.0','0.0','0.0','0.0','0.0','0.0','0.0','0.0','0.0','','0.0','0.0','0.0','','False','','','','','','False','','','','','','3.0','','68','');
INSERT INTO "Account" VALUES(57,'','Sloan Group','01255000003ES42AAG','False','','0.0','','','','','','','0.0','','0.0','','','','0.0','','','0.0','0.0','0.0','0.0','0.0','0.0','0.0','0.0','0.0','0.0','','0.0','0.0','0.0','','False','','','','','','False','','','','','','','','','');
INSERT INTO "Account" VALUES(58,'','Carrie, Bernard, Jamie and Darin Household','01255000003ES41AAG','True','Household Account','0.0','','','','Hanson Drew, Gamble Bernard, Webb Jamie and Decker Darin','','Pugh, Hanson, Webb and Decker','0.0','','0.0','','','','0.0','','','0.0','0.0','0.0','0.0','0.0','0.0','0.0','0.0','0.0','0.0','','0.0','0.0','0.0','','False','','','','','','False','','','','','','5.0','','98','');
INSERT INTO "Account" VALUES(59,'','Pugh-Chandler','01255000003ES42AAG','False','','0.0','','','','','','','0.0','','0.0','','','','0.0','','','0.0','0.0','0.0','0.0','0.0','0.0','0.0','0.0','0.0','0.0','','0.0','0.0','0.0','','False','','','','','','False','','','','','','','','','');
INSERT INTO "Account" VALUES(60,'','Joel, Danielle and Yolanda Household','01255000003ES41AAG','True','Household Account','0.0','','','','Walker Shelly, Bass Louis, Guerra Joel, Ramirez Danielle and Foster Yolanda','','Walker, Bass, Ramirez and Foster','0.0','','0.0','','','','0.0','','','0.0','0.0','0.0','0.0','0.0','0.0','0.0','0.0','0.0','0.0','','0.0','0.0','0.0','','False','','','','','','False','','','','','','5.0','','5','');
INSERT INTO "Account" VALUES(61,'','Gilbert and Sons','01255000003ES42AAG','False','','0.0','','','','','','','0.0','','0.0','','','','0.0','','','0.0','0.0','0.0','0.0','0.0','0.0','0.0','0.0','0.0','0.0','','0.0','0.0','0.0','','False','','','','','','False','','','','','','','','','');
INSERT INTO "Account" VALUES(62,'','Vicki, Karen, Andres, Jose and Shirley Household','01255000003ES41AAG','True','Household Account','0.0','','','','Galloway Vicki, Hickman Andres, Avila Jose and Forbes Shirley','','Vaughan, Avila and Forbes','0.0','','0.0','','','','0.0','','','0.0','0.0','0.0','0.0','0.0','0.0','0.0','0.0','0.0','0.0','','0.0','0.0','0.0','','False','','','','','','False','','','','','','5.0','','10','');
INSERT INTO "Account" VALUES(63,'','Allison, Parks and Mclaughlin','01255000003ES42AAG','False','','0.0','','','','','','','0.0','','0.0','','','','0.0','','','0.0','0.0','0.0','0.0','0.0','0.0','0.0','0.0','0.0','0.0','','0.0','0.0','0.0','','False','','','','','','False','','','','','','','','','');
INSERT INTO "Account" VALUES(64,'','The Household','01255000003ES41AAG','True','Household Account','0.0','','','','','','','0.0','','0.0','','','','0.0','','','0.0','0.0','0.0','0.0','0.0','0.0','0.0','0.0','0.0','0.0','','0.0','0.0','0.0','','False','','','','','','False','','','','','','','','','');
INSERT INTO "Account" VALUES(65,'','Stokes, Fernandez and Burgess','01255000003ES42AAG','False','','0.0','','','','','','','0.0','','0.0','','','','0.0','','','0.0','0.0','0.0','0.0','0.0','0.0','0.0','0.0','0.0','0.0','','0.0','0.0','0.0','','False','','','','','','False','','','','','','','','','');
INSERT INTO "Account" VALUES(66,'','Melody, Alejandro and Gene Household','01255000003ES41AAG','True','Household Account','0.0','','','','Pearson Samantha, Bolton Alejandro and Delgado Gene','','Pearson, Gilbert, Bolton and Delgado','0.0','','0.0','','','','0.0','','','0.0','0.0','0.0','0.0','0.0','0.0','0.0','0.0','0.0','0.0','','0.0','0.0','0.0','','False','','','','','','False','','','','','','4.0','','13','');
INSERT INTO "Account" VALUES(67,'','Lucero, Lewis and Neal','01255000003ES42AAG','False','','0.0','','','','','','','0.0','','0.0','','','','0.0','','','0.0','0.0','0.0','0.0','0.0','0.0','0.0','0.0','0.0','0.0','','0.0','0.0','0.0','','False','','','','','','False','','','','','','','','','');
INSERT INTO "Account" VALUES(68,'','Macdonald Inc','01255000003ES42AAG','False','','0.0','','','','','','','0.0','','0.0','','','','0.0','','','0.0','0.0','0.0','0.0','0.0','0.0','0.0','0.0','0.0','0.0','','0.0','0.0','0.0','','False','','','','','','False','','','','','','','','','');
INSERT INTO "Account" VALUES(69,'','Hector, Lonnie and Yvonne Household','01255000003ES41AAG','True','Household Account','0.0','','','','Beasley Grant, Zamora Lonnie and Mills Yvonne','','Burch, Beasley, Zamora and Mills','0.0','','0.0','','','','0.0','','','0.0','0.0','0.0','0.0','0.0','0.0','0.0','0.0','0.0','0.0','','0.0','0.0','0.0','','False','','','','','','False','','','','','','4.0','','19','');
INSERT INTO "Account" VALUES(70,'','Durham, Stanton and Carson','01255000003ES42AAG','False','','0.0','','','','','','','0.0','','0.0','','','','0.0','','','0.0','0.0','0.0','0.0','0.0','0.0','0.0','0.0','0.0','0.0','','0.0','0.0','0.0','','False','','','','','','False','','','','','','','','','');
INSERT INTO "Account" VALUES(71,'','The Household','01255000003ES41AAG','True','Household Account','0.0','','','','','','','0.0','','0.0','','','','0.0','','','0.0','0.0','0.0','0.0','0.0','0.0','0.0','0.0','0.0','0.0','','0.0','0.0','0.0','','False','','','','','','False','','','','','','','','','');
INSERT INTO "Account" VALUES(72,'','Brady Ltd','01255000003ES42AAG','False','','0.0','','','','','','','0.0','','0.0','','','','0.0','','','0.0','0.0','0.0','0.0','0.0','0.0','0.0','0.0','0.0','0.0','','0.0','0.0','0.0','','False','','','','','','False','','','','','','','','','');
INSERT INTO "Account" VALUES(73,'','Moody, Potter and Duncan','01255000003ES41AAG','True','Household Account','0.0','','','','','','','0.0','','0.0','','','','0.0','','','0.0','0.0','0.0','0.0','0.0','0.0','0.0','0.0','0.0','0.0','','0.0','0.0','0.0','','False','','','','','','False','','','','','','','','','');
INSERT INTO "Account" VALUES(74,'','Daniels','01255000003ES42AAG','False','','0.0','','','','','','','0.0','','0.0','','','','0.0','','','0.0','0.0','0.0','0.0','0.0','0.0','0.0','0.0','0.0','0.0','','0.0','0.0','0.0','','False','','','','','','False','','','','','','','','','');
INSERT INTO "Account" VALUES(75,'','Cooke-Torres','01255000003ES42AAG','False','Agency than by stand particularly movie. Guy every yet plan receive.','0.0','47882.0','1970','2022-06-27','His beat water American who. Five unit about indicate important yourself upon.','056-516-0779x91753','Not visit art. Site forget buy build simple including. Challenge necessary same position.','0.0','2021-11-18','0.0','2021-11-11','Myself environmental water Republican. Control middle mean huge capital.','Successful mind model direction operation poor. Later government trial continue least.','0.0','2021-10-15','2021-07-07','0.0','0.0','0.0','0.0','0.0','0.0','0.0','0.0','0.0','0.0','Formal_Greeting__c','0.0','0.0','0.0','Environmental','False','Dr. Joanne Zavala PhD','99351.0','6274.0','50934.0','Season fish probably as. Probably leave cut than.
Eat follow son.','False','dyernathan@example.org','2021-11-11','9.0','644.673.7350x89724','Current general lay often. Theory shake health authority tell.','24363.0','','','');
INSERT INTO "Account" VALUES(76,'','Steve and Wayne Household','01255000003ES41AAG','True','Household Account','0.0','','','','Coleman Steve and Reeves Wayne','','Coleman and Reeves','0.0','','0.0','','','','0.0','','','0.0','0.0','0.0','0.0','0.0','0.0','0.0','0.0','0.0','0.0','','0.0','0.0','0.0','','False','','','','','','False','','','','','','2.0','','21','');
INSERT INTO "Account" VALUES(77,'','Stark Inc','01255000003ES42AAG','False','','0.0','','','','','','','0.0','','0.0','','','','0.0','','','0.0','0.0','0.0','0.0','0.0','0.0','0.0','0.0','0.0','0.0','','0.0','0.0','0.0','','False','','','','','','False','','','','','','','','','');
INSERT INTO "Account" VALUES(78,'','Dana, Marcus and Stacey Household','01255000003ES41AAG','True','Household Account','0.0','','','','Strong Marcus and Santiago Stacey','','Roberts, Strong and Santiago','0.0','','0.0','','','','0.0','','','0.0','0.0','0.0','0.0','0.0','0.0','0.0','0.0','0.0','0.0','','0.0','0.0','0.0','','False','','','','','','False','','','','','','3.0','','24','');
INSERT INTO "Account" VALUES(79,'','Bond, Massey and Barrera','01255000003ES42AAG','False','','0.0','','','','','','','0.0','','0.0','','','','0.0','','','0.0','0.0','0.0','0.0','0.0','0.0','0.0','0.0','0.0','0.0','','0.0','0.0','0.0','','False','','','','','','False','','','','','','','','','');
INSERT INTO "Account" VALUES(80,'','Jaclyn, Laurie and Tami Household','01255000003ES41AAG','True','Household Account','0.0','','','','Glenn Laurie and Coleman Tami','','Day, Glenn and Coleman','0.0','','0.0','','','','0.0','','','0.0','0.0','0.0','0.0','0.0','0.0','0.0','0.0','0.0','0.0','','0.0','0.0','0.0','','False','','','','','','False','','','','','','3.0','','27','');
INSERT INTO "Account" VALUES(81,'','Vaughan, Estrada and Wilkinson','01255000003ES42AAG','False','','0.0','','','','','','','0.0','','0.0','','','','0.0','','','0.0','0.0','0.0','0.0','0.0','0.0','0.0','0.0','0.0','0.0','','0.0','0.0','0.0','','False','','','','','','False','','','','','','','','','');
CREATE TABLE "Account_rt_mapping" (
	record_type_id VARCHAR(18) NOT NULL, 
	developer_name VARCHAR(255), 
	PRIMARY KEY (record_type_id)
);
INSERT INTO "Account_rt_mapping" VALUES('01255000003EPf7AAG','Default');
INSERT INTO "Account_rt_mapping" VALUES('01255000003ES41AAG','HH_Account');
INSERT INTO "Account_rt_mapping" VALUES('01255000003ES42AAG','Organization');
CREATE TABLE "BackgroundCheck__c" (
	id INTEGER NOT NULL, 
	"Date__c" VARCHAR(255), 
	"Notes__c" VARCHAR(255), 
	"Status__c" VARCHAR(255), 
	"Contact__c" VARCHAR(255), 
	PRIMARY KEY (id)
);
CREATE TABLE "Campaign" (
	id INTEGER NOT NULL, 
	"Name" VARCHAR(255), 
	PRIMARY KEY (id)
);
INSERT INTO "Campaign" VALUES(1,'The Campaign');
INSERT INTO "Campaign" VALUES(2,'The Campaign');
CREATE TABLE "Contact" (
	id INTEGER NOT NULL, 
	"ADSiMApplicationReceived__c" VARCHAR(255), 
	"ADSiMPreApplicationReceived__c" VARCHAR(255), 
	"ADSiMProgAgreementReceived__c" VARCHAR(255), 
	"BoardAgreementReceived__c" VARCHAR(255), 
	"BoardApplicationReceived__c" VARCHAR(255), 
	"BoardCoIReceived__c" VARCHAR(255), 
	"BoardMemberAcceptedDate__c" VARCHAR(255), 
	"BoardMemberStatus__c" VARCHAR(255), 
	"BoardResumeReceived__c" VARCHAR(255), 
	"BoardToNReceived__c" VARCHAR(255), 
	"ClientApplicationReceived__c" VARCHAR(255), 
	"ClientCertAgreementReceived__c" VARCHAR(255), 
	"ClientLOMIReceived__c" VARCHAR(255), 
	"ClientMedicalDevices__c" VARCHAR(255), 
	"ClientPreApplicationReceived__c" VARCHAR(255), 
	"ClientProgAgreementReceived__c" VARCHAR(255), 
	"ClientStatus__c" VARCHAR(255), 
	"ClientSurveyReceived__c" VARCHAR(255), 
	"ClientVAPWReceived__c" VARCHAR(255), 
	"CriminalConviction__c" VARCHAR(255), 
	"DateStarted__c" VARCHAR(255), 
	"Email" VARCHAR(255), 
	"FacilitatorApplicationReceived__c" VARCHAR(255), 
	"FacilitatorCertAgreementReceived__c" VARCHAR(255), 
	"FacilitatorInfrNoticeReceived__c" VARCHAR(255), 
	"FacilitatorPracticumReceived__c" VARCHAR(255), 
	"FacilitatorProfGrowthPlanReceived__c" VARCHAR(255), 
	"FacilitatorProgAgreementReceived__c" VARCHAR(255), 
	"FacilitatorReferenceReceived__c" VARCHAR(255), 
	"FacilitatorStatus__c" VARCHAR(255), 
	"FirstName" VARCHAR(255), 
	"GW_Volunteers__Volunteer_Auto_Reminder_Email_Opt_Out__c" VARCHAR(255), 
	"GW_Volunteers__Volunteer_Availability__c" VARCHAR(255), 
	"GW_Volunteers__Volunteer_Last_Web_Signup_Date__c" VARCHAR(255), 
	"GW_Volunteers__Volunteer_Manager_Notes__c" VARCHAR(255), 
	"GW_Volunteers__Volunteer_Notes__c" VARCHAR(255), 
	"GW_Volunteers__Volunteer_Organization__c" VARCHAR(255), 
	"GW_Volunteers__Volunteer_Skills__c" VARCHAR(255), 
	"GW_Volunteers__Volunteer_Status__c" VARCHAR(255), 
	"Language__c" VARCHAR(255), 
	"LastName" VARCHAR(255), 
	"LeadComments__c" VARCHAR(255), 
	"LeadFacilitatorStatus__c" VARCHAR(255), 
	"LeadInterest__c" VARCHAR(255), 
	"LeadSourceOther__c" VARCHAR(255), 
	"OtherLanguages__c" VARCHAR(255), 
	"Phone" VARCHAR(255), 
	"Positions__c" VARCHAR(255), 
	"PronounOther__c" VARCHAR(255), 
	"Pronoun__c" VARCHAR(255), 
	"PuppyApplicationReceived__c" VARCHAR(255), 
	"PuppyCertAgreementReceived__c" VARCHAR(255), 
	"PuppyInfrNoticeReceived__c" VARCHAR(255), 
	"PuppyProgAgreementReceived__c" VARCHAR(255), 
	"PuppyRaiserStatus__c" VARCHAR(255), 
	"PuppyReferenceReceived__c" VARCHAR(255), 
	"StaffAgreementReceived__c" VARCHAR(255), 
	"StaffApplicationReceived__c" VARCHAR(255), 
	"StaffI9Received__c" VARCHAR(255), 
	"StaffOfferReceived__c" VARCHAR(255), 
	"StaffResumeReceived__c" VARCHAR(255), 
	"StaffW4Received__c" VARCHAR(255), 
	"TSiMApplicationReceived__c" VARCHAR(255), 
	"TSiMProgAgreementReceived__c" VARCHAR(255), 
	"TrainerApplicationReceived__c" VARCHAR(255), 
	"TrainerBoardTrain__c" VARCHAR(255), 
	"TrainerCertAgreementReceived__c" VARCHAR(255), 
	"TrainerInfrNoticeReceived__c" VARCHAR(255), 
	"TrainerProgAgreementReceived__c" VARCHAR(255), 
	"TrainerReferenceReceived__c" VARCHAR(255), 
	"TrainerSpecialties__c" VARCHAR(255), 
	"TrainerStatus__c" VARCHAR(255), 
	"VolunteerAccess__c" VARCHAR(255), 
	"VolunteerAgreementReceived__c" VARCHAR(255), 
	"VolunteerApplicationReceived__c" VARCHAR(255), 
	"VolunteerFocus__c" VARCHAR(255), 
	"VolunteerResumeReceived__c" VARCHAR(255), 
	"npe01__AlternateEmail__c" VARCHAR(255), 
	"npe01__HomeEmail__c" VARCHAR(255), 
	"npe01__PreferredPhone__c" VARCHAR(255), 
	"npe01__Preferred_Email__c" VARCHAR(255), 
	"npe01__Primary_Address_Type__c" VARCHAR(255), 
	"npe01__Private__c" VARCHAR(255), 
	"npe01__Secondary_Address_Type__c" VARCHAR(255), 
	"npe01__WorkEmail__c" VARCHAR(255), 
	"npe01__WorkPhone__c" VARCHAR(255), 
	"npo02__AverageAmount__c" VARCHAR(255), 
	"npo02__Best_Gift_Year_Total__c" VARCHAR(255), 
	"npo02__Best_Gift_Year__c" VARCHAR(255), 
	"npo02__FirstCloseDate__c" VARCHAR(255), 
	"npo02__Household_Naming_Order__c" VARCHAR(255), 
	"npo02__LargestAmount__c" VARCHAR(255), 
	"npo02__LastCloseDate__c" VARCHAR(255), 
	"npo02__LastMembershipAmount__c" VARCHAR(255), 
	"npo02__LastMembershipDate__c" VARCHAR(255), 
	"npo02__LastMembershipLevel__c" VARCHAR(255), 
	"npo02__LastMembershipOrigin__c" VARCHAR(255), 
	"npo02__LastOppAmount__c" VARCHAR(255), 
	"npo02__MembershipEndDate__c" VARCHAR(255), 
	"npo02__MembershipJoinDate__c" VARCHAR(255), 
	"npo02__Naming_Exclusions__c" VARCHAR(255), 
	"npo02__NumberOfClosedOpps__c" VARCHAR(255), 
	"npo02__NumberOfMembershipOpps__c" VARCHAR(255), 
	"npo02__OppAmount2YearsAgo__c" VARCHAR(255), 
	"npo02__OppAmountLastNDays__c" VARCHAR(255), 
	"npo02__OppAmountLastYear__c" VARCHAR(255), 
	"npo02__OppAmountThisYear__c" VARCHAR(255), 
	"npo02__OppsClosed2YearsAgo__c" VARCHAR(255), 
	"npo02__OppsClosedLastNDays__c" VARCHAR(255), 
	"npo02__OppsClosedLastYear__c" VARCHAR(255), 
	"npo02__OppsClosedThisYear__c" VARCHAR(255), 
	"npo02__SmallestAmount__c" VARCHAR(255), 
	"npo02__Soft_Credit_Last_Year__c" VARCHAR(255), 
	"npo02__Soft_Credit_This_Year__c" VARCHAR(255), 
	"npo02__Soft_Credit_Total__c" VARCHAR(255), 
	"npo02__Soft_Credit_Two_Years_Ago__c" VARCHAR(255), 
	"npo02__TotalMembershipOppAmount__c" VARCHAR(255), 
	"npo02__TotalOppAmount__c" VARCHAR(255), 
	"npsp__Deceased__c" VARCHAR(255), 
	"npsp__Do_Not_Contact__c" VARCHAR(255), 
	"npsp__Exclude_from_Household_Formal_Greeting__c" VARCHAR(255), 
	"npsp__Exclude_from_Household_Informal_Greeting__c" VARCHAR(255), 
	"npsp__Exclude_from_Household_Name__c" VARCHAR(255), 
	"npsp__First_Soft_Credit_Amount__c" VARCHAR(255), 
	"npsp__First_Soft_Credit_Date__c" VARCHAR(255), 
	"npsp__Largest_Soft_Credit_Amount__c" VARCHAR(255), 
	"npsp__Largest_Soft_Credit_Date__c" VARCHAR(255), 
	"npsp__Last_Soft_Credit_Amount__c" VARCHAR(255), 
	"npsp__Last_Soft_Credit_Date__c" VARCHAR(255), 
	"npsp__Number_of_Soft_Credits_Last_N_Days__c" VARCHAR(255), 
	"npsp__Number_of_Soft_Credits_Last_Year__c" VARCHAR(255), 
	"npsp__Number_of_Soft_Credits_This_Year__c" VARCHAR(255), 
	"npsp__Number_of_Soft_Credits_Two_Years_Ago__c" VARCHAR(255), 
	"npsp__Number_of_Soft_Credits__c" VARCHAR(255), 
	"npsp__Soft_Credit_Last_N_Days__c" VARCHAR(255), 
	"npsp__is_Address_Override__c" VARCHAR(255), 
	"AccountId" VARCHAR(255), 
	"ReportsToId" VARCHAR(255), 
	"npo02__Household__c" VARCHAR(255), 
	"npsp__Batch__c" VARCHAR(255), 
	"npsp__Current_Address__c" VARCHAR(255), 
	"npsp__Primary_Affiliation__c" VARCHAR(255), 
	PRIMARY KEY (id)
);
INSERT INTO "Contact" VALUES(1,'','','','','','','','','','','','','','','','','','','','False','','da-ramirez2@example.com','','','','','','','','','Ramirez','False','','','','','','','','','Danielle','','','','','','0243410020','','','','','','','','','','','','','','','','','','','False','','','','','','','','','','','','danielle_ramirez@example.net','da-ramirez2@example.com','Home','Personal','','False','Work','d.ramirez62@example.org','+1-984-838-6379','0.0','','','','','0.0','','0.0','','','','0.0','','','','0.0','0.0','0.0','0.0','0.0','0.0','0.0','0.0','0.0','0.0','0.0','','','','','0.0','0.0','False','False','False','False','False','','','','','','','','','','','','0.0','False','60','','','','','');
INSERT INTO "Contact" VALUES(2,'','','','','','','','','','','','','','','','','','','','False','','yfoster62@example.com','','','','','','','','','Foster','False','','','','','','','','','Yolanda','','','','','','400-498-8867','','','','','','','','','','','','','','','','','','','False','','','','','','','','','','','','y-foster59@example.com','yfoster62@example.com','Home','Personal','','False','Work','yo.foster@example.org','001-165-616-1161x47255','0.0','','','','','0.0','','0.0','','','','0.0','','','','0.0','0.0','0.0','0.0','0.0','0.0','0.0','0.0','0.0','0.0','0.0','','','','','0.0','0.0','False','False','False','False','False','','','','','','','','','','','','0.0','False','60','','','','','');
INSERT INTO "Contact" VALUES(3,'','','','','','','','Active','','','','','','Must use answer.','','','Certified','','','True','2010-09-23','lo_bass2@example.com','','','','','','','','In Training','Bass','False','','','','Soldier yes simple science bit let create. Area once policy society simple fish common newspaper. White which movie site power.','','Outreach/Networking','None','English','Louis','Yourself interesting control natural wife. Two bank meeting who I can hope. His situation that development natural spring day.','Active','Client Certification','Weiss PLC','Spanish','001-242-612-0724','Trainer','Fill.','She/Her','','','','','Suspended','','','','','','','','','','','True','','','','','Diabetes Alert','In Training','Active Projects- Volunteer Recruitment and Retention','','','','','louis_bass@example.com','lo_bass2@example.com','Home','Personal','','False','Home','lo-bass42@example.com','(446)471-4857x986','0.0','36438.0','1988','2021-11-30','57645.0','0.0','2021-10-19','0.0','2022-06-17','Traditional everything board without range sometimes while. Newspaper suffer hotel some any.','Nor in here case. Live work future strategy professional prove break how. Child value day.','0.0','2021-09-06','2022-02-01','Household__c.Name','0.0','0.0','0.0','0.0','0.0','0.0','0.0','0.0','0.0','0.0','0.0','30249.0','93234.0','93489.0','82773.0','0.0','0.0','False','False','False','False','True','50982.0','2021-08-16','48360.0','2021-07-19','46832.0','','27461.0','40725.0','10305.0','66904.0','72919.0','0.0','False','60','','','','','');
INSERT INTO "Contact" VALUES(4,'','','','','','','','None','','','','','','Quality rise future wall central wish.','','','In Training','','','False','2004-04-17','jguerra1956@example.com','','','','','','','','Initial Inquiry','Guerra','False','','','','Turn table modern candidate nothing. Budget television walk herself position discussion move.','','Project/Program Management','Onboarding','English','Joel','Century coach important issue central itself. Bar rise live likely base firm. Human color mouth radio mission agency check. Happy draw walk grow growth forward.','Active','Sponsorship/Donations','Cherry and Sons','Korean','588-055-0594','Volunteer;Trainer','Player.','Specify','','','','','None','','','','','','','','','','','True','','','','','Hearing Alert','Inactive','Sensitive Info- Trainer','','','','','jguerra95@example.com','jguerra1956@example.com','Home','Personal','','False','Work','joel.guerra2010@example.net','(192)938-8185x035','0.0','86946.0','2001','2022-03-23','88888.0','0.0','2022-03-31','0.0','2021-07-23','Candidate bed left late even trial. Could pick political home current.','In investment off water test than.','0.0','2022-03-24','2022-03-22','Household__c.Informal_Greeting__c','0.0','0.0','0.0','0.0','0.0','0.0','0.0','0.0','0.0','0.0','0.0','95156.0','3458.0','47130.0','7590.0','0.0','0.0','False','False','False','True','False','47668.0','2022-02-05','41378.0','2021-08-01','88107.0','','50844.0','74162.0','98912.0','30436.0','86178.0','0.0','False','60','','','','','');
INSERT INTO "Contact" VALUES(5,'','','','','','','','Active','','','','','','Personal mouth police treatment.','','','In Training','','','False','2001-01-07','s+walker1965@example.org','','','','','','','','None','Walker','False','','','','Water loss recently. Our south establish could talk edge history.','','Financial/Bookkeeping','None','English','Shelly','Job certain there believe offer health same. Once color report explain information.','Inactive','General info/Other','Frederick, Rogers and Hooper','Spanish','+1-238-100-8150x616','Trainer','Star few.','Specify','','','','','Suspended','','','','','','','','','','','False','','','','','Psychiatric;Autism','Onboarding','Active Projects- Client Certification','','','','','shelly_walker@example.net','s+walker1965@example.org','Home','Personal','','False','Work','sh-walker69@example.com','(572)878-3264','0.0','39834.0','2014','2022-04-22','41754.0','0.0','2022-02-13','0.0','2021-08-13','Site weight democratic. Support several conference state dog add them.','Join magazine here high follow to cultural. See because art during clearly song go.','0.0','2022-01-01','2021-07-25','Household__c.Name','0.0','0.0','0.0','0.0','0.0','0.0','0.0','0.0','0.0','0.0','0.0','91692.0','97939.0','50172.0','78283.0','0.0','0.0','False','False','False','False','True','57743.0','2022-07-02','98317.0','2021-07-09','23131.0','','88553.0','62703.0','72505.0','71778.0','20042.0','0.0','False','60','','','','','');
INSERT INTO "Contact" VALUES(6,'','','','','','','','','','','','','','','','','','','','False','','j.avila@example.com','','','','','','','','','Avila','False','','','','','','','','','Jose','','','','','','3640332535','','','','','','','','','','','','','','','','','','','False','','','','','','','','','','','','jo-avila7@example.net','j.avila@example.com','Home','Personal','','False','Home','jo.avila2011@example.com','(730)668-9751x601','0.0','','','','','0.0','','0.0','','','','0.0','','','','0.0','0.0','0.0','0.0','0.0','0.0','0.0','0.0','0.0','0.0','0.0','','','','','0.0','0.0','False','False','False','False','False','','','','','','','','','','','','0.0','False','62','','','','','');
INSERT INTO "Contact" VALUES(7,'','','','','','','','','','','','','','','','','','','','False','','sh_forbes87@example.org','','','','','','','','','Forbes','False','','','','','','','','','Shirley','','','','','','687-563-2201x282','','','','','','','','','','','','','','','','','','','False','','','','','','','','','','','','shirley.forbes2@example.net','sh_forbes87@example.org','Home','Personal','','False','Home','shirley.forbes1950@example.com','001-473-077-7223','0.0','','','','','0.0','','0.0','','','','0.0','','','','0.0','0.0','0.0','0.0','0.0','0.0','0.0','0.0','0.0','0.0','0.0','','','','','0.0','0.0','False','False','False','False','False','','','','','','','','','','','','0.0','False','62','','','','','');
INSERT INTO "Contact" VALUES(8,'','','','','','','','Onboarding','','','','','','Positive involve for within.','','','On Hold','','','False','2007-01-18','karen-vaughan2012@example.org','','','','','','','','Initial Inquiry','Vaughan','False','','','','Law five hold budget list beyond. Policy group off it.','','Website development','Active','English','Karen','Prepare oil visit bag loss until record help.','Active','Teams Set in Motion Program','Pugh, Jacobson and Tapia','Vietnamese','963.182.0374','Client;Puppy Raiser','Health.','She/Her','','','','','Onboarding','','','','','','','','','','','True','','','','','Narcolepsy Alert','Certified','Active Projects- Fund Development','','','','','ka.vaughan1999@example.org','karen-vaughan2012@example.org','Home','Personal','','False','Home','kavaughan00@example.org','(641)272-1820x89687','0.0','15909.0','2011','2021-08-10','16998.0','0.0','2021-08-07','0.0','2022-01-23','Enter senior indicate name end follow. Yet herself second final sense.','Smile anything fill follow. Across without body trouble ground find.','0.0','2022-06-24','2022-01-21','Household__c.Formal_Greeting__c','0.0','0.0','0.0','0.0','0.0','0.0','0.0','0.0','0.0','0.0','0.0','99823.0','27442.0','89166.0','18920.0','0.0','0.0','False','False','True','False','False','68980.0','2021-07-08','66999.0','2022-05-30','61735.0','','63032.0','65926.0','65591.0','6703.0','17606.0','0.0','False','62','','','','','');
INSERT INTO "Contact" VALUES(9,'','','','','','','','Active','','','','','','Check middle country strategy character authority man drop.','','','On Hold','','','False','2001-01-25','v.galloway3@example.org','','','','','','','','None','Galloway','False','','','','Star industry way story very fly.','','Dog Training/Behavior/Veterinary','Onboarding','English','Vicki','Cut or whole cost nothing short. Wind north their employee big energy. None energy cost picture team.','None','Sponsorship/Donations','Leon, Pratt and Macdonald','English','570.170.3342','Team Facilitator Lead','Water.','Specify','','','','','Certified','','','','','','','','','','','False','','','','','Medical Incident Assist','In Training','Active Projects- State Registration','','','','','v-galloway8@example.net','v.galloway3@example.org','Home','Personal','','False','Other','vi-galloway1975@example.org','+1-662-794-3871x92795','0.0','84423.0','2003','2021-09-24','15782.0','0.0','2022-06-11','0.0','2021-12-16','Only long information million face.','He reflect finish suffer. Partner difference fire stock teach. Season whom help.','0.0','2021-07-20','2021-11-18','Household__c.Informal_Greeting__c','0.0','0.0','0.0','0.0','0.0','0.0','0.0','0.0','0.0','0.0','0.0','14683.0','96665.0','12129.0','9560.0','0.0','0.0','False','False','False','True','False','13367.0','2021-07-31','93302.0','2022-04-23','76509.0','','27898.0','13099.0','59159.0','10676.0','15282.0','0.0','False','62','','','','','');
INSERT INTO "Contact" VALUES(10,'','','','','','','','Onboarding','','','','','','Election pass reason yet daughter.','','','Inactive','','','False','2013-08-10','anhickman59@example.com','','','','','','','','In Training','Hickman','False','','','','Ready fall country under strong. Better ever simple wait stock. Hour practice occur news benefit.','','Website development','Inactive','English','Andres','Establish group two decide some recently firm opportunity. Enter expect add campaign.','Inactive','Volunteering','Wong LLC','Arabic','675-396-9774','Volunteer;Team Facilitator','Pretty.','They/Them','','','','','Certified','','','','','','','','','','','False','','','','','Diabetes Alert','Initial Inquiry','Operations- Volunteer and Staff','','','','','a.hickman00@example.org','anhickman59@example.com','Home','Personal','','False','Work','a_hickman1948@example.com','397-047-0143x21181','0.0','99884.0','2019','2021-09-07','69564.0','0.0','2022-03-09','0.0','2021-12-12','East yet task every company. Bill lose on main generation job.','Treat consumer security white reach. Once near into sound likely energy often.','0.0','2021-12-26','2022-01-27','Household__c.Informal_Greeting__c','0.0','0.0','0.0','0.0','0.0','0.0','0.0','0.0','0.0','0.0','0.0','96896.0','88998.0','91135.0','47400.0','0.0','0.0','False','False','False','True','False','1797.0','2021-12-21','1301.0','2021-08-27','75573.0','','22435.0','82128.0','76943.0','90862.0','27221.0','0.0','False','62','','','','','');
INSERT INTO "Contact" VALUES(11,'','','','','','','','','','','','','','','','','','','','False','','albolton1978@example.com','','','','','','','','','Bolton','False','','','','','','','','','Alejandro','','','','','','001-256-954-9092x55098','','','','','','','','','','','','','','','','','','','False','','','','','','','','','','','','a_bolton51@example.org','albolton1978@example.com','Home','Personal','','False','Other','alejandro-bolton1960@example.com','+1-648-248-3960','0.0','','','','','0.0','','0.0','','','','0.0','','','','0.0','0.0','0.0','0.0','0.0','0.0','0.0','0.0','0.0','0.0','0.0','','','','','0.0','0.0','False','False','False','False','False','','','','','','','','','','','','0.0','False','66','','','','','');
INSERT INTO "Contact" VALUES(12,'','','','','','','','','','','','','','','','','','','','False','','ge.delgado44@example.com','','','','','','','','','Delgado','False','','','','','','','','','Gene','','','','','','2875018807','','','','','','','','','','','','','','','','','','','False','','','','','','','','','','','','gene+delgado1@example.org','ge.delgado44@example.com','Home','Personal','','False','Other','g_delgado@example.net','965.402.7252','0.0','','','','','0.0','','0.0','','','','0.0','','','','0.0','0.0','0.0','0.0','0.0','0.0','0.0','0.0','0.0','0.0','0.0','','','','','0.0','0.0','False','False','False','False','False','','','','','','','','','','','','0.0','False','66','','','','','');
INSERT INTO "Contact" VALUES(13,'','','','','','','','Inactive','','','','','','Official north write color sing role.','','','Decertified','','','False','2019-05-07','spearson@example.com','','','','','','','','In Training','Pearson','False','','','','Or force firm experience compare institution above left. Paper around ahead sister station cell modern.','','Administration','Inactive','English','Samantha','Approach trouble response store begin executive these education. Budget off common feel. Door national recently someone nature. Wear morning contain Congress require end.','None','Assistance Dogs Set in Motion Program','Underwood LLC','French','(245)496-7848x397','Volunteer;Trainer','Despite.','They/Them','','','','','Inactive','','','','','','','','','','','False','','','','','Mobility','Initial Inquiry','Active Projects- Team Facilitator Certification','','','','','sa-pearson1960@example.com','spearson@example.com','Home','Personal','','False','Other','sa-pearson1943@example.org','(807)708-1959x367','0.0','34418.0','2012','2022-02-07','89831.0','0.0','2022-03-27','0.0','2021-07-29','His world difficult any score place million. Successful can hold reason prevent where collection.','Hair cost every action throughout item size. I civil total final establish form lot area.','0.0','2021-12-04','2022-06-10','Household__c.Name','0.0','0.0','0.0','0.0','0.0','0.0','0.0','0.0','0.0','0.0','0.0','85806.0','96790.0','10807.0','82747.0','0.0','0.0','False','False','False','False','True','11102.0','2022-05-29','70354.0','2022-05-12','57417.0','','73473.0','94820.0','98845.0','31974.0','439.0','0.0','False','66','','','','','');
INSERT INTO "Contact" VALUES(14,'','','','','','','','Onboarding','','','','','','School bed risk high.','','','Certified','','','False','2007-09-09','me-gilbert76@example.com','','','','','','','','In Training','Gilbert','False','','','','Voice value current single write idea. Above himself page through meet almost position scientist.','','Education/Course Development','Inactive','Spanish','Melody','Institution face mean. Door edge executive us tree system car.','None','Sponsorship/Donations','Watts and Sons','Spanish','3360060091','Volunteer;Client','Difficult.','They/Them','','','','','Certified','','','','','','','','','','','False','','','','','Diabetes Alert','Initial Inquiry','Operations- Client','','','','','m_gilbert96@example.com','me-gilbert76@example.com','Home','Personal','','False','Work','me_gilbert@example.org','107-872-2047x4201','0.0','48749.0','2011','2021-11-01','92446.0','0.0','2021-07-14','0.0','2021-10-17','Drive short middle me health. Long sit media.','Left wife street. Discussion financial audience such what.','0.0','2021-11-28','2022-05-31','Household__c.Formal_Greeting__c','0.0','0.0','0.0','0.0','0.0','0.0','0.0','0.0','0.0','0.0','0.0','59909.0','85748.0','60111.0','91050.0','0.0','0.0','False','False','True','False','False','52056.0','2022-02-09','78180.0','2022-05-20','55291.0','','88651.0','53702.0','94638.0','99445.0','43525.0','0.0','False','66','','','','','');
INSERT INTO "Contact" VALUES(15,'','','','','','','','','','','','','','','','','','','','False','','e+conway54@example.org','','','','','','','','','Conway','False','','','','','','','','','Eric','','','','','','050.533.9324x43906','','','','','','','','','','','','','','','','','','','False','','','','','','','','','','','','erconway@example.net','e+conway54@example.org','Home','Personal','Work','False','Work','eric+conway73@example.net','634-620-2892x3259','0.0','','','','','0.0','','0.0','','','','0.0','','','','0.0','0.0','0.0','0.0','0.0','0.0','0.0','0.0','0.0','0.0','0.0','','','','','0.0','0.0','False','False','False','False','False','','','','','','','','','','','','0.0','False','68','','','','','');
INSERT INTO "Contact" VALUES(16,'','','','','','','','','','','','','','','','','','','','False','','l.zamora9@example.net','','','','','','','','','Zamora','False','','','','','','','','','Lonnie','','','','','','503-980-6568x5929','','','','','','','','','','','','','','','','','','','False','','','','','','','','','','','','lonniezamora6@example.org','l.zamora9@example.net','Home','Personal','','False','Home','lo.zamora6@example.net','(132)418-0835','0.0','','','','','0.0','','0.0','','','','0.0','','','','0.0','0.0','0.0','0.0','0.0','0.0','0.0','0.0','0.0','0.0','0.0','','','','','0.0','0.0','False','False','False','False','False','','','','','','','','','','','','0.0','False','69','','','','','');
INSERT INTO "Contact" VALUES(17,'','','','','','','','','','','','','','','','','','','','False','','yvonne-mills09@example.com','','','','','','','','','Mills','False','','','','','','','','','Yvonne','','','','','','535-637-6177x1472','','','','','','','','','','','','','','','','','','','False','','','','','','','','','','','','yv.mills1976@example.org','yvonne-mills09@example.com','Home','Personal','','False','Home','y_mills90@example.org','877.020.4162','0.0','','','','','0.0','','0.0','','','','0.0','','','','0.0','0.0','0.0','0.0','0.0','0.0','0.0','0.0','0.0','0.0','0.0','','','','','0.0','0.0','False','False','False','False','False','','','','','','','','','','','','0.0','False','69','','','','','');
INSERT INTO "Contact" VALUES(18,'','','','','','','','Initial Inquiry','','','','','','Single western enjoy imagine maybe.','','','In Training','','','False','2004-04-12','hector_burch8@example.com','','','','','','','','Onboarding','Burch','False','','','','Reduce information eight state they beyond. Will reason apply economy meeting.','','Marketing and Branding','None','English','Hector','Individual data pull through line Mrs tough boy. Level author discuss him turn agreement prove artist.','Active','Client Certification','Haynes Ltd','Arabic','291-012-9795x946','Volunteer;Team Facilitator','Room rate.','He/Him','','','','','Inactive','','','','','','','','','','','True','','','','','Psychiatric','None','Operations- Volunteer and Staff','','','','','h+burch61@example.com','hector_burch8@example.com','Home','Personal','','False','Other','he+burch8@example.net','(884)373-7803','0.0','42947.0','1982','2022-02-13','91.0','0.0','2021-11-28','0.0','2022-05-23','Film kid nation north he purpose rise. Every like fine.','Large last society treat section. Hear live war civil.','0.0','2021-10-02','2022-06-12','Household__c.Formal_Greeting__c','0.0','0.0','0.0','0.0','0.0','0.0','0.0','0.0','0.0','0.0','0.0','9185.0','43740.0','71685.0','96298.0','0.0','0.0','False','False','True','False','False','53744.0','2021-10-30','9079.0','2021-07-26','29973.0','','59605.0','68109.0','65616.0','68926.0','29354.0','0.0','False','69','','','','','');
INSERT INTO "Contact" VALUES(19,'','','','','','','','Inactive','','','','','','No material wait spring.','','','Initial Inquiry','','','True','2019-08-22','gr_beasley@example.com','','','','','','','','Initial Inquiry','Beasley','False','','','','Challenge term trade statement too ahead. Music probably could entire technology thing.','','Fundraising/Grants','Initial Inquiry','English','Grant','Since instead physical say expect chance situation certain. Current stand wish. Authority born within public nothing business side.','Active','Assistance Dogs Set in Motion Program','Galvan, English and Barnett','French','2771893057','Volunteer;Team Facilitator Lead;Client','Set.','Specify','','','','','Certified','','','','','','','','','','','False','','','','','Medical Incident Assist','Certified','Board','','','','','gr.beasley@example.net','gr_beasley@example.com','Home','Personal','','False','Home','gr.beasley64@example.com','(671)776-5512x332','0.0','93832.0','1984','2022-06-06','66014.0','0.0','2021-09-01','0.0','2022-03-29','Mind value kitchen. Eat concern share few suggest fall. Prevent would computer smile after.','Word south serve marriage always whose. Sure understand form water guess.','0.0','2022-03-09','2022-06-21','Household__c.Name','0.0','0.0','0.0','0.0','0.0','0.0','0.0','0.0','0.0','0.0','0.0','16372.0','28435.0','11054.0','90628.0','0.0','0.0','False','False','False','False','True','56883.0','2021-12-24','41285.0','2022-02-17','41450.0','','32541.0','11195.0','71681.0','13910.0','94207.0','0.0','False','69','','','','','');
INSERT INTO "Contact" VALUES(20,'','','','','','','','','','','','','','','','','','','','False','','wa_reeves2004@example.com','','','','','','','','','Reeves','False','','','','','','','','','Wayne','','','','','','(696)333-6179x4502','','','','','','','','','','','','','','','','','','','False','','','','','','','','','','','','w-reeves74@example.net','wa_reeves2004@example.com','Home','Personal','','False','Home','wayne-reeves7@example.net','(635)561-7635x092','0.0','','','','','0.0','','0.0','','','','0.0','','','','0.0','0.0','0.0','0.0','0.0','0.0','0.0','0.0','0.0','0.0','0.0','','','','','0.0','0.0','False','False','False','False','False','','','','','','','','','','','','0.0','False','76','','','','','');
INSERT INTO "Contact" VALUES(21,'','','','','','','','','','','','','','','','','','','','False','','st_coleman@example.org','','','','','','','','','Coleman','False','','','','','','','','','Steve','','','','','','035.761.6132','','','','','','','','','','','','','','','','','','','False','','','','','','','','','','','','steve.coleman@example.com','st_coleman@example.org','Home','Personal','','False','Work','st+coleman6@example.com','311-681-6030x0952','0.0','','','','','0.0','','0.0','','','','0.0','','','','0.0','0.0','0.0','0.0','0.0','0.0','0.0','0.0','0.0','0.0','0.0','','','','','0.0','0.0','False','False','False','False','False','','','','','','','','','','','','0.0','False','76','','','','','');
INSERT INTO "Contact" VALUES(22,'','','','','','','','','','','','','','','','','','','','False','','marcus_strong8@example.org','','','','','','','','','Strong','False','','','','','','','','','Marcus','','','','','','742-144-9062','','','','','','','','','','','','','','','','','','','False','','','','','','','','','','','','m+strong8@example.net','marcus_strong8@example.org','Home','Personal','','False','Home','m_strong45@example.net','340.514.0831','0.0','','','','','0.0','','0.0','','','','0.0','','','','0.0','0.0','0.0','0.0','0.0','0.0','0.0','0.0','0.0','0.0','0.0','','','','','0.0','0.0','False','False','False','False','False','','','','','','','','','','','','0.0','False','78','','','','','');
INSERT INTO "Contact" VALUES(23,'','','','','','','','','','','','','','','','','','','','False','','ssantiago51@example.org','','','','','','','','','Santiago','False','','','','','','','','','Stacey','','','','','','724-153-8750x628','','','','','','','','','','','','','','','','','','','False','','','','','','','','','','','','stacey+santiago49@example.com','ssantiago51@example.org','Home','Personal','','False','Work','stsantiago1950@example.net','981.646.5401x3505','0.0','','','','','0.0','','0.0','','','','0.0','','','','0.0','0.0','0.0','0.0','0.0','0.0','0.0','0.0','0.0','0.0','0.0','','','','','0.0','0.0','False','False','False','False','False','','','','','','','','','','','','0.0','False','78','','','','','');
INSERT INTO "Contact" VALUES(24,'','','','','','','','Inactive','','','','','','Commercial so son not.','','','Certified','','','False','2006-09-20','d+roberts7@example.com','','','','','','','','In Training','Roberts','False','','','','Model kind say. Indicate may low. Republican entire choice move weight debate. Medical clear amount involve experience never involve.','','Writing/Communications','Initial Inquiry','English','Dana','Federal development interest other simple court subject. Fill surface camera military edge. On system side recognize. Here song crime garden citizen guess.','None','Sponsorship/Donations','Best Group','Portuguese','+1-238-554-3489x453','Client;Puppy Raiser','Week.','They/Them','','','','','Initial Inquiry','','','','','','','','','','','False','','','','','Diabetes Alert','Certified','Operations- Master Docs - READ ONLY','','','','','dana-roberts7@example.com','d+roberts7@example.com','Home','Personal','','False','Home','dana.roberts@example.org','837.315.5031','0.0','35018.0','2014','2022-06-13','98163.0','0.0','2022-01-08','0.0','2021-12-28','Scene teach action building. Peace response price common. Forget who page other.','East body probably consider deep. Among decade use city. Property image brother hundred.','0.0','2022-01-17','2021-11-16','Household__c.Formal_Greeting__c','0.0','0.0','0.0','0.0','0.0','0.0','0.0','0.0','0.0','0.0','0.0','57098.0','92496.0','72190.0','40892.0','0.0','0.0','False','False','True','False','False','40700.0','2021-11-16','54554.0','2021-11-04','15719.0','','9267.0','68690.0','88098.0','45497.0','59374.0','0.0','False','78','','','','','');
INSERT INTO "Contact" VALUES(25,'','','','','','','','','','','','','','','','','','','','False','','laurie+glenn@example.net','','','','','','','','','Glenn','False','','','','','','','','','Laurie','','','','','','263.479.8551x815','','','','','','','','','','','','','','','','','','','False','','','','','','','','','','','','laurieglenn88@example.com','laurie+glenn@example.net','Home','Personal','','False','Work','lglenn1947@example.org','3565819151','0.0','','','','','0.0','','0.0','','','','0.0','','','','0.0','0.0','0.0','0.0','0.0','0.0','0.0','0.0','0.0','0.0','0.0','','','','','0.0','0.0','False','False','False','False','False','','','','','','','','','','','','0.0','False','80','','','','','');
INSERT INTO "Contact" VALUES(26,'','','','','','','','','','','','','','','','','','','','False','','tami-coleman55@example.org','','','','','','','','','Coleman','False','','','','','','','','','Tami','','','','','','001-047-942-2766','','','','','','','','','','','','','','','','','','','False','','','','','','','','','','','','tami.coleman52@example.org','tami-coleman55@example.org','Home','Personal','','False','Other','t+coleman1977@example.net','(213)932-5251','0.0','','','','','0.0','','0.0','','','','0.0','','','','0.0','0.0','0.0','0.0','0.0','0.0','0.0','0.0','0.0','0.0','0.0','','','','','0.0','0.0','False','False','False','False','False','','','','','','','','','','','','0.0','False','80','','','','','');
INSERT INTO "Contact" VALUES(27,'','','','','','','','Inactive','','','','','','Situation color within protect consumer.','','','Inactive','','','False','2020-12-12','jaclyn-day55@example.net','','','','','','','','Initial Inquiry','Day','False','','','','Career thought step become growth play should. Simple enjoy present.','','Graphic Design','None','English','Jaclyn','Financial condition rest deal bit young their respond.','None','Teams Set in Motion Program','Case PLC','Korean','001-461-771-1746','Volunteer;Client','Area.','They/Them','','','','','Initial Inquiry','','','','','','','','','','','False','','','','','Medical Incident Assist','Certified','Operations- Trainer','','','','','jaday@example.org','jaclyn-day55@example.net','Home','Personal','','False','Work','jaclyn-day8@example.net','001-970-793-5630','0.0','29142.0','2002','2022-06-16','46119.0','0.0','2021-08-10','0.0','2021-07-06','Grow though break control could. Between region size million.','Finish call put. Play rate conference thousand.','0.0','2021-07-27','2021-10-05','Household__c.Formal_Greeting__c','0.0','0.0','0.0','0.0','0.0','0.0','0.0','0.0','0.0','0.0','0.0','64114.0','87272.0','26137.0','81045.0','0.0','0.0','False','False','True','False','False','2864.0','2021-11-01','4424.0','2021-09-09','97057.0','','10145.0','4910.0','54863.0','3831.0','8174.0','0.0','False','80','','','','','');
INSERT INTO "Contact" VALUES(28,'','','','','','','','','','','','','','','','','','','','False','','n-jenkins1970@example.com','','','','','','','','','Jenkins','False','','','','','','','','','Nathan','','','','','','543-191-6693','','','','','','','','','','','','','','','','','','','False','','','','','','','','','','','','nathan_jenkins81@example.net','n-jenkins1970@example.com','Home','Personal','','False','Other','na.jenkins93@example.org','274-169-5460','0.0','','','','','0.0','','0.0','','','','0.0','','','','0.0','0.0','0.0','0.0','0.0','0.0','0.0','0.0','0.0','0.0','0.0','','','','','0.0','0.0','False','False','False','False','False','','','','','','','','','','','','0.0','False','2','','','','','');
INSERT INTO "Contact" VALUES(29,'','','','','','','','','','','','','','','','','','','','False','','sdavidson86@example.net','','','','','','','','','Davidson','False','','','','','','','','','Shelley','','','','','','+1-012-646-7916x757','','','','','','','','','','','','','','','','','','','False','','','','','','','','','','','','sh+davidson2002@example.com','sdavidson86@example.net','Home','Personal','','False','Home','sh.davidson02@example.net','+1-941-223-5734x773','0.0','','','','','0.0','','0.0','','','','0.0','','','','0.0','0.0','0.0','0.0','0.0','0.0','0.0','0.0','0.0','0.0','0.0','','','','','0.0','0.0','False','False','False','False','False','','','','','','','','','','','','0.0','False','2','','','','','');
INSERT INTO "Contact" VALUES(30,'','','','','','','','Onboarding','','','','','','Heavy usually learn also tend.','','','Initial Inquiry','','','True','2020-10-25','robin.rivera1968@example.net','','','','','','','','Inactive','Rivera','False','','','','My president according down study. Build year a staff after. Test campaign culture.','','Graphic Design','None','English','Robin','Very book low guess. Natural wait effort move together. Individual without notice any race.','None','Assistance Dogs Set in Motion Program','Sherman-Hodges','Tagalog','+1-156-388-5231','Volunteer;Team Facilitator Lead;Client','Nor tax.','They/Them','','','','','Inactive','','','','','','','','','','','True','','','','','Medical Incident Assist','Inactive','Active Projects- State Registration','','','','','rorivera@example.org','robin.rivera1968@example.net','Home','Personal','','False','Other','r.rivera12@example.org','+1-269-907-3101x096','0.0','89238.0','1988','2022-04-11','83906.0','0.0','2022-03-08','0.0','2022-06-07','Economy too send control field simply. Owner view spend military heavy. Yourself feel wonder.','Bit must war hundred year people particularly. Writer despite participant street place remain.','0.0','2022-01-06','2022-03-05','Household__c.Formal_Greeting__c','0.0','0.0','0.0','0.0','0.0','0.0','0.0','0.0','0.0','0.0','0.0','16264.0','26591.0','92890.0','52958.0','0.0','0.0','False','False','True','False','False','25841.0','2021-10-03','49272.0','2022-05-27','19661.0','','76975.0','49056.0','65804.0','5867.0','69142.0','0.0','False','2','','','','','');
INSERT INTO "Contact" VALUES(31,'','','','','','','','','','','','','','','','','','','','False','','g.joyce@example.com','','','','','','','','','Joyce','False','','','','','','','','','Gwendolyn','','','','','','948.314.6880x32411','','','','','','','','','','','','','','','','','','','False','','','','','','','','','','','','g-joyce@example.net','g.joyce@example.com','Home','Personal','','False','Home','gwjoyce43@example.org','5303999298','0.0','','','','','0.0','','0.0','','','','0.0','','','','0.0','0.0','0.0','0.0','0.0','0.0','0.0','0.0','0.0','0.0','0.0','','','','','0.0','0.0','False','False','False','False','False','','','','','','','','','','','','0.0','False','6','','','','','');
INSERT INTO "Contact" VALUES(32,'','','','','','','','','','','','','','','','','','','','False','','bi_tucker69@example.net','','','','','','','','','Tucker','False','','','','','','','','','Bill','','','','','','001-641-088-9978x28143','','','','','','','','','','','','','','','','','','','False','','','','','','','','','','','','bi.tucker@example.net','bi_tucker69@example.net','Home','Personal','','False','Other','bill+tucker@example.com','001-352-092-4623x76231','0.0','','','','','0.0','','0.0','','','','0.0','','','','0.0','0.0','0.0','0.0','0.0','0.0','0.0','0.0','0.0','0.0','0.0','','','','','0.0','0.0','False','False','False','False','False','','','','','','','','','','','','0.0','False','6','','','','','');
INSERT INTO "Contact" VALUES(33,'','','','','','','','None','','','','','','Teacher join offer.','','','Decertified','','','True','2005-11-07','fr.oneill1973@example.com','','','','','','','','Suspended','Oneill','False','','','','Second laugh season not perform. Reveal character push model save yeah.','','Sales','Active','English','Frederick','Do produce best really plant give scene. Lead benefit behavior benefit economic three so reach. Share middle total action most position.','Inactive','Client Certification','Horne LLC','Spanish','610.158.4863x67767','Volunteer;Team Facilitator','Small.','She/Her','','','','','Suspended','','','','','','','','','','','True','','','','','Mobility;Autism','Initial Inquiry','Operations- Client','','','','','f+oneill2@example.org','fr.oneill1973@example.com','Home','Personal','','False','Other','frederick.oneill4@example.com','+1-129-024-0722','0.0','42451.0','2003','2021-07-23','93345.0','0.0','2021-12-12','0.0','2022-04-24','Son weight discover summer interesting poor. Answer computer little.','Under nature success must evening. Fact every case huge.','0.0','2022-02-11','2021-07-17','Household__c.Name','0.0','0.0','0.0','0.0','0.0','0.0','0.0','0.0','0.0','0.0','0.0','69074.0','79192.0','19093.0','3985.0','0.0','0.0','False','False','False','False','True','4965.0','2022-03-18','39257.0','2022-07-04','78493.0','','53470.0','26298.0','94858.0','21998.0','37745.0','0.0','False','6','','','','','');
INSERT INTO "Contact" VALUES(34,'','','','','','','','Initial Inquiry','','','','','','Many himself would.','','','Certified','','','False','2012-05-26','ru-swanson1967@example.com','','','','','','','','In Training','Swanson','False','','','','Less someone lay mean specific couple fund. Pretty avoid sea fund opportunity. Task usually ground price successful although nearly. Best theory rule suggest.','','Website development','Initial Inquiry','English','Ruben','Cultural run miss surface inside blood. Result buy front.','Active','Assistance Dogs Set in Motion Program','Bright, Pittman and Cochran','Spanish','701-402-4771x42562','Team Facilitator Lead','During.','They/Them','','','','','Suspended','','','','','','','','','','','True','','','','','Hearing Alert','Onboarding','Operations- Trainer','','','','','r+swanson2004@example.org','ru-swanson1967@example.com','Home','Personal','','False','Other','ruben+swanson2005@example.net','+1-082-559-5319x7536','0.0','24339.0','1987','2021-07-19','96022.0','0.0','2021-11-09','0.0','2022-03-31','Describe their discussion federal thought level while interesting.','Century politics spend soon. More quality finally ability do growth.','0.0','2021-12-03','2021-10-03','Household__c.Informal_Greeting__c','0.0','0.0','0.0','0.0','0.0','0.0','0.0','0.0','0.0','0.0','0.0','76048.0','75960.0','42897.0','91887.0','0.0','0.0','False','False','False','True','False','58591.0','2022-05-07','1417.0','2022-02-18','6981.0','','68272.0','337.0','663.0','95893.0','41788.0','0.0','False','6','','','','','');
INSERT INTO "Contact" VALUES(35,'','','','','','','','','','','','','','','','','','','','False','','bernard_wiley@example.org','','','','','','','','','Wiley','False','','','','','','','','','Bernard','','','','','','(863)538-3274x023','','','','','','','','','','','','','','','','','','','False','','','','','','','','','','','','be.wiley01@example.net','bernard_wiley@example.org','Home','Personal','Work','False','Work','bernard.wiley@example.org','584-460-9218','0.0','','','','','0.0','','0.0','','','','0.0','','','','0.0','0.0','0.0','0.0','0.0','0.0','0.0','0.0','0.0','0.0','0.0','','','','','0.0','0.0','False','False','False','False','False','','','','','','','','','','','','0.0','False','8','','','','','');
INSERT INTO "Contact" VALUES(36,'','','','','','','','','','','','','','','','','','','','False','','vacervantes@example.org','','','','','','','','','Cervantes','False','','','','','','','','','Valerie','','','','','','(404)146-4925x8915','','','','','','','','','','','','','','','','','','','False','','','','','','','','','','','','va+cervantes2009@example.com','vacervantes@example.org','Home','Personal','','False','Home','valeriecervantes1993@example.com','703-281-7107x1662','0.0','','','','','0.0','','0.0','','','','0.0','','','','0.0','0.0','0.0','0.0','0.0','0.0','0.0','0.0','0.0','0.0','0.0','','','','','0.0','0.0','False','False','False','False','False','','','','','','','','','','','','0.0','False','9','','','','','');
INSERT INTO "Contact" VALUES(37,'','','','','','','','','','','','','','','','','','','','False','','li+lopez1991@example.com','','','','','','','','','Lopez','False','','','','','','','','','Lindsay','','','','','','001-405-696-2802x0169','','','','','','','','','','','','','','','','','','','False','','','','','','','','','','','','l-lopez@example.net','li+lopez1991@example.com','Home','Personal','','False','Other','lindsay_lopez@example.org','7154439678','0.0','','','','','0.0','','0.0','','','','0.0','','','','0.0','0.0','0.0','0.0','0.0','0.0','0.0','0.0','0.0','0.0','0.0','','','','','0.0','0.0','False','False','False','False','False','','','','','','','','','','','','0.0','False','9','','','','','');
INSERT INTO "Contact" VALUES(38,'','','','','','','','Onboarding','','','','','','Your prevent recognize store age finally.','','','Initial Inquiry','','','False','2012-04-14','lisaflowers95@example.com','','','','','','','','None','Flowers','False','','','','Whether pressure part red particularly key here. Into case single. Collection board us gun glass reality small.','','Education/Course Development','Active','English','Lisa','Little condition hundred computer religious term. State indeed ball quickly material rest.','None','Team Facilitator Certification','Shepherd-Maynard','French','187-086-5647','Team Facilitator','Age.','They/Them','','','','','None','','','','','','','','','','','False','','','','','Mobility;Autism','Initial Inquiry','Operations- Financial','','','','','l_flowers10@example.com','lisaflowers95@example.com','Home','Personal','','False','Other','l.flowers03@example.com','(311)488-3170x43252','0.0','4937.0','1970','2021-07-07','67169.0','0.0','2022-05-11','0.0','2022-05-07','Economic night admit his form.','Fight democratic drop trouble walk. Significant mission race born agree. Story less check detail.','0.0','2021-10-09','2021-11-27','Household__c.Name','0.0','0.0','0.0','0.0','0.0','0.0','0.0','0.0','0.0','0.0','0.0','27493.0','71173.0','99864.0','37692.0','0.0','0.0','False','False','False','False','True','76878.0','2022-06-30','47273.0','2021-11-02','68857.0','','34143.0','2587.0','45591.0','57789.0','23091.0','0.0','False','9','','','','','');
INSERT INTO "Contact" VALUES(39,'','','','','','','','None','','','','','','Every she ask reflect according yes.','','','On Hold','','','True','2003-08-10','claire-phillips@example.com','','','','','','','','Suspended','Phillips','False','','','','Dog activity from. Tax billion take may visit interview represent. Recognize suffer leg then level type.','','Medical/Mental Health','None','Tagalog','Claire','Difficult herself practice nearly green something coach. Research of alone because family.','None','Teams Set in Motion Program','Stokes-Waters','Russian','(844)723-2749','Volunteer','Player.','Specify','','','','','In Training','','','','','','','','','','','False','','','','','Medical Incident Assist','Certified','Active Projects- State Registration','','','','','c.phillips4@example.org','claire-phillips@example.com','Home','Personal','','False','Home','claire-phillips02@example.com','089-516-6194x6207','0.0','32078.0','2002','2021-07-23','7837.0','0.0','2021-07-07','0.0','2022-03-20','Range project top talk. Listen hundred one board.','Together speech hour look arm view piece.','0.0','2021-12-31','2021-11-21','Household__c.Informal_Greeting__c','0.0','0.0','0.0','0.0','0.0','0.0','0.0','0.0','0.0','0.0','0.0','58652.0','30129.0','85755.0','54916.0','0.0','0.0','False','False','False','True','False','67729.0','2021-09-07','66145.0','2022-02-23','23265.0','','19953.0','24612.0','50591.0','71067.0','51793.0','0.0','False','9','','','','','');
INSERT INTO "Contact" VALUES(40,'','','','','','','','','','','','','','','','','','','','False','','sierramorrison60@example.com','','','','','','','','','Morrison','False','','','','','','','','','Sierra','','','','','','(856)654-8809x9026','','','','','','','','','','','','','','','','','','','False','','','','','','','','','','','','s.morrison1960@example.com','sierramorrison60@example.com','Home','Personal','','False','Home','sierra-morrison1958@example.org','8322039980','0.0','','','','','0.0','','0.0','','','','0.0','','','','0.0','0.0','0.0','0.0','0.0','0.0','0.0','0.0','0.0','0.0','0.0','','','','','0.0','0.0','False','False','False','False','False','','','','','','','','','','','','0.0','False','16','','','','','');
INSERT INTO "Contact" VALUES(41,'','','','','','','','','','','','','','','','','','','','False','','pgreer@example.org','','','','','','','','','Greer','False','','','','','','','','','Patrick','','','','','','887.927.3273x26913','','','','','','','','','','','','','','','','','','','False','','','','','','','','','','','','patrick-greer@example.org','pgreer@example.org','Home','Personal','','False','Home','patrickgreer@example.com','(750)043-1348x0223','0.0','','','','','0.0','','0.0','','','','0.0','','','','0.0','0.0','0.0','0.0','0.0','0.0','0.0','0.0','0.0','0.0','0.0','','','','','0.0','0.0','False','False','False','False','False','','','','','','','','','','','','0.0','False','16','','','','','');
INSERT INTO "Contact" VALUES(42,'','','','','','','','Initial Inquiry','','','','','','Detail head response.','','','Decertified','','','False','2015-12-13','c+mcclain@example.net','','','','','','','','Certified','Mcclain','False','','','','Model strong toward across action on. Wonder assume benefit soldier else local.','','Graphic Design','Active','English','Curtis','Man out tend once detail game while. Camera government establish answer speak wear when. Work century but talk strong.','Inactive','Assistance Dogs Set in Motion Program','Acevedo-Allison','French','001-548-802-7885x9040','Trainer;Client','Authority.','Specify','','','','','None','','','','','','','','','','','False','','','','','Seizure Response','Initial Inquiry','Board - READ ONLY','','','','','curtis.mcclain@example.com','c+mcclain@example.net','Home','Personal','','False','Other','cu.mcclain@example.org','677.656.2186','0.0','60397.0','1987','2022-01-09','20671.0','0.0','2021-10-22','0.0','2021-11-14','Support nothing traditional. Similar technology behavior use listen treat staff.','Eight news these address nearly. Study record financial on culture. Us himself fall find.','0.0','2021-08-03','2021-08-09','Household__c.Formal_Greeting__c','0.0','0.0','0.0','0.0','0.0','0.0','0.0','0.0','0.0','0.0','0.0','88634.0','82306.0','40365.0','96401.0','0.0','0.0','False','False','True','False','False','30079.0','2021-07-21','79534.0','2021-09-18','54212.0','','75431.0','6686.0','77887.0','75339.0','71891.0','0.0','False','16','','','','','');
INSERT INTO "Contact" VALUES(43,'','','','','','','','Active','','','','','','Character everybody heavy society.','','','Onboarding','','','False','2003-06-22','s+bauer@example.net','','','','','','','','Initial Inquiry','Bauer','False','','','','Degree green Mr by last opportunity. Specific man enough account put. Bill tend beyond face total consumer four.','','Sales','None','English','Sharon','Meet face present foreign ground. Create evening employee why. Begin current population.','None','Assistance Dogs Set in Motion Program','Bates, Sexton and Campos','Spanish','551-955-9323x68046','Team Facilitator Lead','Election.','He/Him','','','','','None','','','','','','','','','','','False','','','','','Narcolepsy Alert','Inactive','Board','','','','','s.bauer1956@example.com','s+bauer@example.net','Home','Personal','','False','Other','sh_bauer88@example.org','(268)883-5463','0.0','29008.0','1984','2022-05-30','39670.0','0.0','2021-07-24','0.0','2021-11-23','Sing effort piece exist exactly. Particular effort list edge sort central house.','Watch loss play street. Evidence ask foreign sing reflect church physical bank.','0.0','2022-04-24','2021-10-02','Household__c.Informal_Greeting__c','0.0','0.0','0.0','0.0','0.0','0.0','0.0','0.0','0.0','0.0','0.0','60646.0','95947.0','43949.0','5220.0','0.0','0.0','False','False','False','True','False','64919.0','2022-03-26','13295.0','2022-04-11','73466.0','','38595.0','52124.0','71251.0','67459.0','55406.0','0.0','False','16','','','','','');
INSERT INTO "Contact" VALUES(44,'','','','','','','','Active','','','','','','List key bank write boy.','','','Initial Inquiry','','','False','2021-05-02','br_herrera@example.org','','','','','','','','Inactive','Herrera','False','','','','Economic myself add sense stop. Quickly out on yourself choose popular building. Case hold best success budget.','','Website development','Onboarding','English','Brandy','Happy why town. Sort author eye.','Active','General info/Other','Dougherty LLC','Portuguese','(940)538-8184','Volunteer','Mean age.','He/Him','','','','','Suspended','','','','','','','','','','','True','','','','','Seizure Response','In Training','Active Projects- Branding and Marketing','','','','','brandyherrera78@example.org','br_herrera@example.org','Home','Personal','','False','Work','brandy.herrera2@example.net','296.967.8352x182','0.0','35038.0','1989','2021-07-20','95089.0','0.0','2021-10-14','0.0','2022-05-06','Administration beat ability small grow while. Season religious able off lose.','Range argue speech wide old method. Vote time society energy policy economic.','0.0','2022-03-31','2021-07-11','Household__c.Name','0.0','0.0','0.0','0.0','0.0','0.0','0.0','0.0','0.0','0.0','0.0','48184.0','74533.0','46528.0','60246.0','0.0','0.0','False','False','False','False','True','19928.0','2021-07-04','47550.0','2022-03-31','50333.0','','42126.0','35249.0','50079.0','49984.0','58952.0','0.0','False','16','','','','','');
INSERT INTO "Contact" VALUES(45,'','','','','','','','','','','','','','','','','','','','False','','ariel_scott1990@example.org','','','','','','','','','Scott','False','','','','','','','','','Ariel','','','','','','093.057.9369','','','','','','','','','','','','','','','','','','','False','','','','','','','','','','','','ar-scott1954@example.net','ariel_scott1990@example.org','Home','Personal','','False','Work','ariel_scott8@example.net','001-847-010-7511x61177','0.0','','','','','0.0','','0.0','','','','0.0','','','','0.0','0.0','0.0','0.0','0.0','0.0','0.0','0.0','0.0','0.0','0.0','','','','','0.0','0.0','False','False','False','False','False','','','','','','','','','','','','0.0','False','18','','','','','');
INSERT INTO "Contact" VALUES(46,'','','','','','','','','','','','','','','','','','','','False','','m_salas1942@example.org','','','','','','','','','Salas','False','','','','','','','','','Mitchell','','','','','','001-210-529-7549','','','','','','','','','','','','','','','','','','','False','','','','','','','','','','','','mi-salas5@example.com','m_salas1942@example.org','Home','Personal','','False','Other','misalas2008@example.org','(817)318-5025x1183','0.0','','','','','0.0','','0.0','','','','0.0','','','','0.0','0.0','0.0','0.0','0.0','0.0','0.0','0.0','0.0','0.0','0.0','','','','','0.0','0.0','False','False','False','False','False','','','','','','','','','','','','0.0','False','18','','','','','');
INSERT INTO "Contact" VALUES(47,'','','','','','','','Active','','','','','','Population present sit whom offer drive there.','','','Inactive','','','False','2020-08-12','al-suarez1984@example.org','','','','','','','','Suspended','Suarez','False','','','','Reveal which view point positive trip. Blue process organization everyone.','','Sales','Active','English','Alex','Military he outside hold successful hair continue push. Special apply thousand sell sure.','Active','Team Facilitator Certification','Lawrence, Macias and Herrera','Vietnamese','(408)419-5361','Board Member','Piece.','They/Them','','','','','In Training','','','','','','','','','','','False','','','','','Narcolepsy Alert','Suspended','Active Projects- Fund Development','','','','','a+suarez6@example.net','al-suarez1984@example.org','Home','Personal','','False','Other','alsuarez4@example.net','690.617.4509x0027','0.0','38985.0','2003','2021-10-10','96537.0','0.0','2021-10-21','0.0','2021-08-18','Detail represent more reveal force. Until agreement ok American reduce center.','Us forget success would current be focus federal. Book share low guy agreement catch.','0.0','2021-10-29','2022-04-28','Household__c.Informal_Greeting__c','0.0','0.0','0.0','0.0','0.0','0.0','0.0','0.0','0.0','0.0','0.0','52609.0','3603.0','30231.0','96793.0','0.0','0.0','False','False','False','True','False','99811.0','2022-05-24','77172.0','2022-03-06','60398.0','','36209.0','73307.0','17229.0','80806.0','86801.0','0.0','False','18','','','','','');
INSERT INTO "Contact" VALUES(48,'','','','','','','','','','','','','','','','','','','','False','','jim-cannon3@example.org','','','','','','','','','Cannon','False','','','','','','','','','Jim','','','','','','+1-270-463-5901','','','','','','','','','','','','','','','','','','','False','','','','','','','','','','','','ji_cannon51@example.net','jim-cannon3@example.org','Home','Personal','','False','Work','j_cannon4@example.net','134-162-7740x410','0.0','','','','','0.0','','0.0','','','','0.0','','','','0.0','0.0','0.0','0.0','0.0','0.0','0.0','0.0','0.0','0.0','0.0','','','','','0.0','0.0','False','False','False','False','False','','','','','','','','','','','','0.0','False','20','','','','','');
INSERT INTO "Contact" VALUES(49,'','','','','','','','','','','','','','','','','','','','False','','sh_nelson@example.com','','','','','','','','','Nelson','False','','','','','','','','','Shane','','','','','','203-059-8271x42420','','','','','','','','','','','','','','','','','','','False','','','','','','','','','','','','shanenelson65@example.com','sh_nelson@example.com','Home','Personal','','False','Work','shane+nelson88@example.com','2777922730','0.0','','','','','0.0','','0.0','','','','0.0','','','','0.0','0.0','0.0','0.0','0.0','0.0','0.0','0.0','0.0','0.0','0.0','','','','','0.0','0.0','False','False','False','False','False','','','','','','','','','','','','0.0','False','20','','','','','');
INSERT INTO "Contact" VALUES(50,'','','','','','','','Active','','','','','','Yard keep decision much born tax.','','','Initial Inquiry','','','True','2016-10-11','gwillis9@example.com','','','','','','','','None','Willis','False','','','','Fact their listen safe themselves course. While majority several suffer. Treat difficult loss special increase.','','Technology/Infrastructure','None','English','Gregg','Seek executive energy staff general much. Fast race save be of argue who.','Active','Sponsorship/Donations','Cochran-Rowe','Russian','998.178.1545','Donor','City.','He/Him','','','','','Suspended','','','','','','','','','','','True','','','','','Psychiatric','None','Operations- Client','','','','','g_willis0@example.org','gwillis9@example.com','Home','Personal','','False','Work','gr-willis5@example.org','(365)383-1700','0.0','3516.0','1993','2021-07-18','98432.0','0.0','2021-10-18','0.0','2022-07-02','Stop hotel every size decision rather prove. Cost play so capital sense meeting rest.','Politics she outside think he able. Across decision rock police. Capital center stand huge.','0.0','2022-01-22','2021-11-24','Household__c.Name','0.0','0.0','0.0','0.0','0.0','0.0','0.0','0.0','0.0','0.0','0.0','65462.0','58996.0','27241.0','12875.0','0.0','0.0','False','False','False','False','True','43790.0','2022-03-04','23733.0','2021-07-17','64897.0','','30965.0','18243.0','86062.0','38273.0','61537.0','0.0','False','20','','','','','');
INSERT INTO "Contact" VALUES(51,'','','','','','','','None','','','','','','Conference staff there firm nation decide successful.','','','Decertified','','','True','2013-11-21','j-hensley@example.org','','','','','','','','Inactive','Hensley','False','','','','Win themselves TV find science maybe. Chance stand other economy give cup.','','Writing/Communications','None','English','Judith','Concern force design win defense. Wife big have understand throughout visit a.','Inactive','Assistance Dogs Set in Motion Program','Hebert, Harper and Flynn','Spanish','(956)935-3893x863','Volunteer;Team Facilitator Lead;Client','Fast.','He/Him','','','','','Suspended','','','','','','','','','','','False','','','','','Diabetes Alert','In Training','Active Projects- Academy','','','','','j-hensley2004@example.org','j-hensley@example.org','Home','Personal','','False','Home','j-hensley57@example.com','412.527.6150','0.0','69231.0','1983','2022-02-16','84927.0','0.0','2021-10-13','0.0','2022-03-20','Where science wonder American anyone cut.','Late security great. Law yard big run only audience respond. Buy national morning reduce really.','0.0','2022-01-09','2021-09-04','Household__c.Formal_Greeting__c','0.0','0.0','0.0','0.0','0.0','0.0','0.0','0.0','0.0','0.0','0.0','5410.0','40879.0','51773.0','51782.0','0.0','0.0','False','False','True','False','False','63575.0','2022-06-08','69120.0','2021-10-17','383.0','','16569.0','96091.0','31755.0','57855.0','43335.0','0.0','False','20','','','','','');
INSERT INTO "Contact" VALUES(52,'','','','','','','','Initial Inquiry','','','','','','Appear town person.','','','None','','','True','2003-01-18','coray1991@example.com','','','','','','','','None','Ray','False','','','','Character town toward modern fight. Operation significant deep customer you. Although official project population.','','Graphic Design','Inactive','English','Colton','Generation look foot discuss health try six medical. Matter trouble fear age. Public tell rather energy help trip game.','None','Assistance Dogs Set in Motion Program','Cuevas, Washington and Simpson','Spanish','026-196-8259','Puppy Raiser','About.','They/Them','','','','','In Training','','','','','','','','','','','True','','','','','Hearing Alert','None','Operations- Client','','','','','c_ray@example.org','coray1991@example.com','Home','Personal','','False','Home','c.ray@example.net','139-546-4805','0.0','82016.0','1980','2022-03-02','95191.0','0.0','2022-01-27','0.0','2022-06-13','Record our improve agent suggest want. Environment land tree approach.','From decade quickly weight federal current. Federal value many win say war.','0.0','2022-05-05','2021-12-04','Household__c.Formal_Greeting__c','0.0','0.0','0.0','0.0','0.0','0.0','0.0','0.0','0.0','0.0','0.0','36893.0','80470.0','756.0','50470.0','0.0','0.0','False','False','True','False','False','94849.0','2021-10-26','83586.0','2021-09-08','31227.0','','28958.0','15134.0','44628.0','43076.0','77761.0','0.0','False','20','','','','','');
INSERT INTO "Contact" VALUES(53,'','','','','','','','','','','','','','','','','','','','False','','d.cardenas05@example.net','','','','','','','','','Cardenas','False','','','','','','','','','Dawn','','','','','','139-197-0986x23263','','','','','','','','','','','','','','','','','','','False','','','','','','','','','','','','dawn.cardenas2@example.net','d.cardenas05@example.net','Home','Personal','','False','Work','dcardenas7@example.com','+1-785-182-0282','0.0','','','','','0.0','','0.0','','','','0.0','','','','0.0','0.0','0.0','0.0','0.0','0.0','0.0','0.0','0.0','0.0','0.0','','','','','0.0','0.0','False','False','False','False','False','','','','','','','','','','','','0.0','False','22','','','','','');
INSERT INTO "Contact" VALUES(54,'','','','','','','','','','','','','','','','','','','','False','','ra-hubbard64@example.net','','','','','','','','','Hubbard','False','','','','','','','','','Randy','','','','','','7091339849','','','','','','','','','','','','','','','','','','','False','','','','','','','','','','','','ra-hubbard2@example.net','ra-hubbard64@example.net','Home','Personal','','False','Home','ra_hubbard@example.com','(338)955-7059x627','0.0','','','','','0.0','','0.0','','','','0.0','','','','0.0','0.0','0.0','0.0','0.0','0.0','0.0','0.0','0.0','0.0','0.0','','','','','0.0','0.0','False','False','False','False','False','','','','','','','','','','','','0.0','False','22','','','','','');
INSERT INTO "Contact" VALUES(55,'','','','','','','','Active','','','','','','Body most market itself society.','','','None','','','True','2019-06-19','shawn+dunn83@example.net','','','','','','','','Initial Inquiry','Dunn','False','','','','Former yard western believe place. Card work bill station Mr direction natural. Write hour that style. Man thank thing over add return.','','Website development','Active','English','Shawn','Rather say land. Road one member. Laugh change among rather move probably. Do building summer financial.','Inactive','Volunteering','Gilmore Inc','Korean','001-906-196-9606x5251','Puppy Raiser','Arrive.','Specify','','','','','In Training','','','','','','','','','','','True','','','','','Autism','None','Active Projects- Scholarships','','','','','shawn.dunn@example.net','shawn+dunn83@example.net','Home','Personal','','False','Work','sh+dunn04@example.org','558.918.8987','0.0','74259.0','1982','2022-06-16','60758.0','0.0','2021-09-23','0.0','2021-08-11','Start rich chance must century stock. Prevent people you. Into support eight letter suffer center.','Realize paper fall. But million Mrs. Group company girl his.','0.0','2021-07-23','2022-03-05','Household__c.Formal_Greeting__c','0.0','0.0','0.0','0.0','0.0','0.0','0.0','0.0','0.0','0.0','0.0','65623.0','62241.0','33636.0','59187.0','0.0','0.0','False','False','True','False','False','29841.0','2021-10-13','8755.0','2021-09-22','40567.0','','29960.0','30308.0','86875.0','92784.0','52117.0','0.0','False','22','','','','','');
INSERT INTO "Contact" VALUES(56,'','','','','','','','','','','','','','','','','','','','False','','angelatran9@example.com','','','','','','','','','Tran','False','','','','','','','','','Angela','','','','','','001-764-063-3646x394','','','','','','','','','','','','','','','','','','','False','','','','','','','','','','','','angela_tran44@example.com','angelatran9@example.com','Home','Personal','','False','Work','angela_tran47@example.org','(008)925-6204x79550','0.0','','','','','0.0','','0.0','','','','0.0','','','','0.0','0.0','0.0','0.0','0.0','0.0','0.0','0.0','0.0','0.0','0.0','','','','','0.0','0.0','False','False','False','False','False','','','','','','','','','','','','0.0','False','26','','','','','');
INSERT INTO "Contact" VALUES(57,'','','','','','','','','','','','','','','','','','','','False','','de-dunlap68@example.net','','','','','','','','','Dunlap','False','','','','','','','','','Denise','','','','','','+1-195-281-2390x748','','','','','','','','','','','','','','','','','','','False','','','','','','','','','','','','dedunlap1986@example.org','de-dunlap68@example.net','Home','Personal','','False','Work','denise-dunlap2@example.org','757.482.1008x93398','0.0','','','','','0.0','','0.0','','','','0.0','','','','0.0','0.0','0.0','0.0','0.0','0.0','0.0','0.0','0.0','0.0','0.0','','','','','0.0','0.0','False','False','False','False','False','','','','','','','','','','','','0.0','False','26','','','','','');
INSERT INTO "Contact" VALUES(58,'','','','','','','','Onboarding','','','','','','Industry allow international both foreign determine letter within.','','','Initial Inquiry','','','True','2008-05-24','le+davidson1965@example.net','','','','','','','','Certified','Davidson','False','','','','Same bit someone line claim away. Yeah another hotel price outside religious.','','Dog Training/Behavior/Veterinary','Active','English','Leroy','Senior gas break east move happy plan question. Question green example accept.','Active','Sponsorship/Donations','Schmitt, Blair and Boyer','Russian','(388)684-1636x20116','Trainer;Client','Voice if.','They/Them','','','','','Inactive','','','','','','','','','','','False','','','','','Medical Incident Assist','Onboarding','Operations- Trainer','','','','','l-davidson2@example.com','le+davidson1965@example.net','Home','Personal','','False','Home','le_davidson4@example.net','(237)073-8108x4839','0.0','19758.0','2021','2021-08-02','36915.0','0.0','2021-12-27','0.0','2021-09-11','Thus daughter at. List week run bar future accept another.','Then arm data save music. None have ahead hold heavy. Cost research available year instead reveal.','0.0','2021-12-20','2022-06-04','Household__c.Informal_Greeting__c','0.0','0.0','0.0','0.0','0.0','0.0','0.0','0.0','0.0','0.0','0.0','86980.0','25010.0','42250.0','40340.0','0.0','0.0','False','False','False','True','False','92103.0','2022-03-24','70577.0','2022-03-12','12815.0','','65913.0','88534.0','21651.0','56272.0','72294.0','0.0','False','26','','','','','');
INSERT INTO "Contact" VALUES(59,'','','','','','','','Active','','','','','','Manager hear too rich.','','','In Training','','','True','2001-11-28','jeffery.banks12@example.net','','','','','','','','Initial Inquiry','Banks','False','','','','Focus example bit senior while. Tv build several price year pick. Herself station energy measure since.','','Sales','None','English','Jeffery','Kind they skill finish say as bed. Listen amount strong maybe contain name.','Active','Sweet Snoopers Training Program','Conrad and Sons','Spanish','(173)523-4443','Donor','Choice.','They/Them','','','','','Certified','','','','','','','','','','','True','','','','','Medical Incident Assist','Initial Inquiry','Active Projects- Trainer Certification','','','','','je.banks54@example.com','jeffery.banks12@example.net','Home','Personal','','False','Other','jeffery+banks1950@example.org','+1-241-245-2320x2334','0.0','68347.0','1982','2021-11-11','67071.0','0.0','2021-10-10','0.0','2021-12-18','We well writer bank attorney. Clear easy beautiful energy join. Relationship better stock maybe.','Investment future week east. Police field kid. Power miss cup pass weight wall.','0.0','2022-01-13','2021-08-28','Household__c.Informal_Greeting__c','0.0','0.0','0.0','0.0','0.0','0.0','0.0','0.0','0.0','0.0','0.0','8811.0','94122.0','26391.0','80306.0','0.0','0.0','False','False','False','True','False','62418.0','2022-01-31','2986.0','2022-03-27','82928.0','','11304.0','79790.0','43483.0','76521.0','36188.0','0.0','False','26','','','','','');
INSERT INTO "Contact" VALUES(60,'','','','','','','','Initial Inquiry','','','','','','Five born administration rise benefit learn.','','','Inactive','','','True','2000-04-27','j.flores@example.net','','','','','','','','Initial Inquiry','Flores','False','','','','Family note meeting. Inside bank shoulder run president wish sing. Also partner same child generation finish her education.','','Education/Course Development','Inactive','English','Jean','Toward structure them despite seek together total. Throughout challenge Mr sound.','Inactive','Sweet Snoopers Training Program','Morgan-Deleon','Spanish;French','025.280.3615x9607','Volunteer;Puppy Raiser','Ok.','Specify','','','','','Onboarding','','','','','','','','','','','False','','','','','Hearing Alert','In Training','Operations- Master Docs - READ ONLY','','','','','je.flores2@example.net','j.flores@example.net','Home','Personal','','False','Work','jeanflores2002@example.net','+1-106-987-9401x532','0.0','49918.0','1991','2021-11-02','47484.0','0.0','2021-08-01','0.0','2022-03-08','Also school enough north central green. Stock pretty unit personal act.','Ground cost election black worry. Dark floor happen. None service suddenly act seek.','0.0','2021-10-10','2022-06-04','Household__c.Informal_Greeting__c','0.0','0.0','0.0','0.0','0.0','0.0','0.0','0.0','0.0','0.0','0.0','62832.0','15273.0','73560.0','23232.0','0.0','0.0','False','False','False','True','False','48810.0','2021-08-23','28900.0','2022-04-27','32147.0','','8056.0','79685.0','54487.0','11631.0','51263.0','0.0','False','26','','','','','');
INSERT INTO "Contact" VALUES(61,'','','','','','','','','','','','','','','','','','','','False','','autumn_kaiser1@example.net','','','','','','','','','Kaiser','False','','','','','','','','','Autumn','','','','','','001-205-845-8734x568','','','','','','','','','','','','','','','','','','','False','','','','','','','','','','','','akaiser2012@example.org','autumn_kaiser1@example.net','Home','Personal','Work','False','Other','au+kaiser@example.com','690.832.4474x89321','0.0','','','','','0.0','','0.0','','','','0.0','','','','0.0','0.0','0.0','0.0','0.0','0.0','0.0','0.0','0.0','0.0','0.0','','','','','0.0','0.0','False','False','False','False','False','','','','','','','','','','','','0.0','False','28','','','','','');
INSERT INTO "Contact" VALUES(62,'','','','','','','','','','','','','','','','','','','','False','','yvonne+camacho@example.net','','','','','','','','','Camacho','False','','','','','','','','','Yvonne','','','','','','3799657437','','','','','','','','','','','','','','','','','','','False','','','','','','','','','','','','yvcamacho0@example.org','yvonne+camacho@example.net','Home','Personal','','False','Other','y-camacho09@example.org','+1-024-381-9742x1612','0.0','','','','','0.0','','0.0','','','','0.0','','','','0.0','0.0','0.0','0.0','0.0','0.0','0.0','0.0','0.0','0.0','0.0','','','','','0.0','0.0','False','False','False','False','False','','','','','','','','','','','','0.0','False','29','','','','','');
INSERT INTO "Contact" VALUES(63,'','','','','','','','','','','','','','','','','','','','False','','kahansen@example.org','','','','','','','','','Hansen','False','','','','','','','','','Karl','','','','','','(285)496-4287','','','','','','','','','','','','','','','','','','','False','','','','','','','','','','','','kahansen1949@example.net','kahansen@example.org','Home','Personal','','False','Other','karl_hansen3@example.org','804.921.4669','0.0','','','','','0.0','','0.0','','','','0.0','','','','0.0','0.0','0.0','0.0','0.0','0.0','0.0','0.0','0.0','0.0','0.0','','','','','0.0','0.0','False','False','False','False','False','','','','','','','','','','','','0.0','False','29','','','','','');
INSERT INTO "Contact" VALUES(64,'','','','','','','','Initial Inquiry','','','','','','Sure around professional goal understand admit.','','','Certified','','','True','2019-12-19','yvette_underwood2003@example.org','','','','','','','','Certified','Underwood','False','','','','Fly usually authority seek make success low. Hundred who board young usually forward minute. Million above customer reality write center game very.','','Marketing and Branding','Inactive','Spanish','Yvette','But event boy media go drive kind small. What stand together produce camera west after. Agreement force treatment.','Active','Teams Set in Motion Program','Christian, Roth and Hensley','Vietnamese','5546908130','Volunteer;Puppy Raiser','Animal.','Specify','','','','','Initial Inquiry','','','','','','','','','','','True','','','','','Medical Incident Assist','Inactive','Active Projects- Community Outreach and Education','','','','','y+underwood6@example.org','yvette_underwood2003@example.org','Home','Personal','','False','Home','yvunderwood58@example.org','323.361.0790','0.0','73962.0','1995','2022-03-16','86758.0','0.0','2022-03-27','0.0','2022-01-13','Best piece might age forget. Break itself with size consumer rather.','Other much hear scene. Total eye scene such we. Mind along concern career media while bring get.','0.0','2021-09-16','2021-11-16','Household__c.Name','0.0','0.0','0.0','0.0','0.0','0.0','0.0','0.0','0.0','0.0','0.0','24875.0','34185.0','63587.0','6802.0','0.0','0.0','False','False','False','False','True','90967.0','2021-10-18','67962.0','2021-11-05','26535.0','','90299.0','78538.0','65467.0','64468.0','97590.0','0.0','False','29','','','','','');
INSERT INTO "Contact" VALUES(65,'','','','','','','','Active','','','','','','Medical strategy Republican open president it heavy.','','','On Hold','','','True','2010-06-25','j.holmes0@example.com','','','','','','','','Initial Inquiry','Holmes','False','','','','Wait certain material early politics series computer southern. Against miss bad. Father report politics once thing manager operation.','','Social Media','Initial Inquiry','English','Joy','Around this event measure. Activity financial color necessary law.','Active','Trainer Certification','Morse Group','Tagalog','(943)604-4267','Client','Actually.','He/Him','','','','','Onboarding','','','','','','','','','','','True','','','','','Narcolepsy Alert','Initial Inquiry','Sensitive Info- Board','','','','','joholmes09@example.org','j.holmes0@example.com','Home','Personal','','False','Home','j.holmes@example.com','558-684-9182','0.0','55309.0','2009','2022-06-01','83249.0','0.0','2022-04-20','0.0','2022-01-24','Response throughout officer notice structure get word. Place attack place.','Fear finally safe husband move. Company hour guess wind hit fund player report.','0.0','2022-05-17','2022-02-20','Household__c.Informal_Greeting__c','0.0','0.0','0.0','0.0','0.0','0.0','0.0','0.0','0.0','0.0','0.0','88827.0','36465.0','8890.0','20782.0','0.0','0.0','False','False','False','True','False','20932.0','2022-04-27','67519.0','2022-04-16','54859.0','','5990.0','12440.0','9879.0','22989.0','8383.0','0.0','False','29','','','','','');
INSERT INTO "Contact" VALUES(66,'','','','','','','','','','','','','','','','','','','','False','','tammiewilkerson@example.org','','','','','','','','','Wilkerson','False','','','','','','','','','Tammie','','','','','','001-152-365-2030','','','','','','','','','','','','','','','','','','','False','','','','','','','','','','','','ta.wilkerson@example.net','tammiewilkerson@example.org','Home','Personal','','False','Home','tammie.wilkerson94@example.net','397.730.7874','0.0','','','','','0.0','','0.0','','','','0.0','','','','0.0','0.0','0.0','0.0','0.0','0.0','0.0','0.0','0.0','0.0','0.0','','','','','0.0','0.0','False','False','False','False','False','','','','','','','','','','','','0.0','False','56','','','','','');
INSERT INTO "Contact" VALUES(67,'','','','','','','','','','','','','','','','','','','','False','','ericacooley@example.org','','','','','','','','','Cooley','False','','','','','','','','','Erica','','','','','','742.042.4600x445','','','','','','','','','','','','','','','','','','','False','','','','','','','','','','','','e-cooley99@example.net','ericacooley@example.org','Home','Personal','','False','Other','e-cooley2000@example.net','+1-117-166-0118x22920','0.0','','','','','0.0','','0.0','','','','0.0','','','','0.0','0.0','0.0','0.0','0.0','0.0','0.0','0.0','0.0','0.0','0.0','','','','','0.0','0.0','False','False','False','False','False','','','','','','','','','','','','0.0','False','56','','','','','');
INSERT INTO "Contact" VALUES(68,'','','','','','','','Onboarding','','','','','','Huge everybody size expect difficult.','','','Certified','','','True','2001-05-14','r_oneal@example.org','','','','','','','','Suspended','Oneal','False','','','','Investment your which look their shake. Style party tax our course.','','Dog Training/Behavior/Veterinary','Onboarding','English','Rachael','Officer opportunity candidate hour music. Term help every over resource very theory police. Ever shoulder would never table a federal.','Inactive','Sweet Snoopers Training Program','Whitney, Wolfe and Gordon','English','001-254-866-9515','Volunteer;Client','Bit allow.','He/Him','','','','','Certified','','','','','','','','','','','True','','','','','Psychiatric;Autism','Initial Inquiry','Active Projects- Academy','','','','','ra_oneal02@example.net','r_oneal@example.org','Home','Personal','','False','Work','ra-oneal@example.org','+1-705-082-0011x920','0.0','2892.0','1993','2021-10-02','19025.0','0.0','2021-07-13','0.0','2022-06-13','Popular any leave blood animal center law. National end family process consumer site everything.','Western low ago set. Large water main member fire three federal.','0.0','2021-10-29','2021-11-16','Household__c.Name','0.0','0.0','0.0','0.0','0.0','0.0','0.0','0.0','0.0','0.0','0.0','346.0','47364.0','19421.0','2329.0','0.0','0.0','False','False','False','False','True','49079.0','2021-07-09','58517.0','2022-04-22','63863.0','','12913.0','85241.0','41889.0','29661.0','73767.0','0.0','False','56','','','','','');
INSERT INTO "Contact" VALUES(69,'','','','','','','','','','','','','','','','','','','','False','','destiny-petty1955@example.org','','','','','','','','','Petty','False','','','','','','','','','Destiny','','','','','','001-398-729-6409x241','','','','','','','','','','','','','','','','','','','False','','','','','','','','','','','','de+petty@example.net','destiny-petty1955@example.org','Home','Personal','','False','Home','d.petty2006@example.com','001-291-641-3665x41521','0.0','','','','','0.0','','0.0','','','','0.0','','','','0.0','0.0','0.0','0.0','0.0','0.0','0.0','0.0','0.0','0.0','0.0','','','','','0.0','0.0','False','False','False','False','False','','','','','','','','','','','','0.0','False','36','','','','','');
INSERT INTO "Contact" VALUES(70,'','','','','','','','','','','','','','','','','','','','False','','stacie+shannon@example.org','','','','','','','','','Shannon','False','','','','','','','','','Stacie','','','','','','393.837.0856','','','','','','','','','','','','','','','','','','','False','','','','','','','','','','','','s-shannon@example.com','stacie+shannon@example.org','Home','Personal','','False','Other','stacieshannon62@example.com','001-708-757-6581x1739','0.0','','','','','0.0','','0.0','','','','0.0','','','','0.0','0.0','0.0','0.0','0.0','0.0','0.0','0.0','0.0','0.0','0.0','','','','','0.0','0.0','False','False','False','False','False','','','','','','','','','','','','0.0','False','36','','','','','');
INSERT INTO "Contact" VALUES(71,'','','','','','','','Onboarding','','','','','','Rock action new pick fire over laugh.','','','None','','','True','2002-11-14','do-moyer07@example.net','','','','','','','','Onboarding','Moyer','False','','','','Even Republican every much. Way thousand accept move nature.','','Nonprofit Leadership','Active','English','Donald','Career different call election executive idea. Level PM or affect very challenge best southern.','Active','Teams Set in Motion Program','Rogers and Sons','Arabic','+1-666-200-8985x4637','Volunteer;Team Facilitator','Series.','Specify','','','','','None','','','','','','','','','','','False','','','','','Psychiatric','In Training','Operations- Volunteer and Staff','','','','','donald_moyer7@example.net','do-moyer07@example.net','Home','Personal','','False','Other','donald-moyer1954@example.com','213.723.8495x764','0.0','88203.0','1992','2021-10-05','91648.0','0.0','2022-04-27','0.0','2021-12-11','Thank wall whom kind race worker. Democratic grow word modern share blue.','Affect seat pay evidence. Lay glass own respond we watch truth. One message truth something.','0.0','2022-05-05','2022-03-25','Household__c.Formal_Greeting__c','0.0','0.0','0.0','0.0','0.0','0.0','0.0','0.0','0.0','0.0','0.0','90931.0','46504.0','52467.0','31970.0','0.0','0.0','False','False','True','False','False','92566.0','2021-07-07','10110.0','2022-02-06','25496.0','','84464.0','77242.0','65724.0','34658.0','52147.0','0.0','False','36','','','','','');
INSERT INTO "Contact" VALUES(72,'','','','','','','','Active','','','','','','Start case economic fall tonight.','','','None','','','False','2007-05-08','emma+hart1966@example.org','','','','','','','','None','Hart','False','','','','Reason administration lose market which space.','','Administration','Initial Inquiry','English','Emma','Just memory most with else road. Response staff wear material whole notice kid. Red system four over front poor.','Inactive','Client Certification','Foster Inc','Tagalog','2987994427','Puppy Raiser','Agent.','She/Her','','','','','Certified','','','','','','','','','','','False','','','','','Medical Incident Assist','In Training','Board - READ ONLY','','','','','emma.hart2012@example.org','emma+hart1966@example.org','Home','Personal','','False','Work','e-hart57@example.com','(618)235-4906','0.0','70205.0','2008','2022-04-23','9845.0','0.0','2021-11-10','0.0','2022-05-05','Across perform record serve focus.','Play former natural peace democratic firm successful. Movie tell bill herself play.','0.0','2021-07-05','2021-10-29','Household__c.Formal_Greeting__c','0.0','0.0','0.0','0.0','0.0','0.0','0.0','0.0','0.0','0.0','0.0','97494.0','29322.0','88897.0','54506.0','0.0','0.0','False','False','True','False','False','45774.0','2021-11-08','89548.0','2022-03-26','71267.0','','82822.0','86027.0','65649.0','11321.0','77167.0','0.0','False','36','','','','','');
INSERT INTO "Contact" VALUES(73,'','','','','','','','','','','','','','','','','','','','False','','s-oconnell1971@example.net','','','','','','','','','Oconnell','False','','','','','','','','','Sophia','','','','','','(415)817-9538x105','','','','','','','','','','','','','','','','','','','False','','','','','','','','','','','','sophiaoconnell1979@example.com','s-oconnell1971@example.net','Home','Personal','','False','Home','sophiaoconnell6@example.net','205.423.4578','0.0','','','','','0.0','','0.0','','','','0.0','','','','0.0','0.0','0.0','0.0','0.0','0.0','0.0','0.0','0.0','0.0','0.0','','','','','0.0','0.0','False','False','False','False','False','','','','','','','','','','','','0.0','False','38','','','','','');
INSERT INTO "Contact" VALUES(74,'','','','','','','','','','','','','','','','','','','','False','','carrie_villa5@example.com','','','','','','','','','Villa','False','','','','','','','','','Carrie','','','','','','001-248-512-5373x310','','','','','','','','','','','','','','','','','','','False','','','','','','','','','','','','cavilla2007@example.org','carrie_villa5@example.com','Home','Personal','','False','Work','c.villa7@example.net','174-924-6895x68889','0.0','','','','','0.0','','0.0','','','','0.0','','','','0.0','0.0','0.0','0.0','0.0','0.0','0.0','0.0','0.0','0.0','0.0','','','','','0.0','0.0','False','False','False','False','False','','','','','','','','','','','','0.0','False','38','','','','','');
INSERT INTO "Contact" VALUES(75,'','','','','','','','Active','','','','','','National billion defense might.','','','In Training','','','False','2017-09-05','pa.howell85@example.org','','','','','','','','Initial Inquiry','Howell','False','','','','Likely teacher foot great again marriage. Much yourself lay fly fear land us from.','','Fundraising/Grants','Active','English','Patty','Life training community a. This network quite somebody call culture himself. Environmental sometimes while skill serious bed. West general camera a employee.','Active','Assistance Dogs Set in Motion Program','Chandler-Mccall','Spanish','322-454-6223','Volunteer;Trainer','View.','She/Her','','','','','Inactive','','','','','','','','','','','False','','','','','Psychiatric','None','Active Projects- Academy','','','','','p.howell7@example.com','pa.howell85@example.org','Home','Personal','','False','Work','pa-howell73@example.net','139-596-3827','0.0','40131.0','1982','2022-05-05','33556.0','0.0','2022-05-09','0.0','2022-04-30','Sea and section central enter voice Mr culture. Sort concern very season once PM.','This political here late heart region score. Discussion report choose even focus answer stay cost.','0.0','2022-04-19','2021-12-02','Household__c.Name','0.0','0.0','0.0','0.0','0.0','0.0','0.0','0.0','0.0','0.0','0.0','95786.0','16234.0','28375.0','16869.0','0.0','0.0','False','False','False','False','True','6597.0','2022-03-27','11205.0','2021-11-05','8424.0','','5815.0','7817.0','339.0','95682.0','65695.0','0.0','False','38','','','','','');
INSERT INTO "Contact" VALUES(76,'','','','','','','','Active','','','','','','Conference success meet character behavior party foot as.','','','In Training','','','False','2011-06-24','c.hobbs1965@example.net','','','','','','','','Inactive','Hobbs','False','','','','Success part behavior despite. Week school we like structure exactly a low. Put religious claim idea not.','','Writing/Communications','Onboarding','English','Carla','Receive else too center. Rock again head stop woman.','None','Sweet Snoopers Training Program','Salinas PLC','Spanish','001-130-827-4434x5858','Client','Everyone.','He/Him','','','','','Certified','','','','','','','','','','','True','','','','','Mobility;Autism','Onboarding','Active Projects- State Registration','','','','','carla_hobbs81@example.com','c.hobbs1965@example.net','Home','Personal','','False','Other','chobbs3@example.net','+1-181-523-9790','0.0','57393.0','1979','2021-10-13','30715.0','0.0','2021-07-28','0.0','2022-05-27','Campaign owner interesting imagine poor.','Rate position talk red open. Buy walk price picture know.','0.0','2022-01-24','2021-12-22','Household__c.Name','0.0','0.0','0.0','0.0','0.0','0.0','0.0','0.0','0.0','0.0','0.0','4385.0','83294.0','43300.0','51586.0','0.0','0.0','False','False','False','False','True','21100.0','2021-11-13','72749.0','2022-04-11','97168.0','','84418.0','84762.0','32308.0','84611.0','54291.0','0.0','False','38','','','','','');
INSERT INTO "Contact" VALUES(77,'','','','','','','','Initial Inquiry','','','','','','Grow scientist series offer market.','','','Decertified','','','False','2019-08-09','n_andersen8@example.org','','','','','','','','Initial Inquiry','Andersen','False','','','','List current human idea environment color million. Lot one writer man any. Drop know place effect can use various. Charge history player draw knowledge.','','Fundraising/Grants','Inactive','English','Neil','History quite name require above second these. Final someone receive attack.','Inactive','General info/Other','Cole, Flynn and Thornton','Spanish','885-102-1573x48478','Donor','Would.','They/Them','','','','','In Training','','','','','','','','','','','False','','','','','Mobility','Initial Inquiry','Active Projects- Volunteer Recruitment and Retention','','','','','neil-andersen0@example.net','n_andersen8@example.org','Home','Personal','','False','Other','ne+andersen0@example.com','113.264.9905','0.0','99041.0','1995','2022-05-20','914.0','0.0','2021-11-07','0.0','2022-03-28','Hotel tax wait guess them west. Network item than factor organization try.','Southern have focus hot trade. Four behind then technology.','0.0','2021-08-21','2022-06-11','Household__c.Formal_Greeting__c','0.0','0.0','0.0','0.0','0.0','0.0','0.0','0.0','0.0','0.0','0.0','21452.0','67138.0','31882.0','40185.0','0.0','0.0','False','False','True','False','False','32700.0','2021-08-08','74045.0','2022-02-03','12251.0','','41817.0','9044.0','69241.0','85125.0','33178.0','0.0','False','38','','','','','');
INSERT INTO "Contact" VALUES(78,'','','','','','','','','','','','','','','','','','','','False','','bill_friedman@example.com','','','','','','','','','Friedman','False','','','','','','','','','Bill','','','','','','001-048-704-0351','','','','','','','','','','','','','','','','','','','False','','','','','','','','','','','','billfriedman3@example.net','bill_friedman@example.com','Home','Personal','','False','Work','b+friedman@example.org','+1-400-846-4253','0.0','','','','','0.0','','0.0','','','','0.0','','','','0.0','0.0','0.0','0.0','0.0','0.0','0.0','0.0','0.0','0.0','0.0','','','','','0.0','0.0','False','False','False','False','False','','','','','','','','','','','','0.0','False','40','','','','','');
INSERT INTO "Contact" VALUES(79,'','','','','','','','','','','','','','','','','','','','False','','m-petty2007@example.com','','','','','','','','','Petty','False','','','','','','','','','Maureen','','','','','','+1-357-065-0606x01316','','','','','','','','','','','','','','','','','','','False','','','','','','','','','','','','ma_petty1986@example.org','m-petty2007@example.com','Home','Personal','','False','Other','maureen.petty87@example.org','585-944-0316x4236','0.0','','','','','0.0','','0.0','','','','0.0','','','','0.0','0.0','0.0','0.0','0.0','0.0','0.0','0.0','0.0','0.0','0.0','','','','','0.0','0.0','False','False','False','False','False','','','','','','','','','','','','0.0','False','40','','','','','');
INSERT INTO "Contact" VALUES(80,'','','','','','','','','','','','','','','','','','','','False','','katelyn_fuller2@example.net','','','','','','','','','Fuller','False','','','','','','','','','Katelyn','','','','','','315.352.6868','','','','','','','','','','','','','','','','','','','False','','','','','','','','','','','','ka+fuller1976@example.net','katelyn_fuller2@example.net','Home','Personal','','False','Home','katelyn+fuller2@example.net','0191709483','0.0','','','','','0.0','','0.0','','','','0.0','','','','0.0','0.0','0.0','0.0','0.0','0.0','0.0','0.0','0.0','0.0','0.0','','','','','0.0','0.0','False','False','False','False','False','','','','','','','','','','','','0.0','False','42','','','','','');
INSERT INTO "Contact" VALUES(81,'','','','','','','','','','','','','','','','','','','','False','','e+evans63@example.org','','','','','','','','','Evans','False','','','','','','','','','Eugene','','','','','','696.951.3626x8588','','','','','','','','','','','','','','','','','','','False','','','','','','','','','','','','e+evans@example.com','e+evans63@example.org','Home','Personal','','False','Other','eugene.evans0@example.com','441.211.3705','0.0','','','','','0.0','','0.0','','','','0.0','','','','0.0','0.0','0.0','0.0','0.0','0.0','0.0','0.0','0.0','0.0','0.0','','','','','0.0','0.0','False','False','False','False','False','','','','','','','','','','','','0.0','False','42','','','','','');
INSERT INTO "Contact" VALUES(82,'','','','','','','','Onboarding','','','','','','Anything food debate minute book view seven.','','','Decertified','','','True','2006-07-10','ha_whitaker51@example.com','','','','','','','','In Training','Whitaker','False','','','','Top report protect. Score job same source.','','Sales','Inactive','English','Hayden','Finish enjoy huge manage. Alone nation note weight from usually certain.','Inactive','Sweet Snoopers Training Program','Chen-Kramer','Spanish','(676)360-2060x485','Team Facilitator Lead','Statement.','Specify','','','','','Onboarding','','','','','','','','','','','False','','','','','Narcolepsy Alert','In Training','Active Projects- Client Certification','','','','','hwhitaker1959@example.net','ha_whitaker51@example.com','Home','Personal','','False','Other','hayden-whitaker1975@example.com','(119)221-2696','0.0','33903.0','1981','2022-06-14','21395.0','0.0','2022-06-17','0.0','2021-10-20','Home safe federal. Structure however into identify list half.','Sign occur cost truth pattern very. Difference piece south work rate.','0.0','2021-09-08','2021-08-03','Household__c.Name','0.0','0.0','0.0','0.0','0.0','0.0','0.0','0.0','0.0','0.0','0.0','97733.0','8417.0','43443.0','12638.0','0.0','0.0','False','False','False','False','True','1397.0','2022-06-11','40782.0','2022-05-24','76238.0','','65394.0','48603.0','57735.0','62004.0','98408.0','0.0','False','42','','','','','');
INSERT INTO "Contact" VALUES(83,'','','','','','','','Inactive','','','','','','Analysis relate own already.','','','In Training','','','True','2003-04-08','alexa_church2@example.com','','','','','','','','Certified','Church','False','','','','High quickly money century meet company. Democratic type approach career can specific. Gun company air.','','Disability Advocacy','Onboarding','English','Alexa','Possible become food let radio region sign. Catch analysis night important others. Teach sound environmental media surface.','Inactive','General info/Other','Duffy PLC','Vietnamese','631-626-8874x375','Volunteer;Team Facilitator','Thank him.','Specify','','','','','Inactive','','','','','','','','','','','False','','','','','Hearing Alert','In Training','Active Projects- Academy','','','','','alchurch66@example.com','alexa_church2@example.com','Home','Personal','','False','Work','alexachurch3@example.org','244.373.4504x6276','0.0','69226.0','1997','2022-06-19','24130.0','0.0','2021-09-28','0.0','2022-04-01','Hot partner small conference. Scene prevent by generation that.','Song require bit sometimes official student. Likely stand land fine. Number far nearly car.','0.0','2021-08-24','2021-12-23','Household__c.Informal_Greeting__c','0.0','0.0','0.0','0.0','0.0','0.0','0.0','0.0','0.0','0.0','0.0','93683.0','59086.0','43956.0','4372.0','0.0','0.0','False','False','False','True','False','14002.0','2022-02-03','40678.0','2021-08-12','28478.0','','63227.0','70865.0','61353.0','7200.0','41271.0','0.0','False','42','','','','','');
INSERT INTO "Contact" VALUES(84,'','','','','','','','','','','','','','','','','','','','False','','b.cooley70@example.org','','','','','','','','','Cooley','False','','','','','','','','','Brittney','','','','','','314-577-0646','','','','','','','','','','','','','','','','','','','False','','','','','','','','','','','','brittney-cooley77@example.org','b.cooley70@example.org','Home','Personal','','False','Work','b+cooley1951@example.com','193-801-6142x1544','0.0','','','','','0.0','','0.0','','','','0.0','','','','0.0','0.0','0.0','0.0','0.0','0.0','0.0','0.0','0.0','0.0','0.0','','','','','0.0','0.0','False','False','False','False','False','','','','','','','','','','','','0.0','False','46','','','','','');
INSERT INTO "Contact" VALUES(85,'','','','','','','','','','','','','','','','','','','','False','','p+hunt1981@example.com','','','','','','','','','Hunt','False','','','','','','','','','Pedro','','','','','','297-343-0913','','','','','','','','','','','','','','','','','','','False','','','','','','','','','','','','pe_hunt@example.net','p+hunt1981@example.com','Home','Personal','','False','Work','p-hunt@example.net','(965)241-3553','0.0','','','','','0.0','','0.0','','','','0.0','','','','0.0','0.0','0.0','0.0','0.0','0.0','0.0','0.0','0.0','0.0','0.0','','','','','0.0','0.0','False','False','False','False','False','','','','','','','','','','','','0.0','False','46','','','','','');
INSERT INTO "Contact" VALUES(86,'','','','','','','','None','','','','','','Do pay water born leg majority.','','','Inactive','','','False','2018-08-16','jvelasquez98@example.com','','','','','','','','Initial Inquiry','Velasquez','False','','','','Only edge call expect event enjoy. Black house world. Upon new class about recently.','','Website development','Onboarding','English','Jaclyn','Soon will enter yeah development suggest mother. Organization body month grow despite theory. Focus girl effort anyone arrive police maybe. Which lot describe teach next north we.','Active','Sponsorship/Donations','Pruitt, Reyes and Hampton','Tagalog','(220)551-4700x479','Puppy Raiser','Spend.','They/Them','','','','','Inactive','','','','','','','','','','','False','','','','','Hearing Alert','None','Active Projects- Trainer Certification','','','','','j-velasquez@example.org','jvelasquez98@example.com','Home','Personal','','False','Other','ja.velasquez1997@example.com','149-601-9294','0.0','52939.0','2021','2021-08-15','91207.0','0.0','2022-03-02','0.0','2021-10-02','Tv be phone seek. Seat food action personal election.','Will which notice something option.','0.0','2021-10-09','2021-11-08','Household__c.Name','0.0','0.0','0.0','0.0','0.0','0.0','0.0','0.0','0.0','0.0','0.0','60494.0','2309.0','43777.0','83370.0','0.0','0.0','False','False','False','False','True','21169.0','2021-08-18','8044.0','2022-01-24','91063.0','','99330.0','44300.0','45320.0','84559.0','73435.0','0.0','False','46','','','','','');
INSERT INTO "Contact" VALUES(87,'','','','','','','','None','','','','','','Treatment course result message whose.','','','Initial Inquiry','','','True','2008-11-23','ronald+blair1956@example.com','','','','','','','','Onboarding','Blair','False','','','','Up time treatment little table fly town. Say purpose debate TV structure.','','Technology/Infrastructure','Inactive','English','Ronald','Woman shake either discover go than middle machine. Gas admit professor possible.','Inactive','Sponsorship/Donations','Conrad Group','Tagalog','001-908-539-9666x67861','Client','Just.','Specify','','','','','In Training','','','','','','','','','','','False','','','','','Diabetes Alert','Initial Inquiry','Active Projects- Governance, Compliance and Operations','','','','','r_blair1946@example.com','ronald+blair1956@example.com','Home','Personal','','False','Work','rblair1965@example.net','(815)671-1477x143','0.0','95928.0','1993','2021-11-17','26870.0','0.0','2021-10-06','0.0','2021-10-11','Eight exist glass citizen home. Democrat if blood kind issue.','News head after make generation rate mouth tax. Very near good should north.','0.0','2022-04-08','2022-01-15','Household__c.Informal_Greeting__c','0.0','0.0','0.0','0.0','0.0','0.0','0.0','0.0','0.0','0.0','0.0','8388.0','21945.0','31267.0','80320.0','0.0','0.0','False','False','False','True','False','19735.0','2021-08-15','20508.0','2022-03-01','97118.0','','8700.0','68904.0','58640.0','12621.0','99219.0','0.0','False','46','','','','','');
INSERT INTO "Contact" VALUES(88,'','','','','','','','','','','','','','','','','','','','False','','mc-mcmahon@example.com','','','','','','','','','Mcmahon','False','','','','','','','','','Mckenzie','','','','','','699-494-2727','','','','','','','','','','','','','','','','','','','False','','','','','','','','','','','','mc.mcmahon@example.net','mc-mcmahon@example.com','Home','Personal','Work','False','Other','mckenzie+mcmahon2010@example.com','+1-142-348-7784x409','0.0','','','','','0.0','','0.0','','','','0.0','','','','0.0','0.0','0.0','0.0','0.0','0.0','0.0','0.0','0.0','0.0','0.0','','','','','0.0','0.0','False','False','False','False','False','','','','','','','','','','','','0.0','False','48','','','','','');
INSERT INTO "Contact" VALUES(89,'','','','','','','','','','','','','','','','','','','','False','','zachary.reeves99@example.com','','','','','','','','','Reeves','False','','','','','','','','','Zachary','','','','','','+1-717-997-5238x978','','','','','','','','','','','','','','','','','','','False','','','','','','','','','','','','za-reeves91@example.net','zachary.reeves99@example.com','Home','Personal','','False','Other','zachary_reeves81@example.net','192-286-7262','0.0','','','','','0.0','','0.0','','','','0.0','','','','0.0','0.0','0.0','0.0','0.0','0.0','0.0','0.0','0.0','0.0','0.0','','','','','0.0','0.0','False','False','False','False','False','','','','','','','','','','','','0.0','False','49','','','','','');
INSERT INTO "Contact" VALUES(90,'','','','','','','','','','','','','','','','','','','','False','','d.fischer1986@example.com','','','','','','','','','Fischer','False','','','','','','','','','Douglas','','','','','','946-749-1602','','','','','','','','','','','','','','','','','','','False','','','','','','','','','','','','douglas+fischer1981@example.com','d.fischer1986@example.com','Home','Personal','','False','Work','douglas+fischer46@example.com','+1-872-743-6150x0938','0.0','','','','','0.0','','0.0','','','','0.0','','','','0.0','0.0','0.0','0.0','0.0','0.0','0.0','0.0','0.0','0.0','0.0','','','','','0.0','0.0','False','False','False','False','False','','','','','','','','','','','','0.0','False','49','','','','','');
INSERT INTO "Contact" VALUES(91,'','','','','','','','Initial Inquiry','','','','','','Analysis even some.','','','Decertified','','','False','2011-05-28','pmeza1974@example.net','','','','','','','','Initial Inquiry','Meza','False','','','','Order spring democratic receive as. Price point seem.','','Disability Advocacy','Initial Inquiry','English','Peggy','End fear Democrat century right show us. Professor alone out raise music action must. Player like far.','None','Volunteering','Sanders Group','Spanish','537-414-2376x34577','Puppy Raiser','Value its.','They/Them','','','','','Initial Inquiry','','','','','','','','','','','False','','','','','Psychiatric','None','Active Projects- Community Outreach and Education','','','','','pe-meza1960@example.com','pmeza1974@example.net','Home','Personal','','False','Other','p_meza@example.org','001-132-748-0462x3329','0.0','70962.0','1979','2021-12-03','26646.0','0.0','2022-01-11','0.0','2022-04-30','Police follow feel authority hold wide.','Follow small voice color. Among smile happy throughout. Five old safe other.','0.0','2021-08-19','2021-08-18','Household__c.Formal_Greeting__c','0.0','0.0','0.0','0.0','0.0','0.0','0.0','0.0','0.0','0.0','0.0','41220.0','58504.0','21045.0','22802.0','0.0','0.0','False','False','True','False','False','8253.0','2021-11-24','92240.0','2022-01-02','2732.0','','99982.0','39284.0','99345.0','29383.0','17815.0','0.0','False','49','','','','','');
INSERT INTO "Contact" VALUES(92,'','','','','','','','Inactive','','','','','','To surface local country difference blood yeah.','','','In Training','','','True','2014-11-13','allen-lara2@example.org','','','','','','','','Suspended','Lara','False','','','','Area actually director else similar where.','','Website development','Initial Inquiry','English','Allen','Threat us away. For weight protect. Mind read throw letter party green.','Active','Team Facilitator Certification','George-Gentry','Spanish','812-954-2132x3339','Trainer;Client','Heart.','Specify','','','','','Onboarding','','','','','','','','','','','True','','','','','Narcolepsy Alert','In Training','Active Projects- Community Outreach and Education','','','','','a_lara1969@example.org','allen-lara2@example.org','Home','Personal','','False','Home','a+lara1963@example.com','951.404.8717x031','0.0','9243.0','1977','2022-03-20','10007.0','0.0','2021-12-18','0.0','2021-08-17','Month between simply at purpose radio series. Per above fly security seem process worry.','Specific information player official again kid change.','0.0','2022-02-21','2021-08-07','Household__c.Formal_Greeting__c','0.0','0.0','0.0','0.0','0.0','0.0','0.0','0.0','0.0','0.0','0.0','70122.0','68360.0','19461.0','44032.0','0.0','0.0','False','False','True','False','False','41337.0','2022-04-08','49783.0','2021-08-22','91235.0','','55893.0','98735.0','93844.0','14042.0','89496.0','0.0','False','49','','','','','');
INSERT INTO "Contact" VALUES(93,'','','','','','','','Active','','','','','','Must rather soldier security add your idea.','','','In Training','','','True','2012-09-01','kent.ritter@example.com','','','','','','','','None','Ritter','False','','','','Ball expect do visit mention. Street body many. Subject rise what sing carry.','','Sales','None','English','Kent','Animal agency return analysis hotel series. Green voice Mr.','None','Teams Set in Motion Program','Lawson-Perry','Spanish','1774436989','Trainer;Client','American.','Specify','','','','','Certified','','','','','','','','','','','True','','','','','Narcolepsy Alert','Suspended','Active Projects- Fund Development','','','','','k+ritter@example.net','kent.ritter@example.com','Home','Personal','','False','Other','k.ritter58@example.net','556.100.9338','0.0','72760.0','1985','2021-10-25','82855.0','0.0','2021-08-16','0.0','2022-04-07','Three list put. Girl remain its we.','On thousand shoulder choice. Far head choose admit. Center science choice next affect son I.','0.0','2021-07-11','2022-05-16','Household__c.Formal_Greeting__c','0.0','0.0','0.0','0.0','0.0','0.0','0.0','0.0','0.0','0.0','0.0','81411.0','27889.0','59900.0','45098.0','0.0','0.0','False','False','True','False','False','5003.0','2021-08-07','81812.0','2022-04-01','47844.0','','37507.0','92842.0','96092.0','451.0','4780.0','0.0','False','49','','','','','');
INSERT INTO "Contact" VALUES(94,'','','','','','','','','','','','','','','','','','','','False','','ja_webb9@example.com','','','','','','','','','Webb','False','','','','','','','','','Jamie','','','','','','001-285-432-6519x76338','','','','','','','','','','','','','','','','','','','False','','','','','','','','','','','','jamie-webb7@example.com','ja_webb9@example.com','Home','Personal','','False','Other','ja_webb0@example.org','001-885-536-9338','0.0','','','','','0.0','','0.0','','','','0.0','','','','0.0','0.0','0.0','0.0','0.0','0.0','0.0','0.0','0.0','0.0','0.0','','','','','0.0','0.0','False','False','False','False','False','','','','','','','','','','','','0.0','False','58','','','','','');
INSERT INTO "Contact" VALUES(95,'','','','','','','','','','','','','','','','','','','','False','','darin.decker08@example.org','','','','','','','','','Decker','False','','','','','','','','','Darin','','','','','','683.754.0250','','','','','','','','','','','','','','','','','','','False','','','','','','','','','','','','da_decker1970@example.com','darin.decker08@example.org','Home','Personal','','False','Work','da-decker@example.com','985.030.4068x615','0.0','','','','','0.0','','0.0','','','','0.0','','','','0.0','0.0','0.0','0.0','0.0','0.0','0.0','0.0','0.0','0.0','0.0','','','','','0.0','0.0','False','False','False','False','False','','','','','','','','','','','','0.0','False','58','','','','','');
INSERT INTO "Contact" VALUES(96,'','','','','','','','Onboarding','','','','','','Democrat three less.','','','Certified','','','False','2009-10-10','b+gamble1@example.net','','','','','','','','Onboarding','Gamble','False','','','','Seem national unit resource red career. Many would respond week true bag. Whom father husband dream.','','Disability Advocacy','Onboarding','English','Bernard','Cultural per explain mission cover. Receive myself finish study home. Article exist military seek.','Active','Sponsorship/Donations','Haas, Ball and Coleman','Spanish','2073054012','Team Facilitator','Describe.','She/Her','','','','','Onboarding','','','','','','','','','','','True','','','','','Hearing Alert','Suspended','Board','','','','','be.gamble@example.com','b+gamble1@example.net','Home','Personal','','False','Work','bernardgamble0@example.org','948-996-1324x4572','0.0','40104.0','1985','2022-02-25','86572.0','0.0','2021-12-16','0.0','2022-02-24','Free take easy near after music. Anyone include assume man.','Speech million laugh management like office.','0.0','2022-05-07','2022-03-24','Household__c.Informal_Greeting__c','0.0','0.0','0.0','0.0','0.0','0.0','0.0','0.0','0.0','0.0','0.0','73642.0','45124.0','60044.0','77792.0','0.0','0.0','False','False','False','True','False','68372.0','2022-03-16','71027.0','2021-09-11','52362.0','','43007.0','52984.0','8664.0','42945.0','54998.0','0.0','False','58','','','','','');
INSERT INTO "Contact" VALUES(97,'','','','','','','','None','','','','','','Event call Democrat current business soldier need.','','','Onboarding','','','True','2020-05-31','d+hanson1988@example.net','','','','','','','','Onboarding','Hanson','False','','','','Fact woman rich may race discussion important. Together example necessary choose play skill.','','Website development','Onboarding','English','Drew','Mrs everyone their really. Part answer forget.','Inactive','Team Facilitator Certification','Tate and Sons','French','(265)902-6495','Team Facilitator','Meeting.','They/Them','','','','','Inactive','','','','','','','','','','','False','','','','','Psychiatric;Autism','Initial Inquiry','Active Projects- Volunteer Recruitment and Retention','','','','','drhanson0@example.net','d+hanson1988@example.net','Home','Personal','','False','Home','d.hanson89@example.com','001-743-763-9254x3067','0.0','85388.0','2020','2021-12-12','31535.0','0.0','2021-08-10','0.0','2021-08-16','Impact lose former couple across time family.','Describe market away they analysis boy. Property receive modern send leg maybe claim.','0.0','2021-10-11','2021-11-27','Household__c.Name','0.0','0.0','0.0','0.0','0.0','0.0','0.0','0.0','0.0','0.0','0.0','65977.0','24454.0','34919.0','28042.0','0.0','0.0','False','False','False','False','True','11399.0','2022-01-21','12613.0','2021-11-09','22431.0','','46621.0','48220.0','30436.0','25193.0','66958.0','0.0','False','58','','','','','');
INSERT INTO "Contact" VALUES(98,'','','','','','','','None','','','','','','Foreign heavy structure.','','','Inactive','','','False','2001-09-23','c-pugh5@example.org','','','','','','','','Certified','Pugh','False','','','','Reflect analysis prepare daughter. Up knowledge from will. Public shake take all.','','Marketing and Branding','Initial Inquiry','English','Carrie','Significant majority service religious month low property. Break perform out glass.','Inactive','Team Facilitator Certification','Branch, Meyers and Carroll','Portuguese','528.134.8033x2481','Staff','Student.','She/Her','','','','','Onboarding','','','','','','','','','','','True','','','','','Mobility','Onboarding','Active Projects- Community Outreach and Education','','','','','c-pugh@example.org','c-pugh5@example.org','Home','Personal','','False','Work','ca_pugh@example.net','(059)044-2783x5074','0.0','77652.0','1987','2022-03-17','9905.0','0.0','2021-09-16','0.0','2022-06-06','Any cost with person benefit purpose detail. Unit system away possible what.','Center thousand production else. Scene use prepare.','0.0','2021-08-17','2022-05-02','Household__c.Formal_Greeting__c','0.0','0.0','0.0','0.0','0.0','0.0','0.0','0.0','0.0','0.0','0.0','28711.0','34855.0','63318.0','53285.0','0.0','0.0','False','False','True','False','False','40860.0','2021-10-23','35517.0','2021-07-12','76872.0','','70213.0','17403.0','69306.0','72228.0','50365.0','0.0','False','58','','','','','');
CREATE TABLE "ContinuingEducationUnit__c" (
	id INTEGER NOT NULL, 
	"AuthorityOther__c" VARCHAR(255), 
	"Authority__c" VARCHAR(255), 
	"Comments__c" VARCHAR(255), 
	"DateCompleted__c" VARCHAR(255), 
	"DateSubmitted__c" VARCHAR(255), 
	"Name" VARCHAR(255), 
	"ProgramDate__c" VARCHAR(255), 
	"ProgramHours__c" VARCHAR(255), 
	"ProgramTitle__c" VARCHAR(255), 
	"Quantity__c" VARCHAR(255), 
	"Role__c" VARCHAR(255), 
	"Status__c" VARCHAR(255), 
	"Trainer__c" VARCHAR(255), 
	PRIMARY KEY (id)
);
INSERT INTO "ContinuingEducationUnit__c" VALUES(1,'Zavala Inc','Atlas','Month law past generation day word just.','2021-10-10','2019-02-21','Sharable explicit task-force','2018-09-30','813.0','Managed user-facing model','15.0','Attendee','Denied','79');
INSERT INTO "ContinuingEducationUnit__c" VALUES(2,'Brown LLC','CCPDT','Ball it find yard.','2007-07-26','2003-03-26','Visionary contextually-based service-desk','2001-07-29','926.0','Fundamental fresh-thinking focus group','7.0','Attendee','Pending','26');
INSERT INTO "ContinuingEducationUnit__c" VALUES(3,'Riley-Frye','KPA','Do recognize the ok development imagine check.','2009-02-26','2003-11-15','Polarized fault-tolerant contingency','2004-08-04','1487.0','Quality-focused asymmetric moderator','3.0','Attendee','Denied','49');
INSERT INTO "ContinuingEducationUnit__c" VALUES(4,'Ortega-Roach','Atlas','Letter whatever marriage wide girl.','2015-07-28','2009-10-08','Business-focused bi-directional model','2010-03-28','1743.0','Integrated 24/7 functionalities','10.0','Attendee','Approved','2');
CREATE TABLE "DogRelationship__c" (
	id INTEGER NOT NULL, 
	"Type__c" VARCHAR(255), 
	"Contact__c" VARCHAR(255), 
	"Dog__c" VARCHAR(255), 
	PRIMARY KEY (id)
);
INSERT INTO "DogRelationship__c" VALUES(1,'Owner','','2');
INSERT INTO "DogRelationship__c" VALUES(2,'Owner','50','3');
INSERT INTO "DogRelationship__c" VALUES(3,'Client','54','3');
INSERT INTO "DogRelationship__c" VALUES(4,'Client','55','3');
INSERT INTO "DogRelationship__c" VALUES(5,'Veterinarian','15','1');
INSERT INTO "DogRelationship__c" VALUES(6,'Veterinarian','61','3');
INSERT INTO "DogRelationship__c" VALUES(7,'Owner','68','1');
INSERT INTO "DogRelationship__c" VALUES(8,'Client','71','4');
INSERT INTO "DogRelationship__c" VALUES(9,'Owner','74','4');
INSERT INTO "DogRelationship__c" VALUES(10,'Breeder','75','4');
INSERT INTO "DogRelationship__c" VALUES(11,'Veterinarian','88','4');
INSERT INTO "DogRelationship__c" VALUES(12,'Client','95','1');
INSERT INTO "DogRelationship__c" VALUES(13,'Client','26','2');
INSERT INTO "DogRelationship__c" VALUES(14,'Veterinarian','35','2');
INSERT INTO "DogRelationship__c" VALUES(15,'Client','22','2');
INSERT INTO "DogRelationship__c" VALUES(16,'Client','10','1');
CREATE TABLE "Dog__c" (
	id INTEGER NOT NULL, 
	"ActivationDate__c" VARCHAR(255), 
	"Birthdate__c" VARCHAR(255), 
	"Breed__c" VARCHAR(255), 
	"Gender__c" VARCHAR(255), 
	"HealthFormReceived__c" VARCHAR(255), 
	"LatestPhysicalExamOutcome__c" VARCHAR(255), 
	"MicrochipNumber__c" VARCHAR(255), 
	"Name" VARCHAR(255), 
	"Notes__c" VARCHAR(255), 
	"PhysicalExamDue__c" VARCHAR(255), 
	"Picture__c" VARCHAR(255), 
	"Program__c" VARCHAR(255), 
	"SpayedNeutered__c" VARCHAR(255), 
	"Status__c" VARCHAR(255), 
	"VacExamsReceived__c" VARCHAR(255), 
	"VaccineDueDistemper__c" VARCHAR(255), 
	"VaccineDueHepatitis__c" VARCHAR(255), 
	"VaccineDueParainfluenza__c" VARCHAR(255), 
	"VaccineDueParvovirus__c" VARCHAR(255), 
	"VaccineDueRabies__c" VARCHAR(255), 
	"XrayReceived__c" VARCHAR(255), 
	"VetClinic__c" VARCHAR(255), 
	PRIMARY KEY (id)
);
INSERT INTO "Dog__c" VALUES(1,'2014-04-24','2014-10-10','Bernese Mountain Dogs','Male','','Pass','0-609-84555-1','Rocco','Ago fund audience rock stage. Wind why agent or staff. Modern rise hair special customer pressure.','2022-03-25','https://placeimg.com/60/60/any','Team Certification','False','Decertified','','2020-08-06','2022-08-01','2021-05-22','2022-11-02','2019-07-25','','68');
INSERT INTO "Dog__c" VALUES(2,'2006-09-14','2018-07-19','Miniature Schnauzer','Female','','Fail','1-152-22798-X','Penny','Trouble close agent baby foot. Condition very hospital. Area sport pass work drive.','2022-12-29','https://placekitten.com/60/60','Assistance Dogs Set In Motion','True','Inactive','','2022-05-06','2021-05-12','2020-11-17','2021-10-28','2021-09-03','','8');
INSERT INTO "Dog__c" VALUES(3,'2001-08-25','2000-11-15','Lhasa Apso','Male','','Pass','0-568-26393-6','Spike','Member serve life should middle building. Popular pass north child arm point six.','2022-11-17','https://dummyimage.com/60x60','Assistance Dogs Set In Motion','True','Inactive','','2021-02-22','2021-12-07','2020-09-04','2022-08-22','2019-04-10','','28');
INSERT INTO "Dog__c" VALUES(4,'2008-04-26','2022-04-30','American Staffordshire Terrier','Male','','Fail','1-57803-905-3','Jack','Property hair goal always whose present. Part discuss page. Do increase wall believe game process vote. Bad without first thing benefit within.','2022-08-30','https://placekitten.com/60/60','Assistance Dogs Set In Motion','True','In Training','','2021-11-06','2022-10-31','2021-08-18','2021-02-26','2021-01-22','','48');
CREATE TABLE "GW_Volunteers__Volunteer_Job__c" (
	id INTEGER NOT NULL, 
	"GW_Volunteers__Description__c" VARCHAR(255), 
	"GW_Volunteers__Skills_Needed__c" VARCHAR(255), 
	"GW_Volunteers__Ongoing__c" VARCHAR(255), 
	"Name" VARCHAR(255), 
	"GW_Volunteers__Campaign__c" VARCHAR(255), 
	PRIMARY KEY (id)
);
INSERT INTO "GW_Volunteers__Volunteer_Job__c" VALUES(1,'Academy decscription','Marketing and Branding','True','Academy','1');
INSERT INTO "GW_Volunteers__Volunteer_Job__c" VALUES(2,'ADI Accreditation decscription','Writing/Communications','True','ADI Accreditation','1');
INSERT INTO "GW_Volunteers__Volunteer_Job__c" VALUES(3,'Branding and Marketing decscription','Marketing and Branding','True','Branding and Marketing','1');
INSERT INTO "GW_Volunteers__Volunteer_Job__c" VALUES(4,'Client Certification decscription','Writing/Communications','True','Client Certification','1');
INSERT INTO "GW_Volunteers__Volunteer_Job__c" VALUES(5,'Client Operations','Administration','True','Client Operations','1');
INSERT INTO "GW_Volunteers__Volunteer_Job__c" VALUES(6,'Financial Operations','Financial/Bookkeeping','True','Financial Operations','1');
INSERT INTO "GW_Volunteers__Volunteer_Job__c" VALUES(7,'Fund Development','Fundraising/Grants','True','Fund Development','1');
INSERT INTO "GW_Volunteers__Volunteer_Job__c" VALUES(8,'Governance and Compliance and Operations','Legal','True','Governance and Compliance and Operations','1');
INSERT INTO "GW_Volunteers__Volunteer_Job__c" VALUES(9,'Operations Master Docs','Writing/Communications','True','Operations Master Docs','1');
INSERT INTO "GW_Volunteers__Volunteer_Job__c" VALUES(10,'Research and Development','Dog Training/Behavior/Veterinary','True','Research and Development','1');
INSERT INTO "GW_Volunteers__Volunteer_Job__c" VALUES(11,'Scholarships','Fundraising/Grants','True','Scholarships','1');
INSERT INTO "GW_Volunteers__Volunteer_Job__c" VALUES(12,'State Registration','Legal','True','State Registration','1');
INSERT INTO "GW_Volunteers__Volunteer_Job__c" VALUES(13,'Team Facilitator Certification','Administration','True','Team Facilitator Certification','1');
INSERT INTO "GW_Volunteers__Volunteer_Job__c" VALUES(14,'Team Facilitator Operations','Administration','True','Team Facilitator Operations','1');
INSERT INTO "GW_Volunteers__Volunteer_Job__c" VALUES(15,'Technology Infrastructure','Technology/Infrastructure','True','Technology Infrastructure','1');
INSERT INTO "GW_Volunteers__Volunteer_Job__c" VALUES(16,'Trainer Certification','Dog Training/Behavior/Veterinary','True','Trainer Certification','1');
INSERT INTO "GW_Volunteers__Volunteer_Job__c" VALUES(17,'Volunteer and Staff Operations','Administration','True','Volunteer and Staff Operations','1');
INSERT INTO "GW_Volunteers__Volunteer_Job__c" VALUES(18,'Volunteer Recruitment and Retention','Outreach/Networking','True','Volunteer Recruitment and Retention','1');
INSERT INTO "GW_Volunteers__Volunteer_Job__c" VALUES(19,'Academy-Content Creator','Education/Course Development','True','Academy-Content Creator','1');
INSERT INTO "GW_Volunteers__Volunteer_Job__c" VALUES(20,'Academy-Content Editor','Education/Course Development','True','Academy-Content Editor','1');
INSERT INTO "GW_Volunteers__Volunteer_Job__c" VALUES(21,'Marketing- Graphic Design','Graphic Design','True','Marketing- Graphic Design','1');
INSERT INTO "GW_Volunteers__Volunteer_Job__c" VALUES(22,'Marketing- Video','Photography/Videography','True','Marketing- Video','1');
INSERT INTO "GW_Volunteers__Volunteer_Job__c" VALUES(23,'Marketing- Photo','Photography/Videography','True','Marketing- Photo','1');
INSERT INTO "GW_Volunteers__Volunteer_Job__c" VALUES(24,'Marketing- Writing','Writing/Communications','True','Marketing- Writing','1');
INSERT INTO "GW_Volunteers__Volunteer_Job__c" VALUES(25,'Marketing- Leadership','Marketing and Branding','True','Marketing- Leadership','1');
INSERT INTO "GW_Volunteers__Volunteer_Job__c" VALUES(26,'Marketing- SEO','SEO','True','Marketing- SEO','1');
INSERT INTO "GW_Volunteers__Volunteer_Job__c" VALUES(27,'Marketing- Website','Website development','True','Marketing- Website','1');
INSERT INTO "GW_Volunteers__Volunteer_Job__c" VALUES(28,'Community Outreach and Education','Outreach/Networking','True','Community Outreach and Education','1');
INSERT INTO "GW_Volunteers__Volunteer_Job__c" VALUES(29,'Dog Availability','Administration','True','Dog Availability','1');
INSERT INTO "GW_Volunteers__Volunteer_Job__c" VALUES(30,'Marketing- Sales','Sales','True','Marketing- Sales','1');
INSERT INTO "GW_Volunteers__Volunteer_Job__c" VALUES(31,'Marketing- Events','Project/Program Management','True','Marketing- Events','1');
INSERT INTO "GW_Volunteers__Volunteer_Job__c" VALUES(32,'Administrative- Client','Administration','True','Administrative- Client','1');
INSERT INTO "GW_Volunteers__Volunteer_Job__c" VALUES(33,'Administrative- Volunteer','Administration','True','Administrative- Volunteer','1');
INSERT INTO "GW_Volunteers__Volunteer_Job__c" VALUES(34,'Administrative- Trainer','Administration','True','Administrative- Trainer','1');
INSERT INTO "GW_Volunteers__Volunteer_Job__c" VALUES(35,'Administrative- General','Administration','True','Administrative- General','1');
INSERT INTO "GW_Volunteers__Volunteer_Job__c" VALUES(36,'Administrative- Technology','Administration','True','Administrative- Technology','1');
INSERT INTO "GW_Volunteers__Volunteer_Job__c" VALUES(37,'Outreach- Clients','Outreach/Networking','True','Outreach- Clients','1');
INSERT INTO "GW_Volunteers__Volunteer_Job__c" VALUES(38,'Outreach- Disability Orgs','Outreach/Networking','True','Outreach- Disability Orgs','1');
INSERT INTO "GW_Volunteers__Volunteer_Job__c" VALUES(39,'Outreach- Dogs','Outreach/Networking','True','Outreach- Dogs','1');
INSERT INTO "GW_Volunteers__Volunteer_Job__c" VALUES(40,'Outreach- Veterinarians','Outreach/Networking','True','Outreach- Veterinarians','1');
INSERT INTO "GW_Volunteers__Volunteer_Job__c" VALUES(41,'Outreach- Medical Providers','Outreach/Networking','True','Outreach- Medical Providers','1');
INSERT INTO "GW_Volunteers__Volunteer_Job__c" VALUES(42,'Outreach- Diversity','Outreach/Networking','True','Outreach- Diversity','1');
INSERT INTO "GW_Volunteers__Volunteer_Job__c" VALUES(43,'Marketing- Advertising','Marketing and Branding','True','Marketing- Advertising','1');
INSERT INTO "GW_Volunteers__Volunteer_Job__c" VALUES(44,'Academy decscription','Marketing and Branding','True','Academy','2');
INSERT INTO "GW_Volunteers__Volunteer_Job__c" VALUES(45,'ADI Accreditation decscription','Writing/Communications','True','ADI Accreditation','2');
INSERT INTO "GW_Volunteers__Volunteer_Job__c" VALUES(46,'Branding and Marketing decscription','Marketing and Branding','True','Branding and Marketing','2');
INSERT INTO "GW_Volunteers__Volunteer_Job__c" VALUES(47,'Client Certification decscription','Writing/Communications','True','Client Certification','2');
INSERT INTO "GW_Volunteers__Volunteer_Job__c" VALUES(48,'Client Operations','Administration','True','Client Operations','2');
INSERT INTO "GW_Volunteers__Volunteer_Job__c" VALUES(49,'Community Outreach and Education','Outreach/Networking','True','Community Outreach and Education','2');
INSERT INTO "GW_Volunteers__Volunteer_Job__c" VALUES(50,'Dog Availability','Administration','True','Dog Availability','2');
INSERT INTO "GW_Volunteers__Volunteer_Job__c" VALUES(51,'Financial Operations','Financial/Bookkeeping','True','Financial Operations','2');
INSERT INTO "GW_Volunteers__Volunteer_Job__c" VALUES(52,'Fund Development','Fundraising/Grants','True','Fund Development','2');
INSERT INTO "GW_Volunteers__Volunteer_Job__c" VALUES(53,'Governance and Compliance and Operations','Legal','True','Governance and Compliance and Operations','2');
INSERT INTO "GW_Volunteers__Volunteer_Job__c" VALUES(54,'Operations Master Docs','Writing/Communications','True','Operations Master Docs','2');
INSERT INTO "GW_Volunteers__Volunteer_Job__c" VALUES(55,'Research and Development','Dog Training/Behavior/Veterinary','True','Research and Development','2');
INSERT INTO "GW_Volunteers__Volunteer_Job__c" VALUES(56,'Scholarships','Fundraising/Grants','True','Scholarships','2');
INSERT INTO "GW_Volunteers__Volunteer_Job__c" VALUES(57,'State Registration','Legal','True','State Registration','2');
INSERT INTO "GW_Volunteers__Volunteer_Job__c" VALUES(58,'Team Facilitator Certification','Administration','True','Team Facilitator Certification','2');
INSERT INTO "GW_Volunteers__Volunteer_Job__c" VALUES(59,'Team Facilitator Operations','Administration','True','Team Facilitator Operations','2');
INSERT INTO "GW_Volunteers__Volunteer_Job__c" VALUES(60,'Volunteer and Staff Operations','Administration','True','Volunteer and Staff Operations','2');
INSERT INTO "GW_Volunteers__Volunteer_Job__c" VALUES(61,'Volunteer Recruitment and Retention','Outreach/Networking','True','Volunteer Recruitment and Retention','2');
INSERT INTO "GW_Volunteers__Volunteer_Job__c" VALUES(62,'Academy-Content Creator','Education/Course Development','True','Academy-Content Creator','2');
INSERT INTO "GW_Volunteers__Volunteer_Job__c" VALUES(63,'Academy-Content Editor','Education/Course Development','True','Academy-Content Editor','2');
INSERT INTO "GW_Volunteers__Volunteer_Job__c" VALUES(64,'Marketing- Graphic Design','Graphic Design','True','Marketing- Graphic Design','2');
INSERT INTO "GW_Volunteers__Volunteer_Job__c" VALUES(65,'Marketing- Video','Photography/Videography','True','Marketing- Video','2');
INSERT INTO "GW_Volunteers__Volunteer_Job__c" VALUES(66,'Marketing- Photo','Photography/Videography','True','Marketing- Photo','2');
INSERT INTO "GW_Volunteers__Volunteer_Job__c" VALUES(67,'Marketing- Writing','Writing/Communications','True','Marketing- Writing','2');
INSERT INTO "GW_Volunteers__Volunteer_Job__c" VALUES(68,'Marketing- Leadership','Marketing and Branding','True','Marketing- Leadership','2');
INSERT INTO "GW_Volunteers__Volunteer_Job__c" VALUES(69,'Marketing- SEO','SEO','True','Marketing- SEO','2');
INSERT INTO "GW_Volunteers__Volunteer_Job__c" VALUES(70,'Marketing- Website','Website development','True','Marketing- Website','2');
INSERT INTO "GW_Volunteers__Volunteer_Job__c" VALUES(71,'Marketing- Sales','Sales','True','Marketing- Sales','2');
INSERT INTO "GW_Volunteers__Volunteer_Job__c" VALUES(72,'Marketing- Advertising','Marketing and Branding','True','Marketing- Advertising','2');
INSERT INTO "GW_Volunteers__Volunteer_Job__c" VALUES(73,'Marketing- Events','Project/Program Management','True','Marketing- Events','2');
INSERT INTO "GW_Volunteers__Volunteer_Job__c" VALUES(74,'Administrative- Client','Administration','True','Administrative- Client','2');
INSERT INTO "GW_Volunteers__Volunteer_Job__c" VALUES(75,'Administrative- Volunteer','Administration','True','Administrative- Volunteer','2');
INSERT INTO "GW_Volunteers__Volunteer_Job__c" VALUES(76,'Administrative- Trainer','Administration','True','Administrative- Trainer','2');
INSERT INTO "GW_Volunteers__Volunteer_Job__c" VALUES(77,'Administrative- General','Administration','True','Administrative- General','2');
INSERT INTO "GW_Volunteers__Volunteer_Job__c" VALUES(78,'Administrative- Technology','Administration','True','Administrative- Technology','2');
INSERT INTO "GW_Volunteers__Volunteer_Job__c" VALUES(79,'Outreach- Clients','Outreach/Networking','True','Outreach- Clients','2');
INSERT INTO "GW_Volunteers__Volunteer_Job__c" VALUES(80,'Outreach- Disability Orgs','Outreach/Networking','True','Outreach- Disability Orgs','2');
INSERT INTO "GW_Volunteers__Volunteer_Job__c" VALUES(81,'Outreach- Dogs','Outreach/Networking','True','Outreach- Dogs','2');
INSERT INTO "GW_Volunteers__Volunteer_Job__c" VALUES(82,'Outreach- Veterinarians','Outreach/Networking','True','Outreach- Veterinarians','2');
INSERT INTO "GW_Volunteers__Volunteer_Job__c" VALUES(83,'Outreach- Medical Providers','Outreach/Networking','True','Outreach- Medical Providers','2');
INSERT INTO "GW_Volunteers__Volunteer_Job__c" VALUES(84,'Outreach- Diversity','Outreach/Networking','True','Outreach- Diversity','2');
INSERT INTO "GW_Volunteers__Volunteer_Job__c" VALUES(85,'Academy decscription','Marketing and Branding','True','Academy','2');
INSERT INTO "GW_Volunteers__Volunteer_Job__c" VALUES(86,'ADI Accreditation decscription','Writing/Communications','True','ADI Accreditation','2');
INSERT INTO "GW_Volunteers__Volunteer_Job__c" VALUES(87,'Branding and Marketing decscription','Marketing and Branding','True','Branding and Marketing','2');
INSERT INTO "GW_Volunteers__Volunteer_Job__c" VALUES(88,'Client Certification decscription','Writing/Communications','True','Client Certification','2');
INSERT INTO "GW_Volunteers__Volunteer_Job__c" VALUES(89,'Technology Infrastructure','Technology/Infrastructure','True','Technology Infrastructure','2');
INSERT INTO "GW_Volunteers__Volunteer_Job__c" VALUES(90,'Trainer Certification','Dog Training/Behavior/Veterinary','True','Trainer Certification','2');
INSERT INTO "GW_Volunteers__Volunteer_Job__c" VALUES(91,'Client Operations','Administration','True','Client Operations','2');
INSERT INTO "GW_Volunteers__Volunteer_Job__c" VALUES(92,'Fund Development','Fundraising/Grants','True','Fund Development','2');
INSERT INTO "GW_Volunteers__Volunteer_Job__c" VALUES(93,'Governance and Compliance and Operations','Legal','True','Governance and Compliance and Operations','2');
INSERT INTO "GW_Volunteers__Volunteer_Job__c" VALUES(94,'Operations Master Docs','Writing/Communications','True','Operations Master Docs','2');
INSERT INTO "GW_Volunteers__Volunteer_Job__c" VALUES(95,'Research and Development','Dog Training/Behavior/Veterinary','True','Research and Development','2');
INSERT INTO "GW_Volunteers__Volunteer_Job__c" VALUES(96,'Scholarships','Fundraising/Grants','True','Scholarships','2');
INSERT INTO "GW_Volunteers__Volunteer_Job__c" VALUES(97,'State Registration','Legal','True','State Registration','2');
INSERT INTO "GW_Volunteers__Volunteer_Job__c" VALUES(98,'Team Facilitator Certification','Administration','True','Team Facilitator Certification','2');
INSERT INTO "GW_Volunteers__Volunteer_Job__c" VALUES(99,'Team Facilitator Operations','Administration','True','Team Facilitator Operations','2');
INSERT INTO "GW_Volunteers__Volunteer_Job__c" VALUES(100,'Technology Infrastructure','Technology/Infrastructure','True','Technology Infrastructure','2');
INSERT INTO "GW_Volunteers__Volunteer_Job__c" VALUES(101,'Trainer Certification','Dog Training/Behavior/Veterinary','True','Trainer Certification','2');
INSERT INTO "GW_Volunteers__Volunteer_Job__c" VALUES(102,'Volunteer and Staff Operations','Administration','True','Volunteer and Staff Operations','2');
INSERT INTO "GW_Volunteers__Volunteer_Job__c" VALUES(103,'Volunteer Recruitment and Retention','Outreach/Networking','True','Volunteer Recruitment and Retention','2');
INSERT INTO "GW_Volunteers__Volunteer_Job__c" VALUES(104,'Academy-Content Creator','Education/Course Development','True','Academy-Content Creator','2');
INSERT INTO "GW_Volunteers__Volunteer_Job__c" VALUES(105,'Academy-Content Editor','Education/Course Development','True','Academy-Content Editor','2');
INSERT INTO "GW_Volunteers__Volunteer_Job__c" VALUES(106,'Marketing- Graphic Design','Graphic Design','True','Marketing- Graphic Design','2');
INSERT INTO "GW_Volunteers__Volunteer_Job__c" VALUES(107,'Marketing- Video','Photography/Videography','True','Marketing- Video','2');
INSERT INTO "GW_Volunteers__Volunteer_Job__c" VALUES(108,'Marketing- Photo','Photography/Videography','True','Marketing- Photo','2');
INSERT INTO "GW_Volunteers__Volunteer_Job__c" VALUES(109,'Marketing- Writing','Writing/Communications','True','Marketing- Writing','2');
INSERT INTO "GW_Volunteers__Volunteer_Job__c" VALUES(110,'Marketing- Leadership','Marketing and Branding','True','Marketing- Leadership','2');
INSERT INTO "GW_Volunteers__Volunteer_Job__c" VALUES(111,'Marketing- SEO','SEO','True','Marketing- SEO','2');
INSERT INTO "GW_Volunteers__Volunteer_Job__c" VALUES(112,'Community Outreach and Education','Outreach/Networking','True','Community Outreach and Education','2');
INSERT INTO "GW_Volunteers__Volunteer_Job__c" VALUES(113,'Dog Availability','Administration','True','Dog Availability','2');
INSERT INTO "GW_Volunteers__Volunteer_Job__c" VALUES(114,'Financial Operations','Financial/Bookkeeping','True','Financial Operations','2');
INSERT INTO "GW_Volunteers__Volunteer_Job__c" VALUES(115,'Marketing- Website','Website development','True','Marketing- Website','2');
INSERT INTO "GW_Volunteers__Volunteer_Job__c" VALUES(116,'Administrative- Client','Administration','True','Administrative- Client','2');
INSERT INTO "GW_Volunteers__Volunteer_Job__c" VALUES(117,'Administrative- Volunteer','Administration','True','Administrative- Volunteer','2');
INSERT INTO "GW_Volunteers__Volunteer_Job__c" VALUES(118,'Administrative- Trainer','Administration','True','Administrative- Trainer','2');
INSERT INTO "GW_Volunteers__Volunteer_Job__c" VALUES(119,'Administrative- General','Administration','True','Administrative- General','2');
INSERT INTO "GW_Volunteers__Volunteer_Job__c" VALUES(120,'Administrative- Technology','Administration','True','Administrative- Technology','2');
INSERT INTO "GW_Volunteers__Volunteer_Job__c" VALUES(121,'Outreach- Clients','Outreach/Networking','True','Outreach- Clients','2');
INSERT INTO "GW_Volunteers__Volunteer_Job__c" VALUES(122,'Outreach- Disability Orgs','Outreach/Networking','True','Outreach- Disability Orgs','2');
INSERT INTO "GW_Volunteers__Volunteer_Job__c" VALUES(123,'Outreach- Dogs','Outreach/Networking','True','Outreach- Dogs','2');
INSERT INTO "GW_Volunteers__Volunteer_Job__c" VALUES(124,'Outreach- Veterinarians','Outreach/Networking','True','Outreach- Veterinarians','2');
INSERT INTO "GW_Volunteers__Volunteer_Job__c" VALUES(125,'Outreach- Medical Providers','Outreach/Networking','True','Outreach- Medical Providers','2');
INSERT INTO "GW_Volunteers__Volunteer_Job__c" VALUES(126,'Outreach- Diversity','Outreach/Networking','True','Outreach- Diversity','2');
INSERT INTO "GW_Volunteers__Volunteer_Job__c" VALUES(127,'Academy decscription','Marketing and Branding','True','Academy','2');
INSERT INTO "GW_Volunteers__Volunteer_Job__c" VALUES(128,'ADI Accreditation decscription','Writing/Communications','True','ADI Accreditation','2');
INSERT INTO "GW_Volunteers__Volunteer_Job__c" VALUES(129,'Branding and Marketing decscription','Marketing and Branding','True','Branding and Marketing','2');
INSERT INTO "GW_Volunteers__Volunteer_Job__c" VALUES(130,'Client Certification decscription','Writing/Communications','True','Client Certification','2');
INSERT INTO "GW_Volunteers__Volunteer_Job__c" VALUES(131,'Client Operations','Administration','True','Client Operations','2');
INSERT INTO "GW_Volunteers__Volunteer_Job__c" VALUES(132,'Community Outreach and Education','Outreach/Networking','True','Community Outreach and Education','2');
INSERT INTO "GW_Volunteers__Volunteer_Job__c" VALUES(133,'Dog Availability','Administration','True','Dog Availability','2');
INSERT INTO "GW_Volunteers__Volunteer_Job__c" VALUES(134,'Financial Operations','Financial/Bookkeeping','True','Financial Operations','2');
INSERT INTO "GW_Volunteers__Volunteer_Job__c" VALUES(135,'Fund Development','Fundraising/Grants','True','Fund Development','2');
INSERT INTO "GW_Volunteers__Volunteer_Job__c" VALUES(136,'Governance and Compliance and Operations','Legal','True','Governance and Compliance and Operations','2');
INSERT INTO "GW_Volunteers__Volunteer_Job__c" VALUES(137,'Operations Master Docs','Writing/Communications','True','Operations Master Docs','2');
INSERT INTO "GW_Volunteers__Volunteer_Job__c" VALUES(138,'Research and Development','Dog Training/Behavior/Veterinary','True','Research and Development','2');
INSERT INTO "GW_Volunteers__Volunteer_Job__c" VALUES(139,'Scholarships','Fundraising/Grants','True','Scholarships','2');
INSERT INTO "GW_Volunteers__Volunteer_Job__c" VALUES(140,'State Registration','Legal','True','State Registration','2');
INSERT INTO "GW_Volunteers__Volunteer_Job__c" VALUES(141,'Team Facilitator Certification','Administration','True','Team Facilitator Certification','2');
INSERT INTO "GW_Volunteers__Volunteer_Job__c" VALUES(142,'Marketing- Sales','Sales','True','Marketing- Sales','2');
INSERT INTO "GW_Volunteers__Volunteer_Job__c" VALUES(143,'Marketing- Advertising','Marketing and Branding','True','Marketing- Advertising','2');
INSERT INTO "GW_Volunteers__Volunteer_Job__c" VALUES(144,'Marketing- Events','Project/Program Management','True','Marketing- Events','2');
INSERT INTO "GW_Volunteers__Volunteer_Job__c" VALUES(145,'Team Facilitator Operations','Administration','True','Team Facilitator Operations','2');
INSERT INTO "GW_Volunteers__Volunteer_Job__c" VALUES(146,'Volunteer and Staff Operations','Administration','True','Volunteer and Staff Operations','2');
INSERT INTO "GW_Volunteers__Volunteer_Job__c" VALUES(147,'Volunteer Recruitment and Retention','Outreach/Networking','True','Volunteer Recruitment and Retention','2');
INSERT INTO "GW_Volunteers__Volunteer_Job__c" VALUES(148,'Academy-Content Creator','Education/Course Development','True','Academy-Content Creator','2');
INSERT INTO "GW_Volunteers__Volunteer_Job__c" VALUES(149,'Academy-Content Editor','Education/Course Development','True','Academy-Content Editor','2');
INSERT INTO "GW_Volunteers__Volunteer_Job__c" VALUES(150,'Marketing- Graphic Design','Graphic Design','True','Marketing- Graphic Design','2');
INSERT INTO "GW_Volunteers__Volunteer_Job__c" VALUES(151,'Marketing- Video','Photography/Videography','True','Marketing- Video','2');
INSERT INTO "GW_Volunteers__Volunteer_Job__c" VALUES(152,'Marketing- Photo','Photography/Videography','True','Marketing- Photo','2');
INSERT INTO "GW_Volunteers__Volunteer_Job__c" VALUES(153,'Marketing- Writing','Writing/Communications','True','Marketing- Writing','2');
INSERT INTO "GW_Volunteers__Volunteer_Job__c" VALUES(154,'Marketing- Leadership','Marketing and Branding','True','Marketing- Leadership','2');
INSERT INTO "GW_Volunteers__Volunteer_Job__c" VALUES(155,'Marketing- SEO','SEO','True','Marketing- SEO','2');
INSERT INTO "GW_Volunteers__Volunteer_Job__c" VALUES(156,'Marketing- Website','Website development','True','Marketing- Website','2');
INSERT INTO "GW_Volunteers__Volunteer_Job__c" VALUES(157,'Marketing- Sales','Sales','True','Marketing- Sales','2');
INSERT INTO "GW_Volunteers__Volunteer_Job__c" VALUES(158,'Marketing- Advertising','Marketing and Branding','True','Marketing- Advertising','2');
INSERT INTO "GW_Volunteers__Volunteer_Job__c" VALUES(159,'Marketing- Events','Project/Program Management','True','Marketing- Events','2');
INSERT INTO "GW_Volunteers__Volunteer_Job__c" VALUES(160,'Administrative- Client','Administration','True','Administrative- Client','2');
INSERT INTO "GW_Volunteers__Volunteer_Job__c" VALUES(161,'Administrative- Volunteer','Administration','True','Administrative- Volunteer','2');
INSERT INTO "GW_Volunteers__Volunteer_Job__c" VALUES(162,'Technology Infrastructure','Technology/Infrastructure','True','Technology Infrastructure','2');
INSERT INTO "GW_Volunteers__Volunteer_Job__c" VALUES(163,'Trainer Certification','Dog Training/Behavior/Veterinary','True','Trainer Certification','2');
INSERT INTO "GW_Volunteers__Volunteer_Job__c" VALUES(164,'Administrative- Trainer','Administration','True','Administrative- Trainer','2');
INSERT INTO "GW_Volunteers__Volunteer_Job__c" VALUES(165,'Outreach- Clients','Outreach/Networking','True','Outreach- Clients','2');
INSERT INTO "GW_Volunteers__Volunteer_Job__c" VALUES(166,'Outreach- Disability Orgs','Outreach/Networking','True','Outreach- Disability Orgs','2');
INSERT INTO "GW_Volunteers__Volunteer_Job__c" VALUES(167,'Outreach- Dogs','Outreach/Networking','True','Outreach- Dogs','2');
INSERT INTO "GW_Volunteers__Volunteer_Job__c" VALUES(168,'Outreach- Veterinarians','Outreach/Networking','True','Outreach- Veterinarians','2');
INSERT INTO "GW_Volunteers__Volunteer_Job__c" VALUES(169,'Outreach- Medical Providers','Outreach/Networking','True','Outreach- Medical Providers','2');
INSERT INTO "GW_Volunteers__Volunteer_Job__c" VALUES(170,'Outreach- Diversity','Outreach/Networking','True','Outreach- Diversity','2');
INSERT INTO "GW_Volunteers__Volunteer_Job__c" VALUES(171,'Administrative- General','Administration','True','Administrative- General','2');
INSERT INTO "GW_Volunteers__Volunteer_Job__c" VALUES(172,'Administrative- Technology','Administration','True','Administrative- Technology','2');
CREATE TABLE "Lead" (
	id INTEGER NOT NULL, 
	"City" VARCHAR(255), 
	"Company" VARCHAR(255), 
	"Country" VARCHAR(255), 
	"Email" VARCHAR(255), 
	"FirstName" VARCHAR(255), 
	"GW_Volunteers__Volunteer_Availability__c" VARCHAR(255), 
	"GW_Volunteers__Volunteer_Notes__c" VARCHAR(255), 
	"GW_Volunteers__Volunteer_Skills__c" VARCHAR(255), 
	"GW_Volunteers__Volunteer_Status__c" VARCHAR(255), 
	"IsConverted" VARCHAR(255), 
	"IsUnreadByOwner" VARCHAR(255), 
	"LastName" VARCHAR(255), 
	"LeadInterest__c" VARCHAR(255), 
	"LeadSource" VARCHAR(255), 
	"LeadSourceOther__c" VARCHAR(255), 
	"MobilePhone" VARCHAR(255), 
	"Phone" VARCHAR(255), 
	"PostalCode" VARCHAR(255), 
	"PronounOther__c" VARCHAR(255), 
	"Pronoun__c" VARCHAR(255), 
	"State" VARCHAR(255), 
	"Status" VARCHAR(255), 
	"Street" VARCHAR(255), 
	"npe01__Preferred_Email__c" VARCHAR(255), 
	"npe01__Preferred_Phone__c" VARCHAR(255), 
	"npsp__CompanyCity__c" VARCHAR(255), 
	"npsp__CompanyCountry__c" VARCHAR(255), 
	"npsp__CompanyPostalCode__c" VARCHAR(255), 
	"npsp__CompanyState__c" VARCHAR(255), 
	"npsp__CompanyStreet__c" VARCHAR(255), 
	"npsp__Batch__c" VARCHAR(255), 
	PRIMARY KEY (id)
);
INSERT INTO "Lead" VALUES(1,'Mariastad','N/A','United Arab Emirates','duncananita@example.org','Caleb','','','','','False','True','Valentine','Sponsorship/Donations','Other','','001-745-895-1368x022','1350112392','97762','Color.','Specify','Illinois','Working - Contacted','5532 Sanders Rest','Alternate','Work','','','','','','');
INSERT INTO "Lead" VALUES(2,'Morrowstad','N/A','Turkmenistan','amber03@example.com','Leon','','','','','False','True','Bender','Sweet Snoopers Training Program','Twitter','','209-243-5944','207-794-7170','74125','Detail.','He/Him','Iowa','Open - Not Contacted','0716 Kathleen Squares','Alternate','Work','','','','','','');
INSERT INTO "Lead" VALUES(3,'Santanabury','N/A','Hungary','alansellers@example.net','Vanessa','','','','','False','True','Abbott','Trainer Certification','Facebook','','+1-914-102-2158x1632','088-316-7539x6028','80349','Sister.','He/Him','Tennessee','Open - Not Contacted','24699 Li Stream','Work','Work','','','','','','');
INSERT INTO "Lead" VALUES(4,'Yvonnehaven','N/A','Saint Vincent and the Grenadines','pdunlap@example.net','Tonya','','','','','False','True','Wiggins','Team Facilitator Certification','Instagram','','632.410.1642','3690148300','86401','Building.','She/Her','Washington','Open - Not Contacted','1847 Harmon Land Suite 088','Personal','Work','','','','','','');
CREATE TABLE "Log__c" (
	id INTEGER NOT NULL, 
	"ClientHours__c" VARCHAR(255), 
	"ClientStress__c" VARCHAR(255), 
	"Date__c" VARCHAR(255), 
	"Details__c" VARCHAR(255), 
	"Handler__c" VARCHAR(255), 
	"OtherHours__c" VARCHAR(255), 
	"PublicAccessHours__c" VARCHAR(255), 
	"RecordTypeId" VARCHAR(255), 
	"RequestSupportFromAtlas__c" VARCHAR(255), 
	"RequestSupportFromTeam__c" VARCHAR(255), 
	"Satisfaction__c" VARCHAR(255), 
	"SessionType__c" VARCHAR(255), 
	"Stress__c" VARCHAR(255), 
	"SupportDetails__c" VARCHAR(255), 
	"Client__c" VARCHAR(255), 
	"Dog__c" VARCHAR(255), 
	"Facilitator__c" VARCHAR(255), 
	"Submitter__c" VARCHAR(255), 
	PRIMARY KEY (id)
);
INSERT INTO "Log__c" VALUES(1,'','Not at all','2022-07-07','','','1.0','22.0','01255000003ESJFAA4','False','False','','','Not at all','','98','4','97','98');
INSERT INTO "Log__c" VALUES(2,'95.0','Not at all','2016-10-20','Hard want manager than short call middle. Argue smile stage something structure.','Kathryn','45.0','74.0','01255000003ESJFAA4','False','False','No enjoyment','Virtual','Not at all','Might course worker truth laugh movement future. Couple place role three treatment project play.','13','1','97','6');
INSERT INTO "Log__c" VALUES(3,'85.0','To some extent','2018-06-25','Item about moment cell. Perhaps should matter agency page president modern.','Carl','87.0','63.0','01255000003ESJFAA4','False','True','Extreme amount of enjoyment','Virtual','Not at all','Amount daughter ready hundred line wrong out factor. Real employee prevent cost point child early whatever.','23','2','28','26');
INSERT INTO "Log__c" VALUES(4,'68.0','Only a little','2017-09-03','Interesting old risk indeed.','Ariel','46.0','14.0','01255000003ESJEAA4','False','False','Extreme amount of enjoyment','Virtual','Only a little','To call lay push. Crime me director senior. Up discover right.','24','2','27','34');
INSERT INTO "Log__c" VALUES(5,'33.0','Rather much','2020-06-19','Necessary try together against. Effort half attack tax. Learn state former fight. Environmental about look data out check.','Alexander','1.0','4.0','01255000003ESJFAA4','False','True','No enjoyment','In Person','Very much','Church pick with already. Visit garden what off budget. Unit rather type nice former.','25','2','25','32');
INSERT INTO "Log__c" VALUES(6,'90.0','To some extent','2017-07-09','Seem life suffer kitchen camera. Cold finally study and business. Campaign minute card care student thus choose.','Christian','22.0','88.0','01255000003ESJEAA4','True','False','Some enjoyment','In Person','To some extent','Just mind similar. Program strong factor speech notice. Front finish civil by after cultural anyone.','25','2','28','28');
INSERT INTO "Log__c" VALUES(7,'18.0','Very much','2017-10-23','Season speak film attorney majority their wide. Head world smile event director raise.','Brenda','58.0','46.0','01255000003ESJFAA4','True','False','Rather much enjoyment','Virtual','To some extent','Seat current bill. Course go past rather beautiful. Pretty them unit green.','14','1','95','66');
INSERT INTO "Log__c" VALUES(8,'57.0','Not at all','2018-07-16','Music wife view.','Neil','96.0','13.0','01255000003ESJFAA4','False','False','Extreme amount of enjoyment','Virtual','Very much','Fire positive term catch. Record state agreement article item. Tell now record institution.','14','1','2','9');
INSERT INTO "Log__c" VALUES(9,'41.0','Not at all','2019-04-10','Exist game boy military enough chair this. Than table nation interview decision notice. Religious main make all about class.','Evelyn','84.0','18.0','01255000003ESJEAA4','True','True','A little enjoyment','Virtual','Rather much','Not arrive site class ten. Foot significant understand discussion manager positive authority glass.','50','3','61','42');
INSERT INTO "Log__c" VALUES(10,'49.0','Only a little','2017-07-09','Type voice choose break particular fast dream. Choice report several pick.','Rita','76.0','47.0','01255000003ESJEAA4','True','False','Some enjoyment','Virtual','To some extent','Leave skill morning out least son system ten. Management bit him process service.','51','3','42','43');
INSERT INTO "Log__c" VALUES(11,'50.0','Not at all','2019-04-03','Any could success see since. Science religious family manager including any. Car them property trip.','Eugene','76.0','91.0','01255000003ESJEAA4','True','True','Rather much enjoyment','Virtual','Only a little','Bed standard allow already care. Current magazine identify statement set. Blood to be own benefit stay five fall.','53','3','61','57');
INSERT INTO "Log__c" VALUES(12,'93.0','Rather much','2018-02-06','Soon world across. Card or sea doctor cost seem. Strong teach example interesting.','Roberto','34.0','69.0','01255000003ESJFAA4','True','False','Extreme amount of enjoyment','Virtual','Very much','Institution seek series fly break establish economic. Author prevent various well.','54','3','49','59');
INSERT INTO "Log__c" VALUES(13,'71.0','Not at all','2019-09-13','Low civil hear area drop best. Real artist for let mean crime.','Bailey','65.0','40.0','01255000003ESJEAA4','True','False','No enjoyment','In Person','Only a little','Couple else owner. Often red form study push reveal. Others customer among.','55','3','63','50');
INSERT INTO "Log__c" VALUES(14,'46.0','Very much','2018-11-30','Mouth claim home evening. Contain parent hope catch their consider drop open. National middle large probably shake commercial involve would.','Judith','67.0','99.0','01255000003ESJFAA4','False','False','A little enjoyment','In Person','To some extent','Road feeling here age bill area.','57','3','56','59');
INSERT INTO "Log__c" VALUES(15,'61.0','Very much','2018-01-22','Include performance establish drug sister civil eat door. Such friend continue try entire. Area performance seven then foreign threat.','Jeremiah','7.0','43.0','01255000003ESJEAA4','False','False','A little enjoyment','Virtual','To some extent','Turn full specific whose wish hair animal. Floor street any mission wide what.','57','3','61','45');
INSERT INTO "Log__c" VALUES(16,'43.0','Only a little','2016-09-19','Century standard son former all young both. Debate piece study one. It admit red resource stand decide order particular.','Blake','20.0','78.0','01255000003ESJFAA4','False','False','No enjoyment','In Person','Rather much','Last best response argue letter. Compare pattern issue lawyer. More ten or manager again.','59','3','41','47');
INSERT INTO "Log__c" VALUES(17,'1.0','Very much','2019-06-19','Tax matter half. Challenge data stuff human. Director matter strategy show.','Bethany','24.0','96.0','01255000003ESJFAA4','True','True','Rather much enjoyment','Virtual','Rather much','Century such indeed station assume explain. Cut air throughout anything.','52','3','43','44');
INSERT INTO "Log__c" VALUES(18,'52.0','Rather much','2015-07-04','Why protect during school tend. Floor PM seat plan two yeah.','Jill','100.0','40.0','01255000003ESJFAA4','True','False','Extreme amount of enjoyment','Virtual','Very much','Here majority box. And deep camera hear cut movie. Your hospital environment stand list chance writer mind.','62','3','44','62');
INSERT INTO "Log__c" VALUES(19,'58.0','Only a little','2016-04-27','Deal staff whether probably might affect item central.','Danielle','22.0','86.0','01255000003ESJFAA4','False','False','Extreme amount of enjoyment','Virtual','Not at all','Collection special behavior coach party week anything.','63','3','53','61');
INSERT INTO "Log__c" VALUES(20,'96.0','Very much','2015-03-20','Station everybody minute strategy. Beat up including TV reduce meet fact. Head away another meeting he.','Ariel','59.0','91.0','01255000003ESJFAA4','True','False','Extreme amount of enjoyment','Virtual','Rather much','Sing east beat spend trial drive choice. Show five region.','65','3','57','61');
INSERT INTO "Log__c" VALUES(21,'55.0','Very much','2020-09-19','Reach outside protect day. Animal away lawyer team born.','Maria','55.0','23.0','01255000003ESJEAA4','False','True','A little enjoyment','Virtual','To some extent','According list them finish summer program. Tell civil huge stock.','65','3','58','55');
INSERT INTO "Log__c" VALUES(22,'1.0','Rather much','2017-10-28','Level run out fast. Yes option so professor. Hit interesting scientist your research behavior.','Virginia','78.0','94.0','01255000003ESJEAA4','True','False','A little enjoyment','Virtual','Very much','Fly cold response. Cultural continue with decade.','65','3','62','50');
INSERT INTO "Log__c" VALUES(23,'31.0','Only a little','2016-05-14','Professor particular market area. Company marriage political leader weight interesting.','Madison','30.0','80.0','01255000003ESJEAA4','False','False','Rather much enjoyment','In Person','To some extent','Tv plant skill so art old article. Fear data since step hold water common ground. Sense use near baby true.','66','1','18','6');
INSERT INTO "Log__c" VALUES(24,'97.0','Very much','2017-07-26','Tough then reveal popular. Worker cultural more way artist final. East pattern quickly note sure. Example TV best measure relate skin face.','Julian','73.0','89.0','01255000003ESJEAA4','True','False','Rather much enjoyment','In Person','Rather much','Fast church believe choose. Or car trial watch learn.','16','1','16','6');
INSERT INTO "Log__c" VALUES(25,'86.0','Only a little','2016-12-24','Enjoy fear ahead inside black decade remain. Officer modern possible develop drop office ball.','Maria','33.0','13.0','01255000003ESJFAA4','True','True','No enjoyment','In Person','Not at all','Know woman interesting. Method two former. Few firm compare before story music before.','16','1','10','9');
INSERT INTO "Log__c" VALUES(26,'8.0','To some extent','2019-06-19','Management open mother leave social cell stock similar. Box size walk leader require anything plant. Media front gun even.','Madeline','93.0','22.0','01255000003ESJFAA4','False','True','Extreme amount of enjoyment','Virtual','Very much','Employee keep group treat with foreign. Her begin interest contain tree single his. Positive executive member consider do phone.','69','4','82','73');
INSERT INTO "Log__c" VALUES(27,'29.0','Rather much','2020-11-27','Parent when some pay become. Ten somebody assume.','Tony','20.0','72.0','01255000003ESJEAA4','True','False','Some enjoyment','Virtual','Not at all','Wear bag watch also leave southern vote. You rule paper case month civil wish.','70','4','73','90');
INSERT INTO "Log__c" VALUES(28,'18.0','Rather much','2016-07-08','So parent fight next billion. Now commercial table matter idea gas. Produce three or only key.','Brian','81.0','11.0','01255000003ESJEAA4','False','True','Some enjoyment','Virtual','Very much','Positive that visit world. Former huge act leader boy anyone cold.','70','4','80','69');
INSERT INTO "Log__c" VALUES(29,'73.0','Not at all','2022-01-11','Training next adult play increase. Republican pay series discover help value.','Meagan','5.0','99.0','01255000003ESJFAA4','True','False','A little enjoyment','Virtual','Rather much','Always notice office visit trouble where yard. Morning could field.','60','3','57','53');
INSERT INTO "Log__c" VALUES(30,'72.0','Not at all','2016-03-11','Camera clear pretty fire modern edge. Religious beat reflect thousand. Process president part account.','Candice','41.0','93.0','01255000003ESJEAA4','False','True','Rather much enjoyment','In Person','Rather much','Soon cup behind certainly. Ok practice interview enjoy. Matter government think yes far.','75','4','73','77');
INSERT INTO "Log__c" VALUES(31,'46.0','Rather much','2022-05-17','Message site attorney. Theory subject deal subject list official. Everything recognize wish.','Herbert','9.0','21.0','01255000003ESJEAA4','False','True','Some enjoyment','In Person','Not at all','Follow production they reflect. Arrive music chair my mind direction beautiful.','75','4','76','72');
INSERT INTO "Log__c" VALUES(32,'81.0','Not at all','2016-04-17','Environmental through citizen chair top music decision. Because financial bit school finish modern. Institution economic share lay where wall. Off pattern interesting visit development instead guess.','Latoya','59.0','19.0','01255000003ESJFAA4','False','True','Rather much enjoyment','In Person','Rather much','Meet outside able along hospital necessary market. Population almost politics school hear team member.','17','1','18','66');
INSERT INTO "Log__c" VALUES(33,'62.0','Rather much','2018-08-31','Participant long hot them score. Enter consumer real analysis picture. Cell word drive people. Each everyone than national.','Katie','62.0','69.0','01255000003ESJEAA4','True','True','Some enjoyment','In Person','Rather much','Better organization fact industry street onto. Natural teach including wonder.','79','4','72','83');
INSERT INTO "Log__c" VALUES(34,'33.0','Not at all','2015-03-02','Store look huge goal road. Interest focus couple southern go drop. Owner public training card meet cause.','Mike','12.0','95.0','01255000003ESJEAA4','True','True','Rather much enjoyment','In Person','Not at all','Page administration feeling a interview spring. Social president anything ago trip.','80','4','83','88');
INSERT INTO "Log__c" VALUES(35,'81.0','Only a little','2018-03-30','Before particular coach price. Head relationship hard sense six administration program. Product high whatever population phone reach political.','Logan','99.0','6.0','01255000003ESJEAA4','True','True','Some enjoyment','Virtual','Only a little','Attention month then maintain class argue others.','80','4','83','88');
INSERT INTO "Log__c" VALUES(36,'18.0','Not at all','2021-07-24','Organization drug military together explain field scene bag. Recently lay argue memory. Wish economic pay home position.','Jasmin','25.0','44.0','01255000003ESJFAA4','False','True','Extreme amount of enjoyment','In Person','To some extent','Thus increase tough majority glass hospital. Charge pay allow trial.','72','4','80','84');
INSERT INTO "Log__c" VALUES(37,'94.0','To some extent','2015-04-21','Occur be difficult trial. Early side song war trial grow certainly indicate. Imagine attorney method it exactly sort attack.','Kendra','45.0','60.0','01255000003ESJFAA4','True','False','No enjoyment','Virtual','Very much','Tough office reveal one. Read foreign avoid move onto theory million. Your value chance daughter task.','84','4','81','93');
INSERT INTO "Log__c" VALUES(38,'32.0','Very much','2015-07-03','Media save dog allow skill town across.','Tammie','28.0','43.0','01255000003ESJEAA4','False','True','A little enjoyment','Virtual','Very much','Realize painting choice discuss involve quite edge. Decade little environment north.','86','4','73','90');
INSERT INTO "Log__c" VALUES(39,'13.0','Not at all','2022-06-25','Know success today ever little whatever deep your.','Martin','36.0','98.0','01255000003ESJFAA4','False','True','Extreme amount of enjoyment','Virtual','To some extent','Heavy less type result meeting later away question. Culture son maybe future wonder our.','86','4','74','87');
INSERT INTO "Log__c" VALUES(40,'6.0','To some extent','2016-05-19','Relate trouble model medical recently this wrong. Wall about author social door seek. Music business sit.','Candice','92.0','75.0','01255000003ESJEAA4','False','False','Some enjoyment','Virtual','Only a little','One because edge campaign shoulder. During well government mention. Media pass conference.','86','4','78','83');
INSERT INTO "Log__c" VALUES(41,'16.0','Only a little','2017-05-23','Tell break he receive reach suddenly toward. Beyond most of able idea. Radio else design assume international key.','Lawrence','18.0','75.0','01255000003ESJEAA4','True','True','A little enjoyment','Virtual','Very much','Later dinner in region Republican artist. Piece occur paper stop to because. Somebody which him camera true.','90','4','75','84');
INSERT INTO "Log__c" VALUES(42,'4.0','Only a little','2018-04-27','Poor hotel win TV bill control reflect. Live lot important hold wear.','Caroline','28.0','24.0','01255000003ESJEAA4','True','False','Rather much enjoyment','In Person','To some extent','Knowledge alone with happy mean loss continue. Look kid policy attention hotel next.','92','4','80','84');
INSERT INTO "Log__c" VALUES(43,'38.0','Only a little','2019-12-26','Hard crime question whatever western. Father area media near.','Martha','1.0','28.0','01255000003ESJFAA4','True','False','Rather much enjoyment','In Person','To some extent','Sing receive Republican heart choice class some. East turn protect process fill peace call.','93','4','82','78');
INSERT INTO "Log__c" VALUES(44,'65.0','Very much','2016-12-04','Understand much capital low. Fly chance tell. Class school off worker human.','Cory','42.0','74.0','01255000003ESJEAA4','True','True','Some enjoyment','Virtual','Only a little','Sit minute very I prepare again. Create field blood everybody find usually trial. Common next thus section term.','93','4','91','70');
INSERT INTO "Log__c" VALUES(45,'29.0','Very much','2020-04-06','South here show drop general decision stop. Drug beyond must American. Environment a professional center state catch significant. Seven behavior maybe continue whom.','Vanessa','0.0','15.0','01255000003ESJFAA4','False','True','A little enjoyment','Virtual','Only a little','Idea bit born. Family spring Congress central daughter authority likely computer. Someone answer none manager present.','94','1','67','14');
INSERT INTO "Log__c" VALUES(46,'35.0','Very much','2017-04-10','Song another here present. Walk cost hold significant stuff. Fact example enjoy worry suggest rule far.','Dalton','79.0','92.0','01255000003ESJEAA4','False','False','Extreme amount of enjoyment','In Person','Only a little','Take sometimes recognize. Rate add us too certainly difficult become.','95','1','8','15');
INSERT INTO "Log__c" VALUES(47,'46.0','Rather much','2020-05-31','So this knowledge leader set probably.','Chase','43.0','89.0','01255000003ESJFAA4','True','False','A little enjoyment','Virtual','To some extent','Around energy college everyone strong. Cause major explain. Travel indeed better entire through theory ground choice.','96','1','5','11');
INSERT INTO "Log__c" VALUES(48,'50.0','Not at all','2021-07-13','Heart how ever TV project civil seek. Front source deep begin ball.','Alicia','91.0','48.0','01255000003ESJFAA4','False','True','Extreme amount of enjoyment','In Person','Only a little','Perhaps quickly laugh picture. Magazine goal make traditional throughout blue beyond. Before religious possible.','97','1','19','1');
INSERT INTO "Log__c" VALUES(49,'71.0','Rather much','2020-01-30','Charge toward short personal name mean foot. Institution million film total water. Necessary others window actually enter.','Kelli','12.0','79.0','01255000003ESJEAA4','False','True','A little enjoyment','Virtual','Not at all','Term forget require miss education really space. Decide family daughter money me business area media.','27','2','32','30');
INSERT INTO "Log__c" VALUES(50,'18.0','Very much','2015-02-23','Government citizen car share nothing to establish. Lay natural item. Throw others enter care.','Janet','60.0','18.0','01255000003ESJEAA4','False','True','Some enjoyment','Virtual','Very much','Wide light while newspaper place group. Ground ball near wide computer seat modern.','27','2','33','24');
INSERT INTO "Log__c" VALUES(51,'41.0','Rather much','2017-04-24','Indicate produce PM to. Public chance within air think including economic art. Key election how.','Norma','17.0','30.0','01255000003ESJFAA4','False','False','No enjoyment','In Person','Rather much','But attack worker everything suggest. Put sport street lay nor lead human. Build shake kid professional case fear style. Fast line early likely statement stuff them.','28','2','24','25');
INSERT INTO "Log__c" VALUES(52,'53.0','Very much','2020-05-10','Issue beautiful meeting different much stay group peace. Water act quickly such.','Kent','19.0','70.0','01255000003ESJFAA4','True','False','A little enjoyment','Virtual','Not at all','Station south myself kitchen. Television whether term must have direction key. Available crime last ability total herself same.','29','2','31','25');
INSERT INTO "Log__c" VALUES(53,'38.0','To some extent','2019-10-20','Method visit phone fact stay possible. Final we official pattern sell I.','Scott','17.0','56.0','01255000003ESJFAA4','False','False','Extreme amount of enjoyment','Virtual','Only a little','Media visit analysis dinner admit able. Mission require fall media. Get conference campaign case. Executive exist hundred space maintain them hear according.','32','2','23','29');
INSERT INTO "Log__c" VALUES(54,'94.0','Rather much','2019-03-05','Event benefit under side partner light time. Information military hope number able. Part type continue can price.','Desiree','10.0','79.0','01255000003ESJFAA4','False','False','Some enjoyment','In Person','Not at all','Several above phone respond pass item. Edge game draw discuss politics study me. Author likely important medical hair there blue.','20','2','27','37');
INSERT INTO "Log__c" VALUES(55,'84.0','Only a little','2021-05-20','Black human learn real other expect black. Serve specific six official weight help.','Tracie','22.0','55.0','01255000003ESJEAA4','False','False','Rather much enjoyment','Virtual','Not at all','Hospital smile view culture but image. Chance when let public participant street one lead. Many news dream activity.','33','2','27','27');
INSERT INTO "Log__c" VALUES(56,'36.0','Rather much','2019-07-04','Upon worker condition lay thought want impact challenge. Bring white good particular less natural easy.','Victoria','18.0','15.0','01255000003ESJEAA4','False','True','A little enjoyment','Virtual','Very much','Single environmental second north executive tonight. Effect life benefit deep top.','34','2','23','24');
INSERT INTO "Log__c" VALUES(57,'43.0','To some extent','2016-11-26','Help I military lay as away bar. Ground usually factor personal yes environmental same.','Amanda','0.0','70.0','01255000003ESJFAA4','True','True','Some enjoyment','Virtual','Only a little','North institution yard day party follow. Project director choose catch strategy alone this.','37','2','32','23');
INSERT INTO "Log__c" VALUES(58,'35.0','Only a little','2018-03-29','Training rich firm issue. Company positive radio central by gas.','Mario','93.0','96.0','01255000003ESJFAA4','False','False','Extreme amount of enjoyment','In Person','Rather much','Dream guess who agency environmental from make sure. Style worker value worker television body.','38','2','23','38');
INSERT INTO "Log__c" VALUES(59,'7.0','To some extent','2017-04-16','Color crime record network receive majority moment. Discuss just reveal this.','Colleen','72.0','77.0','01255000003ESJFAA4','True','False','Some enjoyment','In Person','Very much','Itself candidate discover bit minute. Trip doctor speak phone claim rather. Increase until none bit development enough.','38','2','34','28');
INSERT INTO "Log__c" VALUES(60,'23.0','Not at all','2022-06-01','Down trouble east above. Man stock voice move score.','Mitchell','76.0','26.0','01255000003ESJFAA4','False','True','Rather much enjoyment','In Person','Rather much','Smile son recently decade rock everything each. Next understand prove and much well fear bank. Or finally offer president author house letter exist.','42','3','57','46');
INSERT INTO "Log__c" VALUES(61,'53.0','Only a little','2018-11-22','Shake director soldier heavy until and teach. Strong final building current. Above family nice important contain.','Ruben','75.0','54.0','01255000003ESJEAA4','True','True','A little enjoyment','Virtual','Only a little','Shake any identify professor especially. Pressure Mrs result hear pass over game term. Between wrong who win.','45','3','47','41');
INSERT INTO "Log__c" VALUES(62,'62.0','Not at all','2021-09-02','Kind fall energy of ability hour line. History result really each administration degree.','Jasmin','80.0','76.0','01255000003ESJEAA4','True','True','Extreme amount of enjoyment','In Person','Only a little','Majority paper argue few successful your sign. Edge threat society hand order argue.','46','3','45','51');
INSERT INTO "Log__c" VALUES(63,'84.0','Very much','2021-03-27','School the sit form. Without seat experience serve. Top two director several management anything owner peace.','Craig','12.0','68.0','01255000003ESJEAA4','False','True','Some enjoyment','Virtual','Very much','Material meeting improve conference fine. Campaign cost skill institution couple it. Of short yes system.','47','3','51','47');
INSERT INTO "Log__c" VALUES(64,'95.0','To some extent','2017-08-18','Near although reflect common voice nothing home. Art away section nature establish fight. Others year particular what.','Miguel','36.0','86.0','01255000003ESJEAA4','True','True','No enjoyment','In Person','Only a little','Level explain always interest fund. Often officer base popular than push station. And arm tonight manage side network.','48','3','47','64');
INSERT INTO "Log__c" VALUES(65,'33.0','Not at all','2018-06-21','Film crime eight worry type behavior. Audience student loss read share big well reduce.','Victor','13.0','82.0','01255000003ESJEAA4','True','False','No enjoyment','Virtual','To some extent','Law majority four true social provide case. Imagine toward Mr compare benefit this. Remember be family finish thus.','39','2','23','39');
INSERT INTO "Log__c" VALUES(66,'96.0','Only a little','2018-11-26','Worker yard image reality. Church unit station control put feel. Religious whole suddenly nice professional north operation. Task lot seven.','Kaitlyn','65.0','86.0','01255000003ESJEAA4','True','False','Extreme amount of enjoyment','Virtual','Rather much','Listen goal question. Product full candidate meeting miss. It individual show address new rock instead yourself.','39','2','34','22');
INSERT INTO "Log__c" VALUES(67,'39.0','Only a little','2017-05-23','Common attention hot rule each effect become. Mr page fish news herself others paper. Share bank new product want.','Evelyn','81.0','18.0','01255000003ESJFAA4','False','True','A little enjoyment','In Person','Only a little','American among picture however ability above. Cost thought table human group. Student your man ago language nor.','2','1','95','10');
INSERT INTO "Log__c" VALUES(68,'78.0','Very much','2021-12-26','Stock relate exactly recognize indeed go tonight guess.','Tracie','57.0','31.0','01255000003ESJEAA4','False','True','Extreme amount of enjoyment','Virtual','Not at all','Wrong minute create worker. Near second improve role race travel heart way. Operation last them floor drive.','3','1','9','14');
INSERT INTO "Log__c" VALUES(69,'31.0','Only a little','2020-05-02','Environment rich tend politics economy media. Adult quality decide indicate. Off hour husband record.','Robin','34.0','44.0','01255000003ESJFAA4','False','True','Rather much enjoyment','In Person','Very much','Age head trade his collection team. Hospital church product painting. Member trial walk central authority edge.','22','2','29','20');
INSERT INTO "Log__c" VALUES(70,'34.0','To some extent','2017-01-03','Change adult body. Clearly his child win suffer. Change ok follow.','Stacey','83.0','6.0','01255000003ESJEAA4','False','False','No enjoyment','In Person','Not at all','Probably center impact set seem.','4','1','94','68');
INSERT INTO "Log__c" VALUES(71,'11.0','Only a little','2020-05-09','Tv change few a get sea. Real able style wonder.','Hunter','13.0','90.0','01255000003ESJFAA4','True','True','No enjoyment','Virtual','To some extent','Book threat spend front ball hair. West accept hand establish attorney.','4','1','95','2');
INSERT INTO "Log__c" VALUES(72,'54.0','Very much','2015-10-23','Particularly study husband event direction grow behavior. Important understand relate hotel itself lead risk.','Beverly','50.0','28.0','01255000003ESJFAA4','False','False','Extreme amount of enjoyment','Virtual','Rather much','Purpose physical campaign our.','5','1','9','9');
INSERT INTO "Log__c" VALUES(73,'42.0','To some extent','2021-06-12','Authority pattern difference have see possible. Month doctor impact common bed professional heart.','Alexandra','68.0','18.0','01255000003ESJFAA4','True','False','Rather much enjoyment','Virtual','Only a little','Suffer where be possible bed. Former material wife room party tax these success. Agree enter worker should create.','6','1','94','96');
INSERT INTO "Log__c" VALUES(74,'55.0','Not at all','2017-12-03','Do add meeting exactly maybe same expert animal. Street suddenly push. Least party just page evening.','Bianca','71.0','45.0','01255000003ESJEAA4','True','False','No enjoyment','Virtual','Only a little','Food lead consumer Mrs far executive rate. Congress opportunity reach degree action college result information. Across represent else major doctor.','6','1','98','3');
INSERT INTO "Log__c" VALUES(75,'100.0','Very much','2020-04-24','News day goal. Impact do eight social make. Firm drop let American source choose.','Beth','49.0','89.0','01255000003ESJFAA4','False','False','No enjoyment','Virtual','Not at all','Realize kid stand. Economic plan ahead unit play sound. Issue month write of.','10','1','9','1');
INSERT INTO "Log__c" VALUES(76,'67.0','To some extent','2018-10-12','Product his probably end cover family. Picture finish city about situation speak believe guess. Table they as return respond few.','Lacey','37.0','18.0','01255000003ESJEAA4','True','True','Some enjoyment','Virtual','Very much','Involve miss science media director place nor newspaper. Will result her despite.','11','1','7','98');
INSERT INTO "Log__c" VALUES(77,'','Not at all','2022-07-07','','','12.0','5.0','01255000003ESJEAA4','True','True','','','Rather much','<p>Happy</p>','96','4','95','98');
INSERT INTO "Log__c" VALUES(78,'','Not at all','2022-07-07','','','5.0','45.0','01255000003ESJFAA4','True','False','','','To some extent','','98','4','97','98');
CREATE TABLE "Log__c_rt_mapping" (
	record_type_id VARCHAR(18) NOT NULL, 
	developer_name VARCHAR(255), 
	PRIMARY KEY (record_type_id)
);
INSERT INTO "Log__c_rt_mapping" VALUES('01255000003ESJEAA4','Client');
INSERT INTO "Log__c_rt_mapping" VALUES('01255000003ESJFAA4','TeamFacilitator');
CREATE TABLE "ProgramAssignment__c" (
	id INTEGER NOT NULL, 
	"AssignedDate__c" VARCHAR(255), 
	"CompletionDate__c" VARCHAR(255), 
	"ExpectedCompletion__c" VARCHAR(255), 
	"Status__c" VARCHAR(255), 
	"Contact__c" VARCHAR(255), 
	"Program__c" VARCHAR(255), 
	PRIMARY KEY (id)
);
INSERT INTO "ProgramAssignment__c" VALUES(1,'2021-05-01','2022-02-16','2022-03-20','Discontinued','55','71');
INSERT INTO "ProgramAssignment__c" VALUES(2,'2021-07-25','2021-08-22','2021-11-28','Discontinued','83','2');
INSERT INTO "ProgramAssignment__c" VALUES(3,'2019-04-17','2022-04-06','2020-11-17','Completed','30','28');
INSERT INTO "ProgramAssignment__c" VALUES(4,'2021-11-22','2022-04-28','2022-05-07','In Progress','10','24');
CREATE TABLE "Program__c" (
	id INTEGER NOT NULL, 
	"CEU__c" VARCHAR(255), 
	"Current__c" VARCHAR(255), 
	"Months__c" VARCHAR(255), 
	"Name" VARCHAR(255), 
	"Reminder__c" VARCHAR(255), 
	"Standalone__c" VARCHAR(255), 
	PRIMARY KEY (id)
);
INSERT INTO "Program__c" VALUES(1,'True','True','3.0','Sweet Snoopers [CEU]','','True');
INSERT INTO "Program__c" VALUES(2,'False','True','4.0','Team Facilitator','30.0','True');
INSERT INTO "Program__c" VALUES(3,'False','True','6.0','Teams Set in Motion Client','','True');
INSERT INTO "Program__c" VALUES(4,'True','True','9.0','Trainer Certification','30.0','False');
INSERT INTO "Program__c" VALUES(5,'False','True','0.5','Volunteer','7.0','False');
INSERT INTO "Program__c" VALUES(6,'False','True','6.0','Client Certification','30.0','False');
INSERT INTO "Program__c" VALUES(7,'False','True','1.0','Fitness','','True');
INSERT INTO "Program__c" VALUES(8,'True','True','1.5','Fitness [CEU]','','True');
INSERT INTO "Program__c" VALUES(9,'False','True','1.0','Medical Disability','','True');
INSERT INTO "Program__c" VALUES(10,'False','True','1.5','Medical Disability [CEU]','','True');
INSERT INTO "Program__c" VALUES(11,'False','True','1.0','Medical Disability','','True');
INSERT INTO "Program__c" VALUES(12,'False','True','1.5','Medical Disability [CEU]','','True');
INSERT INTO "Program__c" VALUES(13,'True','True','4.0','OT Advanced Bundle [CEU]','','True');
INSERT INTO "Program__c" VALUES(14,'False','True','1.0','Psychiatric Disability','','True');
INSERT INTO "Program__c" VALUES(15,'True','True','1.5','Psychiatric Disability [CEU]','','True');
INSERT INTO "Program__c" VALUES(16,'False','True','4.0','Puppy Raiser','30.0','False');
INSERT INTO "Program__c" VALUES(17,'False','True','1.0','Service Dog Selection','','True');
INSERT INTO "Program__c" VALUES(18,'True','True','1.5','Service Dog Selection [CEU]','','True');
INSERT INTO "Program__c" VALUES(19,'True','True','4.0','Service Dog Training Bundle','','True');
INSERT INTO "Program__c" VALUES(20,'False','True','1.0','Service Dogs Foundations','','True');
INSERT INTO "Program__c" VALUES(21,'False','True','1.5','Service Dogs Foundations [CEU]','','True');
INSERT INTO "Program__c" VALUES(22,'False','True','0.3','Staff','7.0','False');
INSERT INTO "Program__c" VALUES(23,'True','True','3.0','Sweet Snoopers [CEU]','','True');
INSERT INTO "Program__c" VALUES(24,'False','True','4.0','Team Facilitator','30.0','True');
INSERT INTO "Program__c" VALUES(25,'False','True','6.0','Teams Set in Motion Client','','True');
INSERT INTO "Program__c" VALUES(26,'True','True','9.0','Trainer Certification','30.0','False');
INSERT INTO "Program__c" VALUES(27,'False','True','0.5','Volunteer','7.0','False');
INSERT INTO "Program__c" VALUES(28,'False','True','6.0','Client Certification','30.0','False');
INSERT INTO "Program__c" VALUES(29,'False','True','1.0','Fitness','','True');
INSERT INTO "Program__c" VALUES(30,'True','True','1.5','Fitness [CEU]','','True');
INSERT INTO "Program__c" VALUES(31,'False','True','1.0','Medical Disability','','True');
INSERT INTO "Program__c" VALUES(32,'False','True','1.5','Medical Disability [CEU]','','True');
INSERT INTO "Program__c" VALUES(33,'False','True','1.0','Medical Disability','','True');
INSERT INTO "Program__c" VALUES(34,'False','True','1.5','Medical Disability [CEU]','','True');
INSERT INTO "Program__c" VALUES(35,'True','True','4.0','OT Advanced Bundle [CEU]','','True');
INSERT INTO "Program__c" VALUES(36,'False','True','1.0','Psychiatric Disability','','True');
INSERT INTO "Program__c" VALUES(37,'True','True','1.5','Psychiatric Disability [CEU]','','True');
INSERT INTO "Program__c" VALUES(38,'False','True','4.0','Puppy Raiser','30.0','False');
INSERT INTO "Program__c" VALUES(39,'False','True','1.0','Service Dog Selection','','True');
INSERT INTO "Program__c" VALUES(40,'True','True','1.5','Service Dog Selection [CEU]','','True');
INSERT INTO "Program__c" VALUES(41,'True','True','4.0','Service Dog Training Bundle','','True');
INSERT INTO "Program__c" VALUES(42,'False','True','1.0','Service Dogs Foundations','','True');
INSERT INTO "Program__c" VALUES(43,'False','True','1.5','Service Dogs Foundations [CEU]','','True');
INSERT INTO "Program__c" VALUES(44,'False','True','0.3','Staff','7.0','False');
INSERT INTO "Program__c" VALUES(45,'True','True','3.0','Sweet Snoopers [CEU]','','True');
INSERT INTO "Program__c" VALUES(46,'False','True','4.0','Team Facilitator','30.0','True');
INSERT INTO "Program__c" VALUES(47,'False','True','6.0','Teams Set in Motion Client','','True');
INSERT INTO "Program__c" VALUES(48,'True','True','9.0','Trainer Certification','30.0','False');
INSERT INTO "Program__c" VALUES(49,'False','True','0.5','Volunteer','7.0','False');
INSERT INTO "Program__c" VALUES(50,'False','True','6.0','Client Certification','30.0','False');
INSERT INTO "Program__c" VALUES(51,'False','True','1.0','Fitness','','True');
INSERT INTO "Program__c" VALUES(52,'True','True','1.5','Fitness [CEU]','','True');
INSERT INTO "Program__c" VALUES(53,'False','True','1.0','Medical Disability','','True');
INSERT INTO "Program__c" VALUES(54,'False','True','1.5','Medical Disability [CEU]','','True');
INSERT INTO "Program__c" VALUES(55,'False','True','1.0','Medical Disability','','True');
INSERT INTO "Program__c" VALUES(56,'False','True','1.5','Medical Disability [CEU]','','True');
INSERT INTO "Program__c" VALUES(57,'True','True','4.0','OT Advanced Bundle [CEU]','','True');
INSERT INTO "Program__c" VALUES(58,'False','True','1.0','Psychiatric Disability','','True');
INSERT INTO "Program__c" VALUES(59,'True','True','1.5','Psychiatric Disability [CEU]','','True');
INSERT INTO "Program__c" VALUES(60,'False','True','4.0','Puppy Raiser','30.0','False');
INSERT INTO "Program__c" VALUES(61,'False','True','1.0','Service Dog Selection','','True');
INSERT INTO "Program__c" VALUES(62,'True','True','1.5','Service Dog Selection [CEU]','','True');
INSERT INTO "Program__c" VALUES(63,'True','True','4.0','Service Dog Training Bundle','','True');
INSERT INTO "Program__c" VALUES(64,'False','True','1.0','Service Dogs Foundations','','True');
INSERT INTO "Program__c" VALUES(65,'False','True','1.5','Service Dogs Foundations [CEU]','','True');
INSERT INTO "Program__c" VALUES(66,'False','True','0.3','Staff','7.0','False');
INSERT INTO "Program__c" VALUES(67,'True','True','3.0','Sweet Snoopers [CEU]','','True');
INSERT INTO "Program__c" VALUES(68,'False','True','4.0','Team Facilitator','30.0','True');
INSERT INTO "Program__c" VALUES(69,'False','True','6.0','Teams Set in Motion Client','','True');
INSERT INTO "Program__c" VALUES(70,'True','True','9.0','Trainer Certification','30.0','False');
INSERT INTO "Program__c" VALUES(71,'False','True','0.5','Volunteer','7.0','False');
INSERT INTO "Program__c" VALUES(72,'False','True','6.0','Client Certification','30.0','False');
INSERT INTO "Program__c" VALUES(73,'False','True','1.0','Fitness','','True');
INSERT INTO "Program__c" VALUES(74,'True','True','1.5','Fitness [CEU]','','True');
INSERT INTO "Program__c" VALUES(75,'False','True','1.0','Medical Disability','','True');
INSERT INTO "Program__c" VALUES(76,'False','True','1.5','Medical Disability [CEU]','','True');
INSERT INTO "Program__c" VALUES(77,'False','True','1.0','Medical Disability','','True');
INSERT INTO "Program__c" VALUES(78,'False','True','1.5','Medical Disability [CEU]','','True');
INSERT INTO "Program__c" VALUES(79,'True','True','4.0','OT Advanced Bundle [CEU]','','True');
INSERT INTO "Program__c" VALUES(80,'False','True','1.0','Psychiatric Disability','','True');
INSERT INTO "Program__c" VALUES(81,'True','True','1.5','Psychiatric Disability [CEU]','','True');
INSERT INTO "Program__c" VALUES(82,'False','True','4.0','Puppy Raiser','30.0','False');
INSERT INTO "Program__c" VALUES(83,'False','True','1.0','Service Dog Selection','','True');
INSERT INTO "Program__c" VALUES(84,'True','True','1.5','Service Dog Selection [CEU]','','True');
INSERT INTO "Program__c" VALUES(85,'True','True','4.0','Service Dog Training Bundle','','True');
INSERT INTO "Program__c" VALUES(86,'False','True','1.0','Service Dogs Foundations','','True');
INSERT INTO "Program__c" VALUES(87,'False','True','1.5','Service Dogs Foundations [CEU]','','True');
INSERT INTO "Program__c" VALUES(88,'False','True','0.3','Staff','7.0','False');
CREATE TABLE "PublicAccessTest__c" (
	id INTEGER NOT NULL, 
	"AssessorComments__c" VARCHAR(255), 
	"DateCompleted__c" VARCHAR(255), 
	"Location__c" VARCHAR(255), 
	"ReviewComments__c" VARCHAR(255), 
	"Status__c" VARCHAR(255), 
	"Type__c" VARCHAR(255), 
	"ValidUntil__c" VARCHAR(255), 
	"Assessor__c" VARCHAR(255), 
	"Team__c" VARCHAR(255), 
	PRIMARY KEY (id)
);
INSERT INTO "PublicAccessTest__c" VALUES(1,'Pressure individual wall product would watch part. Past region simply might network analysis wide.','2021-12-14','In Person','Voice moment list black collection later matter least. Affect them center trade.','Provisionally Passed','Initial','2022-12-14','88','2');
INSERT INTO "PublicAccessTest__c" VALUES(2,'Drop catch four wide difference listen. Sometimes successful side value power community. Night year beat computer since know list.','2022-05-07','In Person','Coach probably rich. Book physical professor he.','Failed','Retest','2023-05-07','96','3');
INSERT INTO "PublicAccessTest__c" VALUES(3,'Study central you bring friend. Interesting seven become several chair candidate a.','2021-10-26','Virtual','Force paper factor. Us blue free site impact reflect seem.','Failed','Initial','2022-10-26','45','1');
INSERT INTO "PublicAccessTest__c" VALUES(4,'Sea arm heart my agent bag wear. Worker put cold leave public morning. Must sure risk thank would also science.','2022-03-24','In Person','Career lead director relate fine check. Account strategy Congress land most.','Passed','Initial','2023-03-24','22','4');
CREATE TABLE "Team__c" (
	id INTEGER NOT NULL, 
	"Name" VARCHAR(255), 
	"PatCount__c" VARCHAR(255), 
	"PatValidUntil__c" VARCHAR(255), 
	"PrimaryCertification__c" VARCHAR(255), 
	"SecondaryCertification__c" VARCHAR(255), 
	"Client__c" VARCHAR(255), 
	"Dog__c" VARCHAR(255), 
	"Handler__c" VARCHAR(255), 
	PRIMARY KEY (id)
);
INSERT INTO "Team__c" VALUES(1,'Hubbard-Spike','3.0','2023-01-15','Mobility','Psychiatric','54','3','49');
INSERT INTO "Team__c" VALUES(2,'Moyer-Jack','0.0','2022-12-31','Medical Alert','Mobility','71','4','75');
INSERT INTO "Team__c" VALUES(3,'Decker-Rocco','4.0','2023-02-04','Medical Alert','Medical Alert','95','1','66');
INSERT INTO "Team__c" VALUES(4,'Coleman-Penny','1.0','2023-05-07','Mobility','Seizure Response','26','2','22');
CREATE TABLE "npe4__Relationship__c" (
	id INTEGER NOT NULL, 
	"npe4__Type__c" VARCHAR(255), 
	"npe4__Contact__c" VARCHAR(255), 
	"npe4__RelatedContact__c" VARCHAR(255), 
	PRIMARY KEY (id)
);
CREATE TABLE "npo02__Household__c" (
	id INTEGER NOT NULL, 
	"Name" VARCHAR(255), 
	"npo02__Addressee__c" VARCHAR(255), 
	"npo02__Always_Anonymous__c" VARCHAR(255), 
	"npo02__AverageAmount__c" VARCHAR(255), 
	"npo02__Best_Gift_Year_Total__c" VARCHAR(255), 
	"npo02__Best_Gift_Year__c" VARCHAR(255), 
	"npo02__FirstCloseDate__c" VARCHAR(255), 
	"npo02__Formal_Greeting__c" VARCHAR(255), 
	"npo02__HouseholdEmail__c" VARCHAR(255), 
	"npo02__HouseholdPhone__c" VARCHAR(255), 
	"npo02__Household_ID__c" VARCHAR(255), 
	"npo02__Informal_Greeting__c" VARCHAR(255), 
	"npo02__LargestAmount__c" VARCHAR(255), 
	"npo02__LastCloseDate__c" VARCHAR(255), 
	"npo02__LastMembershipAmount__c" VARCHAR(255), 
	"npo02__LastMembershipDate__c" VARCHAR(255), 
	"npo02__LastMembershipLevel__c" VARCHAR(255), 
	"npo02__LastMembershipOrigin__c" VARCHAR(255), 
	"npo02__LastOppAmount__c" VARCHAR(255), 
	"npo02__MailingCity__c" VARCHAR(255), 
	"npo02__MailingCountry__c" VARCHAR(255), 
	"npo02__MailingPostalCode__c" VARCHAR(255), 
	"npo02__MailingState__c" VARCHAR(255), 
	"npo02__MailingStreet__c" VARCHAR(255), 
	"npo02__MembershipEndDate__c" VARCHAR(255), 
	"npo02__MembershipJoinDate__c" VARCHAR(255), 
	"npo02__NumberOfClosedOpps__c" VARCHAR(255), 
	"npo02__NumberOfMembershipOpps__c" VARCHAR(255), 
	"npo02__OppAmount2YearsAgo__c" VARCHAR(255), 
	"npo02__OppAmountLastNDays__c" VARCHAR(255), 
	"npo02__OppAmountLastYear__c" VARCHAR(255), 
	"npo02__OppAmountThisYear__c" VARCHAR(255), 
	"npo02__OppsClosed2YearsAgo__c" VARCHAR(255), 
	"npo02__OppsClosedLastNDays__c" VARCHAR(255), 
	"npo02__OppsClosedLastYear__c" VARCHAR(255), 
	"npo02__OppsClosedThisYear__c" VARCHAR(255), 
	"npo02__SYSTEM_CUSTOM_NAMING__c" VARCHAR(255), 
	"npo02__SmallestAmount__c" VARCHAR(255), 
	"npo02__TotalMembershipOppAmount__c" VARCHAR(255), 
	"npo02__TotalOppAmount__c" VARCHAR(255), 
	"npsp__Number_of_Household_Members__c" VARCHAR(255), 
	PRIMARY KEY (id)
);
CREATE TABLE "npsp__Address__c" (
	id INTEGER NOT NULL, 
	"npsp__API_Response__c" VARCHAR(255), 
	"npsp__Address_Type__c" VARCHAR(255), 
	"npsp__Administrative_Area__c" VARCHAR(255), 
	"npsp__Ambiguous__c" VARCHAR(255), 
	"npsp__Congressional_District__c" VARCHAR(255), 
	"npsp__County_Name__c" VARCHAR(255), 
	"npsp__Default_Address__c" VARCHAR(255), 
	"npsp__Latest_End_Date__c" VARCHAR(255), 
	"npsp__Latest_Start_Date__c" VARCHAR(255), 
	"npsp__MailingCity__c" VARCHAR(255), 
	"npsp__MailingCountry__c" VARCHAR(255), 
	"npsp__MailingPostalCode__c" VARCHAR(255), 
	"npsp__MailingState__c" VARCHAR(255), 
	"npsp__MailingStreet2__c" VARCHAR(255), 
	"npsp__MailingStreet__c" VARCHAR(255), 
	"npsp__Pre_Verification_Address__c" VARCHAR(255), 
	"npsp__Seasonal_End_Day__c" VARCHAR(255), 
	"npsp__Seasonal_End_Month__c" VARCHAR(255), 
	"npsp__Seasonal_Start_Day__c" VARCHAR(255), 
	"npsp__Seasonal_Start_Month__c" VARCHAR(255), 
	"npsp__State_Lower_District__c" VARCHAR(255), 
	"npsp__State_Upper_District__c" VARCHAR(255), 
	"npsp__Verification_Status__c" VARCHAR(255), 
	"npsp__Verified__c" VARCHAR(255), 
	"npsp__Household_Account__c" VARCHAR(255), 
	PRIMARY KEY (id)
);
INSERT INTO "npsp__Address__c" VALUES(1,'','Home','','False','','','False','','','Caseyhaven','','83625','New Hampshire','','27068 Foley Lock Apt. 134','','','','','','','','','False','51');
INSERT INTO "npsp__Address__c" VALUES(2,'','Home','','False','','','False','','','Coreyberg','','76618','New Jersey','','2367 Mathis Camp Suite 901','','','','','','','','','False','60');
INSERT INTO "npsp__Address__c" VALUES(3,'','Home','','False','','','False','','','Arellanoborough','','72368','Virginia','','504 Collin Walk','','','','','','','','','False','62');
INSERT INTO "npsp__Address__c" VALUES(4,'','Home','','False','','','False','','','Port Melaniemouth','','53582','Nebraska','','48485 Stafford Freeway','','','','','','','','','False','64');
INSERT INTO "npsp__Address__c" VALUES(5,'','Home','','False','','','False','','','West Kelly','','31096','Colorado','','415 Evelyn Island Apt. 318','','','','','','','','','False','66');
INSERT INTO "npsp__Address__c" VALUES(6,'','Home','','False','','','False','','','Kellystad','','70619','Wisconsin','','3372 Cole Tunnel Apt. 043','','','','','','','','','False','69');
INSERT INTO "npsp__Address__c" VALUES(7,'','Home','','False','','','False','','','Port Kristen','','85612','Massachusetts','','88325 Eileen Gateway Suite 571','','','','','','','','','False','71');
INSERT INTO "npsp__Address__c" VALUES(8,'','Home','','False','','','False','','','Lake Marcusville','','19439','Massachusetts','','135 Jim Islands Apt. 303','','','','','','','','','False','76');
INSERT INTO "npsp__Address__c" VALUES(9,'','Home','','False','','','False','','','West Audrey','','20737','Illinois','','15502 Andrews Points Apt. 234','','','','','','','','','False','78');
INSERT INTO "npsp__Address__c" VALUES(10,'','Home','','False','','','False','','','Oconnormouth','','88392','Hawaii','','55865 Shea Estates','','','','','','','','','False','80');
INSERT INTO "npsp__Address__c" VALUES(11,'','Home','','False','','','False','','','Aliceton','','93175','California','','99466 Tucker Stream','','','','','','','','','False','2');
INSERT INTO "npsp__Address__c" VALUES(12,'','Home','','False','','','False','','','Tammieton','','68786','Nevada','','1256 Martinez Center','','','','','','','','','False','4');
INSERT INTO "npsp__Address__c" VALUES(13,'','Home','','False','','','False','','','Lake Keith','','43942','Massachusetts','','533 Sims Parkways Apt. 690','','','','','','','','','False','6');
INSERT INTO "npsp__Address__c" VALUES(14,'','Home','','False','','','False','','','Audreychester','','12982','New York','','00405 Zimmerman Fort Suite 312','','','','','','','','','False','9');
INSERT INTO "npsp__Address__c" VALUES(15,'','Home','','False','','','False','','','Nicolehaven','','33779','Utah','','039 Terrell Ville','','','','','','','','','False','11');
INSERT INTO "npsp__Address__c" VALUES(16,'','Home','','False','','','False','','','Yvonneshire','','09181','Pennsylvania','','95591 Kirsten Loop','','','','','','','','','False','16');
INSERT INTO "npsp__Address__c" VALUES(17,'','Home','','False','','','False','','','North Laura','','77849','Illinois','','703 Jerome Fall','','','','','','','','','False','18');
INSERT INTO "npsp__Address__c" VALUES(18,'','Home','','False','','','False','','','Chaseborough','','75774','Massachusetts','','8803 Craig Point Apt. 846','','','','','','','','','False','20');
INSERT INTO "npsp__Address__c" VALUES(19,'','Home','','False','','','False','','','Chavezfort','','69850','Idaho','','5939 Kirsten Hollow Apt. 589','','','','','','','','','False','22');
INSERT INTO "npsp__Address__c" VALUES(20,'','Home','','False','','','False','','','South Michaelamouth','','42867','West Virginia','','336 Norris Course Apt. 071','','','','','','','','','False','24');
INSERT INTO "npsp__Address__c" VALUES(21,'','Home','','False','','','False','','','Garciamouth','','44786','Connecticut','','543 Faulkner Parkway Apt. 027','','','','','','','','','False','26');
INSERT INTO "npsp__Address__c" VALUES(22,'','Home','','False','','','False','','','East Wyattstad','','69590','Hawaii','','0739 Graves Mountains','','','','','','','','','False','29');
INSERT INTO "npsp__Address__c" VALUES(23,'','Home','','False','','','False','','','Nolanfort','','67915','Indiana','','41877 Gina Mills','','','','','','','','','False','56');
INSERT INTO "npsp__Address__c" VALUES(24,'','Home','','False','','','False','','','East Jacob','','19910','Pennsylvania','','0895 Bailey Vista Apt. 138','','','','','','','','','False','31');
INSERT INTO "npsp__Address__c" VALUES(25,'','Home','','False','','','False','','','New Kerriport','','28063','Nevada','','15657 Woods Ports','','','','','','','','','False','36');
INSERT INTO "npsp__Address__c" VALUES(26,'','Home','','False','','','False','','','Warrenview','','36781','Montana','','7123 Javier Springs Suite 874','','','','','','','','','False','38');
INSERT INTO "npsp__Address__c" VALUES(27,'','Home','','False','','','False','','','South Anita','','07232','Washington','','663 Knox Street Suite 701','','','','','','','','','False','40');
INSERT INTO "npsp__Address__c" VALUES(28,'','Home','','False','','','False','','','Tamishire','','99524','Virginia','','6628 Marissa Ports Apt. 860','','','','','','','','','False','42');
INSERT INTO "npsp__Address__c" VALUES(29,'','Home','','False','','','False','','','Anthonytown','','79044','Missouri','','54816 Wallace Port Apt. 263','','','','','','','','','False','44');
INSERT INTO "npsp__Address__c" VALUES(30,'','Home','','False','','','False','','','Grahamport','','75017','Maryland','','41099 Choi Hill','','','','','','','','','False','46');
INSERT INTO "npsp__Address__c" VALUES(31,'','Home','','False','','','False','','','Sawyerbury','','30221','Oklahoma','','48927 Ochoa Trail','','','','','','','','','False','49');
INSERT INTO "npsp__Address__c" VALUES(32,'','Home','','False','','','False','','','West Andrewfurt','','49346','Alaska','','0306 Ivan Wall Apt. 035','','','','','','','','','False','58');
CREATE TABLE "npsp__Batch__c" (
	id INTEGER NOT NULL, 
	"Name" VARCHAR(255), 
	"npsp__Batch_Status__c" VARCHAR(255), 
	"npsp__Description__c" VARCHAR(255), 
	"npsp__Number_of_Items__c" VARCHAR(255), 
	"npsp__Object_Name__c" VARCHAR(255), 
	PRIMARY KEY (id)
);
COMMIT;
