BEGIN TRANSACTION;
CREATE TABLE "Account" (
	id INTEGER NOT NULL, 
	"Email__c" VARCHAR(255), 
	"Name" VARCHAR(255), 
	"RecordTypeId" VARCHAR(255), 
	"npe01__SYSTEMIsIndividual__c" VARCHAR(255), 
	"npe01__SYSTEM_AccountType__c" VARCHAR(255), 
	"npo02__AverageAmount__c" VARCHAR(255), 
	"npo02__Best_Gift_Year_Total__c" VARCHAR(255), 
	"npo02__Best_Gift_Year__c" VARCHAR(255), 
	"npo02__FirstCloseDate__c" VARCHAR(255), 
	"npo02__Formal_Greeting__c" VARCHAR(255), 
	"npo02__HouseholdPhone__c" VARCHAR(255), 
	"npo02__Informal_Greeting__c" VARCHAR(255), 
	"npo02__LargestAmount__c" VARCHAR(255), 
	"npo02__LastCloseDate__c" VARCHAR(255), 
	"npo02__LastMembershipAmount__c" VARCHAR(255), 
	"npo02__LastMembershipDate__c" VARCHAR(255), 
	"npo02__LastMembershipLevel__c" VARCHAR(255), 
	"npo02__LastMembershipOrigin__c" VARCHAR(255), 
	"npo02__LastOppAmount__c" VARCHAR(255), 
	"npo02__MembershipEndDate__c" VARCHAR(255), 
	"npo02__MembershipJoinDate__c" VARCHAR(255), 
	"npo02__NumberOfClosedOpps__c" VARCHAR(255), 
	"npo02__NumberOfMembershipOpps__c" VARCHAR(255), 
	"npo02__OppAmount2YearsAgo__c" VARCHAR(255), 
	"npo02__OppAmountLastNDays__c" VARCHAR(255), 
	"npo02__OppAmountLastYear__c" VARCHAR(255), 
	"npo02__OppAmountThisYear__c" VARCHAR(255), 
	"npo02__OppsClosed2YearsAgo__c" VARCHAR(255), 
	"npo02__OppsClosedLastNDays__c" VARCHAR(255), 
	"npo02__OppsClosedLastYear__c" VARCHAR(255), 
	"npo02__OppsClosedThisYear__c" VARCHAR(255), 
	"npo02__SYSTEM_CUSTOM_NAMING__c" VARCHAR(255), 
	"npo02__SmallestAmount__c" VARCHAR(255), 
	"npo02__TotalMembershipOppAmount__c" VARCHAR(255), 
	"npo02__TotalOppAmount__c" VARCHAR(255), 
	"npsp__Funding_Focus__c" VARCHAR(255), 
	"npsp__Grantmaker__c" VARCHAR(255), 
	"npsp__Matching_Gift_Administrator_Name__c" VARCHAR(255), 
	"npsp__Matching_Gift_Amount_Max__c" VARCHAR(255), 
	"npsp__Matching_Gift_Amount_Min__c" VARCHAR(255), 
	"npsp__Matching_Gift_Annual_Employee_Max__c" VARCHAR(255), 
	"npsp__Matching_Gift_Comments__c" VARCHAR(255), 
	"npsp__Matching_Gift_Company__c" VARCHAR(255), 
	"npsp__Matching_Gift_Email__c" VARCHAR(255), 
	"npsp__Matching_Gift_Info_Updated__c" VARCHAR(255), 
	"npsp__Matching_Gift_Percent__c" VARCHAR(255), 
	"npsp__Matching_Gift_Phone__c" VARCHAR(255), 
	"npsp__Matching_Gift_Request_Deadline__c" VARCHAR(255), 
	"npsp__Number_of_Household_Members__c" VARCHAR(255), 
	"ParentId" VARCHAR(255), 
	"npe01__One2OneContact__c" VARCHAR(255), 
	"npsp__Batch__c" VARCHAR(255), 
	PRIMARY KEY (id)
);
INSERT INTO "Account" VALUES(1,'','The Household','01252000002jBCwAAM','True','Household Account','0.0','','','','','','','0.0','','0.0','','','','0.0','','','0.0','0.0','0.0','0.0','0.0','0.0','0.0','0.0','0.0','0.0','','0.0','0.0','0.0','','False','','','','','','False','','','','','','','','','');
INSERT INTO "Account" VALUES(2,'','Shepherd, Flynn and Norman','01252000002jBCxAAM','False','','0.0','','','','','','','0.0','','0.0','','','','0.0','','','0.0','0.0','0.0','0.0','0.0','0.0','0.0','0.0','0.0','0.0','','0.0','0.0','0.0','','False','','','','','','False','','','','','','','','','');
INSERT INTO "Account" VALUES(3,'','Rasmussen-Mckenzie','01252000002jBCwAAM','True','Household Account','0.0','','','','','','','0.0','','0.0','','','','0.0','','','0.0','0.0','0.0','0.0','0.0','0.0','0.0','0.0','0.0','0.0','','0.0','0.0','0.0','','False','','','','','','False','','','','','','','','','');
INSERT INTO "Account" VALUES(4,'','Kaufman','01252000002jBCxAAM','False','','0.0','','','','','','','0.0','','0.0','','','','0.0','','','0.0','0.0','0.0','0.0','0.0','0.0','0.0','0.0','0.0','0.0','','0.0','0.0','0.0','','False','','','','','','False','','','','','','','','','');
INSERT INTO "Account" VALUES(5,'','Griffith-Shaw','01252000002jBCxAAM','False','Politics can price for view. Son wait discuss I.','0.0','74263.0','1995','2022-08-02','Run baby this us none. Investment receive buy message. Level trouble American deal.','037-734-2257x03772','May time before various. Threat bring half help few safe doctor.','0.0','2022-06-30','0.0','2022-02-12','Hit wish body model. Example career fire.','Look sense goal property. Herself reason evidence plant.','0.0','2022-11-29','2022-06-20','0.0','0.0','0.0','0.0','0.0','0.0','0.0','0.0','0.0','0.0','Informal_Greeting__c','0.0','0.0','0.0','Arts and Culture','False','Russell Guerra','32359.0','52404.0','53955.0','Detail least discover past consider radio. Involve garden its maintain full finally.','False','hayley07@example.net','2022-05-29','55.0','610.209.7001x44947','Ask quite employee discussion play author. Sea assume follow.','77411.0','','','');
INSERT INTO "Account" VALUES(6,'','Fitzpatrick, Renee and Jaclyn Household','01252000002jBCwAAM','True','Household Account','0.0','','','','Mr. Claire Beard, Arias Renee and Rush Jaclyn','','Claire, Madeline, Arias and Rush','0.0','','0.0','','','','0.0','','','0.0','0.0','0.0','0.0','0.0','0.0','0.0','0.0','0.0','0.0','','0.0','0.0','0.0','','False','','','','','','False','','','','','','4.0','','250','');
INSERT INTO "Account" VALUES(7,'','Howard-Cameron','01252000002jBCxAAM','False','','0.0','','','','','','','0.0','','0.0','','','','0.0','','','0.0','0.0','0.0','0.0','0.0','0.0','0.0','0.0','0.0','0.0','','0.0','0.0','0.0','','False','','','','','','False','','','','','','','','','');
INSERT INTO "Account" VALUES(8,'','Savage, Perry, Todd and Kaylee Household','01252000002jBCwAAM','True','Household Account','0.0','','','','Prof. Danny Rowe, Ms. Jeanne Perry, Campbell Todd and Parsons Kaylee','','Gene, Danny, Campbell and Parsons','0.0','','0.0','','','','0.0','','','0.0','0.0','0.0','0.0','0.0','0.0','0.0','0.0','0.0','0.0','','0.0','0.0','0.0','','False','','','','','','False','','','','','','5.0','','172','');
INSERT INTO "Account" VALUES(9,'','Davis-Velez','01252000002jBCxAAM','False','','0.0','','','','','','','0.0','','0.0','','','','0.0','','','0.0','0.0','0.0','0.0','0.0','0.0','0.0','0.0','0.0','0.0','','0.0','0.0','0.0','','False','','','','','','False','','','','','','','','','');
INSERT INTO "Account" VALUES(10,'','Long, Chambers, Tracey and Angie Household','01252000002jBCwAAM','True','Household Account','0.0','','','','Gallagher Tracey and Flynn Angie','','Colton, Carlos, Gallagher and Flynn','0.0','','0.0','','','','0.0','','','0.0','0.0','0.0','0.0','0.0','0.0','0.0','0.0','0.0','0.0','','0.0','0.0','0.0','','False','','','','','','False','','','','','','4.0','','4','');
INSERT INTO "Account" VALUES(11,'','Yu, Bass and Campbell','01252000002jBCxAAM','False','','0.0','','','','','','','0.0','','0.0','','','','0.0','','','0.0','0.0','0.0','0.0','0.0','0.0','0.0','0.0','0.0','0.0','','0.0','0.0','0.0','','False','','','','','','False','','','','','','','','','');
INSERT INTO "Account" VALUES(12,'','Pena, Stacie and Darin Household','01252000002jBCwAAM','True','Household Account','0.0','','','','Dr. Alyssa Decker, Dr. Mathew Faulkner, Ali Stacie and Carrillo Darin','','Manuel, Alyssa, Mathew, Ali and Carrillo','0.0','','0.0','','','','0.0','','','0.0','0.0','0.0','0.0','0.0','0.0','0.0','0.0','0.0','0.0','','0.0','0.0','0.0','','False','','','','','','False','','','','','','5.0','','21','');
INSERT INTO "Account" VALUES(13,'','Miles Group','01252000002jBCxAAM','False','','0.0','','','','','','','0.0','','0.0','','','','0.0','','','0.0','0.0','0.0','0.0','0.0','0.0','0.0','0.0','0.0','0.0','','0.0','0.0','0.0','','False','','','','','','False','','','','','','','','','');
INSERT INTO "Account" VALUES(14,'','The Household','01252000002jBCwAAM','True','Household Account','0.0','','','','','','','0.0','','0.0','','','','0.0','','','0.0','0.0','0.0','0.0','0.0','0.0','0.0','0.0','0.0','0.0','','0.0','0.0','0.0','','False','','','','','','False','','','','','','','','','');
INSERT INTO "Account" VALUES(15,'','Gould-Schmidt','01252000002jBCxAAM','False','','0.0','','','','','','','0.0','','0.0','','','','0.0','','','0.0','0.0','0.0','0.0','0.0','0.0','0.0','0.0','0.0','0.0','','0.0','0.0','0.0','','False','','','','','','False','','','','','','','','','');
INSERT INTO "Account" VALUES(16,'','Murray, Sloan, Singleton, Gavin and Ross Household','01252000002jBCwAAM','True','Household Account','0.0','','','','Ms. Clarence Murray, Valenzuela Gavin and Holland Ross','','Grant, Oscar, Valenzuela and Holland','0.0','','0.0','','','','0.0','','','0.0','0.0','0.0','0.0','0.0','0.0','0.0','0.0','0.0','0.0','','0.0','0.0','0.0','','False','','','','','','False','','','','','','5.0','','129','');
INSERT INTO "Account" VALUES(17,'','Wall-Ibarra','01252000002jBCxAAM','False','','0.0','','','','','','','0.0','','0.0','','','','0.0','','','0.0','0.0','0.0','0.0','0.0','0.0','0.0','0.0','0.0','0.0','','0.0','0.0','0.0','','False','','','','','','False','','','','','','','','','');
INSERT INTO "Account" VALUES(18,'','Koch-Turner','01252000002jBCxAAM','False','','0.0','','','','','','','0.0','','0.0','','','','0.0','','','0.0','0.0','0.0','0.0','0.0','0.0','0.0','0.0','0.0','0.0','','0.0','0.0','0.0','','False','','','','','','False','','','','','','','','','');
INSERT INTO "Account" VALUES(19,'','Romero, Adam and Jennifer Household','01252000002jBCwAAM','True','Household Account','0.0','','','','Ms. Henry Romero, Huerta Adam and Madden Jennifer','','Huerta and Madden','0.0','','0.0','','','','0.0','','','0.0','0.0','0.0','0.0','0.0','0.0','0.0','0.0','0.0','0.0','','0.0','0.0','0.0','','False','','','','','','False','','','','','','3.0','','106','');
INSERT INTO "Account" VALUES(20,'','Velazquez Ltd','01252000002jBCxAAM','False','','0.0','','','','','','','0.0','','0.0','','','','0.0','','','0.0','0.0','0.0','0.0','0.0','0.0','0.0','0.0','0.0','0.0','','0.0','0.0','0.0','','False','','','','','','False','','','','','','','','','');
INSERT INTO "Account" VALUES(21,'','The Household','01252000002jBCwAAM','True','Household Account','0.0','','','','','','','0.0','','0.0','','','','0.0','','','0.0','0.0','0.0','0.0','0.0','0.0','0.0','0.0','0.0','0.0','','0.0','0.0','0.0','','False','','','','','','False','','','','','','','','','');
INSERT INTO "Account" VALUES(22,'','Barry, Carey and Stevenson','01252000002jBCxAAM','False','','0.0','','','','','','','0.0','','0.0','','','','0.0','','','0.0','0.0','0.0','0.0','0.0','0.0','0.0','0.0','0.0','0.0','','0.0','0.0','0.0','','False','','','','','','False','','','','','','','','','');
INSERT INTO "Account" VALUES(23,'','Tyler Inc','01252000002jBCwAAM','True','Household Account','0.0','','','','','','','0.0','','0.0','','','','0.0','','','0.0','0.0','0.0','0.0','0.0','0.0','0.0','0.0','0.0','0.0','','0.0','0.0','0.0','','False','','','','','','False','','','','','','','','','');
INSERT INTO "Account" VALUES(24,'','Sample Account for Entitlements','','False','','','','','','','','','','','','','','','','','','','','','','','','','','','','','','','','','False','','','','','','False','','','','','','','','','');
INSERT INTO "Account" VALUES(25,'','Larsen, Gary and Danielle Household','01252000002jBCwAAM','True','Household Account','0.0','','','','Mrs. Harry Garcia, Dalton Gary and Jones Danielle','','Harry, Julian, Dalton and Jones','0.0','','0.0','','','','0.0','','','0.0','0.0','0.0','0.0','0.0','0.0','0.0','0.0','0.0','0.0','','0.0','0.0','0.0','','False','','','','','','False','','','','','','4.0','','253','');
INSERT INTO "Account" VALUES(26,'','Frey PLC','01252000002jBCxAAM','False','','0.0','','','','','','','0.0','','0.0','','','','0.0','','','0.0','0.0','0.0','0.0','0.0','0.0','0.0','0.0','0.0','0.0','','0.0','0.0','0.0','','False','','','','','','False','','','','','','','','','');
INSERT INTO "Account" VALUES(27,'','Warren, Bradshaw and Montoya','01252000002jBCxAAM','False','','0.0','','','','','','','0.0','','0.0','','','','0.0','','','0.0','0.0','0.0','0.0','0.0','0.0','0.0','0.0','0.0','0.0','','0.0','0.0','0.0','','False','','','','','','False','','','','','','','','','');
INSERT INTO "Account" VALUES(28,'','Chelsea and Marilyn Household','01252000002jBCwAAM','True','Household Account','0.0','','','','Ms. Colton Velasquez, Ewing Chelsea and Griffin Marilyn','','Colton, Ewing and Griffin','0.0','','0.0','','','','0.0','','','0.0','0.0','0.0','0.0','0.0','0.0','0.0','0.0','0.0','0.0','','0.0','0.0','0.0','','False','','','','','','False','','','','','','3.0','','257','');
INSERT INTO "Account" VALUES(29,'','Williams-Murray','01252000002jBCxAAM','False','','0.0','','','','','','','0.0','','0.0','','','','0.0','','','0.0','0.0','0.0','0.0','0.0','0.0','0.0','0.0','0.0','0.0','','0.0','0.0','0.0','','False','','','','','','False','','','','','','','','','');
INSERT INTO "Account" VALUES(30,'','The Household','01252000002jBCwAAM','True','Household Account','0.0','','','','','','','0.0','','0.0','','','','0.0','','','0.0','0.0','0.0','0.0','0.0','0.0','0.0','0.0','0.0','0.0','','0.0','0.0','0.0','','False','','','','','','False','','','','','','','','','');
INSERT INTO "Account" VALUES(31,'','Hanna, Hebert and Ortiz','01252000002jBCxAAM','False','','0.0','','','','','','','0.0','','0.0','','','','0.0','','','0.0','0.0','0.0','0.0','0.0','0.0','0.0','0.0','0.0','0.0','','0.0','0.0','0.0','','False','','','','','','False','','','','','','','','','');
INSERT INTO "Account" VALUES(32,'','Le-Bruce','01252000002jBCwAAM','True','Household Account','0.0','','','','','','','0.0','','0.0','','','','0.0','','','0.0','0.0','0.0','0.0','0.0','0.0','0.0','0.0','0.0','0.0','','0.0','0.0','0.0','','False','','','','','','False','','','','','','','','','');
INSERT INTO "Account" VALUES(33,'','Howard','01252000002jBCxAAM','False','','0.0','','','','','','','0.0','','0.0','','','','0.0','','','0.0','0.0','0.0','0.0','0.0','0.0','0.0','0.0','0.0','0.0','','0.0','0.0','0.0','','False','','','','','','False','','','','','','','','','');
INSERT INTO "Account" VALUES(34,'','Bullock-Peterson','01252000002jBCxAAM','False','Feel hour over structure. Method rule seem look right. Adult our surface almost.','0.0','14441.0','2012','2022-05-15','Hear should quickly last travel. Such wind rich choose court beautiful.','+1-340-588-3801x1172','Win do image boy near hear. Wait front listen after. Staff give laugh low fire.','0.0','2022-06-06','0.0','2022-05-08','Parent husband son job school. List any so show.','Real animal film water yourself final decision. Main maintain pull bad team them.','0.0','2022-05-27','2022-08-28','0.0','0.0','0.0','0.0','0.0','0.0','0.0','0.0','0.0','0.0','Informal_Greeting__c','0.0','0.0','0.0','Health Services','False','Mr. Jaime Woodward','15861.0','45736.0','88663.0','Democratic few heavy quickly interesting fine analysis.','False','orozcobailey@example.net','2023-01-19','92.0','0605545751','Away edge prove job. Accept fear himself glass. Lay crime article computer.','31408.0','','','');
INSERT INTO "Account" VALUES(35,'','Philip and Jenny Household','01252000002jBCwAAM','True','Household Account','0.0','','','','Ms. Norman Mason, Prof. Frank Osborn, Gould Philip and Mcneil Jenny','','Norman, Frank, Gould and Mcneil','0.0','','0.0','','','','0.0','','','0.0','0.0','0.0','0.0','0.0','0.0','0.0','0.0','0.0','0.0','','0.0','0.0','0.0','','False','','','','','','False','','','','','','4.0','','8','');
INSERT INTO "Account" VALUES(36,'','Flores, Dawson and Edwards','01252000002jBCxAAM','False','','0.0','','','','','','','0.0','','0.0','','','','0.0','','','0.0','0.0','0.0','0.0','0.0','0.0','0.0','0.0','0.0','0.0','','0.0','0.0','0.0','','False','','','','','','False','','','','','','','','','');
INSERT INTO "Account" VALUES(37,'','Pope, Abbott, Ferrell, Andres and Bruce Household','01252000002jBCwAAM','True','Household Account','0.0','','','','Ms. Kristie Ferrell, Schaefer Andres and Benson Bruce','','Sheena, Billy, Schaefer and Benson','0.0','','0.0','','','','0.0','','','0.0','0.0','0.0','0.0','0.0','0.0','0.0','0.0','0.0','0.0','','0.0','0.0','0.0','','False','','','','','','False','','','','','','5.0','','54','');
INSERT INTO "Account" VALUES(38,'','Mcintyre, Flores and Guerra','01252000002jBCxAAM','False','','0.0','','','','','','','0.0','','0.0','','','','0.0','','','0.0','0.0','0.0','0.0','0.0','0.0','0.0','0.0','0.0','0.0','','0.0','0.0','0.0','','False','','','','','','False','','','','','','','','','');
INSERT INTO "Account" VALUES(39,'','Li, Ferrell, Leonard and Molly Household','01252000002jBCwAAM','True','Household Account','0.0','','','','Dr. Herbert Ferrell, Winters Leonard and Cabrera Molly','','Anne, Winters and Cabrera','0.0','','0.0','','','','0.0','','','0.0','0.0','0.0','0.0','0.0','0.0','0.0','0.0','0.0','0.0','','0.0','0.0','0.0','','False','','','','','','False','','','','','','4.0','','57','');
INSERT INTO "Account" VALUES(40,'','Kidd-Hopkins','01252000002jBCxAAM','False','','0.0','','','','','','','0.0','','0.0','','','','0.0','','','0.0','0.0','0.0','0.0','0.0','0.0','0.0','0.0','0.0','0.0','','0.0','0.0','0.0','','False','','','','','','False','','','','','','','','','');
INSERT INTO "Account" VALUES(41,'','Crosby, Campos, Vincent and Danny Household','01252000002jBCwAAM','True','Household Account','0.0','','','','Ms. Brady Bond, Mejia Vincent and Simmons Danny','','Albert, Brady, Tammie, Mejia and Simmons','0.0','','0.0','','','','0.0','','','0.0','0.0','0.0','0.0','0.0','0.0','0.0','0.0','0.0','0.0','','0.0','0.0','0.0','','False','','','','','','False','','','','','','5.0','','62','');
INSERT INTO "Account" VALUES(42,'','Herman, Barker and Thornton','01252000002jBCxAAM','False','','0.0','','','','','','','0.0','','0.0','','','','0.0','','','0.0','0.0','0.0','0.0','0.0','0.0','0.0','0.0','0.0','0.0','','0.0','0.0','0.0','','False','','','','','','False','','','','','','','','','');
INSERT INTO "Account" VALUES(43,'','The Household','01252000002jBCwAAM','True','Household Account','0.0','','','','','','','0.0','','0.0','','','','0.0','','','0.0','0.0','0.0','0.0','0.0','0.0','0.0','0.0','0.0','0.0','','0.0','0.0','0.0','','False','','','','','','False','','','','','','','','','');
INSERT INTO "Account" VALUES(44,'','Pugh Inc','01252000002jBCxAAM','False','','0.0','','','','','','','0.0','','0.0','','','','0.0','','','0.0','0.0','0.0','0.0','0.0','0.0','0.0','0.0','0.0','0.0','','0.0','0.0','0.0','','False','','','','','','False','','','','','','','','','');
INSERT INTO "Account" VALUES(45,'','Holland, Robin and Dalton Household','01252000002jBCwAAM','True','Household Account','0.0','','','','Mrs. Yvette Garner, Mr. Randall Wolfe, Briggs Robin and Byrd Dalton','','Yvette, Valerie, Randall, Briggs and Byrd','0.0','','0.0','','','','0.0','','','0.0','0.0','0.0','0.0','0.0','0.0','0.0','0.0','0.0','0.0','','0.0','0.0','0.0','','False','','','','','','False','','','','','','5.0','','65','');
INSERT INTO "Account" VALUES(46,'','Hardy Group','01252000002jBCxAAM','False','','0.0','','','','','','','0.0','','0.0','','','','0.0','','','0.0','0.0','0.0','0.0','0.0','0.0','0.0','0.0','0.0','0.0','','0.0','0.0','0.0','','False','','','','','','False','','','','','','','','','');
INSERT INTO "Account" VALUES(47,'','Raymond Inc','01252000002jBCxAAM','False','','0.0','','','','','','','0.0','','0.0','','','','0.0','','','0.0','0.0','0.0','0.0','0.0','0.0','0.0','0.0','0.0','0.0','','0.0','0.0','0.0','','False','','','','','','False','','','','','','','','','');
INSERT INTO "Account" VALUES(48,'','Maurice and Erika Household','01252000002jBCwAAM','True','Household Account','0.0','','','','Ms. Cameron Buchanan, Marshall Maurice and Miles Erika','','Cameron, Marshall and Miles','0.0','','0.0','','','','0.0','','','0.0','0.0','0.0','0.0','0.0','0.0','0.0','0.0','0.0','0.0','','0.0','0.0','0.0','','False','','','','','','False','','','','','','3.0','','16','');
INSERT INTO "Account" VALUES(49,'','Ali-Craig','01252000002jBCxAAM','False','','0.0','','','','','','','0.0','','0.0','','','','0.0','','','0.0','0.0','0.0','0.0','0.0','0.0','0.0','0.0','0.0','0.0','','0.0','0.0','0.0','','False','','','','','','False','','','','','','','','','');
INSERT INTO "Account" VALUES(50,'','The Household','01252000002jBCwAAM','True','Household Account','0.0','','','','','','','0.0','','0.0','','','','0.0','','','0.0','0.0','0.0','0.0','0.0','0.0','0.0','0.0','0.0','0.0','','0.0','0.0','0.0','','False','','','','','','False','','','','','','','','','');
INSERT INTO "Account" VALUES(51,'','Benton-Herrera','01252000002jBCxAAM','False','','0.0','','','','','','','0.0','','0.0','','','','0.0','','','0.0','0.0','0.0','0.0','0.0','0.0','0.0','0.0','0.0','0.0','','0.0','0.0','0.0','','False','','','','','','False','','','','','','','','','');
INSERT INTO "Account" VALUES(52,'','Hess-Perry','01252000002jBCwAAM','True','Household Account','0.0','','','','','','','0.0','','0.0','','','','0.0','','','0.0','0.0','0.0','0.0','0.0','0.0','0.0','0.0','0.0','0.0','','0.0','0.0','0.0','','False','','','','','','False','','','','','','','','','');
INSERT INTO "Account" VALUES(53,'','Fitzgerald','01252000002jBCxAAM','False','','0.0','','','','','','','0.0','','0.0','','','','0.0','','','0.0','0.0','0.0','0.0','0.0','0.0','0.0','0.0','0.0','0.0','','0.0','0.0','0.0','','False','','','','','','False','','','','','','','','','');
INSERT INTO "Account" VALUES(54,'','Martinez','01252000002jBCxAAM','False','','0.0','','','','','','','0.0','','0.0','','','','0.0','','','0.0','0.0','0.0','0.0','0.0','0.0','0.0','0.0','0.0','0.0','','0.0','0.0','0.0','','False','','','','','','False','','','','','','','','','');
INSERT INTO "Account" VALUES(55,'','Cooley-Andrews','01252000002jBCxAAM','False','Machine however ten behind its send.','0.0','76335.0','2015','2022-12-10','Open good on. Decision eat plan arrive themselves. Few report quickly until fly man.','000-101-8649x1757','Together kitchen strong according social. Cost group rise shake beyond contain national stock.','0.0','2022-03-25','0.0','2022-10-31','Bar year lawyer sister learn. Let everything investment catch as experience smile kitchen.','As purpose ten. Child forget price remember take window.','0.0','2022-11-29','2022-02-15','0.0','0.0','0.0','0.0','0.0','0.0','0.0','0.0','0.0','0.0','Informal_Greeting__c','0.0','0.0','0.0','Health Services','False','Jermaine Ryan DDS','39692.0','50237.0','17899.0','Clear adult central human bad. Finally ok good season indeed return them.','False','xayers@example.net','2022-07-22','52.0','787.694.8672','Century tend sort research free claim although skill. Treatment north bank easy she manager.','31939.0','','','');
INSERT INTO "Account" VALUES(56,'','Haas, Alex and Anita Household','01252000002jBCwAAM','True','Household Account','0.0','','','','Jensen Alex and Huff Anita','','Mary, Jensen and Huff','0.0','','0.0','','','','0.0','','','0.0','0.0','0.0','0.0','0.0','0.0','0.0','0.0','0.0','0.0','','0.0','0.0','0.0','','False','','','','','','False','','','','','','3.0','','200','');
INSERT INTO "Account" VALUES(57,'','Cortez-Simpson','01252000002jBCxAAM','False','','0.0','','','','','','','0.0','','0.0','','','','0.0','','','0.0','0.0','0.0','0.0','0.0','0.0','0.0','0.0','0.0','0.0','','0.0','0.0','0.0','','False','','','','','','False','','','','','','','','','');
INSERT INTO "Account" VALUES(58,'','Sanders, Clay, Combs, Loretta and Sheena Household','01252000002jBCwAAM','True','Household Account','0.0','','','','Ms. Jamie Sanders, Tucker Loretta and Mcbride Sheena','','Tom, Phillip, Tucker and Mcbride','0.0','','0.0','','','','0.0','','','0.0','0.0','0.0','0.0','0.0','0.0','0.0','0.0','0.0','0.0','','0.0','0.0','0.0','','False','','','','','','False','','','','','','5.0','','205','');
INSERT INTO "Account" VALUES(59,'','Wolfe, Rush and Barker','01252000002jBCxAAM','False','','0.0','','','','','','','0.0','','0.0','','','','0.0','','','0.0','0.0','0.0','0.0','0.0','0.0','0.0','0.0','0.0','0.0','','0.0','0.0','0.0','','False','','','','','','False','','','','','','','','','');
INSERT INTO "Account" VALUES(60,'','Kristen and Loretta Household','01252000002jBCwAAM','True','Household Account','0.0','','','','Prof. Darryl Martinez, Baird Kristen and Ware Loretta','','Darryl, Baird and Ware','0.0','','0.0','','','','0.0','','','0.0','0.0','0.0','0.0','0.0','0.0','0.0','0.0','0.0','0.0','','0.0','0.0','0.0','','False','','','','','','False','','','','','','3.0','','208','');
INSERT INTO "Account" VALUES(61,'','Martinez and Sons','01252000002jBCxAAM','False','','0.0','','','','','','','0.0','','0.0','','','','0.0','','','0.0','0.0','0.0','0.0','0.0','0.0','0.0','0.0','0.0','0.0','','0.0','0.0','0.0','','False','','','','','','False','','','','','','','','','');
INSERT INTO "Account" VALUES(62,'','Briggs, Sherman, Johnny and Ariel Household','01252000002jBCwAAM','True','Household Account','0.0','','','','Richmond Johnny and Pollard Ariel','','Vicki, Jeffrey, Richmond and Pollard','0.0','','0.0','','','','0.0','','','0.0','0.0','0.0','0.0','0.0','0.0','0.0','0.0','0.0','0.0','','0.0','0.0','0.0','','False','','','','','','False','','','','','','4.0','','212','');
INSERT INTO "Account" VALUES(63,'','Schaefer, Browning and Rivera','01252000002jBCxAAM','False','','0.0','','','','','','','0.0','','0.0','','','','0.0','','','0.0','0.0','0.0','0.0','0.0','0.0','0.0','0.0','0.0','0.0','','0.0','0.0','0.0','','False','','','','','','False','','','','','','','','','');
INSERT INTO "Account" VALUES(64,'','The Household','01252000002jBCwAAM','True','Household Account','0.0','','','','','','','0.0','','0.0','','','','0.0','','','0.0','0.0','0.0','0.0','0.0','0.0','0.0','0.0','0.0','0.0','','0.0','0.0','0.0','','False','','','','','','False','','','','','','','','','');
INSERT INTO "Account" VALUES(65,'','Walsh Group','01252000002jBCxAAM','False','','0.0','','','','','','','0.0','','0.0','','','','0.0','','','0.0','0.0','0.0','0.0','0.0','0.0','0.0','0.0','0.0','0.0','','0.0','0.0','0.0','','False','','','','','','False','','','','','','','','','');
INSERT INTO "Account" VALUES(66,'','Camacho, Fisher, Franklin and Claudia Household','01252000002jBCwAAM','True','Household Account','0.0','','','','Prof. Don Villanueva, Mrs. Audrey Camacho, Mr. Tyler Fisher, Fry Franklin and Mcgrath Claudia','','Don, Fry and Mcgrath','0.0','','0.0','','','','0.0','','','0.0','0.0','0.0','0.0','0.0','0.0','0.0','0.0','0.0','0.0','','0.0','0.0','0.0','','False','','','','','','False','','','','','','5.0','','217','');
INSERT INTO "Account" VALUES(67,'','Cunningham-Cordova','01252000002jBCxAAM','False','','0.0','','','','','','','0.0','','0.0','','','','0.0','','','0.0','0.0','0.0','0.0','0.0','0.0','0.0','0.0','0.0','0.0','','0.0','0.0','0.0','','False','','','','','','False','','','','','','','','','');
INSERT INTO "Account" VALUES(68,'','Mahoney, Park and Osborne','01252000002jBCxAAM','False','','0.0','','','','','','','0.0','','0.0','','','','0.0','','','0.0','0.0','0.0','0.0','0.0','0.0','0.0','0.0','0.0','0.0','','0.0','0.0','0.0','','False','','','','','','False','','','','','','','','','');
INSERT INTO "Account" VALUES(69,'','Montes, Mindy and Garrett Household','01252000002jBCwAAM','True','Household Account','0.0','','','','Mr. Jo Montes, Mr. Steve Moon, Barrera Mindy and Peck Garrett','','Steve, Barrera and Peck','0.0','','0.0','','','','0.0','','','0.0','0.0','0.0','0.0','0.0','0.0','0.0','0.0','0.0','0.0','','0.0','0.0','0.0','','False','','','','','','False','','','','','','4.0','','222','');
INSERT INTO "Account" VALUES(70,'','Hunter and Sons','01252000002jBCxAAM','False','','0.0','','','','','','','0.0','','0.0','','','','0.0','','','0.0','0.0','0.0','0.0','0.0','0.0','0.0','0.0','0.0','0.0','','0.0','0.0','0.0','','False','','','','','','False','','','','','','','','','');
INSERT INTO "Account" VALUES(71,'','The Household','01252000002jBCwAAM','True','Household Account','0.0','','','','','','','0.0','','0.0','','','','0.0','','','0.0','0.0','0.0','0.0','0.0','0.0','0.0','0.0','0.0','0.0','','0.0','0.0','0.0','','False','','','','','','False','','','','','','','','','');
INSERT INTO "Account" VALUES(72,'','Choi Inc','01252000002jBCxAAM','False','','0.0','','','','','','','0.0','','0.0','','','','0.0','','','0.0','0.0','0.0','0.0','0.0','0.0','0.0','0.0','0.0','0.0','','0.0','0.0','0.0','','False','','','','','','False','','','','','','','','','');
INSERT INTO "Account" VALUES(73,'','Davenport, Pearson and Li','01252000002jBCwAAM','True','Household Account','0.0','','','','','','','0.0','','0.0','','','','0.0','','','0.0','0.0','0.0','0.0','0.0','0.0','0.0','0.0','0.0','0.0','','0.0','0.0','0.0','','False','','','','','','False','','','','','','','','','');
INSERT INTO "Account" VALUES(74,'','Cantrell','01252000002jBCxAAM','False','','0.0','','','','','','','0.0','','0.0','','','','0.0','','','0.0','0.0','0.0','0.0','0.0','0.0','0.0','0.0','0.0','0.0','','0.0','0.0','0.0','','False','','','','','','False','','','','','','','','','');
INSERT INTO "Account" VALUES(75,'','Wang-Phillips','01252000002jBCxAAM','False','Not tell which or beyond military. Foot after even time season item ability.','0.0','15547.0','2011','2022-04-10','Call talk reality yes friend reason hear everyone. Mr light build sea.','1594142106','Sometimes road tend deal site money. Hold window when dream. President detail lawyer difficult.','0.0','2022-04-01','0.0','2022-10-05','If myself happen member middle movement already. Similar central relate PM everything.','Thousand military boy part wish public. Last him less system think drug.','0.0','2023-01-16','2022-05-20','0.0','0.0','0.0','0.0','0.0','0.0','0.0','0.0','0.0','0.0','Formal_Greeting__c','0.0','0.0','0.0','Environmental','False','Dr. Jillian Grimes MD','32044.0','34383.0','83243.0','While best full doctor Congress own. Public large few prevent yeah hand plant.','False','fredsandoval@example.net','2022-05-20','12.0','124.735.5572','House sea enter movement six middle grow. Plan various affect treatment wear.','24616.0','','','');
INSERT INTO "Account" VALUES(76,'','Stefanie and Cassie Household','01252000002jBCwAAM','True','Household Account','0.0','','','','Dr. Kristin Crosby, Ortega Stefanie and Andersen Cassie','','Kristin, Ortega and Andersen','0.0','','0.0','','','','0.0','','','0.0','0.0','0.0','0.0','0.0','0.0','0.0','0.0','0.0','0.0','','0.0','0.0','0.0','','False','','','','','','False','','','','','','3.0','','225','');
INSERT INTO "Account" VALUES(77,'','Rosario, Hull and Maddox','01252000002jBCxAAM','False','','0.0','','','','','','','0.0','','0.0','','','','0.0','','','0.0','0.0','0.0','0.0','0.0','0.0','0.0','0.0','0.0','0.0','','0.0','0.0','0.0','','False','','','','','','False','','','','','','','','','');
INSERT INTO "Account" VALUES(78,'','Powell, Sheila and Claire Household','01252000002jBCwAAM','True','Household Account','0.0','','','','Dr. Emma Patel, Huff Sheila and Wade Claire','','Valerie, Emma, Huff and Wade','0.0','','0.0','','','','0.0','','','0.0','0.0','0.0','0.0','0.0','0.0','0.0','0.0','0.0','0.0','','0.0','0.0','0.0','','False','','','','','','False','','','','','','4.0','','229','');
INSERT INTO "Account" VALUES(79,'','Neal Ltd','01252000002jBCxAAM','False','','0.0','','','','','','','0.0','','0.0','','','','0.0','','','0.0','0.0','0.0','0.0','0.0','0.0','0.0','0.0','0.0','0.0','','0.0','0.0','0.0','','False','','','','','','False','','','','','','','','','');
INSERT INTO "Account" VALUES(80,'','Roberts, Dwayne and Gerald Household','01252000002jBCwAAM','True','Household Account','0.0','','','','Ms. Lonnie Villanueva, Prof. Amanda Roberts, Mueller Dwayne and Sanchez Gerald','','Alyssa, Lonnie, Mueller and Sanchez','0.0','','0.0','','','','0.0','','','0.0','0.0','0.0','0.0','0.0','0.0','0.0','0.0','0.0','0.0','','0.0','0.0','0.0','','False','','','','','','False','','','','','','5.0','','234','');
INSERT INTO "Account" VALUES(81,'','Osborn, Richards and Rollins','01252000002jBCxAAM','False','','0.0','','','','','','','0.0','','0.0','','','','0.0','','','0.0','0.0','0.0','0.0','0.0','0.0','0.0','0.0','0.0','0.0','','0.0','0.0','0.0','','False','','','','','','False','','','','','','','','','');
INSERT INTO "Account" VALUES(82,'','Grimes, Lyons, Petersen, Monique and Hayden Household','01252000002jBCwAAM','True','Household Account','0.0','','','','Prof. Selena Grimes, Ms. Sabrina Lyons, Prof. Norma Petersen, Hoffman Monique and Wilkinson Hayden','','Hoffman and Wilkinson','0.0','','0.0','','','','0.0','','','0.0','0.0','0.0','0.0','0.0','0.0','0.0','0.0','0.0','0.0','','0.0','0.0','0.0','','False','','','','','','False','','','','','','5.0','','239','');
INSERT INTO "Account" VALUES(83,'','Stafford LLC','01252000002jBCxAAM','False','','0.0','','','','','','','0.0','','0.0','','','','0.0','','','0.0','0.0','0.0','0.0','0.0','0.0','0.0','0.0','0.0','0.0','','0.0','0.0','0.0','','False','','','','','','False','','','','','','','','','');
INSERT INTO "Account" VALUES(84,'','The Household','01252000002jBCwAAM','True','Household Account','0.0','','','','','','','0.0','','0.0','','','','0.0','','','0.0','0.0','0.0','0.0','0.0','0.0','0.0','0.0','0.0','0.0','','0.0','0.0','0.0','','False','','','','','','False','','','','','','','','','');
INSERT INTO "Account" VALUES(85,'','Gonzalez-Odom','01252000002jBCxAAM','False','','0.0','','','','','','','0.0','','0.0','','','','0.0','','','0.0','0.0','0.0','0.0','0.0','0.0','0.0','0.0','0.0','0.0','','0.0','0.0','0.0','','False','','','','','','False','','','','','','','','','');
INSERT INTO "Account" VALUES(86,'','Mahoney, Alex and Brian Household','01252000002jBCwAAM','True','Household Account','0.0','','','','Prof. Caitlin Mahoney, Dr. Taylor Morgan, Rowland Alex and Hunt Brian','','Taylor, Rowland and Hunt','0.0','','0.0','','','','0.0','','','0.0','0.0','0.0','0.0','0.0','0.0','0.0','0.0','0.0','0.0','','0.0','0.0','0.0','','False','','','','','','False','','','','','','4.0','','243','');
INSERT INTO "Account" VALUES(87,'','Merritt Ltd','01252000002jBCxAAM','False','','0.0','','','','','','','0.0','','0.0','','','','0.0','','','0.0','0.0','0.0','0.0','0.0','0.0','0.0','0.0','0.0','0.0','','0.0','0.0','0.0','','False','','','','','','False','','','','','','','','','');
INSERT INTO "Account" VALUES(88,'','Charles-Fitzpatrick','01252000002jBCxAAM','False','','0.0','','','','','','','0.0','','0.0','','','','0.0','','','0.0','0.0','0.0','0.0','0.0','0.0','0.0','0.0','0.0','0.0','','0.0','0.0','0.0','','False','','','','','','False','','','','','','','','','');
INSERT INTO "Account" VALUES(89,'','Jacobson, Dwayne and Timothy Household','01252000002jBCwAAM','True','Household Account','0.0','','','','Prof. James Miranda, Mrs. Xavier Jacobson, Bowman Dwayne and Hunt Timothy','','James, Bowman and Hunt','0.0','','0.0','','','','0.0','','','0.0','0.0','0.0','0.0','0.0','0.0','0.0','0.0','0.0','0.0','','0.0','0.0','0.0','','False','','','','','','False','','','','','','4.0','','248','');
INSERT INTO "Account" VALUES(90,'','Vazquez-Grimes','01252000002jBCxAAM','False','','0.0','','','','','','','0.0','','0.0','','','','0.0','','','0.0','0.0','0.0','0.0','0.0','0.0','0.0','0.0','0.0','0.0','','0.0','0.0','0.0','','False','','','','','','False','','','','','','','','','');
INSERT INTO "Account" VALUES(91,'','The Household','01252000002jBCwAAM','True','Household Account','0.0','','','','','','','0.0','','0.0','','','','0.0','','','0.0','0.0','0.0','0.0','0.0','0.0','0.0','0.0','0.0','0.0','','0.0','0.0','0.0','','False','','','','','','False','','','','','','','','','');
INSERT INTO "Account" VALUES(92,'','Duarte Inc','01252000002jBCxAAM','False','','0.0','','','','','','','0.0','','0.0','','','','0.0','','','0.0','0.0','0.0','0.0','0.0','0.0','0.0','0.0','0.0','0.0','','0.0','0.0','0.0','','False','','','','','','False','','','','','','','','','');
INSERT INTO "Account" VALUES(93,'','Calhoun, Byrd and Francis','01252000002jBCwAAM','True','Household Account','0.0','','','','','','','0.0','','0.0','','','','0.0','','','0.0','0.0','0.0','0.0','0.0','0.0','0.0','0.0','0.0','0.0','','0.0','0.0','0.0','','False','','','','','','False','','','','','','','','','');
INSERT INTO "Account" VALUES(94,'','Harrington','01252000002jBCxAAM','False','','0.0','','','','','','','0.0','','0.0','','','','0.0','','','0.0','0.0','0.0','0.0','0.0','0.0','0.0','0.0','0.0','0.0','','0.0','0.0','0.0','','False','','','','','','False','','','','','','','','','');
INSERT INTO "Account" VALUES(95,'','Carney, Newman and Deleon','01252000002jBCxAAM','False','Who environmental PM edge scene I. Half how suddenly commercial. Very between concern go.','0.0','45806.0','1971','2022-11-22','Size meeting somebody under lead space ahead.','+1-143-398-0683x7143','Walk effect practice risk true. Exactly last conference government concern.','0.0','2022-12-25','0.0','2022-10-27','Health store dog animal benefit effort.','Turn remain she look PM we sure.','0.0','2022-09-11','2022-08-16','0.0','0.0','0.0','0.0','0.0','0.0','0.0','0.0','0.0','0.0','Name','0.0','0.0','0.0','Animal Welfare','False','Mrs. Laura Golden DVM','6734.0','44304.0','69063.0','Factor during third many suffer bank. Gun resource candidate.','False','morasheila@example.com','2022-10-03','78.0','8169395127','Report only consider draw yard region write. Light probably year. Almost gun gun near sing.','24849.0','','','');
INSERT INTO "Account" VALUES(96,'','Suarez, Haas, Henry and Terrance Household','01252000002jBCwAAM','True','Household Account','0.0','','','','Mr. Fernando Haas, Dr. Louis Clay, Bryan Henry and Galvan Terrance','','Sheena, Louis, Bryan and Galvan','0.0','','0.0','','','','0.0','','','0.0','0.0','0.0','0.0','0.0','0.0','0.0','0.0','0.0','0.0','','0.0','0.0','0.0','','False','','','','','','False','','','','','','5.0','','146','');
INSERT INTO "Account" VALUES(97,'','Dunn-Phillips','01252000002jBCxAAM','False','','0.0','','','','','','','0.0','','0.0','','','','0.0','','','0.0','0.0','0.0','0.0','0.0','0.0','0.0','0.0','0.0','0.0','','0.0','0.0','0.0','','False','','','','','','False','','','','','','','','','');
INSERT INTO "Account" VALUES(98,'','Burton, Douglas and Shelby Household','01252000002jBCwAAM','True','Household Account','0.0','','','','Mr. Charlene Levy, Mrs. Jasmine Burton, Knox Douglas and Malone Shelby','','Charlene, Knox and Malone','0.0','','0.0','','','','0.0','','','0.0','0.0','0.0','0.0','0.0','0.0','0.0','0.0','0.0','0.0','','0.0','0.0','0.0','','False','','','','','','False','','','','','','4.0','','150','');
INSERT INTO "Account" VALUES(99,'','Mcdaniel, French and Rice','01252000002jBCxAAM','False','','0.0','','','','','','','0.0','','0.0','','','','0.0','','','0.0','0.0','0.0','0.0','0.0','0.0','0.0','0.0','0.0','0.0','','0.0','0.0','0.0','','False','','','','','','False','','','','','','','','','');
INSERT INTO "Account" VALUES(100,'','Lee, Lester, Costa, Maxwell and Leslie Household','01252000002jBCwAAM','True','Household Account','0.0','','','','Mr. Bryan Costa, Mcdonald Maxwell and Hammond Leslie','','Ann, Kaylee, Mcdonald and Hammond','0.0','','0.0','','','','0.0','','','0.0','0.0','0.0','0.0','0.0','0.0','0.0','0.0','0.0','0.0','','0.0','0.0','0.0','','False','','','','','','False','','','','','','5.0','','155','');
INSERT INTO "Account" VALUES(101,'','Castillo, Mcconnell and Ibarra','01252000002jBCxAAM','False','','0.0','','','','','','','0.0','','0.0','','','','0.0','','','0.0','0.0','0.0','0.0','0.0','0.0','0.0','0.0','0.0','0.0','','0.0','0.0','0.0','','False','','','','','','False','','','','','','','','','');
INSERT INTO "Account" VALUES(102,'','Barron, Kristina and Raven Household','01252000002jBCwAAM','True','Household Account','0.0','','','','Mr. Janet Waller, Ms. Bill Barron, Howell Kristina and Miranda Raven','','Janet, Howell and Miranda','0.0','','0.0','','','','0.0','','','0.0','0.0','0.0','0.0','0.0','0.0','0.0','0.0','0.0','0.0','','0.0','0.0','0.0','','False','','','','','','False','','','','','','4.0','','159','');
INSERT INTO "Account" VALUES(103,'','Smith and Sons','01252000002jBCxAAM','False','','0.0','','','','','','','0.0','','0.0','','','','0.0','','','0.0','0.0','0.0','0.0','0.0','0.0','0.0','0.0','0.0','0.0','','0.0','0.0','0.0','','False','','','','','','False','','','','','','','','','');
INSERT INTO "Account" VALUES(104,'','The Household','01252000002jBCwAAM','True','Household Account','0.0','','','','','','','0.0','','0.0','','','','0.0','','','0.0','0.0','0.0','0.0','0.0','0.0','0.0','0.0','0.0','0.0','','0.0','0.0','0.0','','False','','','','','','False','','','','','','','','','');
INSERT INTO "Account" VALUES(105,'','Mora, Choi and Arias','01252000002jBCxAAM','False','','0.0','','','','','','','0.0','','0.0','','','','0.0','','','0.0','0.0','0.0','0.0','0.0','0.0','0.0','0.0','0.0','0.0','','0.0','0.0','0.0','','False','','','','','','False','','','','','','','','','');
INSERT INTO "Account" VALUES(106,'','Garcia, Pace, Kyle and Haley Household','01252000002jBCwAAM','True','Household Account','0.0','','','','Prof. Sandy Garcia, Mr. Megan Pace, Burton Kyle and Downs Haley','','Burton and Downs','0.0','','0.0','','','','0.0','','','0.0','0.0','0.0','0.0','0.0','0.0','0.0','0.0','0.0','0.0','','0.0','0.0','0.0','','False','','','','','','False','','','','','','4.0','','163','');
INSERT INTO "Account" VALUES(107,'','Krause, Hancock and Gonzalez','01252000002jBCxAAM','False','','0.0','','','','','','','0.0','','0.0','','','','0.0','','','0.0','0.0','0.0','0.0','0.0','0.0','0.0','0.0','0.0','0.0','','0.0','0.0','0.0','','False','','','','','','False','','','','','','','','','');
INSERT INTO "Account" VALUES(108,'','Hamilton-Waters','01252000002jBCxAAM','False','','0.0','','','','','','','0.0','','0.0','','','','0.0','','','0.0','0.0','0.0','0.0','0.0','0.0','0.0','0.0','0.0','0.0','','0.0','0.0','0.0','','False','','','','','','False','','','','','','','','','');
INSERT INTO "Account" VALUES(109,'','Wilkinson, Mariah and Ray Household','01252000002jBCwAAM','True','Household Account','0.0','','','','Ms. Tommy Wilkinson, Simon Mariah and Nash Ray','','Simon and Nash','0.0','','0.0','','','','0.0','','','0.0','0.0','0.0','0.0','0.0','0.0','0.0','0.0','0.0','0.0','','0.0','0.0','0.0','','False','','','','','','False','','','','','','3.0','','167','');
INSERT INTO "Account" VALUES(110,'','Farmer Inc','01252000002jBCxAAM','False','','0.0','','','','','','','0.0','','0.0','','','','0.0','','','0.0','0.0','0.0','0.0','0.0','0.0','0.0','0.0','0.0','0.0','','0.0','0.0','0.0','','False','','','','','','False','','','','','','','','','');
INSERT INTO "Account" VALUES(111,'','The Household','01252000002jBCwAAM','True','Household Account','0.0','','','','','','','0.0','','0.0','','','','0.0','','','0.0','0.0','0.0','0.0','0.0','0.0','0.0','0.0','0.0','0.0','','0.0','0.0','0.0','','False','','','','','','False','','','','','','','','','');
INSERT INTO "Account" VALUES(112,'','Villanueva, Lucas and Frye','01252000002jBCxAAM','False','','0.0','','','','','','','0.0','','0.0','','','','0.0','','','0.0','0.0','0.0','0.0','0.0','0.0','0.0','0.0','0.0','0.0','','0.0','0.0','0.0','','False','','','','','','False','','','','','','','','','');
INSERT INTO "Account" VALUES(113,'','Forbes Inc','01252000002jBCwAAM','True','Household Account','0.0','','','','','','','0.0','','0.0','','','','0.0','','','0.0','0.0','0.0','0.0','0.0','0.0','0.0','0.0','0.0','0.0','','0.0','0.0','0.0','','False','','','','','','False','','','','','','','','','');
INSERT INTO "Account" VALUES(114,'','Payne','01252000002jBCxAAM','False','','0.0','','','','','','','0.0','','0.0','','','','0.0','','','0.0','0.0','0.0','0.0','0.0','0.0','0.0','0.0','0.0','0.0','','0.0','0.0','0.0','','False','','','','','','False','','','','','','','','','');
INSERT INTO "Account" VALUES(115,'','Rush-Blackwell','01252000002jBCxAAM','False','Middle rich write. Whole animal include former. Lot list rock.','0.0','57146.0','1981','2022-06-12','Help seem series partner. Consider rock quite rich.','(483)904-6833x0741','Which meet conference suffer when professional soon. Wait down describe. Long gas case.','0.0','2022-07-25','0.0','2022-06-24','Phone list network visit tough town right manager. Group anything model city.','Evening under officer worker. Black scene open development billion fall.','0.0','2023-01-03','2022-02-11','0.0','0.0','0.0','0.0','0.0','0.0','0.0','0.0','0.0','0.0','Formal_Greeting__c','0.0','0.0','0.0','Environmental','False','Amy Cisneros','29228.0','17643.0','37986.0','Property base hundred hundred strong second. Wrong time hear bring organization tree make.','False','karl34@example.net','2022-06-16','88.0','+1-904-395-3732','True final movie play run each team. Road blood tend base prepare since issue.','35339.0','','','');
INSERT INTO "Account" VALUES(116,'','Palmer, Gabrielle and Lonnie Household','01252000002jBCwAAM','True','Household Account','0.0','','','','Ms. Leon Shea, Prof. Carly Blanchard, Bennett Gabrielle and Huber Lonnie','','Leon, Maria, Carly, Bennett and Huber','0.0','','0.0','','','','0.0','','','0.0','0.0','0.0','0.0','0.0','0.0','0.0','0.0','0.0','0.0','','0.0','0.0','0.0','','False','','','','','','False','','','','','','5.0','','177','');
INSERT INTO "Account" VALUES(117,'','Frank and Sons','01252000002jBCxAAM','False','','0.0','','','','','','','0.0','','0.0','','','','0.0','','','0.0','0.0','0.0','0.0','0.0','0.0','0.0','0.0','0.0','0.0','','0.0','0.0','0.0','','False','','','','','','False','','','','','','','','','');
INSERT INTO "Account" VALUES(118,'','Shaw, Mendez, Stanley and Morgan Household','01252000002jBCwAAM','True','Household Account','0.0','','','','Vincent Stanley and Downs Morgan','','Jeffery, Stacie, Vincent and Downs','0.0','','0.0','','','','0.0','','','0.0','0.0','0.0','0.0','0.0','0.0','0.0','0.0','0.0','0.0','','0.0','0.0','0.0','','False','','','','','','False','','','','','','4.0','','181','');
INSERT INTO "Account" VALUES(119,'','Baldwin LLC','01252000002jBCxAAM','False','','0.0','','','','','','','0.0','','0.0','','','','0.0','','','0.0','0.0','0.0','0.0','0.0','0.0','0.0','0.0','0.0','0.0','','0.0','0.0','0.0','','False','','','','','','False','','','','','','','','','');
INSERT INTO "Account" VALUES(120,'','Gamble, Fernando and Lynn Household','01252000002jBCwAAM','True','Household Account','0.0','','','','Durham Fernando and Holder Lynn','','Sheila, Durham and Holder','0.0','','0.0','','','','0.0','','','0.0','0.0','0.0','0.0','0.0','0.0','0.0','0.0','0.0','0.0','','0.0','0.0','0.0','','False','','','','','','False','','','','','','3.0','','184','');
INSERT INTO "Account" VALUES(121,'','Huff, Padilla and Washington','01252000002jBCxAAM','False','','0.0','','','','','','','0.0','','0.0','','','','0.0','','','0.0','0.0','0.0','0.0','0.0','0.0','0.0','0.0','0.0','0.0','','0.0','0.0','0.0','','False','','','','','','False','','','','','','','','','');
INSERT INTO "Account" VALUES(122,'','Rojas, Dixon, Nichole and Brady Household','01252000002jBCwAAM','True','Household Account','0.0','','','','Peters Nichole and Harris Brady','','Benjamin, Raymond, Peters and Harris','0.0','','0.0','','','','0.0','','','0.0','0.0','0.0','0.0','0.0','0.0','0.0','0.0','0.0','0.0','','0.0','0.0','0.0','','False','','','','','','False','','','','','','4.0','','188','');
INSERT INTO "Account" VALUES(123,'','Frost PLC','01252000002jBCxAAM','False','','0.0','','','','','','','0.0','','0.0','','','','0.0','','','0.0','0.0','0.0','0.0','0.0','0.0','0.0','0.0','0.0','0.0','','0.0','0.0','0.0','','False','','','','','','False','','','','','','','','','');
INSERT INTO "Account" VALUES(124,'','The Household','01252000002jBCwAAM','True','Household Account','0.0','','','','','','','0.0','','0.0','','','','0.0','','','0.0','0.0','0.0','0.0','0.0','0.0','0.0','0.0','0.0','0.0','','0.0','0.0','0.0','','False','','','','','','False','','','','','','','','','');
INSERT INTO "Account" VALUES(125,'','Reeves-Rivas','01252000002jBCxAAM','False','','0.0','','','','','','','0.0','','0.0','','','','0.0','','','0.0','0.0','0.0','0.0','0.0','0.0','0.0','0.0','0.0','0.0','','0.0','0.0','0.0','','False','','','','','','False','','','','','','','','','');
INSERT INTO "Account" VALUES(126,'','Hinton-Herrera','01252000002jBCxAAM','False','Sure friend rich send head. Both light property share.','0.0','42385.0','2019','2022-10-13','Industry bring interview lose.','(238)521-1381x9099','Since bar soon lead into simple his.','0.0','2022-03-15','0.0','2022-06-30','Popular major land quality. Resource great perform citizen discover late.','Out want outside worker campaign serve. Thank international open. Color letter own image.','0.0','2022-09-19','2023-02-08','0.0','0.0','0.0','0.0','0.0','0.0','0.0','0.0','0.0','0.0','Name','0.0','0.0','0.0','Human Services','False','Cassidy Hendrix','60986.0','83945.0','44363.0','If throughout grow sit decade say. Simply design would degree wide discover.','False','audrey28@example.net','2022-06-07','73.0','310.056.2929x19847','Pull blood cup. Into clearly worry improve image later southern.','96043.0','','','');
INSERT INTO "Account" VALUES(127,'','Becky and Heather Household','01252000002jBCwAAM','True','Household Account','0.0','','','','Dr. Maria Allen, Chandler Becky and Golden Heather','','Maria, Chandler and Golden','0.0','','0.0','','','','0.0','','','0.0','0.0','0.0','0.0','0.0','0.0','0.0','0.0','0.0','0.0','','0.0','0.0','0.0','','False','','','','','','False','','','','','','3.0','','23','');
INSERT INTO "Account" VALUES(128,'','Barnett and Sons','01252000002jBCxAAM','False','','0.0','','','','','','','0.0','','0.0','','','','0.0','','','0.0','0.0','0.0','0.0','0.0','0.0','0.0','0.0','0.0','0.0','','0.0','0.0','0.0','','False','','','','','','False','','','','','','','','','');
INSERT INTO "Account" VALUES(129,'','Warner, Jeanne and Bob Household','01252000002jBCwAAM','True','Household Account','0.0','','','','Mr. Ruth Warner, Cameron Jeanne and Mckay Bob','','Cameron and Mckay','0.0','','0.0','','','','0.0','','','0.0','0.0','0.0','0.0','0.0','0.0','0.0','0.0','0.0','0.0','','0.0','0.0','0.0','','False','','','','','','False','','','','','','3.0','','27','');
INSERT INTO "Account" VALUES(130,'','Farley-Rosales','01252000002jBCxAAM','False','','0.0','','','','','','','0.0','','0.0','','','','0.0','','','0.0','0.0','0.0','0.0','0.0','0.0','0.0','0.0','0.0','0.0','','0.0','0.0','0.0','','False','','','','','','False','','','','','','','','','');
INSERT INTO "Account" VALUES(131,'','Buck, Gene and Neil Household','01252000002jBCwAAM','True','Household Account','0.0','','','','Ms. Zachary Macdonald, Shea Gene and Nicholson Neil','','Claudia, Zachary, Shea and Nicholson','0.0','','0.0','','','','0.0','','','0.0','0.0','0.0','0.0','0.0','0.0','0.0','0.0','0.0','0.0','','0.0','0.0','0.0','','False','','','','','','False','','','','','','4.0','','31','');
INSERT INTO "Account" VALUES(132,'','Proctor, Grant and Sloan','01252000002jBCxAAM','False','','0.0','','','','','','','0.0','','0.0','','','','0.0','','','0.0','0.0','0.0','0.0','0.0','0.0','0.0','0.0','0.0','0.0','','0.0','0.0','0.0','','False','','','','','','False','','','','','','','','','');
INSERT INTO "Account" VALUES(133,'','Osborne, Church, Edwin and Mario Household','01252000002jBCwAAM','True','Household Account','0.0','','','','Prof. Abigail Petty, Dr. William Church, Sanchez Edwin and Jacobson Mario','','Abigail, Kristy, Sanchez and Jacobson','0.0','','0.0','','','','0.0','','','0.0','0.0','0.0','0.0','0.0','0.0','0.0','0.0','0.0','0.0','','0.0','0.0','0.0','','False','','','','','','False','','','','','','5.0','','35','');
INSERT INTO "Account" VALUES(134,'','Schmidt LLC','01252000002jBCxAAM','False','','0.0','','','','','','','0.0','','0.0','','','','0.0','','','0.0','0.0','0.0','0.0','0.0','0.0','0.0','0.0','0.0','0.0','','0.0','0.0','0.0','','False','','','','','','False','','','','','','','','','');
INSERT INTO "Account" VALUES(135,'','The Household','01252000002jBCwAAM','True','Household Account','0.0','','','','','','','0.0','','0.0','','','','0.0','','','0.0','0.0','0.0','0.0','0.0','0.0','0.0','0.0','0.0','0.0','','0.0','0.0','0.0','','False','','','','','','False','','','','','','','','','');
INSERT INTO "Account" VALUES(136,'','Buchanan, Love and Cox','01252000002jBCxAAM','False','','0.0','','','','','','','0.0','','0.0','','','','0.0','','','0.0','0.0','0.0','0.0','0.0','0.0','0.0','0.0','0.0','0.0','','0.0','0.0','0.0','','False','','','','','','False','','','','','','','','','');
INSERT INTO "Account" VALUES(137,'','Benson, Francis and Mikayla Household','01252000002jBCwAAM','True','Household Account','0.0','','','','Ms. Wayne Benson, Hensley Francis and Higgins Mikayla','','Hensley and Higgins','0.0','','0.0','','','','0.0','','','0.0','0.0','0.0','0.0','0.0','0.0','0.0','0.0','0.0','0.0','','0.0','0.0','0.0','','False','','','','','','False','','','','','','3.0','','37','');
INSERT INTO "Account" VALUES(138,'','Shea LLC','01252000002jBCxAAM','False','','0.0','','','','','','','0.0','','0.0','','','','0.0','','','0.0','0.0','0.0','0.0','0.0','0.0','0.0','0.0','0.0','0.0','','0.0','0.0','0.0','','False','','','','','','False','','','','','','','','','');
INSERT INTO "Account" VALUES(139,'','Davies, Hancock and Stewart','01252000002jBCxAAM','False','','0.0','','','','','','','0.0','','0.0','','','','0.0','','','0.0','0.0','0.0','0.0','0.0','0.0','0.0','0.0','0.0','0.0','','0.0','0.0','0.0','','False','','','','','','False','','','','','','','','','');
INSERT INTO "Account" VALUES(140,'','Stevens, Cory and Tara Household','01252000002jBCwAAM','True','Household Account','0.0','','','','Ms. Stacie Knight, Rowland Cory and Ball Tara','','Stacie, Reginald, Rowland and Ball','0.0','','0.0','','','','0.0','','','0.0','0.0','0.0','0.0','0.0','0.0','0.0','0.0','0.0','0.0','','0.0','0.0','0.0','','False','','','','','','False','','','','','','4.0','','42','');
INSERT INTO "Account" VALUES(141,'','Potts, Stein and Richardson','01252000002jBCxAAM','False','','0.0','','','','','','','0.0','','0.0','','','','0.0','','','0.0','0.0','0.0','0.0','0.0','0.0','0.0','0.0','0.0','0.0','','0.0','0.0','0.0','','False','','','','','','False','','','','','','','','','');
INSERT INTO "Account" VALUES(142,'','The Household','01252000002jBCwAAM','True','Household Account','0.0','','','','','','','0.0','','0.0','','','','0.0','','','0.0','0.0','0.0','0.0','0.0','0.0','0.0','0.0','0.0','0.0','','0.0','0.0','0.0','','False','','','','','','False','','','','','','','','','');
INSERT INTO "Account" VALUES(143,'','Potter LLC','01252000002jBCxAAM','False','','0.0','','','','','','','0.0','','0.0','','','','0.0','','','0.0','0.0','0.0','0.0','0.0','0.0','0.0','0.0','0.0','0.0','','0.0','0.0','0.0','','False','','','','','','False','','','','','','','','','');
INSERT INTO "Account" VALUES(144,'','Zavala-Matthews','01252000002jBCwAAM','True','Household Account','0.0','','','','','','','0.0','','0.0','','','','0.0','','','0.0','0.0','0.0','0.0','0.0','0.0','0.0','0.0','0.0','0.0','','0.0','0.0','0.0','','False','','','','','','False','','','','','','','','','');
INSERT INTO "Account" VALUES(145,'','Blankenship','01252000002jBCxAAM','False','','0.0','','','','','','','0.0','','0.0','','','','0.0','','','0.0','0.0','0.0','0.0','0.0','0.0','0.0','0.0','0.0','0.0','','0.0','0.0','0.0','','False','','','','','','False','','','','','','','','','');
INSERT INTO "Account" VALUES(146,'','Parrish, Krueger and Castaneda','01252000002jBCxAAM','False','Second she most hospital able. Something include military short.','0.0','56182.0','1978','2022-04-12','Same himself city reflect trouble.
Citizen year recognize. In every region sing blue race so.','997-953-1391x885','Five partner south entire. Explain boy face or. Police positive write player.','0.0','2022-05-21','0.0','2022-02-17','Professional too three free. Plant man line drop contain back alone cold.','Stand same particular design.','0.0','2022-07-09','2022-12-29','0.0','0.0','0.0','0.0','0.0','0.0','0.0','0.0','0.0','0.0','Informal_Greeting__c','0.0','0.0','0.0','Animal Welfare','False','Deanna Fletcher PhD','58821.0','83066.0','35466.0','Reality attorney where Mr money stop. Parent owner card wide. Within keep common they me image.','False','logan97@example.net','2022-12-18','95.0','+1-932-415-3547x19782','Usually window eat top. Player various surface.','74922.0','','','');
INSERT INTO "Account" VALUES(147,'','Jacobs, Tamara and Diana Household','01252000002jBCwAAM','True','Household Account','0.0','','','','Ms. Tim Tanner, Norman Tamara and Holden Diana','','Tim, Paul, Norman and Holden','0.0','','0.0','','','','0.0','','','0.0','0.0','0.0','0.0','0.0','0.0','0.0','0.0','0.0','0.0','','0.0','0.0','0.0','','False','','','','','','False','','','','','','4.0','','46','');
INSERT INTO "Account" VALUES(148,'','Short PLC','01252000002jBCxAAM','False','','0.0','','','','','','','0.0','','0.0','','','','0.0','','','0.0','0.0','0.0','0.0','0.0','0.0','0.0','0.0','0.0','0.0','','0.0','0.0','0.0','','False','','','','','','False','','','','','','','','','');
INSERT INTO "Account" VALUES(149,'','Valenzuela, Earl and Nancy Household','01252000002jBCwAAM','True','Household Account','0.0','','','','Alexander Earl and Porter Nancy','','Max, Alexander and Porter','0.0','','0.0','','','','0.0','','','0.0','0.0','0.0','0.0','0.0','0.0','0.0','0.0','0.0','0.0','','0.0','0.0','0.0','','False','','','','','','False','','','','','','3.0','','66','');
INSERT INTO "Account" VALUES(150,'','Wang, Rasmussen and Blanchard','01252000002jBCxAAM','False','','0.0','','','','','','','0.0','','0.0','','','','0.0','','','0.0','0.0','0.0','0.0','0.0','0.0','0.0','0.0','0.0','0.0','','0.0','0.0','0.0','','False','','','','','','False','','','','','','','','','');
INSERT INTO "Account" VALUES(151,'','Levy, Harris, Evelyn and Julian Household','01252000002jBCwAAM','True','Household Account','0.0','','','','Dr. Rachael Levy, Mr. Nicolas Boyd, Mr. Oscar Harris, Mclean Evelyn and Wright Julian','','Nicolas, Mclean and Wright','0.0','','0.0','','','','0.0','','','0.0','0.0','0.0','0.0','0.0','0.0','0.0','0.0','0.0','0.0','','0.0','0.0','0.0','','False','','','','','','False','','','','','','5.0','','110','');
INSERT INTO "Account" VALUES(152,'','Simmons, Swanson and Mathis','01252000002jBCxAAM','False','','0.0','','','','','','','0.0','','0.0','','','','0.0','','','0.0','0.0','0.0','0.0','0.0','0.0','0.0','0.0','0.0','0.0','','0.0','0.0','0.0','','False','','','','','','False','','','','','','','','','');
INSERT INTO "Account" VALUES(153,'','Lamb, Villarreal, Anne and Chelsea Household','01252000002jBCwAAM','True','Household Account','0.0','','','','Prof. Devin Walter, Dr. Denise Villarreal, Carson Anne and Bruce Chelsea','','Devin, Meredith, Carson and Bruce','0.0','','0.0','','','','0.0','','','0.0','0.0','0.0','0.0','0.0','0.0','0.0','0.0','0.0','0.0','','0.0','0.0','0.0','','False','','','','','','False','','','','','','5.0','','115','');
INSERT INTO "Account" VALUES(154,'','Cantrell Group','01252000002jBCxAAM','False','','0.0','','','','','','','0.0','','0.0','','','','0.0','','','0.0','0.0','0.0','0.0','0.0','0.0','0.0','0.0','0.0','0.0','','0.0','0.0','0.0','','False','','','','','','False','','','','','','','','','');
INSERT INTO "Account" VALUES(155,'','The Household','01252000002jBCwAAM','True','Household Account','0.0','','','','','','','0.0','','0.0','','','','0.0','','','0.0','0.0','0.0','0.0','0.0','0.0','0.0','0.0','0.0','0.0','','0.0','0.0','0.0','','False','','','','','','False','','','','','','','','','');
INSERT INTO "Account" VALUES(156,'','Hahn LLC','01252000002jBCxAAM','False','','0.0','','','','','','','0.0','','0.0','','','','0.0','','','0.0','0.0','0.0','0.0','0.0','0.0','0.0','0.0','0.0','0.0','','0.0','0.0','0.0','','False','','','','','','False','','','','','','','','','');
INSERT INTO "Account" VALUES(157,'','Peterson, Stephens, Casey and Brandon Household','01252000002jBCwAAM','True','Household Account','0.0','','','','Mr. Leah Peterson, Ms. Miguel Mcconnell, Hull Casey and Dennis Brandon','','Miguel, Michele, Hull and Dennis','0.0','','0.0','','','','0.0','','','0.0','0.0','0.0','0.0','0.0','0.0','0.0','0.0','0.0','0.0','','0.0','0.0','0.0','','False','','','','','','False','','','','','','5.0','','120','');
INSERT INTO "Account" VALUES(158,'','Poole-Mayer','01252000002jBCxAAM','False','','0.0','','','','','','','0.0','','0.0','','','','0.0','','','0.0','0.0','0.0','0.0','0.0','0.0','0.0','0.0','0.0','0.0','','0.0','0.0','0.0','','False','','','','','','False','','','','','','','','','');
INSERT INTO "Account" VALUES(159,'','Nelson Group','01252000002jBCxAAM','False','','0.0','','','','','','','0.0','','0.0','','','','0.0','','','0.0','0.0','0.0','0.0','0.0','0.0','0.0','0.0','0.0','0.0','','0.0','0.0','0.0','','False','','','','','','False','','','','','','','','','');
INSERT INTO "Account" VALUES(160,'','Alyssa and Andres Household','01252000002jBCwAAM','True','Household Account','0.0','','','','Mr. Misty Mcmillan, Blackwell Alyssa and Maddox Andres','','Misty, Blackwell and Maddox','0.0','','0.0','','','','0.0','','','0.0','0.0','0.0','0.0','0.0','0.0','0.0','0.0','0.0','0.0','','0.0','0.0','0.0','','False','','','','','','False','','','','','','3.0','','124','');
INSERT INTO "Account" VALUES(161,'','Neal Ltd','01252000002jBCxAAM','False','','0.0','','','','','','','0.0','','0.0','','','','0.0','','','0.0','0.0','0.0','0.0','0.0','0.0','0.0','0.0','0.0','0.0','','0.0','0.0','0.0','','False','','','','','','False','','','','','','','','','');
INSERT INTO "Account" VALUES(162,'','The Household','01252000002jBCwAAM','True','Household Account','0.0','','','','','','','0.0','','0.0','','','','0.0','','','0.0','0.0','0.0','0.0','0.0','0.0','0.0','0.0','0.0','0.0','','0.0','0.0','0.0','','False','','','','','','False','','','','','','','','','');
INSERT INTO "Account" VALUES(163,'','Roach Inc','01252000002jBCxAAM','False','','0.0','','','','','','','0.0','','0.0','','','','0.0','','','0.0','0.0','0.0','0.0','0.0','0.0','0.0','0.0','0.0','0.0','','0.0','0.0','0.0','','False','','','','','','False','','','','','','','','','');
INSERT INTO "Account" VALUES(164,'','Wade, Shea and Rose','01252000002jBCwAAM','True','Household Account','0.0','','','','','','','0.0','','0.0','','','','0.0','','','0.0','0.0','0.0','0.0','0.0','0.0','0.0','0.0','0.0','0.0','','0.0','0.0','0.0','','False','','','','','','False','','','','','','','','','');
INSERT INTO "Account" VALUES(165,'','Farmer','01252000002jBCxAAM','False','','0.0','','','','','','','0.0','','0.0','','','','0.0','','','0.0','0.0','0.0','0.0','0.0','0.0','0.0','0.0','0.0','0.0','','0.0','0.0','0.0','','False','','','','','','False','','','','','','','','','');
INSERT INTO "Account" VALUES(166,'','Ayers PLC','01252000002jBCxAAM','False','Receive person allow account result I two next. Sit see allow occur art.','0.0','99081.0','1975','2023-01-14','Bar fly education area chance that. Local must protect ahead remember hand energy.','7063083186','Picture future safe plant according. Story minute study movement.','0.0','2022-07-08','0.0','2022-07-10','Just read successful figure meeting response morning. Minute few billion avoid main yet able.','Money people trip determine weight opportunity part.','0.0','2022-10-20','2022-12-15','0.0','0.0','0.0','0.0','0.0','0.0','0.0','0.0','0.0','0.0','Formal_Greeting__c','0.0','0.0','0.0','Health Services','False','Kendra Henderson','39750.0','50317.0','52721.0','Ball third begin ever spend relate lead hold. Because image choice like.','False','zhampton@example.com','2022-05-10','52.0','+1-981-839-0079x32117','Marriage Republican subject. Beyond my character meet phone.','86266.0','','','');
INSERT INTO "Account" VALUES(167,'','Pacheco, Hooper, Guzman, Wesley and Lance Household','01252000002jBCwAAM','True','Household Account','0.0','','','','Mr. Curtis Pacheco, Prof. Alec Hooper, Garza Wesley and Brock Lance','','Debbie, Garza and Brock','0.0','','0.0','','','','0.0','','','0.0','0.0','0.0','0.0','0.0','0.0','0.0','0.0','0.0','0.0','','0.0','0.0','0.0','','False','','','','','','False','','','','','','5.0','','135','');
INSERT INTO "Account" VALUES(168,'','Zuniga, Pittman and Coleman','01252000002jBCxAAM','False','','0.0','','','','','','','0.0','','0.0','','','','0.0','','','0.0','0.0','0.0','0.0','0.0','0.0','0.0','0.0','0.0','0.0','','0.0','0.0','0.0','','False','','','','','','False','','','','','','','','','');
INSERT INTO "Account" VALUES(169,'','Nolan, Wall, Frazier, Kendra and Katrina Household','01252000002jBCwAAM','True','Household Account','0.0','','','','Dr. Lindsay Nolan, Prof. Cheyenne Wall, Mr. Jonathan Frazier, Schroeder Kendra and Donaldson Katrina','','Schroeder and Donaldson','0.0','','0.0','','','','0.0','','','0.0','0.0','0.0','0.0','0.0','0.0','0.0','0.0','0.0','0.0','','0.0','0.0','0.0','','False','','','','','','False','','','','','','5.0','','139','');
INSERT INTO "Account" VALUES(170,'','Ellison, Frank and Landry','01252000002jBCxAAM','False','','0.0','','','','','','','0.0','','0.0','','','','0.0','','','0.0','0.0','0.0','0.0','0.0','0.0','0.0','0.0','0.0','0.0','','0.0','0.0','0.0','','False','','','','','','False','','','','','','','','','');
INSERT INTO "Account" VALUES(171,'','Pena, Tiffany and Johnny Household','01252000002jBCwAAM','True','Household Account','0.0','','','','Hatfield Tiffany and Mendez Johnny','','Shane, Hatfield and Mendez','0.0','','0.0','','','','0.0','','','0.0','0.0','0.0','0.0','0.0','0.0','0.0','0.0','0.0','0.0','','0.0','0.0','0.0','','False','','','','','','False','','','','','','3.0','','71','');
INSERT INTO "Account" VALUES(172,'','Brennan-Ritter','01252000002jBCxAAM','False','','0.0','','','','','','','0.0','','0.0','','','','0.0','','','0.0','0.0','0.0','0.0','0.0','0.0','0.0','0.0','0.0','0.0','','0.0','0.0','0.0','','False','','','','','','False','','','','','','','','','');
INSERT INTO "Account" VALUES(173,'','Samuel and Randy Household','01252000002jBCwAAM','True','Household Account','0.0','','','','Mrs. Warren Mccoy, Maldonado Samuel and Huerta Randy','','Warren, Maldonado and Huerta','0.0','','0.0','','','','0.0','','','0.0','0.0','0.0','0.0','0.0','0.0','0.0','0.0','0.0','0.0','','0.0','0.0','0.0','','False','','','','','','False','','','','','','3.0','','74','');
INSERT INTO "Account" VALUES(174,'','Munoz, Archer and Hubbard','01252000002jBCxAAM','False','','0.0','','','','','','','0.0','','0.0','','','','0.0','','','0.0','0.0','0.0','0.0','0.0','0.0','0.0','0.0','0.0','0.0','','0.0','0.0','0.0','','False','','','','','','False','','','','','','','','','');
INSERT INTO "Account" VALUES(175,'','The Household','01252000002jBCwAAM','True','Household Account','0.0','','','','','','','0.0','','0.0','','','','0.0','','','0.0','0.0','0.0','0.0','0.0','0.0','0.0','0.0','0.0','0.0','','0.0','0.0','0.0','','False','','','','','','False','','','','','','','','','');
INSERT INTO "Account" VALUES(176,'','Knox, Finley and Boyle','01252000002jBCxAAM','False','','0.0','','','','','','','0.0','','0.0','','','','0.0','','','0.0','0.0','0.0','0.0','0.0','0.0','0.0','0.0','0.0','0.0','','0.0','0.0','0.0','','False','','','','','','False','','','','','','','','','');
INSERT INTO "Account" VALUES(177,'','Gill, Silva, Cristian and Briana Household','01252000002jBCwAAM','True','Household Account','0.0','','','','Prof. Edwin Gill, Mrs. Blake Silva, Mueller Cristian and Chambers Briana','','Mueller and Chambers','0.0','','0.0','','','','0.0','','','0.0','0.0','0.0','0.0','0.0','0.0','0.0','0.0','0.0','0.0','','0.0','0.0','0.0','','False','','','','','','False','','','','','','4.0','','78','');
INSERT INTO "Account" VALUES(178,'','Guzman Ltd','01252000002jBCxAAM','False','','0.0','','','','','','','0.0','','0.0','','','','0.0','','','0.0','0.0','0.0','0.0','0.0','0.0','0.0','0.0','0.0','0.0','','0.0','0.0','0.0','','False','','','','','','False','','','','','','','','','');
INSERT INTO "Account" VALUES(179,'','Webster-Dougherty','01252000002jBCxAAM','False','','0.0','','','','','','','0.0','','0.0','','','','0.0','','','0.0','0.0','0.0','0.0','0.0','0.0','0.0','0.0','0.0','0.0','','0.0','0.0','0.0','','False','','','','','','False','','','','','','','','','');
INSERT INTO "Account" VALUES(180,'','Gamble, Sanford, Sherri and Haley Household','01252000002jBCwAAM','True','Household Account','0.0','','','','Dr. Dillon Burnett, Calhoun Sherri and Gamble Haley','','Dillon, Sue, Marc, Calhoun and Gamble','0.0','','0.0','','','','0.0','','','0.0','0.0','0.0','0.0','0.0','0.0','0.0','0.0','0.0','0.0','','0.0','0.0','0.0','','False','','','','','','False','','','','','','5.0','','84','');
INSERT INTO "Account" VALUES(181,'','Smith PLC','01252000002jBCxAAM','False','','0.0','','','','','','','0.0','','0.0','','','','0.0','','','0.0','0.0','0.0','0.0','0.0','0.0','0.0','0.0','0.0','0.0','','0.0','0.0','0.0','','False','','','','','','False','','','','','','','','','');
INSERT INTO "Account" VALUES(182,'','The Household','01252000002jBCwAAM','True','Household Account','0.0','','','','','','','0.0','','0.0','','','','0.0','','','0.0','0.0','0.0','0.0','0.0','0.0','0.0','0.0','0.0','0.0','','0.0','0.0','0.0','','False','','','','','','False','','','','','','','','','');
INSERT INTO "Account" VALUES(183,'','Rose Ltd','01252000002jBCxAAM','False','','0.0','','','','','','','0.0','','0.0','','','','0.0','','','0.0','0.0','0.0','0.0','0.0','0.0','0.0','0.0','0.0','0.0','','0.0','0.0','0.0','','False','','','','','','False','','','','','','','','','');
INSERT INTO "Account" VALUES(184,'','Pena-Cantrell','01252000002jBCwAAM','True','Household Account','0.0','','','','','','','0.0','','0.0','','','','0.0','','','0.0','0.0','0.0','0.0','0.0','0.0','0.0','0.0','0.0','0.0','','0.0','0.0','0.0','','False','','','','','','False','','','','','','','','','');
INSERT INTO "Account" VALUES(185,'','Cook','01252000002jBCxAAM','False','','0.0','','','','','','','0.0','','0.0','','','','0.0','','','0.0','0.0','0.0','0.0','0.0','0.0','0.0','0.0','0.0','0.0','','0.0','0.0','0.0','','False','','','','','','False','','','','','','','','','');
INSERT INTO "Account" VALUES(186,'','Patton, Leach and Rogers','01252000002jBCxAAM','False','Record leg business force safe. Per foot other such.','0.0','48307.0','1972','2022-03-20','Try kid skill real. Far home toward kitchen three.
For man shake matter southern service authority.','065-347-7320','Quite manage air since together. Quite strong shake town good person.','0.0','2022-06-06','0.0','2023-01-11','Writer financial reflect husband. Billion guy weight everybody campaign return.','Stay maintain rather many build strong. Total policy offer goal contain require.','0.0','2022-05-07','2022-09-21','0.0','0.0','0.0','0.0','0.0','0.0','0.0','0.0','0.0','0.0','Informal_Greeting__c','0.0','0.0','0.0','Environmental','False','Mr. Tyrone Dunn','56053.0','48490.0','30333.0','Wife opportunity it out cover oil. Music likely generation however lead may.','False','calebhansen@example.org','2022-05-06','86.0','+1-410-432-0627x432','Image teach force move tough. She clearly day such. Conference away discuss pass.','62442.0','','','');
INSERT INTO "Account" VALUES(187,'','Evans, Lawrence, Yang, Gilbert and Earl Household','01252000002jBCwAAM','True','Household Account','0.0','','','','Prof. Joseph Lawrence, Guzman Gilbert and Pham Earl','','Travis, Francisco, Guzman and Pham','0.0','','0.0','','','','0.0','','','0.0','0.0','0.0','0.0','0.0','0.0','0.0','0.0','0.0','0.0','','0.0','0.0','0.0','','False','','','','','','False','','','','','','5.0','','90','');
INSERT INTO "Account" VALUES(188,'','Anthony Ltd','01252000002jBCxAAM','False','','0.0','','','','','','','0.0','','0.0','','','','0.0','','','0.0','0.0','0.0','0.0','0.0','0.0','0.0','0.0','0.0','0.0','','0.0','0.0','0.0','','False','','','','','','False','','','','','','','','','');
INSERT INTO "Account" VALUES(189,'','Barry and Cassie Household','01252000002jBCwAAM','True','Household Account','0.0','','','','Dr. Gilbert Velazquez, Abbott Barry and Wheeler Cassie','','Gilbert, Abbott and Wheeler','0.0','','0.0','','','','0.0','','','0.0','0.0','0.0','0.0','0.0','0.0','0.0','0.0','0.0','0.0','','0.0','0.0','0.0','','False','','','','','','False','','','','','','3.0','','93','');
INSERT INTO "Account" VALUES(190,'','Edwards, Calderon and Singh','01252000002jBCxAAM','False','','0.0','','','','','','','0.0','','0.0','','','','0.0','','','0.0','0.0','0.0','0.0','0.0','0.0','0.0','0.0','0.0','0.0','','0.0','0.0','0.0','','False','','','','','','False','','','','','','','','','');
INSERT INTO "Account" VALUES(191,'','Duncan, Denise and Dawn Household','01252000002jBCwAAM','True','Household Account','0.0','','','','Prof. Alison Randall, Mr. Marcus Park, Howe Denise and Murray Dawn','','Taylor, Alison, Marcus, Howe and Murray','0.0','','0.0','','','','0.0','','','0.0','0.0','0.0','0.0','0.0','0.0','0.0','0.0','0.0','0.0','','0.0','0.0','0.0','','False','','','','','','False','','','','','','5.0','','107','');
INSERT INTO "Account" VALUES(192,'','Monroe, Brooks and Ryan','01252000002jBCxAAM','False','','0.0','','','','','','','0.0','','0.0','','','','0.0','','','0.0','0.0','0.0','0.0','0.0','0.0','0.0','0.0','0.0','0.0','','0.0','0.0','0.0','','False','','','','','','False','','','','','','','','','');
INSERT INTO "Account" VALUES(193,'','Hebert, Cameron and Joel Household','01252000002jBCwAAM','True','Household Account','0.0','','','','Ms. Lance Hernandez, Rivera Cameron and Webster Joel','','Andrew, Lance, Rivera and Webster','0.0','','0.0','','','','0.0','','','0.0','0.0','0.0','0.0','0.0','0.0','0.0','0.0','0.0','0.0','','0.0','0.0','0.0','','False','','','','','','False','','','','','','4.0','','103','');
INSERT INTO "Account" VALUES(194,'','Hansen, Jones and Proctor','01252000002jBCxAAM','False','','0.0','','','','','','','0.0','','0.0','','','','0.0','','','0.0','0.0','0.0','0.0','0.0','0.0','0.0','0.0','0.0','0.0','','0.0','0.0','0.0','','False','','','','','','False','','','','','','','','','');
INSERT INTO "Account" VALUES(195,'','The Household','01252000002jBCwAAM','True','Household Account','0.0','','','','','','','0.0','','0.0','','','','0.0','','','0.0','0.0','0.0','0.0','0.0','0.0','0.0','0.0','0.0','0.0','','0.0','0.0','0.0','','False','','','','','','False','','','','','','','','','');
INSERT INTO "Account" VALUES(196,'','Howard, Montes and Schneider','01252000002jBCxAAM','False','','0.0','','','','','','','0.0','','0.0','','','','0.0','','','0.0','0.0','0.0','0.0','0.0','0.0','0.0','0.0','0.0','0.0','','0.0','0.0','0.0','','False','','','','','','False','','','','','','','','','');
INSERT INTO "Account" VALUES(197,'','Quinn, Jacob and Tami Household','01252000002jBCwAAM','True','Household Account','0.0','','','','Prof. Ariana Sampson, Mrs. Sandra Quinn, Ms. Shirley Wall, Andrade Jacob and Stanley Tami','','Ariana, Shirley, Andrade and Stanley','0.0','','0.0','','','','0.0','','','0.0','0.0','0.0','0.0','0.0','0.0','0.0','0.0','0.0','0.0','','0.0','0.0','0.0','','False','','','','','','False','','','','','','5.0','','192','');
INSERT INTO "Account" VALUES(198,'','Stokes Group','01252000002jBCxAAM','False','','0.0','','','','','','','0.0','','0.0','','','','0.0','','','0.0','0.0','0.0','0.0','0.0','0.0','0.0','0.0','0.0','0.0','','0.0','0.0','0.0','','False','','','','','','False','','','','','','','','','');
INSERT INTO "Account" VALUES(199,'','Snyder-Sullivan','01252000002jBCxAAM','False','','0.0','','','','','','','0.0','','0.0','','','','0.0','','','0.0','0.0','0.0','0.0','0.0','0.0','0.0','0.0','0.0','0.0','','0.0','0.0','0.0','','False','','','','','','False','','','','','','','','','');
INSERT INTO "Account" VALUES(200,'','Gentry, Yvonne and Bradley Household','01252000002jBCwAAM','True','Household Account','0.0','','','','Ms. Leah Michael, Prof. Gabriella Gentry, Sweeney Yvonne and Dudley Bradley','','Leah, Sweeney and Dudley','0.0','','0.0','','','','0.0','','','0.0','0.0','0.0','0.0','0.0','0.0','0.0','0.0','0.0','0.0','','0.0','0.0','0.0','','False','','','','','','False','','','','','','4.0','','197','');
INSERT INTO "Account" VALUES(201,'','Marsh Ltd','01252000002jBCxAAM','False','','0.0','','','','','','','0.0','','0.0','','','','0.0','','','0.0','0.0','0.0','0.0','0.0','0.0','0.0','0.0','0.0','0.0','','0.0','0.0','0.0','','False','','','','','','False','','','','','','','','','');
CREATE TABLE "Account_rt_mapping" (
	record_type_id VARCHAR(18) NOT NULL, 
	developer_name VARCHAR(255), 
	PRIMARY KEY (record_type_id)
);
INSERT INTO "Account_rt_mapping" VALUES('01252000002jBCrAAM','Default');
INSERT INTO "Account_rt_mapping" VALUES('01252000002jBCwAAM','HH_Account');
INSERT INTO "Account_rt_mapping" VALUES('01252000002jBCxAAM','Organization');
CREATE TABLE "BackgroundCheck__c" (
	id INTEGER NOT NULL, 
	"Date__c" VARCHAR(255), 
	"Notes__c" VARCHAR(255), 
	"Status__c" VARCHAR(255), 
	"Contact__c" VARCHAR(255), 
	PRIMARY KEY (id)
);
INSERT INTO "BackgroundCheck__c" VALUES(1,'2017-03-05','Because apply record. Team difference situation learn.','Pass','175');
INSERT INTO "BackgroundCheck__c" VALUES(2,'2020-01-29','Size treatment window animal.','Pending','6');
INSERT INTO "BackgroundCheck__c" VALUES(3,'2022-10-29','Stock all office garden something up control. North thought safe happen nothing late material finish. Sell appear month sense across.','Fail','13');
INSERT INTO "BackgroundCheck__c" VALUES(4,'2021-11-15','Section game series blue ten election dinner. Government black reduce keep party style. Page hundred fall.','Fail','47');
INSERT INTO "BackgroundCheck__c" VALUES(5,'2020-10-18','Nice activity animal cause. Current leave child sure learn every. Guy model return stop.','Fail','133');
INSERT INTO "BackgroundCheck__c" VALUES(6,'2022-11-17','Amount tell such professional number outside how. Attention experience glass voice organization amount economy hot.','Fail','90');
INSERT INTO "BackgroundCheck__c" VALUES(7,'2016-09-21','Media coach market. Office agree order where town because road parent.','Pending','249');
INSERT INTO "BackgroundCheck__c" VALUES(8,'2021-01-15','Use crime say position. Perform no artist issue should quality.','Pass','201');
INSERT INTO "BackgroundCheck__c" VALUES(9,'2021-03-27','Debate ability medical whether doctor amount general result. Put property determine image you peace personal indeed.','Fail','226');
INSERT INTO "BackgroundCheck__c" VALUES(10,'2020-05-21','Action capital which day poor significant. Several glass finish street so produce how high. Leave sport bar least.','Pending','142');
CREATE TABLE "Campaign" (
	id INTEGER NOT NULL, 
	"Name" VARCHAR(255), 
	PRIMARY KEY (id)
);
INSERT INTO "Campaign" VALUES(1,'The Campaign');
INSERT INTO "Campaign" VALUES(2,'The Campaign');
CREATE TABLE "Contact" (
	id INTEGER NOT NULL, 
	"ADSiMApplicationReceived__c" VARCHAR(255), 
	"ADSiMPreApplicationReceived__c" VARCHAR(255), 
	"ADSiMProgAgreementReceived__c" VARCHAR(255), 
	"BoardAgreementReceived__c" VARCHAR(255), 
	"BoardApplicationReceived__c" VARCHAR(255), 
	"BoardCoIReceived__c" VARCHAR(255), 
	"BoardMemberAcceptedDate__c" VARCHAR(255), 
	"BoardMemberStatus__c" VARCHAR(255), 
	"BoardResumeReceived__c" VARCHAR(255), 
	"BoardToNReceived__c" VARCHAR(255), 
	"CanvasSisId__c" VARCHAR(255), 
	"ClientMedicalDevices__c" VARCHAR(255), 
	"ClientStatus__c" VARCHAR(255), 
	"CriminalConviction__c" VARCHAR(255), 
	"DateStarted__c" VARCHAR(255), 
	"Email" VARCHAR(255), 
	"FacilitatorApplicationReceived__c" VARCHAR(255), 
	"FacilitatorCertAgreementReceived__c" VARCHAR(255), 
	"FacilitatorInfrNoticeReceived__c" VARCHAR(255), 
	"FacilitatorPracticumReceived__c" VARCHAR(255), 
	"FacilitatorProfGrowthPlanReceived__c" VARCHAR(255), 
	"FacilitatorProgAgreementReceived__c" VARCHAR(255), 
	"FacilitatorReferenceReceived__c" VARCHAR(255), 
	"FacilitatorStatus__c" VARCHAR(255), 
	"FirstName" VARCHAR(255), 
	"GW_Volunteers__Volunteer_Auto_Reminder_Email_Opt_Out__c" VARCHAR(255), 
	"GW_Volunteers__Volunteer_Availability__c" VARCHAR(255), 
	"GW_Volunteers__Volunteer_Last_Web_Signup_Date__c" VARCHAR(255), 
	"GW_Volunteers__Volunteer_Manager_Notes__c" VARCHAR(255), 
	"GW_Volunteers__Volunteer_Notes__c" VARCHAR(255), 
	"GW_Volunteers__Volunteer_Organization__c" VARCHAR(255), 
	"GW_Volunteers__Volunteer_Skills__c" VARCHAR(255), 
	"GW_Volunteers__Volunteer_Status__c" VARCHAR(255), 
	"Language__c" VARCHAR(255), 
	"LastName" VARCHAR(255), 
	"LeadFacilitatorStatus__c" VARCHAR(255), 
	"LeadInterest__c" VARCHAR(255), 
	"LeadSourceOther__c" VARCHAR(255), 
	"OtherLanguages__c" VARCHAR(255), 
	"Phone" VARCHAR(255), 
	"Positions__c" VARCHAR(255), 
	"PronounOther__c" VARCHAR(255), 
	"Pronoun__c" VARCHAR(255), 
	"PuppyApplicationReceived__c" VARCHAR(255), 
	"PuppyCertAgreementReceived__c" VARCHAR(255), 
	"PuppyInfrNoticeReceived__c" VARCHAR(255), 
	"PuppyProgAgreementReceived__c" VARCHAR(255), 
	"PuppyRaiserStatus__c" VARCHAR(255), 
	"PuppyReferenceReceived__c" VARCHAR(255), 
	"StaffAgreementReceived__c" VARCHAR(255), 
	"StaffApplicationReceived__c" VARCHAR(255), 
	"StaffI9Received__c" VARCHAR(255), 
	"StaffOfferReceived__c" VARCHAR(255), 
	"StaffResumeReceived__c" VARCHAR(255), 
	"StaffW4Received__c" VARCHAR(255), 
	"TrainerApplicationReceived__c" VARCHAR(255), 
	"TrainerBoardTrain__c" VARCHAR(255), 
	"TrainerCertAgreementReceived__c" VARCHAR(255), 
	"TrainerInfrNoticeReceived__c" VARCHAR(255), 
	"TrainerProgAgreementReceived__c" VARCHAR(255), 
	"TrainerSpecialties__c" VARCHAR(255), 
	"TrainerStatus__c" VARCHAR(255), 
	"VolunteerAccess__c" VARCHAR(255), 
	"VolunteerAgreementReceived__c" VARCHAR(255), 
	"VolunteerApplicationReceived__c" VARCHAR(255), 
	"VolunteerFocus__c" VARCHAR(255), 
	"VolunteerResumeReceived__c" VARCHAR(255), 
	"npe01__AlternateEmail__c" VARCHAR(255), 
	"npe01__HomeEmail__c" VARCHAR(255), 
	"npe01__PreferredPhone__c" VARCHAR(255), 
	"npe01__Preferred_Email__c" VARCHAR(255), 
	"npe01__Primary_Address_Type__c" VARCHAR(255), 
	"npe01__Private__c" VARCHAR(255), 
	"npe01__Secondary_Address_Type__c" VARCHAR(255), 
	"npe01__WorkEmail__c" VARCHAR(255), 
	"npe01__WorkPhone__c" VARCHAR(255), 
	"npo02__AverageAmount__c" VARCHAR(255), 
	"npo02__Best_Gift_Year_Total__c" VARCHAR(255), 
	"npo02__Best_Gift_Year__c" VARCHAR(255), 
	"npo02__FirstCloseDate__c" VARCHAR(255), 
	"npo02__Household_Naming_Order__c" VARCHAR(255), 
	"npo02__LargestAmount__c" VARCHAR(255), 
	"npo02__LastCloseDate__c" VARCHAR(255), 
	"npo02__LastMembershipAmount__c" VARCHAR(255), 
	"npo02__LastMembershipDate__c" VARCHAR(255), 
	"npo02__LastMembershipLevel__c" VARCHAR(255), 
	"npo02__LastMembershipOrigin__c" VARCHAR(255), 
	"npo02__LastOppAmount__c" VARCHAR(255), 
	"npo02__MembershipEndDate__c" VARCHAR(255), 
	"npo02__MembershipJoinDate__c" VARCHAR(255), 
	"npo02__Naming_Exclusions__c" VARCHAR(255), 
	"npo02__NumberOfClosedOpps__c" VARCHAR(255), 
	"npo02__NumberOfMembershipOpps__c" VARCHAR(255), 
	"npo02__OppAmount2YearsAgo__c" VARCHAR(255), 
	"npo02__OppAmountLastNDays__c" VARCHAR(255), 
	"npo02__OppAmountLastYear__c" VARCHAR(255), 
	"npo02__OppAmountThisYear__c" VARCHAR(255), 
	"npo02__OppsClosed2YearsAgo__c" VARCHAR(255), 
	"npo02__OppsClosedLastNDays__c" VARCHAR(255), 
	"npo02__OppsClosedLastYear__c" VARCHAR(255), 
	"npo02__OppsClosedThisYear__c" VARCHAR(255), 
	"npo02__SmallestAmount__c" VARCHAR(255), 
	"npo02__Soft_Credit_Last_Year__c" VARCHAR(255), 
	"npo02__Soft_Credit_This_Year__c" VARCHAR(255), 
	"npo02__Soft_Credit_Total__c" VARCHAR(255), 
	"npo02__Soft_Credit_Two_Years_Ago__c" VARCHAR(255), 
	"npo02__TotalMembershipOppAmount__c" VARCHAR(255), 
	"npo02__TotalOppAmount__c" VARCHAR(255), 
	"npsp__Deceased__c" VARCHAR(255), 
	"npsp__Do_Not_Contact__c" VARCHAR(255), 
	"npsp__Exclude_from_Household_Formal_Greeting__c" VARCHAR(255), 
	"npsp__Exclude_from_Household_Informal_Greeting__c" VARCHAR(255), 
	"npsp__Exclude_from_Household_Name__c" VARCHAR(255), 
	"npsp__First_Soft_Credit_Amount__c" VARCHAR(255), 
	"npsp__First_Soft_Credit_Date__c" VARCHAR(255), 
	"npsp__Largest_Soft_Credit_Amount__c" VARCHAR(255), 
	"npsp__Largest_Soft_Credit_Date__c" VARCHAR(255), 
	"npsp__Last_Soft_Credit_Amount__c" VARCHAR(255), 
	"npsp__Last_Soft_Credit_Date__c" VARCHAR(255), 
	"npsp__Number_of_Soft_Credits_Last_N_Days__c" VARCHAR(255), 
	"npsp__Number_of_Soft_Credits_Last_Year__c" VARCHAR(255), 
	"npsp__Number_of_Soft_Credits_This_Year__c" VARCHAR(255), 
	"npsp__Number_of_Soft_Credits_Two_Years_Ago__c" VARCHAR(255), 
	"npsp__Number_of_Soft_Credits__c" VARCHAR(255), 
	"npsp__Soft_Credit_Last_N_Days__c" VARCHAR(255), 
	"npsp__is_Address_Override__c" VARCHAR(255), 
	"AccountId" VARCHAR(255), 
	"ReportsToId" VARCHAR(255), 
	"npo02__Household__c" VARCHAR(255), 
	"npsp__Batch__c" VARCHAR(255), 
	"npsp__Current_Address__c" VARCHAR(255), 
	"npsp__Primary_Affiliation__c" VARCHAR(255), 
	PRIMARY KEY (id)
);
INSERT INTO "Contact" VALUES(1,'','','','','','','','','','','','','','False','','tracey+gallagher1969@example.net','','','','','','','','None','Gallagher','False','','','','','','','','English','Tracey','','','','','(142)327-1920x933','','','','','','','','None','','','','','','','','','False','','','','','None','','','','','','tracey+gallagher13@example.com','tracey+gallagher1969@example.net','Home','Personal','','False','Work','t_gallagher@example.net','+1-976-359-6394x2419','0.0','','','','','0.0','','0.0','','','','0.0','','','','0.0','0.0','0.0','0.0','0.0','0.0','0.0','0.0','0.0','0.0','0.0','','','','','0.0','0.0','False','False','False','False','False','','','','','','','','','','','','0.0','False','10','','','','','');
INSERT INTO "Contact" VALUES(2,'','','','','','','','','','','','','None','False','','an_flynn1980@example.com','','','','','','','','None','Flynn','False','','','','','','','','English','Angie','','','','','(958)137-0094x639','','','','','','','','None','','','','','','','','','False','','','','','None','','','','','','aflynn@example.org','an_flynn1980@example.com','Home','Personal','','False','Home','an-flynn1975@example.net','001-229-294-0697','0.0','','','','','0.0','','0.0','','','','0.0','','','','0.0','0.0','0.0','0.0','0.0','0.0','0.0','0.0','0.0','0.0','0.0','','','','','0.0','0.0','False','False','False','False','False','','','','','','','','','','','','0.0','False','10','','','','','');
INSERT INTO "Contact" VALUES(3,'','','','','','','','Initial Inquiry','','','DL5V6YKR','Change oil investment see type also.','None','True','2016-09-16','ca_chambers52@example.net','','','','','','','','None','Carlos','False','','','','Decade poor trade here society. Win western air wonder employee general garden commercial.','','Nonprofit Leadership','None','English','Chambers','None','General info/Other','Kerr-James','Spanish','(615)730-4587x553','Board Member','Event.','Prefer not to answer','','','','','None','','','','','','','','','False','','','','Narcolepsy Alert','None','Active Projects- Academy','','','','','carlos_chambers2013@example.com','ca_chambers52@example.net','Home','Personal','Home','False','Other','ca_chambers2007@example.net','070-468-8613x77878','0.0','20293.0','1992','2022-10-02','60553.0','0.0','2022-11-18','0.0','2022-12-23','Something thank year power information. Game scientist rule. Total per sure.','Risk rise box stage wife doctor water. Camera age decision laugh difference. Or question true.','0.0','2022-09-04','2023-01-22','Household__c.Formal_Greeting__c','0.0','0.0','0.0','0.0','0.0','0.0','0.0','0.0','0.0','0.0','0.0','54463.0','60420.0','80706.0','11969.0','0.0','0.0','False','False','True','False','False','9741.0','2022-08-24','28689.0','2022-04-26','53963.0','','42981.0','71853.0','21733.0','80666.0','4101.0','0.0','False','10','','','','2','');
INSERT INTO "Contact" VALUES(4,'','','','','','','','Inactive','','','5JO551ZN','Beautiful win security child behind right story.','None','True','2000-08-15','colton-long45@example.net','','','','','','','','In Training','Colton','False','','','','Live player station brother less always. Specific million important couple test south. Month window issue less.','','Writing/Communications','Initial Inquiry','English','Long','Inactive','General info/Other','Solis, Zimmerman and Daugherty','Spanish','795.835.9195x022','Team Facilitator Lead','Enjoy big.','They/Them','','','','','None','','','','','','','','','True','','','','Seizure Response','None','Active Projects- Trainer Certification','','','','','c-long0@example.com','colton-long45@example.net','Home','Personal','Home','False','Other','colton_long84@example.com','+1-577-908-9112','0.0','2664.0','2012','2022-05-09','34278.0','0.0','2022-08-02','0.0','2022-03-02','Hair yourself nature spend local wrong manage. Story total money by. Official computer sell food.','End finish consumer we guess. Law into idea policy military admit magazine.','0.0','2022-10-04','2022-11-09','Household__c.Formal_Greeting__c','0.0','0.0','0.0','0.0','0.0','0.0','0.0','0.0','0.0','0.0','0.0','94578.0','50499.0','1545.0','25748.0','0.0','0.0','False','False','True','False','False','30171.0','2022-04-09','27261.0','2022-09-10','97136.0','','61971.0','67795.0','29627.0','29925.0','3535.0','0.0','False','10','','','','2','');
INSERT INTO "Contact" VALUES(5,'','','','','','','','','','','','','None','False','','ph-gould6@example.com','','','','','','','','None','Gould','False','','','','','','','','English','Philip','','','','','781-520-8775x6219','','','','','','','','None','','','','','','','','','False','','','','','None','','','','','','ph+gould@example.com','ph-gould6@example.com','Home','Personal','','False','Other','philipgould92@example.org','(228)936-1755x120','0.0','','','','','0.0','','0.0','','','','0.0','','','','0.0','0.0','0.0','0.0','0.0','0.0','0.0','0.0','0.0','0.0','0.0','','','','','0.0','0.0','False','False','False','False','False','','','','','','','','','','','','0.0','False','35','','','','','');
INSERT INTO "Contact" VALUES(6,'','','','','','','','','','','','','None','False','','j.mcneil1979@example.org','','','','','','','','None','Mcneil','False','','','','','','','','English','Jenny','','','','','608.720.2559x401','','','','','','','','None','','','','','','','','','False','','','','','None','','','','','','jenny_mcneil2@example.org','j.mcneil1979@example.org','Home','Personal','','False','Work','j-mcneil@example.com','001-034-062-2166x6639','0.0','','','','','0.0','','0.0','','','','0.0','','','','0.0','0.0','0.0','0.0','0.0','0.0','0.0','0.0','0.0','0.0','0.0','','','','','0.0','0.0','False','False','False','False','False','','','','','','','','','','','','0.0','False','35','','','','','');
INSERT INTO "Contact" VALUES(7,'','','','','','','','Onboarding','','','EGNSMSZV','A long wind wait this soldier color.','None','True','2010-09-08','n.mason2@example.com','','','','','','','','None','Norman','False','','','','Child value state hand mouth difficult wait. Whole history trade mother. Perhaps reflect federal responsibility memory.','','Fundraising/Grants','Onboarding','English','Mason','None','Client Certification','Randall-Berry','Spanish','5878395136','Puppy Raiser','Ready.','They/Them','','','','','Suspended','','','','','','','','','True','','','','Seizure Response','None','Active Projects- Dog Availability','','','','','no-mason58@example.org','n.mason2@example.com','Home','Personal','Home','False','Work','no+mason@example.net','(498)498-6854','0.0','47606.0','1978','2022-07-27','71063.0','0.0','2022-11-30','0.0','2022-09-02','Whole trip relate plan outside radio.','Remain PM four husband while model her billion. Amount charge professional upon enjoy.','0.0','2023-01-20','2022-04-22','Household__c.Name','0.0','0.0','0.0','0.0','0.0','0.0','0.0','0.0','0.0','0.0','0.0','2604.0','84432.0','3691.0','60374.0','0.0','0.0','False','False','False','False','True','65414.0','2022-03-01','98052.0','2022-07-31','13001.0','','73472.0','82120.0','57670.0','11745.0','17054.0','0.0','False','35','','','','4','');
INSERT INTO "Contact" VALUES(8,'','','','','','','','Onboarding','','','2AUHP3C3','Peace huge above clearly easy key.','None','True','2017-10-30','fr.osborn3@example.net','','','','','','','','None','Frank','False','','','','Young mother commercial thank executive. Remain realize follow all. Hear according last air responsibility can catch.','','Technology/Infrastructure','Active','English','Osborn','None','Sponsorship/Donations','Henry LLC','Spanish','311.785.3317','Staff','Return.','They/Them','','','','','None','','','','','','','','','False','','','','Hearing Alert','None','Active Projects- State Registration','','','','','frank_osborn@example.net','fr.osborn3@example.net','Home','Personal','Home','False','Work','fosborn1950@example.com','(592)400-4502','0.0','33731.0','1990','2022-08-22','76657.0','0.0','2022-11-21','0.0','2022-11-17','Head agency view. Knowledge several address series. Land than produce these project heart.','Center treatment ball soon red. There culture opportunity back table expect.','0.0','2022-10-13','2022-03-25','Household__c.Name','0.0','0.0','0.0','0.0','0.0','0.0','0.0','0.0','0.0','0.0','0.0','3265.0','105.0','51556.0','96906.0','0.0','0.0','False','False','False','False','True','95798.0','2022-07-03','91715.0','2022-04-22','35172.0','','49825.0','17198.0','88695.0','95205.0','54575.0','0.0','False','35','','','','4','');
INSERT INTO "Contact" VALUES(9,'','','','','','','','Onboarding','','','42Q3R9WJ','Start truth end member determine prevent.','None','False','2005-05-10','y_garner1997@example.net','','','','','','','','None','Yvette','False','','','','Sure truth indicate color tend. West point visit.','','Project/Program Management','Active','English','Garner','None','General info/Other','Sheppard-Vasquez','Spanish;French','332.076.6086x618','Volunteer;Trainer','Political.','She/Her','','','','','None','','','','','','','','','True','','','','Narcolepsy Alert','Discontinued','Operations- Client','','','','','yv+garner@example.org','y_garner1997@example.net','Home','Personal','Home','False','Home','y_garner99@example.com','972-747-0130x52771','0.0','63085.0','1974','2022-12-26','11084.0','0.0','2022-04-09','0.0','2022-09-26','Since focus western month hear four. Science give give worry.','Create hair direction similar. Indeed event pay accept sea Republican should.','0.0','2022-03-05','2022-12-06','Household__c.Name','0.0','0.0','0.0','0.0','0.0','0.0','0.0','0.0','0.0','0.0','0.0','63255.0','40646.0','47132.0','77083.0','0.0','0.0','False','False','False','False','True','63572.0','2022-11-20','41492.0','2022-06-02','3187.0','','36256.0','68728.0','8583.0','68559.0','18046.0','0.0','False','45','','','','9','');
INSERT INTO "Contact" VALUES(10,'','','','','','','','Active','','','41JMJN3V','Pay throw detail former seat foot successful.','Certified','True','2011-01-31','r.wolfe1958@example.com','','','','','','','','None','Randall','False','','','','Car but hold toward response modern.','','Project/Program Management','Active','English','Wolfe','None','Sponsorship/Donations','Chapman-Gaines','Tagalog','001-882-774-5689x3283','Volunteer;Client','Nice.','They/Them','','','','','None','','','','','','','','','True','','','','Hearing Alert','None','Active Projects- Academy','','','','','randallwolfe6@example.net','r.wolfe1958@example.com','Home','Personal','Home','False','Home','rawolfe1992@example.org','652.062.9403','0.0','37370.0','2010','2022-04-12','82082.0','0.0','2022-05-15','0.0','2022-02-26','Let war television four describe none. Soldier sort their modern smile.','Beat not cost some. Let professional want result value watch guess.','0.0','2022-11-03','2022-03-29','Household__c.Name','0.0','0.0','0.0','0.0','0.0','0.0','0.0','0.0','0.0','0.0','0.0','34591.0','15461.0','69065.0','22325.0','0.0','0.0','False','False','False','False','True','55398.0','2022-10-05','30071.0','2022-05-28','49331.0','','24388.0','75638.0','87164.0','89290.0','21544.0','0.0','False','45','','','','9','');
INSERT INTO "Contact" VALUES(11,'','','','','','','','','','','','','','False','','mwillis08@example.org','','','','','','','','None','Willis','False','','','','','','','','English','Melinda','','','','','139.292.1788x92199','','','','','','','','None','','','','','','','','','False','','','','','None','','','','','','me.willis@example.net','m.willis1976@example.net','Home','Personal','Work','False','Home','me-willis0@example.com','787.793.8710x5475','0.0','','','','','0.0','','0.0','','','','0.0','','','','0.0','0.0','0.0','0.0','0.0','0.0','0.0','0.0','0.0','0.0','0.0','','','','','0.0','0.0','False','False','False','False','False','','','','','','','','','','','','0.0','False','47','','','','','');
INSERT INTO "Contact" VALUES(12,'','','','','','','','Inactive','','','DL5VRR17','Student stay threat contain wall guess.','None','True','2006-01-23','maria+allen1988@example.org','','','','','','','','Discontinued','Maria','False','','','','Deep sign involve car stock player sport. Garden sport rich eat next story customer big. Two space share player.','','Dog Training/Behavior/Veterinary','Active','English','Allen','None','Sweet Snoopers Training Program','Fischer, Lozano and Benson','Vietnamese','(011)462-8358','Team Facilitator','Partner.','Prefer not to answer','','','','','None','','','','','','','','','True','','','','Autism','None','Active Projects- Community Outreach and Education','','','','','ma+allen@example.org','maria+allen1988@example.org','Home','Personal','Home','False','Work','maria_allen@example.com','390.016.6650x97536','0.0','25371.0','1999','2022-08-30','33579.0','0.0','2022-05-28','0.0','2023-01-07','Hospital trouble without wind. Sea about little end.','Research design land listen sign. Hear rather who final idea court old.','0.0','2022-11-05','2022-03-03','Household__c.Name','0.0','0.0','0.0','0.0','0.0','0.0','0.0','0.0','0.0','0.0','0.0','13261.0','43131.0','53986.0','64059.0','0.0','0.0','False','False','False','False','True','41168.0','2022-08-21','5260.0','2022-03-15','40034.0','','32925.0','409.0','99984.0','99434.0','76473.0','0.0','False','127','','','','13','');
INSERT INTO "Contact" VALUES(13,'','','','','','','','','','','','','None','False','','j+cameron@example.org','','','','','','','','None','Cameron','False','','','','','','','','English','Jeanne','','','','','001-948-899-0003x8474','','','','','','','','None','','','','','','','','','False','','','','','None','','','','','','j.cameron8@example.com','j+cameron@example.org','Home','Personal','','False','Home','je-cameron@example.org','874-491-4011x5196','0.0','','','','','0.0','','0.0','','','','0.0','','','','0.0','0.0','0.0','0.0','0.0','0.0','0.0','0.0','0.0','0.0','0.0','','','','','0.0','0.0','False','False','False','False','False','','','','','','','','','','','','0.0','False','129','','','','','');
INSERT INTO "Contact" VALUES(14,'','','','','','','','','','','','','None','False','','maurice.marshall1962@example.com','','','','','','','','None','Marshall','False','','','','','','','','English','Maurice','','','','','813.816.0184x282','','','','','','','','None','','','','','','','','','False','','','','','None','','','','','','m.marshall0@example.com','maurice.marshall1962@example.com','Home','Personal','','False','Work','ma.marshall@example.org','(439)030-0761x2696','0.0','','','','','0.0','','0.0','','','','0.0','','','','0.0','0.0','0.0','0.0','0.0','0.0','0.0','0.0','0.0','0.0','0.0','','','','','0.0','0.0','False','False','False','False','False','','','','','','','','','','','','0.0','False','48','','','','','');
INSERT INTO "Contact" VALUES(15,'','','','','','','','','','','','','None','False','','erika+miles1989@example.org','','','','','','','','None','Miles','False','','','','','','','','English','Erika','','','','','+1-627-380-6441x6826','','','','','','','','None','','','','','','','','','False','','','','','None','','','','','','er-miles7@example.com','erika+miles1989@example.org','Home','Personal','','False','Work','e+miles0@example.net','001-604-931-8686x65095','0.0','','','','','0.0','','0.0','','','','0.0','','','','0.0','0.0','0.0','0.0','0.0','0.0','0.0','0.0','0.0','0.0','0.0','','','','','0.0','0.0','False','False','False','False','False','','','','','','','','','','','','0.0','False','48','','','','','');
INSERT INTO "Contact" VALUES(16,'','','','','','','','Initial Inquiry','','','AO2M88DF','One explain upon government president.','Decertified','True','2000-05-22','ca.buchanan5@example.com','','','','','','','','None','Cameron','False','','','','Evening value shoulder clear onto better. Prepare quite create those middle college. Rate own without office.','','Graphic Design','Inactive','English','Buchanan','None','Sponsorship/Donations','Acevedo, Wong and Stokes','Spanish','893-601-7852','Client','Describe.','She/Her','','','','','None','','','','','','','','','True','','','','Medical Incident Assist','None','Active Projects- Academy','','','','','cabuchanan51@example.com','ca.buchanan5@example.com','Home','Personal','Home','False','Other','ca_buchanan82@example.com','(781)430-9038x27115','0.0','9887.0','2006','2022-10-08','78773.0','0.0','2022-08-18','0.0','2022-05-15','Their son south against share. Stuff half run medical. Get letter wonder act road then.','Free television theory onto. She push poor various single reflect why enjoy.','0.0','2023-02-02','2022-10-24','Household__c.Name','0.0','0.0','0.0','0.0','0.0','0.0','0.0','0.0','0.0','0.0','0.0','56363.0','79384.0','69544.0','83300.0','0.0','0.0','False','False','False','False','True','97368.0','2022-06-25','26890.0','2023-01-25','55137.0','','19996.0','36482.0','66034.0','28957.0','44986.0','0.0','False','48','','','','10','');
INSERT INTO "Contact" VALUES(17,'','','','','','','','','','','','','None','False','','st-ali@example.net','','','','','','','','None','Ali','False','','','','','','','','English','Stacie','','','','','544-875-9942x7904','','','','','','','','None','','','','','','','','','False','','','','','None','','','','','','st_ali13@example.com','st-ali@example.net','Home','Personal','','False','Other','stali1990@example.net','001-051-833-0831x4817','0.0','','','','','0.0','','0.0','','','','0.0','','','','0.0','0.0','0.0','0.0','0.0','0.0','0.0','0.0','0.0','0.0','0.0','','','','','0.0','0.0','False','False','False','False','False','','','','','','','','','','','','0.0','False','12','','','','','');
INSERT INTO "Contact" VALUES(18,'','','','','','','','','','','','','None','False','','darin_carrillo1947@example.com','','','','','','','','None','Carrillo','False','','','','','','','','English','Darin','','','','','001-073-841-6196','','','','','','','','None','','','','','','','','','False','','','','','None','','','','','','d.carrillo@example.com','darin_carrillo1947@example.com','Home','Personal','','False','Other','da.carrillo3@example.org','365-471-7543x0102','0.0','','','','','0.0','','0.0','','','','0.0','','','','0.0','0.0','0.0','0.0','0.0','0.0','0.0','0.0','0.0','0.0','0.0','','','','','0.0','0.0','False','False','False','False','False','','','','','','','','','','','','0.0','False','12','','','','','');
INSERT INTO "Contact" VALUES(19,'','','','','','','','Inactive','','','EGNS15OB','Star light ground team maintain create or black.','None','False','2001-02-18','manuel+pena4@example.net','','','','','','','','None','Manuel','False','','','','Language I spring against indicate wear. This want perform piece management answer. Huge medical mother product.','','Education/Course Development','None','English','Pena','None','General info/Other','Atkins-Maddox','English','528.665.4317','Volunteer','Everybody.','Prefer to self-describe','','','','','None','','','','','','','','','False','','','','Diabetes Alert','None','Active Projects- Fund Development','','','','','mapena@example.net','manuel+pena4@example.net','Home','Personal','Home','False','Work','m-pena1949@example.com','+1-409-403-9268x3317','0.0','41739.0','1974','2023-01-28','14051.0','0.0','2022-09-24','0.0','2022-08-31','Almost high Congress wife great western fall. Soon in you population model unit.','Tv shoulder once inside out. Its old center head.','0.0','2022-04-19','2022-04-29','Household__c.Formal_Greeting__c','0.0','0.0','0.0','0.0','0.0','0.0','0.0','0.0','0.0','0.0','0.0','66795.0','64693.0','68342.0','63250.0','0.0','0.0','False','False','True','False','False','92482.0','2022-05-26','90945.0','2022-07-10','41345.0','','43766.0','52630.0','45322.0','1146.0','24881.0','0.0','False','12','','','','11','');
INSERT INTO "Contact" VALUES(20,'','','','','','','','Onboarding','','','2AUHOG6R','Artist chance light improve quite.','None','False','2018-04-24','alyssa-decker60@example.net','','','','','','','','None','Alyssa','False','','','','Least black president role. School mouth partner fish. Relationship only card. Central maybe body same respond huge stand.','','Disability Advocacy','None','English','Decker','None','Volunteering','Kerr, Lutz and Rivas','American Sign Language','(155)057-2589','Board Member','Produce.','She/Her','','','','','None','','','','','','','','','False','','','','Mobility','None','Active Projects- Dog Availability','','','','','a+decker1977@example.org','alyssa-decker60@example.net','Home','Personal','Home','False','Work','alyssa.decker65@example.org','(544)935-9815x176','0.0','35324.0','1972','2022-05-14','38432.0','0.0','2022-09-12','0.0','2023-01-29','Action control improve.','Hold less choose something affect animal. End size high enter practice.','0.0','2022-06-19','2022-07-15','Household__c.Name','0.0','0.0','0.0','0.0','0.0','0.0','0.0','0.0','0.0','0.0','0.0','57954.0','1392.0','66697.0','47402.0','0.0','0.0','False','False','False','False','True','35470.0','2022-11-10','83684.0','2022-11-24','72154.0','','75648.0','30186.0','28899.0','43356.0','37503.0','0.0','False','12','','','','11','');
INSERT INTO "Contact" VALUES(21,'','','','','','','','Active','','','GDH9TW2J','Security company kind small TV many.','None','False','2018-06-02','m-faulkner82@example.org','','','','','','','','Inactive','Mathew','False','','','','One point several animal. Nor reach through family art forward rock.','','Education/Course Development','Inactive','English','Faulkner','None','Trainer Certification','Black-Bullock','English','162.030.5405x519','Team Facilitator','Remember.','Prefer not to answer','','','','','None','','','','','','','','','False','','','','Medical Incident Assist','None','Operations- Master Docs - READ ONLY','','','','','ma+faulkner@example.com','m-faulkner82@example.org','Home','Personal','Home','False','Other','ma-faulkner@example.com','+1-041-944-8478x31811','0.0','98745.0','2014','2022-07-30','67315.0','0.0','2022-02-16','0.0','2022-07-17','Eat issue Democrat near. Old bank painting third future join nearly.','See agency work support method.','0.0','2022-09-05','2022-02-15','Household__c.Name','0.0','0.0','0.0','0.0','0.0','0.0','0.0','0.0','0.0','0.0','0.0','97945.0','99465.0','9989.0','48231.0','0.0','0.0','False','False','False','False','True','64332.0','2022-06-29','73779.0','2022-10-13','69006.0','','19643.0','19705.0','30360.0','3048.0','3613.0','0.0','False','12','','','','11','');
INSERT INTO "Contact" VALUES(22,'','','','','','','','','','','','','None','False','','h-golden9@example.org','','','','','','','','None','Golden','False','','','','','','','','English','Heather','','','','','(675)365-4840','','','','','','','','None','','','','','','','','','False','','','','','None','','','','','','hegolden1@example.com','h-golden9@example.org','Home','Personal','','False','Other','heathergolden@example.com','4231998402','0.0','','','','','0.0','','0.0','','','','0.0','','','','0.0','0.0','0.0','0.0','0.0','0.0','0.0','0.0','0.0','0.0','0.0','','','','','0.0','0.0','False','False','False','False','False','','','','','','','','','','','','0.0','False','127','','','','','');
INSERT INTO "Contact" VALUES(23,'','','','','','','','','','','','','None','False','','beckychandler63@example.com','','','','','','','','None','Chandler','False','','','','','','','','English','Becky','','','','','001-639-919-8008x824','','','','','','','','None','','','','','','','','','False','','','','','None','','','','','','be-chandler1979@example.org','beckychandler63@example.com','Home','Personal','','False','Other','b-chandler00@example.com','(117)605-4974x6549','0.0','','','','','0.0','','0.0','','','','0.0','','','','0.0','0.0','0.0','0.0','0.0','0.0','0.0','0.0','0.0','0.0','0.0','','','','','0.0','0.0','False','False','False','False','False','','','','','','','','','','','','0.0','False','127','','','','','');
INSERT INTO "Contact" VALUES(24,'','','','','','','','Onboarding','','','41JMJUTN','Sign rock idea maybe.','None','False','2016-07-30','w_church58@example.com','','','','','','','','None','William','False','','','','Million join look detail. Across western them road. House north security also something. Season just everyone region.','','Sales','Active','English','Church','None','Teams Set in Motion Program','Davila, Lyons and Skinner','Portuguese','979.628.8755','Puppy Raiser','Score.','Prefer not to answer','','','','','In Training','','','','','','','','','False','','','','Psychiatric;Autism','None','Operations- Volunteer and Staff','','','','','william-church5@example.com','w_church58@example.com','Home','Personal','Home','False','Work','wchurch6@example.org','670-812-3861x300','0.0','27310.0','1996','2022-03-15','62074.0','0.0','2022-04-09','0.0','2022-02-09','Important resource bill night action president. Not fill region plan animal.','Herself move relate treat eight marriage research. Accept various smile also have.','0.0','2022-10-14','2022-02-25','Household__c.Informal_Greeting__c','0.0','0.0','0.0','0.0','0.0','0.0','0.0','0.0','0.0','0.0','0.0','99421.0','41319.0','84353.0','61387.0','0.0','0.0','False','False','False','True','False','81331.0','2022-12-11','82555.0','2022-03-02','45975.0','','74127.0','10072.0','31408.0','34193.0','47132.0','0.0','False','133','','','','16','');
INSERT INTO "Contact" VALUES(25,'','','','','','','','','','','','','None','False','','f-hensley1974@example.com','','','','','','','','None','Hensley','False','','','','','','','','English','Francis','','','','','(722)389-3589x304','','','','','','','','None','','','','','','','','','False','','','','','None','','','','','','francis.hensley2@example.com','f-hensley1974@example.com','Home','Personal','','False','Work','f_hensley68@example.org','(576)979-1419x0185','0.0','','','','','0.0','','0.0','','','','0.0','','','','0.0','0.0','0.0','0.0','0.0','0.0','0.0','0.0','0.0','0.0','0.0','','','','','0.0','0.0','False','False','False','False','False','','','','','','','','','','','','0.0','False','137','','','','','');
INSERT INTO "Contact" VALUES(26,'','','','','','','','','','','','','None','False','','bob_mckay2007@example.org','','','','','','','','None','Mckay','False','','','','','','','','English','Bob','','','','','(019)683-4079x63910','','','','','','','','None','','','','','','','','','False','','','','','None','','','','','','bob_mckay95@example.com','bob_mckay2007@example.org','Home','Personal','','False','Other','bob_mckay1975@example.net','001-773-976-9316x764','0.0','','','','','0.0','','0.0','','','','0.0','','','','0.0','0.0','0.0','0.0','0.0','0.0','0.0','0.0','0.0','0.0','0.0','','','','','0.0','0.0','False','False','False','False','False','','','','','','','','','','','','0.0','False','129','','','','','');
INSERT INTO "Contact" VALUES(27,'','','','','','','','Inactive','','','5JO5PUG3','Nature treatment that suffer draw.','None','True','2022-08-28','r_warner@example.org','','','','','','','','None','Ruth','False','','','','Dark draw debate soon tend simply parent. Green from guess employee garden wide reach.','','Project/Program Management','Initial Inquiry','English','Warner','None','Sponsorship/Donations','Mccoy-Dunlap','Portuguese','(098)649-6475x5438','Volunteer','Type.','Prefer to self-describe','','','','','None','','','','','','','','','True','','','','Seizure Response','None','Operations- Volunteer and Staff','','','','','ruth-warner1998@example.net','r_warner@example.org','Home','Personal','Home','False','Home','r.warner@example.net','780.991.6186x817','0.0','8601.0','1995','2022-11-17','86252.0','0.0','2022-06-17','0.0','2022-03-09','Find just create term. Deep alone maybe. Writer about even.','School include play produce require process. Market what old together support respond.','0.0','2022-06-02','2022-11-29','Household__c.Informal_Greeting__c','0.0','0.0','0.0','0.0','0.0','0.0','0.0','0.0','0.0','0.0','0.0','5045.0','44117.0','4092.0','7623.0','0.0','0.0','False','False','False','True','False','75469.0','2023-01-08','76908.0','2022-12-11','47895.0','','25269.0','34886.0','6681.0','76209.0','32443.0','0.0','False','129','','','','14','');
INSERT INTO "Contact" VALUES(28,'','','','','','','','','','','','','None','False','','g.shea53@example.net','','','','','','','','None','Shea','False','','','','','','','','English','Gene','','','','','001-973-681-8713','','','','','','','','None','','','','','','','','','False','','','','','None','','','','','','gene-shea1984@example.net','g.shea53@example.net','Home','Personal','','False','Work','g-shea0@example.org','+1-778-524-8376x6804','0.0','','','','','0.0','','0.0','','','','0.0','','','','0.0','0.0','0.0','0.0','0.0','0.0','0.0','0.0','0.0','0.0','0.0','','','','','0.0','0.0','False','False','False','False','False','','','','','','','','','','','','0.0','False','131','','','','','');
INSERT INTO "Contact" VALUES(29,'','','','','','','','','','','','','None','False','','n.nicholson5@example.org','','','','','','','','None','Nicholson','False','','','','','','','','English','Neil','','','','','366-547-5963','','','','','','','','None','','','','','','','','','False','','','','','None','','','','','','neilnicholson@example.net','n.nicholson5@example.org','Home','Personal','','False','Work','nenicholson50@example.com','001-890-938-1691x86883','0.0','','','','','0.0','','0.0','','','','0.0','','','','0.0','0.0','0.0','0.0','0.0','0.0','0.0','0.0','0.0','0.0','0.0','','','','','0.0','0.0','False','False','False','False','False','','','','','','','','','','','','0.0','False','131','','','','','');
INSERT INTO "Contact" VALUES(30,'','','','','','','','Inactive','','','EGNSMDKB','Model stay assume seat apply husband.','In ADSiM','True','2013-09-20','za+macdonald@example.com','','','','','','','','Initial Inquiry','Zachary','False','','','','Fish entire sister recognize performance start across. Often American affect many student. Trip decade charge structure affect individual.','','Technology/Infrastructure','None','English','Macdonald','Inactive','Team Facilitator Certification','Fletcher LLC','Spanish','+1-404-295-9927x75373','Volunteer;Team Facilitator Lead;Client','Fight.','He/Him','','','','','None','','','','','','','','','False','','','','Hearing Alert','None','Active Projects- Community Outreach and Education','','','','','za-macdonald87@example.net','za+macdonald@example.com','Home','Personal','Home','False','Home','zamacdonald@example.com','709.251.5838','0.0','19549.0','2017','2022-04-12','73594.0','0.0','2022-10-17','0.0','2022-11-24','Street network rather north grow. Much need black account sign.','Woman follow accept. Around pay off carry eight member.','0.0','2022-08-17','2022-12-22','Household__c.Name','0.0','0.0','0.0','0.0','0.0','0.0','0.0','0.0','0.0','0.0','0.0','75748.0','5371.0','29732.0','19650.0','0.0','0.0','False','False','False','False','True','55981.0','2023-01-18','33363.0','2022-09-25','10792.0','','24700.0','31918.0','92345.0','40964.0','33215.0','0.0','False','131','','','','15','');
INSERT INTO "Contact" VALUES(31,'','','','','','','','Onboarding','','','2AUHONWJ','Measure relate education still.','None','False','2017-11-16','c.buck6@example.com','','','','','','','','Initial Inquiry','Claudia','False','','','','Author expect road third environmental. Prepare institution physical what mention think to. Property value ok a. History especially kind.','','Project/Program Management','Inactive','English','Buck','None','Sweet Snoopers Training Program','Conway, Jacobs and Odom','French','001-359-680-3957','Volunteer;Team Facilitator','Upon.','Prefer not to answer','','','','','None','','','','','','','','','True','','','','Diabetes Alert','None','Sensitive Info- Trainer','','','','','clbuck@example.org','c.buck6@example.com','Home','Personal','Home','False','Other','cl+buck1989@example.com','+1-696-596-7014x021','0.0','91875.0','2004','2022-02-18','24326.0','0.0','2022-06-29','0.0','2022-03-30','Almost report response for though range. Coach window anything term all.','Girl radio home public economy service down. Pass though have some modern president.','0.0','2022-07-20','2022-06-16','Household__c.Formal_Greeting__c','0.0','0.0','0.0','0.0','0.0','0.0','0.0','0.0','0.0','0.0','0.0','26651.0','80262.0','25309.0','15771.0','0.0','0.0','False','False','True','False','False','67608.0','2023-01-25','45991.0','2022-08-31','1190.0','','1596.0','34177.0','95816.0','92846.0','7455.0','0.0','False','131','','','','15','');
INSERT INTO "Contact" VALUES(32,'','','','','','','','','','','','','None','False','','edsanchez1953@example.org','','','','','','','','None','Sanchez','False','','','','','','','','English','Edwin','','','','','8760457682','','','','','','','','None','','','','','','','','','False','','','','','None','','','','','','ed_sanchez8@example.org','edsanchez1953@example.org','Home','Personal','','False','Work','edwin+sanchez1993@example.org','498.883.5230','0.0','','','','','0.0','','0.0','','','','0.0','','','','0.0','0.0','0.0','0.0','0.0','0.0','0.0','0.0','0.0','0.0','0.0','','','','','0.0','0.0','False','False','False','False','False','','','','','','','','','','','','0.0','False','133','','','','','');
INSERT INTO "Contact" VALUES(33,'','','','','','','','','','','','','None','False','','majacobson@example.com','','','','','','','','None','Jacobson','False','','','','','','','','English','Mario','','','','','(976)356-0326x0180','','','','','','','','None','','','','','','','','','False','','','','','None','','','','','','m_jacobson93@example.com','majacobson@example.com','Home','Personal','','False','Work','ma-jacobson43@example.com','(705)561-2448x72195','0.0','','','','','0.0','','0.0','','','','0.0','','','','0.0','0.0','0.0','0.0','0.0','0.0','0.0','0.0','0.0','0.0','0.0','','','','','0.0','0.0','False','False','False','False','False','','','','','','','','','','','','0.0','False','133','','','','','');
INSERT INTO "Contact" VALUES(34,'','','','','','','','Inactive','','','GDH94DUZ','Teach quite information language shoulder offer number.','None','False','2013-08-28','kristyosborne@example.org','','','','','','','','None','Kristy','False','','','','Yes detail trade natural role close authority. Develop black treatment stuff. Heart although range memory significant always avoid realize.','','Fundraising/Grants','Inactive','Tagalog','Osborne','None','Trainer Certification','Beck Group','American Sign Language','+1-371-080-2550x901','Staff','Red.','She/Her','','','','','None','','','','','','','','','True','','','','Medical Incident Assist','None','Active Projects- Academy','','','','','k-osborne46@example.com','kristyosborne@example.org','Home','Personal','Home','False','Work','kosborne1965@example.com','+1-458-227-7280x3811','0.0','51026.0','2019','2022-09-26','55668.0','0.0','2022-11-23','0.0','2022-02-22','Market outside test professional public. Reason artist front wind. Firm see need indeed.','Thank improve base. Finally explain thought make color east may.','0.0','2022-03-20','2022-05-19','Household__c.Formal_Greeting__c','0.0','0.0','0.0','0.0','0.0','0.0','0.0','0.0','0.0','0.0','0.0','32190.0','51626.0','23248.0','63323.0','0.0','0.0','False','False','True','False','False','26684.0','2022-07-03','18353.0','2022-06-20','38116.0','','44253.0','45206.0','35294.0','68813.0','74486.0','0.0','False','133','','','','16','');
INSERT INTO "Contact" VALUES(35,'','','','','','','','None','','','42Q3R26R','Close test wear help born seat major.','None','False','2013-03-31','abigail_petty1955@example.org','','','','','','','','None','Abigail','False','','','','Word agree receive generation now gun letter. Generation product hard treat collection my also.','','Social Media','Inactive','English','Petty','None','Team Facilitator Certification','Sanders Ltd','English','+1-948-514-4709x06246','Volunteer;Puppy Raiser','Maybe.','Prefer not to answer','','','','','Inactive','','','','','','','','','False','','','','Seizure Response','None','Active Projects- Technology Infrastructure','','','','','ab+petty02@example.org','abigail_petty1955@example.org','Home','Personal','Home','False','Home','ab-petty7@example.com','353.741.4237','0.0','4138.0','1977','2022-03-09','48719.0','0.0','2022-07-22','0.0','2022-08-04','Keep white international example then change budget poor. Back meet where might voice.','Across middle wide government defense analysis. During represent rock chair.','0.0','2022-10-21','2022-03-02','Household__c.Name','0.0','0.0','0.0','0.0','0.0','0.0','0.0','0.0','0.0','0.0','0.0','53533.0','92532.0','65865.0','65618.0','0.0','0.0','False','False','False','False','True','88725.0','2022-05-12','17931.0','2022-11-24','81682.0','','90676.0','59961.0','91945.0','90929.0','22923.0','0.0','False','133','','','','16','');
INSERT INTO "Contact" VALUES(36,'','','','','','','','','','','','','None','False','','mikayla-higgins@example.com','','','','','','','','None','Higgins','False','','','','','','','','English','Mikayla','','','','','(195)176-8834x332','','','','','','','','None','','','','','','','','','False','','','','','None','','','','','','m-higgins3@example.com','mikayla-higgins@example.com','Home','Personal','','False','Home','m.higgins89@example.net','+1-289-203-0663','0.0','','','','','0.0','','0.0','','','','0.0','','','','0.0','0.0','0.0','0.0','0.0','0.0','0.0','0.0','0.0','0.0','0.0','','','','','0.0','0.0','False','False','False','False','False','','','','','','','','','','','','0.0','False','137','','','','','');
INSERT INTO "Contact" VALUES(37,'','','','','','','','Active','','','AO2M8G37','Star activity people seat material green early.','None','False','2012-11-21','wayne-benson1988@example.com','','','','','','','','None','Wayne','False','','','','The offer support certainly.','','Project/Program Management','None','English','Benson','None','Teams Set in Motion Program','Douglas-Mayo','Spanish','+1-887-300-6860','Staff','Test.','She/Her','','','','','None','','','','','','','','','False','','','','Psychiatric','None','Active Projects- Research and Development','','','','','wayne-benson91@example.org','wayne-benson1988@example.com','Home','Personal','Home','False','Work','wa.benson@example.com','300.620.4982','0.0','79472.0','2007','2022-03-30','94689.0','0.0','2022-03-16','0.0','2022-10-04','No energy chair best.','Life modern long explain animal minute. Win near future wonder simple.','0.0','2022-08-02','2022-08-07','Household__c.Informal_Greeting__c','0.0','0.0','0.0','0.0','0.0','0.0','0.0','0.0','0.0','0.0','0.0','76621.0','73820.0','4166.0','16003.0','0.0','0.0','False','False','False','True','False','2878.0','2022-02-17','86928.0','2022-08-12','77507.0','','76724.0','19986.0','53554.0','86872.0','85731.0','0.0','False','137','','','','18','');
INSERT INTO "Contact" VALUES(38,'','','','','','','','','','','','','','False','','k+griffith97@example.org','','','','','','','','None','Griffith','False','','','','','','','','English','Kristin','','','','','001-368-798-2919x67258','','','','','','','','None','','','','','','','','','False','','','','','None','','','','','','kgriffith56@example.org','krgriffith1@example.net','Home','Personal','Work','False','Other','kristin-griffith@example.org','125-708-7370','0.0','','','','','0.0','','0.0','','','','0.0','','','','0.0','0.0','0.0','0.0','0.0','0.0','0.0','0.0','0.0','0.0','0.0','','','','','0.0','0.0','False','False','False','False','False','','','','','','','','','','','','0.0','False','139','','','','','');
INSERT INTO "Contact" VALUES(39,'','','','','','','','','','','','','None','False','','c+rowland2006@example.net','','','','','','','','None','Rowland','False','','','','','','','','English','Cory','','','','','(154)110-1882x8537','','','','','','','','None','','','','','','','','','False','','','','','None','','','','','','co-rowland@example.org','c+rowland2006@example.net','Home','Personal','','False','Home','co+rowland@example.net','001-952-609-0886','0.0','','','','','0.0','','0.0','','','','0.0','','','','0.0','0.0','0.0','0.0','0.0','0.0','0.0','0.0','0.0','0.0','0.0','','','','','0.0','0.0','False','False','False','False','False','','','','','','','','','','','','0.0','False','140','','','','','');
INSERT INTO "Contact" VALUES(40,'','','','','','','','','','','','','None','False','','ta+ball@example.com','','','','','','','','None','Ball','False','','','','','','','','English','Tara','','','','','(078)684-6908x855','','','','','','','','None','','','','','','','','','False','','','','','None','','','','','','ta+ball64@example.com','ta+ball@example.com','Home','Personal','','False','Work','tara_ball8@example.org','805.173.2426x4718','0.0','','','','','0.0','','0.0','','','','0.0','','','','0.0','0.0','0.0','0.0','0.0','0.0','0.0','0.0','0.0','0.0','0.0','','','','','0.0','0.0','False','False','False','False','False','','','','','','','','','','','','0.0','False','140','','','','','');
INSERT INTO "Contact" VALUES(41,'','','','','','','','Initial Inquiry','','','DL5VRJBF','Card growth chair above raise fine.','Onboarding','False','2007-11-10','r.stevens79@example.org','','','','','','','','None','Reginald','False','','','','Again establish box thousand fish find present.','','Disability Advocacy','Initial Inquiry','English','Stevens','None','Assistance Dogs Set in Motion Program','Aguirre, Webster and Cowan','German','(063)381-7351','Volunteer;Client','Road.','Prefer to self-describe','','','','','None','','','','','','','','','True','','','','Narcolepsy Alert','None','Operations- Trainer','','','','','reginaldstevens@example.net','r.stevens79@example.org','Home','Personal','Home','False','Work','r+stevens@example.com','001-501-158-2533x79593','0.0','41213.0','2003','2022-11-06','54529.0','0.0','2022-02-23','0.0','2022-08-04','Agent court simple figure more. Customer eight international agency hot focus.','Apply name set rule result. Country camera story. Help almost think treat international.','0.0','2022-07-23','2022-11-16','Household__c.Formal_Greeting__c','0.0','0.0','0.0','0.0','0.0','0.0','0.0','0.0','0.0','0.0','0.0','35893.0','36522.0','41406.0','2838.0','0.0','0.0','False','False','True','False','False','28395.0','2022-12-07','85699.0','2022-02-18','14149.0','','8271.0','18982.0','96146.0','43463.0','49175.0','0.0','False','140','','','','19','');
INSERT INTO "Contact" VALUES(42,'','','','','','','','Active','','','5JO5PMQB','Body while outside degree soon agency.','None','True','2005-02-06','stacie-knight2010@example.net','','','','','','','','None','Stacie','False','','','','Woman sense yes north once husband. Son pull standard fly. Cover now book challenge before.','','Social Media','Inactive','Japanese','Knight','None','General info/Other','Schultz-Conrad','Spanish','4738037508','Puppy Raiser','Born play.','She/Her','','','','','Inactive','','','','','','','','','False','','','','Diabetes Alert','None','Active Projects- Governance, Compliance and Operations','','','','','stknight61@example.com','stacie-knight2010@example.net','Home','Personal','Home','False','Home','st.knight1977@example.com','326-654-9966','0.0','87761.0','2006','2022-12-05','2316.0','0.0','2022-07-19','0.0','2022-10-11','Reveal suggest modern. Center wear where foot cultural. Structure I cover its we.','Hit hot a each evidence. Coach chair town understand it. Improve hard recognize form I.','0.0','2022-02-22','2022-02-20','Household__c.Name','0.0','0.0','0.0','0.0','0.0','0.0','0.0','0.0','0.0','0.0','0.0','76784.0','36192.0','21623.0','50522.0','0.0','0.0','False','False','False','False','True','18041.0','2022-03-29','96770.0','2022-09-10','19131.0','','90513.0','5441.0','77746.0','29609.0','86815.0','0.0','False','140','','','','19','');
INSERT INTO "Contact" VALUES(43,'','','','','','','','','','','','','None','False','','ta-norman72@example.org','','','','','','','','None','Norman','False','','','','','','','','English','Tamara','','','','','(562)863-4182x183','','','','','','','','None','','','','','','','','','False','','','','','None','','','','','','ta_norman@example.org','ta-norman72@example.org','Home','Personal','','False','Home','tamara-norman87@example.com','119-358-6108','0.0','','','','','0.0','','0.0','','','','0.0','','','','0.0','0.0','0.0','0.0','0.0','0.0','0.0','0.0','0.0','0.0','0.0','','','','','0.0','0.0','False','False','False','False','False','','','','','','','','','','','','0.0','False','147','','','','','');
INSERT INTO "Contact" VALUES(44,'','','','','','','','','','','','','None','False','','dholden1982@example.net','','','','','','','','None','Holden','False','','','','','','','','English','Diana','','','','','828.557.9879x8697','','','','','','','','None','','','','','','','','','False','','','','','None','','','','','','di+holden9@example.com','dholden1982@example.net','Home','Personal','','False','Other','d_holden60@example.com','001-745-169-7879x53609','0.0','','','','','0.0','','0.0','','','','0.0','','','','0.0','0.0','0.0','0.0','0.0','0.0','0.0','0.0','0.0','0.0','0.0','','','','','0.0','0.0','False','False','False','False','False','','','','','','','','','','','','0.0','False','147','','','','','');
INSERT INTO "Contact" VALUES(45,'','','','','','','','Active','','','EGNSLAZF','Key must lead dark the note.','None','False','2016-01-29','paul-jacobs@example.net','','','','','','','','Suspended','Paul','False','','','','Even various network tree fight sell. State money agree analysis soldier tree by. See agree yeah since.','','Sales','None','English','Jacobs','None','Teams Set in Motion Program','Merritt-Archer','Cantonese','001-528-576-3697','Team Facilitator','Himself.','She/Her','','','','','None','','','','','','','','','True','','','','Mobility;Autism','None','Active Projects- Research and Development','','','','','pa-jacobs@example.net','paul-jacobs@example.net','Home','Personal','Home','False','Other','paul.jacobs7@example.net','4186605836','0.0','95378.0','1978','2023-01-29','95376.0','0.0','2023-02-05','0.0','2022-09-30','Pressure together choose special Democrat understand market. Mr season sing to school.','Matter election try herself. Top generation clear discussion.','0.0','2022-04-26','2022-08-01','Household__c.Formal_Greeting__c','0.0','0.0','0.0','0.0','0.0','0.0','0.0','0.0','0.0','0.0','0.0','63244.0','50796.0','13852.0','6328.0','0.0','0.0','False','False','True','False','False','17379.0','2022-04-09','63911.0','2023-01-13','14900.0','','60403.0','1901.0','86962.0','23208.0','48502.0','0.0','False','147','','','','22','');
INSERT INTO "Contact" VALUES(46,'','','','','','','','Inactive','','','2AUHUVO3','None whatever man very show wrong theory.','In Training','True','2019-01-11','timtanner1@example.com','','','','','','','','None','Tim','False','','','','Point up especially room seven value. Perhaps form star civil. Entire fund toward.','','Project/Program Management','Inactive','English','Tanner','None','Trainer Certification','Francis LLC','Spanish','001-600-003-2995x75327','Client','Painting.','Prefer to self-describe','','','','','None','','','','','','','','','True','','','','Autism','None','Board - READ ONLY','','','','','t-tanner1985@example.net','timtanner1@example.com','Home','Personal','Home','False','Home','tim.tanner11@example.com','(043)072-6016x17134','0.0','45350.0','2022','2022-08-23','22860.0','0.0','2022-08-31','0.0','2022-02-21','Quite within national visit church land. Newspaper would season board.','Space shake charge factor. Benefit among majority view.','0.0','2022-11-29','2022-12-07','Household__c.Name','0.0','0.0','0.0','0.0','0.0','0.0','0.0','0.0','0.0','0.0','0.0','44868.0','96752.0','12705.0','99987.0','0.0','0.0','False','False','False','False','True','4074.0','2022-06-10','11324.0','2023-01-23','94385.0','','60214.0','93224.0','26833.0','68976.0','98792.0','0.0','False','147','','','','22','');
INSERT INTO "Contact" VALUES(47,'','','','','','','','','','','','','None','False','','e.alexander94@example.org','','','','','','','','None','Alexander','False','','','','','','','','English','Earl','','','','','001-783-889-6086x72037','','','','','','','','None','','','','','','','','','False','','','','','None','','','','','','earl_alexander05@example.net','e.alexander94@example.org','Home','Personal','','False','Work','eaalexander6@example.net','063-507-5795x85246','0.0','','','','','0.0','','0.0','','','','0.0','','','','0.0','0.0','0.0','0.0','0.0','0.0','0.0','0.0','0.0','0.0','0.0','','','','','0.0','0.0','False','False','False','False','False','','','','','','','','','','','','0.0','False','149','','','','','');
INSERT INTO "Contact" VALUES(48,'','','','','','','','','','','','','None','False','','na+porter6@example.com','','','','','','','','None','Porter','False','','','','','','','','English','Nancy','','','','','(790)158-7433','','','','','','','','None','','','','','','','','','False','','','','','None','','','','','','na_porter@example.com','na+porter6@example.com','Home','Personal','','False','Other','nancy-porter59@example.net','001-947-352-6135x01468','0.0','','','','','0.0','','0.0','','','','0.0','','','','0.0','0.0','0.0','0.0','0.0','0.0','0.0','0.0','0.0','0.0','0.0','','','','','0.0','0.0','False','False','False','False','False','','','','','','','','','','','','0.0','False','149','','','','','');
INSERT INTO "Contact" VALUES(49,'','','','','','','','Active','','','AO2M8VIR','Behind away school entire authority light.','In ADSiM','False','2006-11-15','an.li@example.com','','','','','','','','None','Anne','False','','','','Among artist through chair include west. Ability either outside become.','','Fundraising/Grants','Onboarding','English','Li','None','Trainer Certification','Villanueva LLC','Japanese','102.123.5652x373','Client;Puppy Raiser','Myself.','Prefer to self-describe','','','','','Inactive','','','','','','','','','True','','','','Mobility','None','Active Projects- Trainer Certification','','','','','a_li0@example.org','an.li@example.com','Home','Personal','Home','False','Home','anne+li07@example.org','001-640-138-9611','0.0','65050.0','1980','2022-12-22','18347.0','0.0','2022-06-21','0.0','2022-11-22','Democrat stop create ask. Government put policy her. Past son computer over front cold pay.','I war if along. How keep future. By network best interview. Future far box box window bank.','0.0','2022-03-04','2022-05-25','Household__c.Formal_Greeting__c','0.0','0.0','0.0','0.0','0.0','0.0','0.0','0.0','0.0','0.0','0.0','14566.0','16267.0','92002.0','29985.0','0.0','0.0','False','False','True','False','False','36489.0','2023-01-15','67527.0','2022-12-30','98219.0','','1576.0','8399.0','20549.0','39898.0','17025.0','0.0','False','39','','','','6','');
INSERT INTO "Contact" VALUES(50,'','','','','','','','','','','','','None','False','','andres.schaefer9@example.net','','','','','','','','None','Schaefer','False','','','','','','','','English','Andres','','','','','(544)438-1270','','','','','','','','None','','','','','','','','','False','','','','','None','','','','','','anschaefer1@example.net','andres.schaefer9@example.net','Home','Personal','','False','Other','a_schaefer@example.org','+1-884-873-7867x48250','0.0','','','','','0.0','','0.0','','','','0.0','','','','0.0','0.0','0.0','0.0','0.0','0.0','0.0','0.0','0.0','0.0','0.0','','','','','0.0','0.0','False','False','False','False','False','','','','','','','','','','','','0.0','False','37','','','','','');
INSERT INTO "Contact" VALUES(51,'','','','','','','','','','','','','None','False','','br-benson@example.net','','','','','','','','None','Benson','False','','','','','','','','English','Bruce','','','','','(076)165-6937x68025','','','','','','','','None','','','','','','','','','False','','','','','None','','','','','','br_benson3@example.com','br-benson@example.net','Home','Personal','','False','Other','br_benson@example.net','476.827.8559x6673','0.0','','','','','0.0','','0.0','','','','0.0','','','','0.0','0.0','0.0','0.0','0.0','0.0','0.0','0.0','0.0','0.0','0.0','','','','','0.0','0.0','False','False','False','False','False','','','','','','','','','','','','0.0','False','37','','','','','');
INSERT INTO "Contact" VALUES(52,'','','','','','','','Inactive','','','GDH94TAJ','Baby chance none professional college structure yard.','None','False','2021-03-29','k-ferrell1@example.org','','','','','','','','None','Kristie','False','','','','Country source improve tree per character gun.','','SEO','Initial Inquiry','English','Ferrell','None','Sweet Snoopers Training Program','Moss-Cardenas','Spanish','300-998-1630x6715','Puppy Raiser','First.','They/Them','','','','','Onboarding','','','','','','','','','True','','','','Mobility;Autism','None','Active Projects- Trainer Certification','','','','','k+ferrell90@example.com','k-ferrell1@example.org','Home','Personal','Home','False','Home','kr+ferrell1994@example.com','891.319.3884x14242','0.0','35516.0','1991','2022-10-27','84898.0','0.0','2022-07-13','0.0','2022-04-22','Statement single political identify defense. Teach election risk.','Green front market. Once near during between change listen prove little. Care would mind son.','0.0','2022-03-27','2022-10-11','Household__c.Informal_Greeting__c','0.0','0.0','0.0','0.0','0.0','0.0','0.0','0.0','0.0','0.0','0.0','4664.0','44179.0','82791.0','89404.0','0.0','0.0','False','False','False','True','False','94618.0','2022-04-19','66927.0','2023-01-15','22144.0','','41414.0','63393.0','83690.0','89990.0','40857.0','0.0','False','37','','','','5','');
INSERT INTO "Contact" VALUES(53,'','','','','','','','Initial Inquiry','','','42Q3RHMB','Score treat worker official.','None','False','2017-04-27','sheena.pope8@example.org','','','','','','','','None','Sheena','False','','','','Country evidence however experience draw. Door ago choose few forget. Option walk off sign campaign expert.','','Medical/Mental Health','None','English','Pope','None','Trainer Certification','Vargas Group','American Sign Language','149.273.8864x5379','Volunteer;Trainer','Perhaps.','They/Them','','','','','None','','','','','','','','','True','','','','Psychiatric;Autism','Initial Inquiry','Active Projects- Trainer Certification','','','','','sh.pope2@example.net','sheena.pope8@example.org','Home','Personal','Home','False','Work','sh_pope1945@example.org','482.974.7315','0.0','86828.0','2021','2023-01-11','14108.0','0.0','2022-03-30','0.0','2022-02-10','Lawyer successful my your picture agree defense. Write bed middle end.','Try side see. Star I live serve draw glass. Agency nor who station.','0.0','2022-12-25','2022-11-15','Household__c.Formal_Greeting__c','0.0','0.0','0.0','0.0','0.0','0.0','0.0','0.0','0.0','0.0','0.0','59923.0','66987.0','84206.0','304.0','0.0','0.0','False','False','True','False','False','59758.0','2022-06-28','13004.0','2023-01-17','25561.0','','12344.0','2156.0','48247.0','11246.0','80324.0','0.0','False','37','','','','5','');
INSERT INTO "Contact" VALUES(54,'','','','','','','','Onboarding','','','41JMKA97','Then industry while require stuff.','Discontinued','False','2011-03-30','biabbott@example.net','','','','','','','','None','Billy','False','','','','Unit body stuff model cut around plant. Prepare hope moment travel prepare improve. Carry difficult bring born unit.','','Dog Training/Behavior/Veterinary','Inactive','English','Abbott','None','Teams Set in Motion Program','Harvey, Davila and Weaver','Vietnamese','(894)688-1896x81497','Volunteer;Client','Seem left.','Prefer to self-describe','','','','','None','','','','','','','','','False','','','','Hearing Alert','None','Operations- Client','','','','','babbott87@example.com','biabbott@example.net','Home','Personal','Home','False','Other','bi+abbott1975@example.org','001-161-467-9443','0.0','4480.0','2012','2022-07-19','66790.0','0.0','2022-04-12','0.0','2022-10-05','Health shake represent space sort American. Crime old begin next media provide.','Security say pay ever. Within present course skill. Sort end state value defense hand.','0.0','2022-12-13','2023-01-04','Household__c.Formal_Greeting__c','0.0','0.0','0.0','0.0','0.0','0.0','0.0','0.0','0.0','0.0','0.0','94609.0','75132.0','83335.0','33999.0','0.0','0.0','False','False','True','False','False','72003.0','2022-04-30','78560.0','2023-01-09','57497.0','','64017.0','1965.0','13558.0','59365.0','35308.0','0.0','False','37','','','','5','');
INSERT INTO "Contact" VALUES(55,'','','','','','','','','','','','','None','False','','l-winters9@example.com','','','','','','','','None','Winters','False','','','','','','','','English','Leonard','','','','','+1-021-744-8377x8420','','','','','','','','None','','','','','','','','','False','','','','','None','','','','','','leonard_winters6@example.com','l-winters9@example.com','Home','Personal','','False','Other','leonard_winters@example.org','206-334-8715x12173','0.0','','','','','0.0','','0.0','','','','0.0','','','','0.0','0.0','0.0','0.0','0.0','0.0','0.0','0.0','0.0','0.0','0.0','','','','','0.0','0.0','False','False','False','False','False','','','','','','','','','','','','0.0','False','39','','','','','');
INSERT INTO "Contact" VALUES(56,'','','','','','','','','','','','','None','False','','m-cabrera@example.net','','','','','','','','None','Cabrera','False','','','','','','','','English','Molly','','','','','+1-650-326-3385x687','','','','','','','','None','','','','','','','','','False','','','','','None','','','','','','mcabrera@example.net','m-cabrera@example.net','Home','Personal','','False','Home','mo.cabrera1954@example.org','+1-046-799-8709','0.0','','','','','0.0','','0.0','','','','0.0','','','','0.0','0.0','0.0','0.0','0.0','0.0','0.0','0.0','0.0','0.0','0.0','','','','','0.0','0.0','False','False','False','False','False','','','','','','','','','','','','0.0','False','39','','','','','');
INSERT INTO "Contact" VALUES(57,'','','','','','','','Onboarding','','','DL5VRYQZ','Teacher thus risk hair great old.','Certified','True','2002-06-07','h+ferrell71@example.org','','','','','','','','Discontinued','Herbert','False','','','','Lead term future. Thus compare such medical lead project.','','Administration','Onboarding','English','Ferrell','Active','Sponsorship/Donations','Madden, Herring and Bridges','Spanish','9955809860','Volunteer;Team Facilitator Lead;Client','Away yes.','Prefer to self-describe','','','','','None','','','','','','','','','True','','','','Psychiatric;Autism','None','Operations- Financial','','','','','h-ferrell73@example.net','h+ferrell71@example.org','Home','Personal','Home','False','Home','he-ferrell1970@example.org','+1-783-086-6592x927','0.0','25605.0','1981','2022-02-10','55425.0','0.0','2022-06-18','0.0','2022-04-03','Enter throw buy them foreign section. Agent trial reveal. Matter become religious.','Situation lawyer Republican allow beat rather seat. Image range main range science method.','0.0','2022-06-22','2022-12-26','Household__c.Informal_Greeting__c','0.0','0.0','0.0','0.0','0.0','0.0','0.0','0.0','0.0','0.0','0.0','68528.0','10768.0','22784.0','81668.0','0.0','0.0','False','False','False','True','False','5011.0','2022-12-12','57990.0','2022-04-08','38579.0','','65896.0','60478.0','12145.0','97861.0','48498.0','0.0','False','39','','','','6','');
INSERT INTO "Contact" VALUES(58,'','','','','','','','','','','','','None','False','','vincent+mejia82@example.net','','','','','','','','None','Mejia','False','','','','','','','','English','Vincent','','','','','040-230-3812x537','','','','','','','','None','','','','','','','','','False','','','','','None','','','','','','vincent+mejia2@example.org','vincent+mejia82@example.net','Home','Personal','','False','Home','vi.mejia@example.net','+1-763-686-0955x6123','0.0','','','','','0.0','','0.0','','','','0.0','','','','0.0','0.0','0.0','0.0','0.0','0.0','0.0','0.0','0.0','0.0','0.0','','','','','0.0','0.0','False','False','False','False','False','','','','','','','','','','','','0.0','False','41','','','','','');
INSERT INTO "Contact" VALUES(59,'','','','','','','','','','','','','None','False','','d+simmons3@example.org','','','','','','','','None','Simmons','False','','','','','','','','English','Danny','','','','','+1-403-525-9434','','','','','','','','None','','','','','','','','','False','','','','','None','','','','','','d-simmons1984@example.net','d+simmons3@example.org','Home','Personal','','False','Home','d-simmons1@example.com','791.778.3560x3475','0.0','','','','','0.0','','0.0','','','','0.0','','','','0.0','0.0','0.0','0.0','0.0','0.0','0.0','0.0','0.0','0.0','0.0','','','','','0.0','0.0','False','False','False','False','False','','','','','','','','','','','','0.0','False','41','','','','','');
INSERT INTO "Contact" VALUES(60,'','','','','','','','Onboarding','','','5JO5P7AR','Scene ahead out travel.','Certified','False','2001-04-25','tammie.campos1999@example.net','','','','','','','','None','Tammie','False','','','','Cell expect know during. Mean paper together long community design.','','Photography/Videography','Active','English','Campos','None','Volunteering','Miranda LLC','French','4955371227','Client;Puppy Raiser','Game such.','Prefer to self-describe','','','','','Certified-Active','','','','','','','','','True','','','','Mobility;Autism','None','Operations- Master Docs - READ ONLY','','','','','tammie_campos2008@example.com','tammie.campos1999@example.net','Home','Personal','Home','False','Other','tammie.campos49@example.com','001-900-281-7040x6834','0.0','96150.0','1980','2022-07-01','99287.0','0.0','2022-06-27','0.0','2022-06-25','Cause cultural debate picture relationship eye. Knowledge common eye. Team eight what without.','Would out strategy within. Realize various think her. Forward though treat each role case news.','0.0','2022-10-24','2022-11-23','Household__c.Formal_Greeting__c','0.0','0.0','0.0','0.0','0.0','0.0','0.0','0.0','0.0','0.0','0.0','2397.0','9742.0','2189.0','72714.0','0.0','0.0','False','False','True','False','False','50850.0','2022-08-16','78165.0','2022-06-21','22.0','','51512.0','67361.0','34765.0','4869.0','41986.0','0.0','False','41','','','','7','');
INSERT INTO "Contact" VALUES(61,'','','','','','','','Inactive','','','EGNSM5UJ','Learn plan public policy.','None','False','2020-02-21','b+bond08@example.net','','','','','','','','None','Brady','False','','','','Interesting source just. Long approach follow foreign exactly. Run capital might more subject student.','','Sales','Active','English','Bond','None','General info/Other','Padilla and Sons','Tagalog','580.918.6218','Volunteer','Radio.','They/Them','','','','','None','','','','','','','','','True','','','','Psychiatric','None','Active Projects- State Registration','','','','','br_bond@example.com','b+bond08@example.net','Home','Personal','Home','False','Home','brady-bond1947@example.net','(180)471-2156','0.0','99873.0','1988','2022-06-23','66070.0','0.0','2022-06-03','0.0','2022-05-19','Paper success themselves long take surface hundred. Water light class adult personal manage.','Even impact against direction not whether.','0.0','2022-08-13','2023-01-03','Household__c.Name','0.0','0.0','0.0','0.0','0.0','0.0','0.0','0.0','0.0','0.0','0.0','62151.0','94257.0','57575.0','14116.0','0.0','0.0','False','False','False','False','True','81644.0','2022-04-28','58818.0','2022-03-16','5028.0','','37214.0','28069.0','32400.0','67917.0','31950.0','0.0','False','41','','','','7','');
INSERT INTO "Contact" VALUES(62,'','','','','','','','Onboarding','','','2AUHOVMB','Anyone person democratic trade.','None','True','2021-04-18','al.crosby8@example.net','','','','','','','','None','Albert','False','','','','Right reason seat tonight position. Remain save Congress friend center. Remain just billion sure cold fall put. Think card many value century cause.','','Administration','Inactive','English','Crosby','None','Sponsorship/Donations','Parks-Marquez','Vietnamese','7967467536','Volunteer;Trainer','Prepare.','He/Him','','','','','None','','','','','','','','','True','','','','Autism','Suspended','Sensitive Info- Volunteer and Staff','','','','','al.crosby3@example.com','al.crosby8@example.net','Home','Personal','Home','False','Work','a-crosby@example.org','+1-633-758-5951x282','0.0','45815.0','1994','2022-06-27','49320.0','0.0','2022-05-27','0.0','2022-04-17','Doctor their learn recently race science grow. Including best TV heart time.','Cup consider art relate strong which act. Hot anyone worker behind challenge amount generation.','0.0','2022-07-28','2022-06-22','Household__c.Formal_Greeting__c','0.0','0.0','0.0','0.0','0.0','0.0','0.0','0.0','0.0','0.0','0.0','15770.0','62981.0','42639.0','23910.0','0.0','0.0','False','False','True','False','False','33184.0','2023-01-25','95278.0','2022-02-15','98436.0','','2869.0','71501.0','47019.0','67388.0','87461.0','0.0','False','41','','','','7','');
INSERT INTO "Contact" VALUES(63,'','','','','','','','','','','','','None','False','','robin_briggs@example.net','','','','','','','','None','Briggs','False','','','','','','','','English','Robin','','','','','(687)086-7850x379','','','','','','','','None','','','','','','','','','False','','','','','None','','','','','','r-briggs6@example.net','robin_briggs@example.net','Home','Personal','','False','Other','r-briggs@example.net','976.054.1224','0.0','','','','','0.0','','0.0','','','','0.0','','','','0.0','0.0','0.0','0.0','0.0','0.0','0.0','0.0','0.0','0.0','0.0','','','','','0.0','0.0','False','False','False','False','False','','','','','','','','','','','','0.0','False','45','','','','','');
INSERT INTO "Contact" VALUES(64,'','','','','','','','','','','','','None','False','','da+byrd1996@example.com','','','','','','','','None','Byrd','False','','','','','','','','English','Dalton','','','','','001-653-910-5880x711','','','','','','','','None','','','','','','','','','False','','','','','None','','','','','','dalton+byrd1976@example.org','da+byrd1996@example.com','Home','Personal','','False','Other','d-byrd1947@example.net','(479)106-6788x604','0.0','','','','','0.0','','0.0','','','','0.0','','','','0.0','0.0','0.0','0.0','0.0','0.0','0.0','0.0','0.0','0.0','0.0','','','','','0.0','0.0','False','False','False','False','False','','','','','','','','','','','','0.0','False','45','','','','','');
INSERT INTO "Contact" VALUES(65,'','','','','','','','Inactive','','','GDH94LKR','Media parent interest election live medical.','Certified','False','2006-09-03','vholland69@example.com','','','','','','','','None','Valerie','False','','','','Art price pull road child lose. Red couple throughout defense design build break.','','Nonprofit Leadership','Onboarding','English','Holland','None','Volunteering','Wilkinson, Franklin and Peters','Korean','078-355-0320','Trainer;Client','Job.','Prefer to self-describe','','','','','None','','','','','','','','','False','','','','Autism','Initial Inquiry','Active Projects- Governance, Compliance and Operations','','','','','vholland@example.org','vholland69@example.com','Home','Personal','Home','False','Other','vaholland@example.com','362-907-7601','0.0','45582.0','1970','2023-02-01','51715.0','0.0','2022-12-27','0.0','2022-10-19','Talk expert anything capital opportunity pressure across. Lawyer individual join chance full.','Thousand Mrs building while wind scientist western street. Against second perhaps plan also need.','0.0','2022-05-11','2022-04-01','Household__c.Formal_Greeting__c','0.0','0.0','0.0','0.0','0.0','0.0','0.0','0.0','0.0','0.0','0.0','42630.0','61559.0','46688.0','8407.0','0.0','0.0','False','False','True','False','False','98318.0','2022-07-28','6882.0','2022-11-24','53500.0','','36905.0','60420.0','64577.0','56273.0','55382.0','0.0','False','45','','','','9','');
INSERT INTO "Contact" VALUES(66,'','','','','','','','Active','','','GDH98VWB','On stay serve week.','None','False','2019-12-11','max+valenzuela64@example.net','','','','','','','','Suspended','Max','False','','','','Thus well food.','','Education/Course Development','Onboarding','English','Valenzuela','None','Sweet Snoopers Training Program','Andersen LLC','Japanese','961.681.2665x095','Team Facilitator','Old cost.','They/Them','','','','','None','','','','','','','','','True','','','','Mobility;Autism','None','Board - READ ONLY','','','','','mvalenzuela@example.net','max+valenzuela64@example.net','Home','Personal','Home','False','Home','ma+valenzuela@example.com','190.451.8546x1806','0.0','63806.0','1974','2022-10-29','57141.0','0.0','2022-03-01','0.0','2022-04-06','Current treat well agency seek recognize current like.','Cost message it think left anyone. Throughout oil probably process thank. Red indicate wear mind.','0.0','2022-07-19','2022-03-26','Household__c.Formal_Greeting__c','0.0','0.0','0.0','0.0','0.0','0.0','0.0','0.0','0.0','0.0','0.0','15358.0','92668.0','94234.0','33160.0','0.0','0.0','False','False','True','False','False','32622.0','2022-11-14','75385.0','2023-01-12','55028.0','','59641.0','3301.0','28363.0','55547.0','75392.0','0.0','False','149','','','','23','');
INSERT INTO "Contact" VALUES(67,'','','','','','','','','','','','','None','False','','ev+mclean0@example.org','','','','','','','','None','Mclean','False','','','','','','','','English','Evelyn','','','','','+1-240-613-6227x92073','','','','','','','','None','','','','','','','','','False','','','','','None','','','','','','evelyn.mclean1983@example.com','ev+mclean0@example.org','Home','Personal','','False','Home','evelyn.mclean9@example.com','281.011.6375','0.0','','','','','0.0','','0.0','','','','0.0','','','','0.0','0.0','0.0','0.0','0.0','0.0','0.0','0.0','0.0','0.0','0.0','','','','','0.0','0.0','False','False','False','False','False','','','','','','','','','','','','0.0','False','151','','','','','');
INSERT INTO "Contact" VALUES(68,'','','','','','','','','','','','','None','False','','julian.wright2@example.org','','','','','','','','None','Wright','False','','','','','','','','English','Julian','','','','','1588850464','','','','','','','','None','','','','','','','','','False','','','','','None','','','','','','julian-wright@example.com','julian.wright2@example.org','Home','Personal','','False','Home','julian+wright7@example.net','001-013-795-4239x24792','0.0','','','','','0.0','','0.0','','','','0.0','','','','0.0','0.0','0.0','0.0','0.0','0.0','0.0','0.0','0.0','0.0','0.0','','','','','0.0','0.0','False','False','False','False','False','','','','','','','','','','','','0.0','False','151','','','','','');
INSERT INTO "Contact" VALUES(69,'','','','','','','','','','','','','None','False','','tiffany_hatfield1996@example.org','','','','','','','','None','Hatfield','False','','','','','','','','English','Tiffany','','','','','001-251-643-3390x3660','','','','','','','','None','','','','','','','','','False','','','','','None','','','','','','ti+hatfield@example.net','tiffany_hatfield1996@example.org','Home','Personal','','False','Work','ti-hatfield@example.net','001-385-651-8225x64669','0.0','','','','','0.0','','0.0','','','','0.0','','','','0.0','0.0','0.0','0.0','0.0','0.0','0.0','0.0','0.0','0.0','0.0','','','','','0.0','0.0','False','False','False','False','False','','','','','','','','','','','','0.0','False','171','','','','','');
INSERT INTO "Contact" VALUES(70,'','','','','','','','','','','','','None','False','','j+mendez0@example.org','','','','','','','','None','Mendez','False','','','','','','','','English','Johnny','','','','','677.386.4553','','','','','','','','None','','','','','','','','','False','','','','','None','','','','','','jo_mendez88@example.com','j+mendez0@example.org','Home','Personal','','False','Work','j+mendez4@example.net','261-171-2794x87068','0.0','','','','','0.0','','0.0','','','','0.0','','','','0.0','0.0','0.0','0.0','0.0','0.0','0.0','0.0','0.0','0.0','0.0','','','','','0.0','0.0','False','False','False','False','False','','','','','','','','','','','','0.0','False','171','','','','','');
INSERT INTO "Contact" VALUES(71,'','','','','','','','Initial Inquiry','','','42Q3PZLV','Level I wrong possible.','None','True','2014-07-06','shane+pena56@example.com','','','','','','','','Initial Inquiry','Shane','False','','','','Research force customer wait.','','Fundraising/Grants','None','English','Pena','None','Volunteering','Washington-Baldwin','Spanish','+1-647-570-3432x699','Team Facilitator','Test.','Prefer not to answer','','','','','None','','','','','','','','','False','','','','Diabetes Alert','None','Board','','','','','shpena94@example.net','shane+pena56@example.com','Home','Personal','Home','False','Other','s+pena1@example.org','(328)033-6033x29248','0.0','5977.0','2007','2022-04-28','43040.0','0.0','2022-03-25','0.0','2022-07-06','American fact exactly themselves as quite. Appear wonder such people such third recent right.','Energy computer let century. Somebody phone something budget serious.','0.0','2023-01-21','2022-02-09','Household__c.Formal_Greeting__c','0.0','0.0','0.0','0.0','0.0','0.0','0.0','0.0','0.0','0.0','0.0','76227.0','42003.0','20124.0','38350.0','0.0','0.0','False','False','True','False','False','34419.0','2022-10-16','40982.0','2022-08-09','22987.0','','56940.0','20435.0','90651.0','56013.0','31625.0','0.0','False','171','','','','33','');
INSERT INTO "Contact" VALUES(72,'','','','','','','','','','','','','None','False','','samuel_maldonado8@example.net','','','','','','','','None','Maldonado','False','','','','','','','','English','Samuel','','','','','420.294.2307x75717','','','','','','','','None','','','','','','','','','False','','','','','None','','','','','','s+maldonado61@example.org','samuel_maldonado8@example.net','Home','Personal','','False','Work','s-maldonado0@example.com','(917)032-8532x50751','0.0','','','','','0.0','','0.0','','','','0.0','','','','0.0','0.0','0.0','0.0','0.0','0.0','0.0','0.0','0.0','0.0','0.0','','','','','0.0','0.0','False','False','False','False','False','','','','','','','','','','','','0.0','False','173','','','','','');
INSERT INTO "Contact" VALUES(73,'','','','','','','','','','','','','None','False','','r_huerta1972@example.com','','','','','','','','None','Huerta','False','','','','','','','','English','Randy','','','','','750-531-4157','','','','','','','','None','','','','','','','','','False','','','','','None','','','','','','r-huerta1964@example.com','r_huerta1972@example.com','Home','Personal','','False','Other','r_huerta2008@example.com','+1-010-086-7045x573','0.0','','','','','0.0','','0.0','','','','0.0','','','','0.0','0.0','0.0','0.0','0.0','0.0','0.0','0.0','0.0','0.0','0.0','','','','','0.0','0.0','False','False','False','False','False','','','','','','','','','','','','0.0','False','173','','','','','');
INSERT INTO "Contact" VALUES(74,'','','','','','','','None','','','41JMP7Q3','Answer today raise rule.','None','True','2008-09-05','w.mccoy0@example.org','','','','','','','','In Training','Warren','False','','','','Continue consumer financial opportunity hundred check red. Plan protect financial. Pick establish minute eye yeah option.','','Outreach/Networking','Inactive','English','Mccoy','Active','Sponsorship/Donations','Alvarado and Sons','Spanish','+1-659-035-7581x9688','Team Facilitator Lead','Exist.','Prefer to self-describe','','','','','None','','','','','','','','','True','','','','Hearing Alert','None','Active Projects- Fund Development','','','','','wa.mccoy46@example.com','w.mccoy0@example.org','Home','Personal','Home','False','Other','warren.mccoy2001@example.org','028.989.9871','0.0','89078.0','2005','2022-04-24','41926.0','0.0','2022-09-03','0.0','2022-05-04','Number remember market dark week. Whether year wrong environmental war senior guess.','Structure single myself degree myself. Level cost risk difference wall financial now.','0.0','2022-08-02','2022-07-06','Household__c.Name','0.0','0.0','0.0','0.0','0.0','0.0','0.0','0.0','0.0','0.0','0.0','53215.0','50556.0','69962.0','76765.0','0.0','0.0','False','False','False','False','True','69686.0','2023-01-26','24507.0','2022-05-25','44174.0','','86304.0','34962.0','87904.0','26549.0','51389.0','0.0','False','173','','','','34','');
INSERT INTO "Contact" VALUES(75,'','','','','','','','','','','','','None','False','','c-mueller60@example.net','','','','','','','','None','Mueller','False','','','','','','','','English','Cristian','','','','','876.368.8590x371','','','','','','','','None','','','','','','','','','False','','','','','None','','','','','','cristian-mueller1986@example.net','c-mueller60@example.net','Home','Personal','','False','Home','cristian-mueller4@example.org','+1-150-657-1970x395','0.0','','','','','0.0','','0.0','','','','0.0','','','','0.0','0.0','0.0','0.0','0.0','0.0','0.0','0.0','0.0','0.0','0.0','','','','','0.0','0.0','False','False','False','False','False','','','','','','','','','','','','0.0','False','177','','','','','');
INSERT INTO "Contact" VALUES(76,'','','','','','','','','','','','','None','False','','b_chambers77@example.com','','','','','','','','None','Chambers','False','','','','','','','','English','Briana','','','','','136.000.4533x0669','','','','','','','','None','','','','','','','','','False','','','','','None','','','','','','briana-chambers@example.com','b_chambers77@example.com','Home','Personal','','False','Other','briana+chambers7@example.net','(214)173-2665','0.0','','','','','0.0','','0.0','','','','0.0','','','','0.0','0.0','0.0','0.0','0.0','0.0','0.0','0.0','0.0','0.0','0.0','','','','','0.0','0.0','False','False','False','False','False','','','','','','','','','','','','0.0','False','177','','','','','');
INSERT INTO "Contact" VALUES(77,'','','','','','','','Onboarding','','','AO2MADJ7','Guess seek his hit.','None','False','2009-12-16','edwin.gill@example.com','','','','','','','','In Training','Edwin','False','','','','Network answer wide avoid someone money research concern. Base they thing claim left culture life. Beautiful character election specific.','','Education/Course Development','None','English','Gill','Active','Volunteering','Yang Ltd','German','261-589-7106x48498','Team Facilitator Lead','Green.','She/Her','','','','','None','','','','','','','','','True','','','','Psychiatric;Autism','None','Active Projects- Fund Development','','','','','edwin.gill7@example.com','edwin.gill@example.com','Home','Personal','Home','False','Home','e-gill@example.com','9029663896','0.0','44142.0','1973','2022-10-12','78285.0','0.0','2022-09-07','0.0','2022-05-09','His easy ball woman among order. Health add ask continue goal.','Deep century message security computer capital forward. Deep each join than Congress.','0.0','2022-11-16','2022-08-17','Household__c.Informal_Greeting__c','0.0','0.0','0.0','0.0','0.0','0.0','0.0','0.0','0.0','0.0','0.0','732.0','44800.0','8104.0','24077.0','0.0','0.0','False','False','False','True','False','18755.0','2022-11-23','99309.0','2022-06-07','39799.0','','19637.0','16675.0','40612.0','23974.0','96719.0','0.0','False','177','','','','36','');
INSERT INTO "Contact" VALUES(78,'','','','','','','','Inactive','','','DL5VXBNF','Accept beyond whether back those wait challenge significant.','Onboarding','False','2012-06-19','blake.silva6@example.com','','','','','','','','None','Blake','False','','','','Community say during none. Visit garden style other radio off. Anything turn phone throughout keep source staff compare.','','Sales','Initial Inquiry','English','Silva','None','Sweet Snoopers Training Program','Padilla-Shaffer','English','+1-554-489-4725x8772','Volunteer;Client','Quality.','Prefer not to answer','','','','','None','','','','','','','','','True','','','','Medical Incident Assist','None','Operations- Financial','','','','','blake_silva7@example.org','blake.silva6@example.com','Home','Personal','Home','False','Work','blake+silva@example.org','198-531-4070x43954','0.0','57949.0','1993','2022-02-14','98347.0','0.0','2022-02-18','0.0','2022-10-26','Commercial community detail away he.','Commercial never among husband away. None room law deep claim administration. Inside less lay own.','0.0','2023-01-01','2022-09-06','Household__c.Informal_Greeting__c','0.0','0.0','0.0','0.0','0.0','0.0','0.0','0.0','0.0','0.0','0.0','42449.0','68917.0','78502.0','1188.0','0.0','0.0','False','False','False','True','False','37140.0','2022-02-23','34364.0','2022-11-19','33293.0','','60608.0','14812.0','19508.0','95879.0','34595.0','0.0','False','177','','','','36','');
INSERT INTO "Contact" VALUES(79,'','','','','','','','','','','','','None','False','','stacey_blair86@example.org','','','','','','','','None','Blair','False','','','','','','','','English','Stacey','','','','','001-065-579-9285x51066','','','','','','','','None','','','','','','','','','False','','','','','None','','','','','','st-blair8@example.org','sblair8@example.net','Home','Personal','Work','False','Other','stblair83@example.com','(502)023-8728','0.0','','','','','0.0','','0.0','','','','0.0','','','','0.0','0.0','0.0','0.0','0.0','0.0','0.0','0.0','0.0','0.0','0.0','','','','','0.0','0.0','False','False','False','False','False','','','','','','','','','','','','0.0','False','179','','','','','');
INSERT INTO "Contact" VALUES(80,'','','','','','','','','','','','','None','False','','shcalhoun@example.net','','','','','','','','None','Calhoun','False','','','','','','','','English','Sherri','','','','','500-868-2428','','','','','','','','None','','','','','','','','','False','','','','','None','','','','','','sherricalhoun2@example.com','shcalhoun@example.net','Home','Personal','','False','Home','s+calhoun2004@example.net','(252)697-7683x70573','0.0','','','','','0.0','','0.0','','','','0.0','','','','0.0','0.0','0.0','0.0','0.0','0.0','0.0','0.0','0.0','0.0','0.0','','','','','0.0','0.0','False','False','False','False','False','','','','','','','','','','','','0.0','False','180','','','','','');
INSERT INTO "Contact" VALUES(81,'','','','','','','','','','','','','None','False','','ha_gamble1975@example.com','','','','','','','','None','Gamble','False','','','','','','','','English','Haley','','','','','193.612.4739x41273','','','','','','','','None','','','','','','','','','False','','','','','None','','','','','','hgamble86@example.com','ha_gamble1975@example.com','Home','Personal','','False','Home','ha_gamble@example.org','0026725894','0.0','','','','','0.0','','0.0','','','','0.0','','','','0.0','0.0','0.0','0.0','0.0','0.0','0.0','0.0','0.0','0.0','0.0','','','','','0.0','0.0','False','False','False','False','False','','','','','','','','','','','','0.0','False','180','','','','','');
INSERT INTO "Contact" VALUES(82,'','','','','','','','Onboarding','','','5JO5R4QR','Teacher help central week.','In ADSiM','True','2007-10-16','masanford@example.com','','','','','','','','None','Marc','False','','','','Whose brother partner near travel. Low air worry check town better international practice. Young fund whole form beat news same.','','Technology/Infrastructure','Active','English','Sanford','None','Assistance Dogs Set in Motion Program','Meyers, Short and Rhodes','Spanish','381.398.9530x0522','Client;Puppy Raiser','Why.','Prefer to self-describe','','','','','In Training','','','','','','','','','False','','','','Medical Incident Assist','None','Active Projects- Team Facilitator Certification','','','','','m_sanford@example.org','masanford@example.com','Home','Personal','Home','False','Other','ma-sanford@example.net','695.516.0052x09443','0.0','22234.0','2022','2022-04-16','97897.0','0.0','2022-07-31','0.0','2022-04-13','Source across role analysis. Accept race offer law. Office yet do wind goal want.','Recognize clear nation value form. Toward between heavy full.','0.0','2022-05-05','2022-12-06','Household__c.Formal_Greeting__c','0.0','0.0','0.0','0.0','0.0','0.0','0.0','0.0','0.0','0.0','0.0','21955.0','87828.0','65628.0','86827.0','0.0','0.0','False','False','True','False','False','39344.0','2022-02-26','18562.0','2022-08-26','71881.0','','72241.0','12124.0','14344.0','70850.0','7309.0','0.0','False','180','','','','37','');
INSERT INTO "Contact" VALUES(83,'','','','','','','','Active','','','EGNSL39N','Commercial style through food owner.','None','False','2021-03-15','s_gamble3@example.org','','','','','','','','None','Sue','False','','','','Back large sit analysis arrive carry article. Wrong president shake prevent law. Keep special myself reason me.','','Technology/Infrastructure','Inactive','English','Gamble','None','Teams Set in Motion Program','Moran, Mcguire and Blanchard','Mandarin','575-733-0200','Puppy Raiser','Notice.','Prefer not to answer','','','','','In Training','','','','','','','','','True','','','','Autism','None','Operations- Trainer','','','','','sugamble@example.com','s_gamble3@example.org','Home','Personal','Home','False','Other','sue.gamble@example.com','719.421.0225x32023','0.0','54965.0','1987','2022-05-28','91048.0','0.0','2022-11-13','0.0','2022-02-10','These effect something write worker run. Become now mouth into main.','Time or degree child force traditional power. Yes oil affect manage last would industry.','0.0','2023-02-03','2022-04-12','Household__c.Formal_Greeting__c','0.0','0.0','0.0','0.0','0.0','0.0','0.0','0.0','0.0','0.0','0.0','43435.0','56898.0','11161.0','33419.0','0.0','0.0','False','False','True','False','False','3651.0','2022-05-11','26826.0','2022-10-24','36484.0','','16798.0','51146.0','64641.0','97032.0','96423.0','0.0','False','180','','','','37','');
INSERT INTO "Contact" VALUES(84,'','','','','','','','Onboarding','','','2AUHU8IR','Interview onto others worry whose.','None','False','2013-07-20','di-burnett1958@example.net','','','','','','','','None','Dillon','False','','','','Treatment always about relationship car talk main.','','Social Media','Inactive','English','Burnett','None','Trainer Certification','Patrick-Cardenas','Mandarin','(992)530-2246x2778','Board Member','Quickly.','Prefer to self-describe','','','','','None','','','','','','','','','False','','','','Mobility','None','Sensitive Info- Trainer','','','','','dillon+burnett@example.org','di-burnett1958@example.net','Home','Personal','Home','False','Other','d-burnett72@example.com','(315)186-1335x8917','0.0','10601.0','2014','2022-02-26','66651.0','0.0','2022-05-08','0.0','2023-01-05','Anyone majority might ago wait stand. Effort lay region.','Thank culture by likely. Forward billion analysis phone. Position seat factor former.','0.0','2022-03-05','2022-06-07','Household__c.Name','0.0','0.0','0.0','0.0','0.0','0.0','0.0','0.0','0.0','0.0','0.0','68841.0','43743.0','68173.0','98671.0','0.0','0.0','False','False','False','False','True','53716.0','2022-04-09','51668.0','2022-08-22','86700.0','','12901.0','39519.0','70718.0','56867.0','80064.0','0.0','False','180','','','','37','');
INSERT INTO "Contact" VALUES(85,'','','','','','','','','','','','','None','False','','li+ware65@example.org','','','','','','','','None','Ware','False','','','','','','','','English','Lisa','','','','','7668400225','','','','','','','','None','','','','','','','','','False','','','','','None','','','','','','l+ware3@example.net','lisa-ware7@example.net','Home','Personal','Work','False','Work','l_ware5@example.com','514-033-6862x832','0.0','','','','','0.0','','0.0','','','','0.0','','','','0.0','0.0','0.0','0.0','0.0','0.0','0.0','0.0','0.0','0.0','0.0','','','','','0.0','0.0','False','False','False','False','False','','','','','','','','','','','','0.0','False','18','','','','','');
INSERT INTO "Contact" VALUES(86,'','','','','','','','','','','','','None','False','','gi_guzman48@example.org','','','','','','','','None','Guzman','False','','','','','','','','English','Gilbert','','','','','+1-865-999-3477','','','','','','','','None','','','','','','','','','False','','','','','None','','','','','','gi+guzman1959@example.com','gi_guzman48@example.org','Home','Personal','','False','Home','gilbert+guzman77@example.com','001-447-499-9640','0.0','','','','','0.0','','0.0','','','','0.0','','','','0.0','0.0','0.0','0.0','0.0','0.0','0.0','0.0','0.0','0.0','0.0','','','','','0.0','0.0','False','False','False','False','False','','','','','','','','','','','','0.0','False','187','','','','','');
INSERT INTO "Contact" VALUES(87,'','','','','','','','','','','','','None','False','','earl-pham87@example.org','','','','','','','','None','Pham','False','','','','','','','','English','Earl','','','','','001-782-822-4478','','','','','','','','None','','','','','','','','','False','','','','','None','','','','','','epham@example.com','earl-pham87@example.org','Home','Personal','','False','Home','ea.pham5@example.org','168-828-5819x85484','0.0','','','','','0.0','','0.0','','','','0.0','','','','0.0','0.0','0.0','0.0','0.0','0.0','0.0','0.0','0.0','0.0','0.0','','','','','0.0','0.0','False','False','False','False','False','','','','','','','','','','','','0.0','False','187','','','','','');
INSERT INTO "Contact" VALUES(88,'','','','','','','','Onboarding','','','GDH99YH7','Blood north join choice learn weight most even.','None','False','2000-08-01','tr-evans5@example.net','','','','','','','','None','Travis','False','','','','Place through event PM. Can I similar daughter professional method interest. Sea say front goal generation today.','','Nonprofit Leadership','Inactive','English','Evans','None','Assistance Dogs Set in Motion Program','Mckenzie, Leblanc and Rodriguez','Vietnamese','(028)913-8238x93647','Volunteer;Trainer','Road type.','Prefer to self-describe','','','','','None','','','','','','','','','True','','','','Mobility;Autism','Onboarding','Active Projects- Academy','','','','','t-evans@example.net','tr-evans5@example.net','Home','Personal','Home','False','Other','tr+evans1963@example.org','801.519.1128x9087','0.0','17153.0','1999','2022-04-06','5055.0','0.0','2022-09-20','0.0','2022-03-24','Cultural place sure defense side next despite.','Know provide method sound where. Watch give fight community thus pull.','0.0','2022-07-02','2022-03-08','Household__c.Formal_Greeting__c','0.0','0.0','0.0','0.0','0.0','0.0','0.0','0.0','0.0','0.0','0.0','65015.0','80398.0','44261.0','3252.0','0.0','0.0','False','False','True','False','False','2121.0','2023-01-10','95155.0','2022-07-19','65291.0','','36189.0','6790.0','9520.0','61248.0','44696.0','0.0','False','187','','','','39','');
INSERT INTO "Contact" VALUES(89,'','','','','','','','Inactive','','','42Q3PRW3','Technology building fall school quickly.','None','False','2009-07-24','fr_yang6@example.org','','','','','','','','None','Francisco','False','','','','Store street continue later right stock. Consumer form partner score.','','Education/Course Development','Inactive','English','Yang','None','Volunteering','French-Knox','Arabic','(703)712-5626x451','Volunteer;Puppy Raiser','Up so.','They/Them','','','','','Discontinued','','','','','','','','','True','','','','Narcolepsy Alert','None','Active Projects- Governance, Compliance and Operations','','','','','fr_yang00@example.net','fr_yang6@example.org','Home','Personal','Home','False','Work','fr.yang1947@example.net','(780)592-1475','0.0','26657.0','1979','2022-12-26','66311.0','0.0','2022-03-12','0.0','2022-02-23','Us moment before. Someone third add leave time. Success film light sit. Above table air.','Dinner military inside board. Despite study carry break where number international either.','0.0','2022-08-11','2022-06-01','Household__c.Formal_Greeting__c','0.0','0.0','0.0','0.0','0.0','0.0','0.0','0.0','0.0','0.0','0.0','42780.0','536.0','78485.0','89198.0','0.0','0.0','False','False','True','False','False','94851.0','2023-01-19','84983.0','2022-10-23','17706.0','','2401.0','36691.0','99293.0','20351.0','82653.0','0.0','False','187','','','','39','');
INSERT INTO "Contact" VALUES(90,'','','','','','','','None','','','41JMPFFV','Notice grow fine social eat area.','Initial Inquiry','False','2020-01-15','joseph-lawrence@example.org','','','','','','','','None','Joseph','False','','','','Talk add debate its. International wide other into more operation mission. Budget far child role interview probably.','','Administration','None','English','Lawrence','None','Assistance Dogs Set in Motion Program','Sandoval, Delacruz and Cruz','Portuguese','+1-827-845-0249x1258','Trainer;Client','Business.','Prefer to self-describe','','','','','None','','','','','','','','','False','','','','Psychiatric;Autism','Suspended','Active Projects- Fund Development','','','','','jo_lawrence1959@example.org','joseph-lawrence@example.org','Home','Personal','Home','False','Home','j+lawrence99@example.net','428-800-8275','0.0','35383.0','2003','2022-07-10','20260.0','0.0','2023-02-02','0.0','2022-07-05','Speak save evening set. Month person his until along.','Notice summer pretty final. Everything service worker oil article century recently.','0.0','2023-01-02','2022-12-03','Household__c.Informal_Greeting__c','0.0','0.0','0.0','0.0','0.0','0.0','0.0','0.0','0.0','0.0','0.0','80975.0','14478.0','97046.0','73714.0','0.0','0.0','False','False','False','True','False','40616.0','2022-03-23','48889.0','2022-10-07','23060.0','','78220.0','30245.0','17611.0','32639.0','88328.0','0.0','False','187','','','','39','');
INSERT INTO "Contact" VALUES(91,'','','','','','','','','','','','','None','False','','barry-abbott@example.net','','','','','','','','None','Abbott','False','','','','','','','','English','Barry','','','','','880-897-2123','','','','','','','','None','','','','','','','','','False','','','','','None','','','','','','ba-abbott1990@example.net','barry-abbott@example.net','Home','Personal','','False','Work','b_abbott1943@example.com','4646783885','0.0','','','','','0.0','','0.0','','','','0.0','','','','0.0','0.0','0.0','0.0','0.0','0.0','0.0','0.0','0.0','0.0','0.0','','','','','0.0','0.0','False','False','False','False','False','','','','','','','','','','','','0.0','False','189','','','','','');
INSERT INTO "Contact" VALUES(92,'','','','','','','','','','','','','None','False','','cassie+wheeler5@example.com','','','','','','','','None','Wheeler','False','','','','','','','','English','Cassie','','','','','+1-234-412-3200x810','','','','','','','','None','','','','','','','','','False','','','','','None','','','','','','cassie+wheeler0@example.org','cassie+wheeler5@example.com','Home','Personal','','False','Work','cassie.wheeler@example.org','070.016.4285','0.0','','','','','0.0','','0.0','','','','0.0','','','','0.0','0.0','0.0','0.0','0.0','0.0','0.0','0.0','0.0','0.0','0.0','','','','','0.0','0.0','False','False','False','False','False','','','','','','','','','','','','0.0','False','189','','','','','');
INSERT INTO "Contact" VALUES(93,'','','','','','','','Active','','','AO2MAL8Z','Home truth service.','None','False','2004-09-24','gilbert.velazquez6@example.org','','','','','','','','In Training','Gilbert','False','','','','Knowledge once fast health matter. Generation amount edge church let response explain example.','','Legal','None','English','Velazquez','None','Teams Set in Motion Program','Koch-Hahn','Spanish','156.760.7512','Team Facilitator','Total.','She/Her','','','','','None','','','','','','','','','False','','','','Mobility;Autism','None','Active Projects- Branding and Marketing','','','','','gilbert-velazquez02@example.net','gilbert.velazquez6@example.org','Home','Personal','Home','False','Home','gvelazquez3@example.org','5590606581','0.0','84090.0','1976','2022-02-14','76599.0','0.0','2022-05-25','0.0','2022-11-23','These huge market list center.','Similar skill onto detail special use. Oil building sense step wait majority vote.','0.0','2022-06-01','2023-02-03','Household__c.Name','0.0','0.0','0.0','0.0','0.0','0.0','0.0','0.0','0.0','0.0','0.0','93516.0','7621.0','62052.0','50888.0','0.0','0.0','False','False','False','False','True','10115.0','2022-06-13','3364.0','2022-08-06','18808.0','','29040.0','49745.0','67375.0','83022.0','19459.0','0.0','False','189','','','','40','');
INSERT INTO "Contact" VALUES(94,'','','','','','','','','','','','','None','False','','ad_huerta56@example.org','','','','','','','','None','Huerta','False','','','','','','','','English','Adam','','','','','001-967-778-5636x5317','','','','','','','','None','','','','','','','','','False','','','','','None','','','','','','ad_huerta@example.net','ad_huerta56@example.org','Home','Personal','','False','Work','a+huerta7@example.org','(080)818-2286x331','0.0','','','','','0.0','','0.0','','','','0.0','','','','0.0','0.0','0.0','0.0','0.0','0.0','0.0','0.0','0.0','0.0','0.0','','','','','0.0','0.0','False','False','False','False','False','','','','','','','','','','','','0.0','False','19','','','','','');
INSERT INTO "Contact" VALUES(95,'','','','','','','','','','','','','None','False','','jennifer_madden@example.org','','','','','','','','None','Madden','False','','','','','','','','English','Jennifer','','','','','(768)825-3199','','','','','','','','None','','','','','','','','','False','','','','','None','','','','','','j+madden76@example.org','jennifer_madden@example.org','Home','Personal','','False','Work','jennifer-madden@example.com','134.162.4144','0.0','','','','','0.0','','0.0','','','','0.0','','','','0.0','0.0','0.0','0.0','0.0','0.0','0.0','0.0','0.0','0.0','0.0','','','','','0.0','0.0','False','False','False','False','False','','','','','','','','','','','','0.0','False','19','','','','','');
INSERT INTO "Contact" VALUES(96,'','','','','','','','','','','','','None','False','','da-murray@example.net','','','','','','','','None','Murray','False','','','','','','','','English','Dawn','','','','','893-139-8083','','','','','','','','None','','','','','','','','','False','','','','','None','','','','','','dawn+murray83@example.com','da-murray@example.net','Home','Personal','','False','Other','dmurray48@example.org','010.243.6117x354','0.0','','','','','0.0','','0.0','','','','0.0','','','','0.0','0.0','0.0','0.0','0.0','0.0','0.0','0.0','0.0','0.0','0.0','','','','','0.0','0.0','False','False','False','False','False','','','','','','','','','','','','0.0','False','191','','','','','');
INSERT INTO "Contact" VALUES(97,'','','','','','','','Inactive','','','DL5VX3XN','Throw speak speech life stage black.','None','True','2009-10-01','taylor-duncan@example.org','','','','','','','','None','Taylor','False','','','','Civil rate might west another perhaps leave read. Opportunity care respond son center other economic. Raise politics family happen guy.','','Graphic Design','None','English','Duncan','None','Assistance Dogs Set in Motion Program','Wyatt, Rivera and Frank','Mandarin','001-263-930-9182','Donor','Car.','He/Him','','','','','None','','','','','','','','','False','','','','Hearing Alert','None','Active Projects- Client Certification','','','','','tduncan2013@example.net','taylor-duncan@example.org','Home','Personal','Home','False','Home','taylor+duncan@example.com','(441)134-9857x68362','0.0','55349.0','1977','2022-07-17','28728.0','0.0','2022-08-25','0.0','2022-12-11','Recently together every commercial tough series. Data itself recognize deep direction example.','Total perform attorney try. Theory pressure apply wall yeah alone all talk.','0.0','2022-08-26','2022-06-06','Household__c.Formal_Greeting__c','0.0','0.0','0.0','0.0','0.0','0.0','0.0','0.0','0.0','0.0','0.0','19180.0','16126.0','59644.0','52497.0','0.0','0.0','False','False','True','False','False','44406.0','2022-06-05','65816.0','2022-08-22','24227.0','','27529.0','28037.0','17856.0','82553.0','60371.0','0.0','False','191','','','','42','');
INSERT INTO "Contact" VALUES(98,'','','','','','','','Onboarding','','','5JO5QX0Z','Sometimes onto where dinner rate employee.','None','True','2020-08-07','al-randall43@example.com','','','','','','','','None','Alison','False','','','','To oil soon. Wife line cover American young age. Weight three prepare fast size. Skin total personal keep others.','','Outreach/Networking','Initial Inquiry','Spanish','Randall','None','General info/Other','Calhoun Ltd','Mandarin','525-539-1646x72352','Staff','Time easy.','Prefer to self-describe','','','','','None','','','','','','','','','True','','','','Autism','None','Sensitive Info- Volunteer and Staff','','','','','alison.randall1997@example.org','al-randall43@example.com','Home','Personal','Home','False','Work','al_randall4@example.com','(792)097-2634','0.0','28006.0','2013','2022-04-09','52620.0','0.0','2022-07-14','0.0','2022-11-04','Prepare which share art physical either.','Total you natural thus national finally recent since. Partner security support letter job them.','0.0','2022-12-05','2022-07-11','Household__c.Name','0.0','0.0','0.0','0.0','0.0','0.0','0.0','0.0','0.0','0.0','0.0','20118.0','99278.0','15942.0','14311.0','0.0','0.0','False','False','False','False','True','96677.0','2022-06-15','38147.0','2022-05-20','17789.0','','18711.0','45636.0','58911.0','41703.0','62442.0','0.0','False','191','','','','42','');
INSERT INTO "Contact" VALUES(99,'','','','','','','','Initial Inquiry','','','EGNSKG4B','Father recent wait avoid positive soldier beat.','None','True','2001-09-29','ma_park@example.net','','','','','','','','None','Marcus','False','','','','Wait enter under may art well teacher one. Along open customer east despite. Quality risk college throughout according.','','Financial/Bookkeeping','Inactive','English','Park','None','Teams Set in Motion Program','Kirby-Huang','Spanish','433.186.4162x5503','Trainer','Pressure.','They/Them','','','','','None','','','','','','','','','True','','','','Seizure Response','In Training','Active Projects- Volunteer Recruitment and Retention','','','','','m_park9@example.com','ma_park@example.net','Home','Personal','Home','False','Work','ma-park2000@example.org','277.804.9770x01371','0.0','5187.0','1999','2022-02-15','96477.0','0.0','2022-08-02','0.0','2022-11-05','Century while natural cup. Western police avoid in. Ready recognize what accept food reality.','Know image we agency debate account. Tough picture power good someone knowledge.','0.0','2022-06-28','2022-12-05','Household__c.Name','0.0','0.0','0.0','0.0','0.0','0.0','0.0','0.0','0.0','0.0','0.0','39134.0','90996.0','56732.0','12300.0','0.0','0.0','False','False','False','False','True','54004.0','2023-01-10','37726.0','2022-09-13','85522.0','','1879.0','65814.0','23566.0','27966.0','8841.0','0.0','False','191','','','','42','');
INSERT INTO "Contact" VALUES(100,'','','','','','','','','','','','','None','False','','c-rivera54@example.com','','','','','','','','None','Rivera','False','','','','','','','','English','Cameron','','','','','029-584-5121x582','','','','','','','','None','','','','','','','','','False','','','','','None','','','','','','ca-rivera2003@example.org','c-rivera54@example.com','Home','Personal','','False','Work','c+rivera@example.org','986-573-4528','0.0','','','','','0.0','','0.0','','','','0.0','','','','0.0','0.0','0.0','0.0','0.0','0.0','0.0','0.0','0.0','0.0','0.0','','','','','0.0','0.0','False','False','False','False','False','','','','','','','','','','','','0.0','False','193','','','','','');
INSERT INTO "Contact" VALUES(101,'','','','','','','','','','','','','None','False','','jowebster2012@example.org','','','','','','','','None','Webster','False','','','','','','','','English','Joel','','','','','1021048424','','','','','','','','None','','','','','','','','','False','','','','','None','','','','','','joelwebster57@example.org','jowebster2012@example.org','Home','Personal','','False','Work','joelwebster5@example.net','(519)929-1332x238','0.0','','','','','0.0','','0.0','','','','0.0','','','','0.0','0.0','0.0','0.0','0.0','0.0','0.0','0.0','0.0','0.0','0.0','','','','','0.0','0.0','False','False','False','False','False','','','','','','','','','','','','0.0','False','193','','','','','');
INSERT INTO "Contact" VALUES(102,'','','','','','','','None','','','2AUHU0SZ','Attorney seem manager paper else option recently.','','True','2005-01-05','la_hernandez1959@example.org','','','','','','','','None','Lance','False','','','','Image deal business understand. Program to American. Black address them avoid particularly final term.','','Marketing and Branding','None','English','Hernandez','None','Volunteering','Beltran-Walker','Korean','080-270-6549','Volunteer','Season.','They/Them','','','','','None','','','','','','','','','False','','','','Psychiatric;Autism','None','Active Projects- Technology Infrastructure','','','','','lance.hernandez@example.com','la_hernandez1959@example.org','Home','Personal','Home','False','Work','l.hernandez2@example.net','1467399573','0.0','41643.0','1972','2022-02-22','52825.0','0.0','2022-06-02','0.0','2022-09-03','Gun very list safe a public animal. Girl cup event strong water until.','Wrong analysis again. Western price arm mention.','0.0','2022-06-03','2023-01-26','Household__c.Name','0.0','0.0','0.0','0.0','0.0','0.0','0.0','0.0','0.0','0.0','0.0','58376.0','99224.0','46238.0','97275.0','0.0','0.0','False','False','False','False','True','37826.0','2022-07-18','7384.0','2022-03-18','91923.0','','50607.0','85075.0','90408.0','94726.0','57520.0','0.0','False','193','','','','43','');
INSERT INTO "Contact" VALUES(103,'','','','','','','','Initial Inquiry','','','GDH99QRF','Use budget hotel east.','None','False','2013-04-01','a.hebert85@example.org','','','','','','','','None','Andrew','False','','','','Especially admit daughter culture safe study first. Bit road home upon usually task part. Mention project end seem goal reveal both charge.','','Social Media','Initial Inquiry','English','Hebert','None','Sweet Snoopers Training Program','Reeves, Finley and Hines','Spanish','419-407-9635','Volunteer','Just.','She/Her','','','','','None','','','','','','','','','False','','','','Autism','None','Active Projects- Academy','','','','','andrew.hebert2005@example.net','a.hebert85@example.org','Home','Personal','Home','False','Work','a.hebert1967@example.net','(289)417-5832x7730','0.0','40483.0','1997','2022-10-30','9696.0','0.0','2022-07-21','0.0','2023-01-18','College under court federal know. Yourself consider guess pick space.','State tend more describe painting well. Series born beat.','0.0','2022-06-27','2022-09-10','Household__c.Formal_Greeting__c','0.0','0.0','0.0','0.0','0.0','0.0','0.0','0.0','0.0','0.0','0.0','78030.0','21038.0','50369.0','43811.0','0.0','0.0','False','False','True','False','False','50312.0','2022-07-20','30732.0','2022-04-01','15211.0','','33621.0','83723.0','76193.0','71285.0','57148.0','0.0','False','193','','','','43','');
INSERT INTO "Contact" VALUES(104,'','','','','','','','','','','','','None','False','','jacob-andrade90@example.net','','','','','','','','None','Andrade','False','','','','','','','','English','Jacob','','','','','+1-201-468-4578x55750','','','','','','','','None','','','','','','','','','False','','','','','None','','','','','','ja+andrade2006@example.com','jacob-andrade90@example.net','Home','Personal','','False','Home','jacob.andrade1994@example.net','(108)097-6296x426','0.0','','','','','0.0','','0.0','','','','0.0','','','','0.0','0.0','0.0','0.0','0.0','0.0','0.0','0.0','0.0','0.0','0.0','','','','','0.0','0.0','False','False','False','False','False','','','','','','','','','','','','0.0','False','197','','','','','');
INSERT INTO "Contact" VALUES(105,'','','','','','','','','','','','','None','False','','t_stanley71@example.net','','','','','','','','None','Stanley','False','','','','','','','','English','Tami','','','','','001-151-845-6632','','','','','','','','None','','','','','','','','','False','','','','','None','','','','','','tastanley1954@example.org','t_stanley71@example.net','Home','Personal','','False','Work','t_stanley81@example.com','(861)860-4454x636','0.0','','','','','0.0','','0.0','','','','0.0','','','','0.0','0.0','0.0','0.0','0.0','0.0','0.0','0.0','0.0','0.0','0.0','','','','','0.0','0.0','False','False','False','False','False','','','','','','','','','','','','0.0','False','197','','','','','');
INSERT INTO "Contact" VALUES(106,'','','','','','','','Active','','','DL5VDLRV','Really page likely author even church fear.','Certified','True','2011-03-17','h_romero13@example.org','','','','','','','','None','Henry','False','','','','Check return senior where position much left. Seek prepare short sport high appear. Radio your dog ball.','','Social Media','Onboarding','English','Romero','None','Team Facilitator Certification','Gaines-Burnett','Spanish','101.829.4867','Client;Puppy Raiser','Body loss.','He/Him','','','','','Inactive','','','','','','','','','False','','','','Seizure Response','None','Active Projects- Technology Infrastructure','','','','','hromero5@example.org','h_romero13@example.org','Home','Personal','Home','False','Work','henry.romero1954@example.net','+1-559-136-0407','0.0','23648.0','1971','2022-03-16','82038.0','0.0','2023-01-20','0.0','2022-11-25','Language certainly mean dinner message fact. Reality itself chair.','Environmental little wife help although. Husband be full voice least yet.','0.0','2023-02-03','2022-11-18','Household__c.Informal_Greeting__c','0.0','0.0','0.0','0.0','0.0','0.0','0.0','0.0','0.0','0.0','0.0','70479.0','29021.0','66853.0','50493.0','0.0','0.0','False','False','False','True','False','8521.0','2022-10-16','91400.0','2022-03-08','29147.0','','58938.0','81154.0','39580.0','86389.0','69000.0','0.0','False','19','','','','41','');
INSERT INTO "Contact" VALUES(107,'','','','','','','','','','','','','None','False','','denise+howe46@example.org','','','','','','','','None','Howe','False','','','','','','','','English','Denise','','','','','993-597-1843x7314','','','','','','','','None','','','','','','','','','False','','','','','None','','','','','','denisehowe07@example.net','denise+howe46@example.org','Home','Personal','','False','Other','dehowe70@example.net','001-557-811-0176x32188','0.0','','','','','0.0','','0.0','','','','0.0','','','','0.0','0.0','0.0','0.0','0.0','0.0','0.0','0.0','0.0','0.0','0.0','','','','','0.0','0.0','False','False','False','False','False','','','','','','','','','','','','0.0','False','191','','','','','');
INSERT INTO "Contact" VALUES(108,'','','','','','','','Inactive','','','42Q3QF1F','Senior customer relate safe without any.','None','False','2013-06-01','n_boyd7@example.org','','','','','','','','None','Nicolas','False','','','','Probably resource exactly coach service fast. Machine yet politics.','','Social Media','Onboarding','English','Boyd','None','Teams Set in Motion Program','Larsen-Austin','Mandarin','218.243.5499x849','Board Member','Country.','They/Them','','','','','None','','','','','','','','','True','','','','Autism','None','Sensitive Info- Volunteer and Staff','','','','','ni-boyd8@example.com','n_boyd7@example.org','Home','Personal','Home','False','Other','ni_boyd1962@example.net','001-773-015-8361','0.0','56400.0','1986','2022-12-11','82415.0','0.0','2022-02-16','0.0','2022-11-27','Child score trade respond home trip mean none. This back school either sit rather avoid each.','Magazine report even human receive around develop. Ground under focus both home near bring.','0.0','2022-09-23','2022-05-11','Household__c.Name','0.0','0.0','0.0','0.0','0.0','0.0','0.0','0.0','0.0','0.0','0.0','37499.0','92820.0','15728.0','24741.0','0.0','0.0','False','False','False','False','True','25313.0','2022-12-22','22042.0','2022-09-16','49973.0','','15181.0','6381.0','51337.0','65402.0','48205.0','0.0','False','151','','','','24','');
INSERT INTO "Contact" VALUES(109,'','','','','','','','Initial Inquiry','','','41JMPN5N','Whom customer it item professor protect itself.','None','False','2009-05-01','ra-levy52@example.net','','','','','','','','None','Rachael','False','','','','Either history century produce southern enough. Represent leader buy sport actually mention. Season camera character artist type.','','Social Media','Onboarding','English','Levy','None','Trainer Certification','Jarvis-Douglas','French','+1-308-766-0437x50311','Volunteer','Current.','They/Them','','','','','None','','','','','','','','','True','','','','Psychiatric','None','Active Projects- Branding and Marketing','','','','','rachael.levy7@example.com','ra-levy52@example.net','Home','Personal','Home','False','Other','rlevy2011@example.net','+1-425-800-3367','0.0','61476.0','1987','2022-10-20','53270.0','0.0','2023-01-13','0.0','2022-04-02','Economy level six just forget present. Foot particular Congress who.','Hospital perhaps per. Last music month business hold expert new.','0.0','2022-06-02','2022-11-15','Household__c.Informal_Greeting__c','0.0','0.0','0.0','0.0','0.0','0.0','0.0','0.0','0.0','0.0','0.0','19421.0','78058.0','37439.0','48029.0','0.0','0.0','False','False','False','True','False','4499.0','2022-09-20','79960.0','2022-11-13','57048.0','','24345.0','21603.0','7630.0','62529.0','57025.0','0.0','False','151','','','','24','');
INSERT INTO "Contact" VALUES(110,'','','','','','','','Active','','','AO2M938J','Better nor expert child yet time price.','In Training','False','2010-10-30','oscar_harris91@example.com','','','','','','','','None','Oscar','False','','','','Bill leader between reason occur everybody coach. Someone perform third rather. Anyone actually heavy.','','Website development','None','English','Harris','None','General info/Other','Savage, Carroll and Schultz','Spanish','001-970-959-0025x63127','Volunteer;Client','Chance.','She/Her','','','','','None','','','','','','','','','True','','','','Medical Incident Assist','None','Sensitive Info- Board','','','','','os-harris1955@example.org','oscar_harris91@example.com','Home','Personal','Home','False','Other','os.harris2008@example.net','(880)291-7129x1726','0.0','84846.0','1974','2022-09-12','87797.0','0.0','2022-04-24','0.0','2023-01-26','Result budget treatment catch worry produce. Discuss western you. Stage go house price.','Amount style sound phone when send. Stock consider street religious central.','0.0','2022-08-19','2022-11-15','Household__c.Informal_Greeting__c','0.0','0.0','0.0','0.0','0.0','0.0','0.0','0.0','0.0','0.0','0.0','89097.0','5830.0','16276.0','50127.0','0.0','0.0','False','False','False','True','False','6386.0','2022-05-05','33230.0','2022-12-09','84746.0','','32042.0','42792.0','9588.0','50052.0','41932.0','0.0','False','151','','','','24','');
INSERT INTO "Contact" VALUES(111,'','','','','','','','','','','','','None','False','','a-carson77@example.net','','','','','','','','None','Carson','False','','','','','','','','English','Anne','','','','','(372)770-1685x34528','','','','','','','','None','','','','','','','','','False','','','','','None','','','','','','an-carson77@example.net','a-carson77@example.net','Home','Personal','','False','Other','ancarson@example.net','411.589.0450x518','0.0','','','','','0.0','','0.0','','','','0.0','','','','0.0','0.0','0.0','0.0','0.0','0.0','0.0','0.0','0.0','0.0','0.0','','','','','0.0','0.0','False','False','False','False','False','','','','','','','','','','','','0.0','False','153','','','','','');
INSERT INTO "Contact" VALUES(112,'','','','','','','','','','','','','None','False','','c.bruce@example.net','','','','','','','','None','Bruce','False','','','','','','','','English','Chelsea','','','','','1752592256','','','','','','','','None','','','','','','','','','False','','','','','None','','','','','','c.bruce98@example.org','c.bruce@example.net','Home','Personal','','False','Home','chelsea+bruce@example.net','(691)673-5004','0.0','','','','','0.0','','0.0','','','','0.0','','','','0.0','0.0','0.0','0.0','0.0','0.0','0.0','0.0','0.0','0.0','0.0','','','','','0.0','0.0','False','False','False','False','False','','','','','','','','','','','','0.0','False','153','','','','','');
INSERT INTO "Contact" VALUES(113,'','','','','','','','Onboarding','','','DL5VXR2Z','Program community evidence decade power within.','None','True','2002-12-01','devin-walter98@example.net','','','','','','','','Certified-Active','Devin','False','','','','Myself move candidate particular rule interest economic. Small community range. Card just cell few participant fly smile.','','Disability Advocacy','Initial Inquiry','English','Walter','Active','Sweet Snoopers Training Program','Hood Inc','Portuguese','001-082-652-1084x8244','Team Facilitator Lead','And set.','Prefer not to answer','','','','','None','','','','','','','','','True','','','','Hearing Alert','None','Operations- Master Docs - READ ONLY','','','','','dewalter1959@example.com','devin-walter98@example.net','Home','Personal','Home','False','Work','dwalter1948@example.net','315-004-9983x6108','0.0','76393.0','1986','2022-11-28','2964.0','0.0','2022-06-14','0.0','2022-10-20','Audience arrive fight fund. Strategy clearly fall position if recent. Before player like.','Size once close doctor about amount. Time simply change themselves these nature.','0.0','2022-04-15','2022-06-16','Household__c.Name','0.0','0.0','0.0','0.0','0.0','0.0','0.0','0.0','0.0','0.0','0.0','91968.0','47811.0','51083.0','8666.0','0.0','0.0','False','False','False','False','True','19315.0','2022-06-18','22396.0','2022-04-10','91783.0','','29784.0','91318.0','76422.0','62906.0','70055.0','0.0','False','153','','','','25','');
INSERT INTO "Contact" VALUES(114,'','','','','','','','Active','','','5JO5QPB7','Bit country money green we off age.','None','False','2012-05-03','meredith+lamb67@example.org','','','','','','','','None','Meredith','False','','','','Admit affect doctor street able poor. Traditional thought debate responsibility notice now leg. Party choose machine public music good concern.','','Graphic Design','Inactive','English','Lamb','None','General info/Other','Hancock-Zamora','Vietnamese','937.711.0000x4884','Board Member','Right.','She/Her','','','','','None','','','','','','','','','False','','','','Medical Incident Assist','None','Active Projects- Academy','','','','','me_lamb64@example.net','meredith+lamb67@example.org','Home','Personal','Home','False','Home','melamb@example.com','808.138.9858','0.0','25977.0','1983','2022-10-05','2982.0','0.0','2022-04-12','0.0','2022-07-25','International camera professor shake run already. Responsibility fact society call.','Style move visit human. Build explain floor front step story.','0.0','2022-12-30','2022-09-13','Household__c.Formal_Greeting__c','0.0','0.0','0.0','0.0','0.0','0.0','0.0','0.0','0.0','0.0','0.0','40810.0','84900.0','15443.0','27231.0','0.0','0.0','False','False','True','False','False','37881.0','2022-03-26','45890.0','2022-11-14','29072.0','','73235.0','57818.0','13796.0','17644.0','30450.0','0.0','False','153','','','','25','');
INSERT INTO "Contact" VALUES(115,'','','','','','','','Inactive','','','EGNSLIP7','Interview black against.','None','True','2016-11-16','d-villarreal96@example.net','','','','','','','','Certified-Active','Denise','False','','','','Industry visit close image focus. Democratic drive employee anything report heavy court. Easy figure ability huge.','','Outreach/Networking','Inactive','English','Villarreal','None','General info/Other','Moon, Bonilla and Wade','Spanish;French','082.499.0907','Volunteer;Team Facilitator','Magazine.','She/Her','','','','','None','','','','','','','','','False','','','','Narcolepsy Alert','None','Active Projects- Dog Availability','','','','','de+villarreal83@example.org','d-villarreal96@example.net','Home','Personal','Home','False','Work','de+villarreal1964@example.com','553-624-5031x776','0.0','90285.0','1993','2022-05-07','27647.0','0.0','2022-07-30','0.0','2022-08-04','Performance can worry leg prove fact speech. Start house current news stay seem individual.','Traditional dream technology could wide participant. What conference garden.','0.0','2022-07-14','2022-03-28','Household__c.Informal_Greeting__c','0.0','0.0','0.0','0.0','0.0','0.0','0.0','0.0','0.0','0.0','0.0','50147.0','74640.0','86084.0','37866.0','0.0','0.0','False','False','False','True','False','35030.0','2022-12-16','8928.0','2022-02-20','16967.0','','50929.0','97341.0','29038.0','3722.0','96494.0','0.0','False','153','','','','25','');
INSERT INTO "Contact" VALUES(116,'','','','','','','','','','','','','None','False','','ca+hull8@example.org','','','','','','','','None','Hull','False','','','','','','','','English','Casey','','','','','943-311-9582x138','','','','','','','','None','','','','','','','','','False','','','','','None','','','','','','ca_hull45@example.org','ca+hull8@example.org','Home','Personal','','False','Home','c+hull@example.org','1164531672','0.0','','','','','0.0','','0.0','','','','0.0','','','','0.0','0.0','0.0','0.0','0.0','0.0','0.0','0.0','0.0','0.0','0.0','','','','','0.0','0.0','False','False','False','False','False','','','','','','','','','','','','0.0','False','157','','','','','');
INSERT INTO "Contact" VALUES(117,'','','','','','','','','','','','','None','False','','br.dennis1967@example.net','','','','','','','','None','Dennis','False','','','','','','','','English','Brandon','','','','','5849471731','','','','','','','','None','','','','','','','','','False','','','','','None','','','','','','brandon.dennis2001@example.com','br.dennis1967@example.net','Home','Personal','','False','Home','brdennis1953@example.net','001-856-091-0485','0.0','','','','','0.0','','0.0','','','','0.0','','','','0.0','0.0','0.0','0.0','0.0','0.0','0.0','0.0','0.0','0.0','0.0','','','','','0.0','0.0','False','False','False','False','False','','','','','','','','','','','','0.0','False','157','','','','','');
INSERT INTO "Contact" VALUES(118,'','','','','','','','Initial Inquiry','','','2AUHUNYB','Standard part eat ball section note accept.','None','False','2017-08-14','mi+mcconnell@example.com','','','','','','','','None','Miguel','False','','','','Idea necessary memory including. Ten nothing although. Around our loss defense without region court.','','Education/Course Development','Active','English','Mcconnell','None','Sponsorship/Donations','Moreno-Cannon','Spanish;French','001-111-584-5998x3368','Volunteer;Trainer','Point.','They/Them','','','','','None','','','','','','','','','False','','','','Hearing Alert','Certified-Active','Operations- Master Docs - READ ONLY','','','','','m.mcconnell1993@example.org','mi+mcconnell@example.com','Home','Personal','Home','False','Other','m-mcconnell13@example.org','0737153539','0.0','45703.0','2008','2022-09-29','71076.0','0.0','2022-08-01','0.0','2022-05-07','Can try art husband mission.','Guy alone movie join. Field worker professional baby listen man.','0.0','2022-12-04','2022-12-27','Household__c.Name','0.0','0.0','0.0','0.0','0.0','0.0','0.0','0.0','0.0','0.0','0.0','98672.0','13466.0','81852.0','69111.0','0.0','0.0','False','False','False','False','True','89833.0','2022-08-03','8563.0','2022-06-30','53357.0','','78782.0','98198.0','5215.0','90304.0','93852.0','0.0','False','157','','','','27','');
INSERT INTO "Contact" VALUES(119,'','','','','','','','None','','','GDH98O6J','Last writer pressure certain recently baby work.','In Training','False','2011-12-10','lpeterson2011@example.org','','','','','','','','None','Leah','False','','','','Film management bank. Claim medical story mind hot. May easy far feel board reason sure senior.','','Website development','Initial Inquiry','English','Peterson','None','Sweet Snoopers Training Program','Cooper and Sons','Mandarin','(674)260-3584x152','Client;Puppy Raiser','Else get.','He/Him','','','','','Discontinued','','','','','','','','','True','','','','Narcolepsy Alert','None','Active Projects- Academy','','','','','le.peterson71@example.com','lpeterson2011@example.org','Home','Personal','Home','False','Work','le+peterson1973@example.net','+1-447-480-5390x82785','0.0','61654.0','2007','2022-05-28','55639.0','0.0','2022-04-28','0.0','2022-05-26','My she sort reach raise before about. According throw either ago.','Beyond Mr else catch.','0.0','2023-01-06','2022-06-13','Household__c.Informal_Greeting__c','0.0','0.0','0.0','0.0','0.0','0.0','0.0','0.0','0.0','0.0','0.0','39007.0','42659.0','24219.0','51839.0','0.0','0.0','False','False','False','True','False','80192.0','2022-11-17','47319.0','2022-03-07','74690.0','','75155.0','57521.0','30213.0','40657.0','19166.0','0.0','False','157','','','','27','');
INSERT INTO "Contact" VALUES(120,'','','','','','','','Inactive','','','42Q3Q7BN','Whole daughter both election world.','Onboarding','True','2007-03-24','mi.stephens5@example.com','','','','','','','','None','Michele','False','','','','Compare movie model open matter out. Identify himself air improve college.','','Marketing and Branding','Inactive','English','Stephens','None','Teams Set in Motion Program','Murray-Sanford','German','(149)546-6066','Client','Letter.','Prefer not to answer','','','','','None','','','','','','','','','True','','','','Mobility','None','Active Projects- Trainer Certification','','','','','michele-stephens79@example.com','mi.stephens5@example.com','Home','Personal','Home','False','Work','mistephens1980@example.net','001-132-766-4404x5934','0.0','45624.0','1984','2022-03-09','71573.0','0.0','2022-05-31','0.0','2022-05-23','Lose bank score nearly star. True head without next first several fast.','Entire several enough contain news whole certainly. Say until interview.','0.0','2022-06-09','2022-10-07','Household__c.Formal_Greeting__c','0.0','0.0','0.0','0.0','0.0','0.0','0.0','0.0','0.0','0.0','0.0','46297.0','83553.0','13030.0','45471.0','0.0','0.0','False','False','True','False','False','6411.0','2022-11-01','27545.0','2022-09-19','58590.0','','65541.0','79755.0','60714.0','49103.0','34785.0','0.0','False','157','','','','27','');
INSERT INTO "Contact" VALUES(121,'','','','','','','','','','','','','None','False','','s+herring5@example.com','','','','','','','','None','Herring','False','','','','','','','','English','Shelia','','','','','744.097.3310x24059','','','','','','','','None','','','','','','','','','False','','','','','None','','','','','','shelia.herring3@example.com','sh-herring8@example.com','Home','Personal','Work','False','Other','s-herring@example.org','7176194235','0.0','','','','','0.0','','0.0','','','','0.0','','','','0.0','0.0','0.0','0.0','0.0','0.0','0.0','0.0','0.0','0.0','0.0','','','','','0.0','0.0','False','False','False','False','False','','','','','','','','','','','','0.0','False','159','','','','','');
INSERT INTO "Contact" VALUES(122,'','','','','','','','','','','','','None','False','','a-blackwell76@example.org','','','','','','','','None','Blackwell','False','','','','','','','','English','Alyssa','','','','','654.991.6089x4769','','','','','','','','None','','','','','','','','','False','','','','','None','','','','','','ablackwell1955@example.com','a-blackwell76@example.org','Home','Personal','','False','Home','alyssa_blackwell0@example.net','+1-787-872-4115x1112','0.0','','','','','0.0','','0.0','','','','0.0','','','','0.0','0.0','0.0','0.0','0.0','0.0','0.0','0.0','0.0','0.0','0.0','','','','','0.0','0.0','False','False','False','False','False','','','','','','','','','','','','0.0','False','160','','','','','');
INSERT INTO "Contact" VALUES(123,'','','','','','','','','','','','','None','False','','amaddox6@example.com','','','','','','','','None','Maddox','False','','','','','','','','English','Andres','','','','','491-442-4412x151','','','','','','','','None','','','','','','','','','False','','','','','None','','','','','','andres_maddox@example.org','amaddox6@example.com','Home','Personal','','False','Work','an-maddox13@example.com','824.385.9659','0.0','','','','','0.0','','0.0','','','','0.0','','','','0.0','0.0','0.0','0.0','0.0','0.0','0.0','0.0','0.0','0.0','0.0','','','','','0.0','0.0','False','False','False','False','False','','','','','','','','','','','','0.0','False','160','','','','','');
INSERT INTO "Contact" VALUES(124,'','','','','','','','Initial Inquiry','','','41JMPUVF','Baby fear wear might.','None','True','2021-09-18','mi-mcmillan89@example.org','','','','','','','','None','Misty','False','','','','Write sit effect direction trouble economy soon. Style white have than property. Director according phone suggest case.','','Photography/Videography','Active','English','Mcmillan','None','Sponsorship/Donations','Frost PLC','English','(857)976-4460','Trainer','Choice.','They/Them','','','','','None','','','','','','','','','True','','','','Medical Incident Assist','In Training','Active Projects- Governance, Compliance and Operations','','','','','mi_mcmillan1965@example.org','mi-mcmillan89@example.org','Home','Personal','Home','False','Work','misty_mcmillan54@example.net','012-982-4923','0.0','92530.0','1971','2023-01-19','40010.0','0.0','2022-08-22','0.0','2022-08-20','Company born enter husband. Child thousand only front friend up argue.','Consumer according low indeed body enter. Difficult north number born. Keep resource month a.','0.0','2022-04-01','2022-12-29','Household__c.Name','0.0','0.0','0.0','0.0','0.0','0.0','0.0','0.0','0.0','0.0','0.0','77372.0','44346.0','45316.0','54173.0','0.0','0.0','False','False','False','False','True','50391.0','2022-03-30','1380.0','2022-05-31','95178.0','','41790.0','80212.0','47407.0','75531.0','95068.0','0.0','False','160','','','','28','');
INSERT INTO "Contact" VALUES(125,'','','','','','','','','','','','','None','False','','gavinvalenzuela98@example.com','','','','','','','','None','Valenzuela','False','','','','','','','','English','Gavin','','','','','698.806.5277','','','','','','','','None','','','','','','','','','False','','','','','None','','','','','','gavin_valenzuela9@example.org','gavinvalenzuela98@example.com','Home','Personal','','False','Work','g+valenzuela1982@example.com','001-676-562-0287','0.0','','','','','0.0','','0.0','','','','0.0','','','','0.0','0.0','0.0','0.0','0.0','0.0','0.0','0.0','0.0','0.0','0.0','','','','','0.0','0.0','False','False','False','False','False','','','','','','','','','','','','0.0','False','16','','','','','');
INSERT INTO "Contact" VALUES(126,'','','','','','','','','','','','','None','False','','r.holland8@example.com','','','','','','','','None','Holland','False','','','','','','','','English','Ross','','','','','7941984579','','','','','','','','None','','','','','','','','','False','','','','','None','','','','','','rholland83@example.com','r.holland8@example.com','Home','Personal','','False','Other','r-holland1@example.com','(295)758-4895x37297','0.0','','','','','0.0','','0.0','','','','0.0','','','','0.0','0.0','0.0','0.0','0.0','0.0','0.0','0.0','0.0','0.0','0.0','','','','','0.0','0.0','False','False','False','False','False','','','','','','','','','','','','0.0','False','16','','','','','');
INSERT INTO "Contact" VALUES(127,'','','','','','','','Active','','','42Q3XPDV','Politics war major.','None','True','2003-01-09','clarence_murray@example.net','','','','','','','','None','Clarence','False','','','','Recognize place wear data mission. Another decide rise dark almost high.','','Website development','Initial Inquiry','English','Murray','None','Assistance Dogs Set in Motion Program','Ewing-Kelly','Spanish','(307)105-4364x3803','Volunteer;Trainer','Teach.','He/Him','','','','','None','','','','','','','','','False','','','','Hearing Alert','Suspended','Active Projects- Academy','','','','','c.murray@example.net','clarence_murray@example.net','Home','Personal','Home','False','Home','c-murray2004@example.com','+1-848-109-4627','0.0','68062.0','2011','2022-03-15','18555.0','0.0','2022-11-18','0.0','2022-12-06','Writer threat every discover treat answer card cold. Example everybody in.','Future team list some. Final morning job hundred answer.','0.0','2022-03-27','2022-10-13','Household__c.Informal_Greeting__c','0.0','0.0','0.0','0.0','0.0','0.0','0.0','0.0','0.0','0.0','0.0','30734.0','38659.0','71956.0','60668.0','0.0','0.0','False','False','False','True','False','92417.0','2022-08-26','5112.0','2022-11-03','57844.0','','37552.0','41867.0','46235.0','80895.0','8027.0','0.0','False','16','','','','29','');
INSERT INTO "Contact" VALUES(128,'','','','','','','','Onboarding','','','41JM5HUJ','Citizen raise throughout later challenge success seat.','None','True','2020-04-29','gr_sloan09@example.org','','','','','','','','None','Grant','False','','','','Need seven main next have generation. Scientist cultural force after edge professional everyone.','','Project/Program Management','Active','Spanish','Sloan','None','Sweet Snoopers Training Program','Oneal-Pierce','Spanish;French','188.426.7237x4951','Volunteer;Puppy Raiser','Piece.','Prefer to self-describe','','','','','Inactive','','','','','','','','','True','','','','Hearing Alert','None','Active Projects- Branding and Marketing','','','','','grant+sloan2003@example.com','gr_sloan09@example.org','Home','Personal','Home','False','Other','gr.sloan12@example.net','+1-625-176-1354x1670','0.0','61646.0','1981','2022-04-08','92132.0','0.0','2022-09-18','0.0','2022-06-22','Window themselves wife majority right.','Language sea spend eye research use. Close represent performance finally without actually color.','0.0','2022-09-26','2022-02-15','Household__c.Formal_Greeting__c','0.0','0.0','0.0','0.0','0.0','0.0','0.0','0.0','0.0','0.0','0.0','51332.0','71176.0','9820.0','49592.0','0.0','0.0','False','False','True','False','False','85404.0','2022-05-22','48073.0','2022-08-06','52751.0','','32278.0','71969.0','56847.0','40633.0','46834.0','0.0','False','16','','','','29','');
INSERT INTO "Contact" VALUES(129,'','','','','','','','Initial Inquiry','','','AO2MGDKZ','Someone feeling mouth bit at amount her without.','None','False','2015-02-06','os-singleton@example.org','','','','','','','','None','Oscar','False','','','','Focus heart effort partner. Itself one happen follow offer stuff staff.','','Technology/Infrastructure','Inactive','English','Singleton','None','General info/Other','Sanford Group','Japanese','+1-699-395-3038x307','Puppy Raiser','Stay.','Prefer to self-describe','','','','','Discontinued','','','','','','','','','True','','','','Psychiatric','None','Operations- Trainer','','','','','oscar-singleton83@example.com','os-singleton@example.org','Home','Personal','Home','False','Other','os-singleton59@example.org','439.490.0760x44446','0.0','39502.0','1977','2022-05-16','94694.0','0.0','2022-05-10','0.0','2022-06-25','Now arrive appear I bit station. Travel collection first yard toward prevent feeling.','Last knowledge wall themselves state. Present focus reach during week individual.','0.0','2022-12-14','2022-05-14','Household__c.Formal_Greeting__c','0.0','0.0','0.0','0.0','0.0','0.0','0.0','0.0','0.0','0.0','0.0','37043.0','49260.0','20163.0','31674.0','0.0','0.0','False','False','True','False','False','19308.0','2022-06-02','35007.0','2023-01-17','37876.0','','39309.0','56153.0','98109.0','21092.0','15010.0','0.0','False','16','','','','29','');
INSERT INTO "Contact" VALUES(130,'','','','','','','','','','','','','None','False','','w-garza@example.org','','','','','','','','None','Garza','False','','','','','','','','English','Wesley','','','','','+1-460-371-3715','','','','','','','','None','','','','','','','','','False','','','','','None','','','','','','w-garza1@example.net','w-garza@example.org','Home','Personal','','False','Work','w-garza63@example.org','141.999.6160','0.0','','','','','0.0','','0.0','','','','0.0','','','','0.0','0.0','0.0','0.0','0.0','0.0','0.0','0.0','0.0','0.0','0.0','','','','','0.0','0.0','False','False','False','False','False','','','','','','','','','','','','0.0','False','167','','','','','');
INSERT INTO "Contact" VALUES(131,'','','','','','','','Active','','','GDH9A66Z','Who friend hard home per investment.','Initial Inquiry','False','2001-10-19','jo_frazier05@example.org','','','','','','','','None','Jonathan','False','','','','Listen just certainly he. Rate ground instead single drug. Team summer seem before continue state he.','','Technology/Infrastructure','Onboarding','English','Frazier','None','Team Facilitator Certification','Olsen-Branch','French','(858)608-6663','Client','Talk.','Prefer to self-describe','','','','','None','','','','','','','','','True','','','','Mobility','None','Active Projects- Academy','','','','','j+frazier1975@example.net','jo_frazier05@example.org','Home','Personal','Home','False','Other','jo+frazier98@example.org','078.322.2910x1424','0.0','56165.0','1972','2022-06-18','97306.0','0.0','2022-12-12','0.0','2022-10-29','Walk traditional girl page station talk. Popular reflect manager message. Husband some I boy.','Also let least see. Environment goal billion population.','0.0','2022-10-24','2022-08-11','Household__c.Informal_Greeting__c','0.0','0.0','0.0','0.0','0.0','0.0','0.0','0.0','0.0','0.0','0.0','51205.0','39893.0','68900.0','15687.0','0.0','0.0','False','False','False','True','False','78719.0','2022-07-14','30974.0','2022-05-17','77059.0','','96064.0','30477.0','67636.0','29756.0','94419.0','0.0','False','169','','','','32','');
INSERT INTO "Contact" VALUES(132,'','','','','','','','','','','','','None','False','','lance+brock6@example.net','','','','','','','','None','Brock','False','','','','','','','','English','Lance','','','','','856.672.7078x7680','','','','','','','','None','','','','','','','','','False','','','','','None','','','','','','lance+brock@example.com','lance+brock6@example.net','Home','Personal','','False','Home','lance+brock53@example.org','826.152.1757','0.0','','','','','0.0','','0.0','','','','0.0','','','','0.0','0.0','0.0','0.0','0.0','0.0','0.0','0.0','0.0','0.0','0.0','','','','','0.0','0.0','False','False','False','False','False','','','','','','','','','','','','0.0','False','167','','','','','');
INSERT INTO "Contact" VALUES(133,'','','','','','','','Inactive','','','AO2M9AYB','Table sense walk scientist what.','Decertified','False','2022-02-06','de.guzman2001@example.com','','','','','','','','None','Debbie','False','','','','Than action firm west. See a with resource.','','Writing/Communications','None','American Sign Language','Guzman','None','General info/Other','Lang, Sanders and Bright','Russian','001-849-132-6040','Client','By listen.','They/Them','','','','','None','','','','','','','','','False','','','','Medical Incident Assist','None','Active Projects- Governance, Compliance and Operations','','','','','debbie-guzman7@example.org','de.guzman2001@example.com','Home','Personal','Home','False','Work','dguzman77@example.net','+1-992-074-1964','0.0','17746.0','2019','2022-04-14','83956.0','0.0','2022-09-25','0.0','2022-03-31','Change skill week until government let. Just sign newspaper use.','Imagine everything believe provide. Fight similar issue. Go talk trip pull.','0.0','2022-03-06','2022-10-09','Household__c.Formal_Greeting__c','0.0','0.0','0.0','0.0','0.0','0.0','0.0','0.0','0.0','0.0','0.0','596.0','37582.0','23390.0','71488.0','0.0','0.0','False','False','True','False','False','35789.0','2022-12-26','3966.0','2022-09-16','89645.0','','25906.0','58463.0','33099.0','34421.0','843.0','0.0','False','167','','','','31','');
INSERT INTO "Contact" VALUES(134,'','','','','','','','None','','','DL5VXJD7','Station describe maintain.','Onboarding','True','2008-02-10','cu_pacheco1987@example.net','','','','','','','','None','Curtis','False','','','','Usually including garden store bill eye. Movement should design sit site get. Skill off full challenge.','','Graphic Design','Active','English','Pacheco','None','Sweet Snoopers Training Program','Acosta, Mercer and Rowe','Korean','001-048-883-2291x74349','Volunteer;Client','Race.','She/Her','','','','','None','','','','','','','','','False','','','','Psychiatric','None','Active Projects- Governance, Compliance and Operations','','','','','curtis_pacheco68@example.net','cu_pacheco1987@example.net','Home','Personal','Home','False','Work','cu+pacheco0@example.com','001-361-972-6765x34744','0.0','57230.0','2005','2022-08-09','11025.0','0.0','2022-12-04','0.0','2023-02-08','Organization result under off fish. Leg candidate wind director threat customer forward human.','Prepare type walk customer thought something science. Better here popular to.','0.0','2023-01-01','2022-03-10','Household__c.Informal_Greeting__c','0.0','0.0','0.0','0.0','0.0','0.0','0.0','0.0','0.0','0.0','0.0','29756.0','65069.0','94233.0','98528.0','0.0','0.0','False','False','False','True','False','37521.0','2022-11-11','56340.0','2022-09-29','20340.0','','75347.0','25565.0','13090.0','55392.0','66336.0','0.0','False','167','','','','31','');
INSERT INTO "Contact" VALUES(135,'','','','','','','','Onboarding','','','5JO5QHLF','Play deal into explain treatment.','None','False','2012-05-22','a_hooper66@example.com','','','','','','','','None','Alec','False','','','','Song animal attorney example dinner. Everything live plant while option reach live. Radio sister ability rise maintain another push.','','Technology/Infrastructure','None','English','Hooper','None','Sponsorship/Donations','House, Wu and Romero','Arabic','+1-210-103-7250','Puppy Raiser','Turn less.','Prefer not to answer','','','','','In Training','','','','','','','','','False','','','','Diabetes Alert','None','Operations- Volunteer and Staff','','','','','al+hooper05@example.org','a_hooper66@example.com','Home','Personal','Home','False','Work','alhooper1998@example.org','(839)431-0358x48645','0.0','1366.0','1970','2022-06-13','54121.0','0.0','2022-10-10','0.0','2023-01-27','Send own all dark according instead. Fund between special camera available. Admit floor fall.','Read size good entire there act. Become trial economy seven very.','0.0','2022-12-22','2022-05-22','Household__c.Informal_Greeting__c','0.0','0.0','0.0','0.0','0.0','0.0','0.0','0.0','0.0','0.0','0.0','58243.0','54351.0','93653.0','2033.0','0.0','0.0','False','False','False','True','False','92748.0','2022-06-13','14481.0','2022-04-01','85772.0','','93005.0','6622.0','30234.0','61322.0','63299.0','0.0','False','167','','','','31','');
INSERT INTO "Contact" VALUES(136,'','','','','','','','','','','','','','False','','kendra-schroeder@example.net','','','','','','','','None','Schroeder','False','','','','','','','','English','Kendra','','','','','361-046-9916x59238','','','','','','','','None','','','','','','','','','False','','','','','None','','','','','','kendraschroeder4@example.com','kendra-schroeder@example.net','Home','Personal','','False','Home','ke+schroeder7@example.org','+1-690-120-6790x918','0.0','','','','','0.0','','0.0','','','','0.0','','','','0.0','0.0','0.0','0.0','0.0','0.0','0.0','0.0','0.0','0.0','0.0','','','','','0.0','0.0','False','False','False','False','False','','','','','','','','','','','','0.0','False','169','','','','','');
INSERT INTO "Contact" VALUES(137,'','','','','','','','','','','','','None','False','','katrinadonaldson3@example.com','','','','','','','','None','Donaldson','False','','','','','','','','English','Katrina','','','','','+1-001-041-3334x655','','','','','','','','None','','','','','','','','','False','','','','','None','','','','','','ka+donaldson5@example.org','katrinadonaldson3@example.com','Home','Personal','','False','Other','k+donaldson1977@example.net','(378)567-6846','0.0','','','','','0.0','','0.0','','','','0.0','','','','0.0','0.0','0.0','0.0','0.0','0.0','0.0','0.0','0.0','0.0','0.0','','','','','0.0','0.0','False','False','False','False','False','','','','','','','','','','','','0.0','False','169','','','','','');
INSERT INTO "Contact" VALUES(138,'','','','','','','','Active','','','EGNSKVJV','Term compare ground wait stock.','None','True','2016-02-11','ch_wall@example.net','','','','','','','','None','Cheyenne','False','','','','Debate painting newspaper have begin. Time opportunity memory near newspaper.','','Project/Program Management','Inactive','English','Wall','None','Teams Set in Motion Program','Mckay Inc','Spanish','+1-746-956-1687x53428','Donor','Pay.','He/Him','','','','','None','','','','','','','','','True','','','','Medical Incident Assist','None','Active Projects- ADI','','','','','cwall@example.org','ch_wall@example.net','Home','Personal','Home','False','Work','chwall1997@example.com','(284)182-1113x46720','0.0','81957.0','2017','2022-10-02','22937.0','0.0','2022-09-23','0.0','2022-08-16','Meet past identify. Fear leader item by win million feeling.','Article blue foreign also claim feel politics. National must fish add service.','0.0','2022-04-11','2022-03-22','Household__c.Informal_Greeting__c','0.0','0.0','0.0','0.0','0.0','0.0','0.0','0.0','0.0','0.0','0.0','33855.0','61672.0','68533.0','38428.0','0.0','0.0','False','False','False','True','False','77555.0','2022-04-27','52830.0','2022-11-27','20852.0','','8309.0','29117.0','46636.0','6304.0','22588.0','0.0','False','169','','','','32','');
INSERT INTO "Contact" VALUES(139,'','','','','','','','Active','','','2AUHUG8J','Campaign look high every if.','None','True','2012-08-25','linolan3@example.org','','','','','','','','None','Lindsay','False','','','','World yet someone management. What consumer American believe receive finish amount. Boy natural century general recently somebody goal. Serve city paper let people girl.','','Medical/Mental Health','Inactive','English','Nolan','None','Teams Set in Motion Program','Gibbs-Adkins','Spanish','6397018796','Volunteer;Trainer','Catch.','She/Her','','','','','None','','','','','','','','','False','','','','Hearing Alert','Discontinued','Active Projects- Dog Availability','','','','','lindsay.nolan1958@example.org','linolan3@example.org','Home','Personal','Home','False','Work','li-nolan@example.net','(173)594-6968','0.0','70969.0','2006','2022-07-21','3061.0','0.0','2022-02-27','0.0','2022-04-01','Drop culture leader plan lay truth house partner. Actually discussion including before.','People girl scientist. Animal speech with herself alone thousand decade.','0.0','2023-01-14','2022-03-29','Household__c.Informal_Greeting__c','0.0','0.0','0.0','0.0','0.0','0.0','0.0','0.0','0.0','0.0','0.0','87881.0','99674.0','21570.0','90326.0','0.0','0.0','False','False','False','True','False','82348.0','2023-02-04','64733.0','2022-04-01','80949.0','','14356.0','47959.0','97734.0','2374.0','6620.0','0.0','False','169','','','','32','');
INSERT INTO "Contact" VALUES(140,'','','','','','','','Onboarding','','','2AUHHSZN','From office analysis inside type chance general.','Certified','False','2021-08-29','claire_beard00@example.org','','','','','','','','None','Claire','False','','','','Feel amount stock nation think. Cover mention PM some also.','','Sales','Onboarding','Spanish','Beard','None','Team Facilitator Certification','Griffin-Malone','Russian','6954568308','Trainer;Client','Director.','He/Him','','','','','None','','','','','','','','','True','','','','Seizure Response','Discontinued','Active Projects- Governance, Compliance and Operations','','','','','c_beard1957@example.org','claire_beard00@example.org','Home','Personal','Home','False','Work','claire+beard@example.org','(429)693-6667x02124','0.0','2739.0','1979','2022-08-21','75134.0','0.0','2022-03-07','0.0','2022-04-22','Oil sport forward amount but model. Send bad floor eight body party. Glass doctor how father.','Contain paper thing guy attorney. Cultural course letter really.','0.0','2022-07-01','2022-03-17','Household__c.Name','0.0','0.0','0.0','0.0','0.0','0.0','0.0','0.0','0.0','0.0','0.0','4011.0','21902.0','84023.0','98268.0','0.0','0.0','False','False','False','False','True','22132.0','2022-03-22','35864.0','2022-05-31','73146.0','','37471.0','87180.0','33728.0','57072.0','42437.0','0.0','False','6','','','','63','');
INSERT INTO "Contact" VALUES(141,'','','','','','','','None','','','GDH9OYLN','Him run nation summer hot people maybe.','None','True','2019-07-19','ma.fitzpatrick2000@example.com','','','','','','','','Certified-Active','Madeline','False','','','','Save early economic cause point we catch. Often PM contain Mr really.','','Nonprofit Leadership','Active','English','Fitzpatrick','None','General info/Other','Walls Ltd','Arabic','611.043.9949x07607','Volunteer;Team Facilitator','Financial.','She/Her','','','','','None','','','','','','','','','True','','','','Diabetes Alert','None','Active Projects- Team Facilitator Certification','','','','','m-fitzpatrick3@example.org','ma.fitzpatrick2000@example.com','Home','Personal','Home','False','Work','madeline+fitzpatrick53@example.net','374-721-9472x04476','0.0','32352.0','2022','2022-06-02','91062.0','0.0','2022-06-06','0.0','2022-03-31','Born police community five. Just cell save. Building book draw under next.','Plan reason almost game condition population town buy. Usually effort more easy.','0.0','2022-03-06','2022-08-01','Household__c.Formal_Greeting__c','0.0','0.0','0.0','0.0','0.0','0.0','0.0','0.0','0.0','0.0','0.0','71395.0','77589.0','57761.0','72474.0','0.0','0.0','False','False','True','False','False','7753.0','2022-10-15','40860.0','2022-04-11','46695.0','','66670.0','91179.0','1404.0','12878.0','55832.0','0.0','False','6','','','','63','');
INSERT INTO "Contact" VALUES(142,'','','','','','','','','','','','','None','False','','he+bryan@example.org','','','','','','','','None','Bryan','False','','','','','','','','English','Henry','','','','','952.963.2456x58244','','','','','','','','None','','','','','','','','','False','','','','','None','','','','','','hbryan89@example.com','he+bryan@example.org','Home','Personal','','False','Work','henry+bryan4@example.net','230-853-2882','0.0','','','','','0.0','','0.0','','','','0.0','','','','0.0','0.0','0.0','0.0','0.0','0.0','0.0','0.0','0.0','0.0','0.0','','','','','0.0','0.0','False','False','False','False','False','','','','','','','','','','','','0.0','False','96','','','','','');
INSERT INTO "Contact" VALUES(143,'','','','','','','','','','','','','None','False','','terrance_galvan@example.org','','','','','','','','None','Galvan','False','','','','','','','','English','Terrance','','','','','265.071.6027','','','','','','','','None','','','','','','','','','False','','','','','None','','','','','','te+galvan1969@example.org','terrance_galvan@example.org','Home','Personal','','False','Home','tgalvan@example.net','915.510.4609x4854','0.0','','','','','0.0','','0.0','','','','0.0','','','','0.0','0.0','0.0','0.0','0.0','0.0','0.0','0.0','0.0','0.0','0.0','','','','','0.0','0.0','False','False','False','False','False','','','','','','','','','','','','0.0','False','96','','','','','');
INSERT INTO "Contact" VALUES(144,'','','','','','','','Inactive','','','EGNSN0PN','Poor candidate choose authority debate.','None','True','2019-10-29','sh.suarez4@example.net','','','','','','','','None','Sheena','False','','','','Prevent identify worker interest. Response appear far purpose them involve.','','Social Media','Initial Inquiry','English','Suarez','None','Trainer Certification','Cole LLC','Cantonese','(174)756-7809x79674','Trainer','Within.','They/Them','','','','','None','','','','','','','','','False','','','','Medical Incident Assist','Discontinued','Board - READ ONLY','','','','','sheena_suarez@example.net','sh.suarez4@example.net','Home','Personal','Home','False','Work','ssuarez1@example.org','001-845-341-2200x017','0.0','56014.0','1979','2022-04-15','19086.0','0.0','2022-08-28','0.0','2022-03-14','Ahead win two game month.','Theory require through knowledge car. Born since sister work fish.','0.0','2022-11-03','2022-06-19','Household__c.Formal_Greeting__c','0.0','0.0','0.0','0.0','0.0','0.0','0.0','0.0','0.0','0.0','0.0','41520.0','68397.0','59521.0','93880.0','0.0','0.0','False','False','True','False','False','5574.0','2022-05-11','4039.0','2022-08-05','46345.0','','74406.0','53162.0','86605.0','33131.0','21282.0','0.0','False','96','','','','65','');
INSERT INTO "Contact" VALUES(145,'','','','','','','','Initial Inquiry','','','2AUHPQHF','Team whatever size itself.','Decertified','False','2009-08-13','lo-clay44@example.net','','','','','','','','None','Louis','False','','','','Clear oil candidate color pay suddenly. Cause media affect everybody where. Employee order shake happy eight figure.','','Project/Program Management','None','English','Clay','None','Sweet Snoopers Training Program','Delgado LLC','Italian','+1-060-835-9647x56383','Client','Fish part.','She/Her','','','','','None','','','','','','','','','True','','','','Mobility;Autism','None','Active Projects- ADI','','','','','lo-clay91@example.com','lo-clay44@example.net','Home','Personal','Home','False','Home','lo.clay9@example.com','+1-158-724-2295','0.0','10242.0','2020','2022-05-28','80277.0','0.0','2022-08-07','0.0','2022-05-16','Quite difference economy place. Direction foreign hold break kid.','Have institution risk race Mrs clearly. Pressure spend fire purpose amount nature continue.','0.0','2022-12-06','2022-11-13','Household__c.Name','0.0','0.0','0.0','0.0','0.0','0.0','0.0','0.0','0.0','0.0','0.0','62160.0','83089.0','59811.0','53724.0','0.0','0.0','False','False','False','False','True','2458.0','2022-08-06','89324.0','2022-12-01','41524.0','','44904.0','67063.0','56469.0','7471.0','23244.0','0.0','False','96','','','','65','');
INSERT INTO "Contact" VALUES(146,'','','','','','','','Inactive','','','GDH93QPN','Card inside ok mean two life.','None','False','2018-09-16','fernando.haas@example.net','','','','','','','','None','Fernando','False','','','','Already relationship book bar. Film rich wear season important article. May watch certain finally lay kind business office.','','Administration','Active','English','Haas','None','Volunteering','Dennis LLC','Portuguese','001-209-078-2920','Staff','Set Mr.','Prefer not to answer','','','','','None','','','','','','','','','True','','','','Medical Incident Assist','None','Active Projects- Community Outreach and Education','','','','','f_haas1953@example.com','fernando.haas@example.net','Home','Personal','Home','False','Work','fernando+haas1961@example.com','001-036-212-5580','0.0','32960.0','1980','2022-07-15','38007.0','0.0','2022-04-15','0.0','2022-12-10','Figure trial cost see only. Someone read door class often. Explain source leave experience.','Miss read director. Work several offer test study necessary. Even always reason present.','0.0','2022-10-07','2023-02-05','Household__c.Informal_Greeting__c','0.0','0.0','0.0','0.0','0.0','0.0','0.0','0.0','0.0','0.0','0.0','45859.0','36090.0','45528.0','86676.0','0.0','0.0','False','False','False','True','False','27504.0','2022-05-17','630.0','2022-11-23','29969.0','','73166.0','3867.0','64610.0','92083.0','82947.0','0.0','False','96','','','','65','');
INSERT INTO "Contact" VALUES(147,'','','','','','','','','','','','','None','False','','d-knox98@example.net','','','','','','','','None','Knox','False','','','','','','','','English','Douglas','','','','','363-510-2097x72971','','','','','','','','None','','','','','','','','','False','','','','','None','','','','','','douglas_knox2@example.net','d-knox98@example.net','Home','Personal','','False','Work','dknox@example.org','385-905-6751x5409','0.0','','','','','0.0','','0.0','','','','0.0','','','','0.0','0.0','0.0','0.0','0.0','0.0','0.0','0.0','0.0','0.0','0.0','','','','','0.0','0.0','False','False','False','False','False','','','','','','','','','','','','0.0','False','98','','','','','');
INSERT INTO "Contact" VALUES(148,'','','','','','','','','','','','','None','False','','shelby-malone70@example.com','','','','','','','','None','Malone','False','','','','','','','','English','Shelby','','','','','001-229-399-2512','','','','','','','','None','','','','','','','','','False','','','','','None','','','','','','shmalone3@example.net','shelby-malone70@example.com','Home','Personal','','False','Other','sh+malone2011@example.net','(061)134-7179x931','0.0','','','','','0.0','','0.0','','','','0.0','','','','0.0','0.0','0.0','0.0','0.0','0.0','0.0','0.0','0.0','0.0','0.0','','','','','0.0','0.0','False','False','False','False','False','','','','','','','','','','','','0.0','False','98','','','','','');
INSERT INTO "Contact" VALUES(149,'','','','','','','','None','','','42Q3S4RN','Build movie other artist name who.','In ADSiM','True','2016-12-16','jasmine+burton@example.net','','','','','','','','None','Jasmine','False','','','','Through former language whom. Somebody not some. Music throughout probably court style.','','Financial/Bookkeeping','Initial Inquiry','Arabic','Burton','None','Client Certification','Cole-Greer','Russian','(105)143-6859','Client;Puppy Raiser','Important.','She/Her','','','','','In Training','','','','','','','','','False','','','','Medical Incident Assist','None','Board - READ ONLY','','','','','jasmine.burton04@example.com','jasmine+burton@example.net','Home','Personal','Home','False','Work','jasmine.burton@example.net','001-356-225-2972','0.0','36489.0','1992','2022-09-30','28755.0','0.0','2022-08-25','0.0','2022-04-28','Prove worker specific number community.','Deep my with news exist bank first. Social white we quite individual rock.','0.0','2022-02-10','2022-11-19','Household__c.Informal_Greeting__c','0.0','0.0','0.0','0.0','0.0','0.0','0.0','0.0','0.0','0.0','0.0','88049.0','98925.0','96742.0','66072.0','0.0','0.0','False','False','False','True','False','51204.0','2022-06-13','29567.0','2022-05-31','81138.0','','51968.0','75964.0','40790.0','79434.0','11545.0','0.0','False','98','','','','66','');
INSERT INTO "Contact" VALUES(150,'','','','','','','','Active','','','41JMKHYZ','During bring lay bad toward probably.','None','True','2017-11-25','ch+levy1951@example.org','','','','','','','','None','Charlene','False','','','','Either instead per city much artist. Explain forward hold foot.','','Sales','Onboarding','English','Levy','None','Client Certification','Russell Ltd','Spanish;French','(236)457-9134','Puppy Raiser','Candidate.','Prefer not to answer','','','','','In Training','','','','','','','','','False','','','','Mobility','None','Operations- Volunteer and Staff','','','','','clevy7@example.com','ch+levy1951@example.org','Home','Personal','Home','False','Home','ch-levy87@example.org','597.049.3770x2152','0.0','22140.0','1974','2022-06-07','2788.0','0.0','2022-08-31','0.0','2022-12-14','Small edge though operation size one however. Speak build wear. Professor name pressure war.','Receive act occur.','0.0','2022-10-28','2022-08-03','Household__c.Name','0.0','0.0','0.0','0.0','0.0','0.0','0.0','0.0','0.0','0.0','0.0','5042.0','85547.0','61332.0','52266.0','0.0','0.0','False','False','False','False','True','75008.0','2022-08-21','53017.0','2022-08-01','72836.0','','35454.0','68610.0','25991.0','9103.0','51880.0','0.0','False','98','','','','66','');
INSERT INTO "Contact" VALUES(151,'','','','','','','','','','','','','None','False','','ma-mcdonald59@example.org','','','','','','','','None','Mcdonald','False','','','','','','','','English','Maxwell','','','','','+1-744-964-8371x237','','','','','','','','None','','','','','','','','','False','','','','','None','','','','','','maxwell_mcdonald1950@example.com','ma-mcdonald59@example.org','Home','Personal','','False','Work','mmcdonald@example.com','(007)494-5365x9554','0.0','','','','','0.0','','0.0','','','','0.0','','','','0.0','0.0','0.0','0.0','0.0','0.0','0.0','0.0','0.0','0.0','0.0','','','','','0.0','0.0','False','False','False','False','False','','','','','','','','','','','','0.0','False','100','','','','','');
INSERT INTO "Contact" VALUES(152,'','','','','','','','','','','','','None','False','','lesliehammond@example.net','','','','','','','','None','Hammond','False','','','','','','','','English','Leslie','','','','','994-264-2727','','','','','','','','None','','','','','','','','','False','','','','','None','','','','','','l-hammond50@example.net','lesliehammond@example.net','Home','Personal','','False','Other','l.hammond10@example.com','438.912.6881x26354','0.0','','','','','0.0','','0.0','','','','0.0','','','','0.0','0.0','0.0','0.0','0.0','0.0','0.0','0.0','0.0','0.0','0.0','','','','','0.0','0.0','False','False','False','False','False','','','','','','','','','','','','0.0','False','100','','','','','');
INSERT INTO "Contact" VALUES(153,'','','','','','','','Initial Inquiry','','','AO2M7DIB','Pm suggest election will throughout several for alone.','In ADSiM','False','2019-09-20','a_lee1975@example.net','','','','','','','','Initial Inquiry','Ann','False','','','','Over every prevent begin life describe. True Mr employee human see watch play.','','Writing/Communications','None','English','Lee','Active','Team Facilitator Certification','Morales, Zimmerman and Poole','Korean','075.876.0266x69715','Volunteer;Team Facilitator Lead;Client','Line sing.','She/Her','','','','','None','','','','','','','','','False','','','','Psychiatric;Autism','None','Operations- Master Docs - READ ONLY','','','','','ann+lee9@example.org','a_lee1975@example.net','Home','Personal','Home','False','Other','an_lee@example.net','001-644-395-8365x32797','0.0','37899.0','2006','2022-08-27','236.0','0.0','2022-09-26','0.0','2022-04-27','Direction spend choice group. Finally able station them have six represent.','Weight structure capital policy increase entire. Start collection mean develop teach.','0.0','2022-05-02','2022-06-25','Household__c.Formal_Greeting__c','0.0','0.0','0.0','0.0','0.0','0.0','0.0','0.0','0.0','0.0','0.0','42298.0','73770.0','21350.0','65391.0','0.0','0.0','False','False','True','False','False','78482.0','2022-08-27','4244.0','2022-11-16','57850.0','','14123.0','6931.0','61952.0','5062.0','93152.0','0.0','False','100','','','','67','');
INSERT INTO "Contact" VALUES(154,'','','','','','','','Active','','','DL5VSLWB','Enough laugh customer available whatever.','Certified','True','2014-02-04','klester@example.org','','','','','','','','None','Kaylee','False','','','','Fast three power form consumer do. Develop goal star result. Hit beyond rather say.','','Website development','Active','English','Lester','None','Trainer Certification','Pittman, Price and Simpson','Japanese','+1-532-951-9879','Volunteer;Client','Site idea.','They/Them','','','','','None','','','','','','','','','False','','','','Medical Incident Assist','None','Active Projects- Dog Availability','','','','','kaylee+lester9@example.org','klester@example.org','Home','Personal','Home','False','Work','kaylee.lester@example.org','(868)015-3518x3554','0.0','68090.0','2009','2022-05-29','46896.0','0.0','2022-03-28','0.0','2022-10-16','Language four include. Serious pattern mind exist trade environmental.','Still such about never. Improve until itself through.','0.0','2022-04-20','2022-05-07','Household__c.Formal_Greeting__c','0.0','0.0','0.0','0.0','0.0','0.0','0.0','0.0','0.0','0.0','0.0','70853.0','81700.0','66026.0','57354.0','0.0','0.0','False','False','True','False','False','83989.0','2022-11-16','29292.0','2022-06-20','85334.0','','33493.0','30134.0','95610.0','96942.0','92292.0','0.0','False','100','','','','67','');
INSERT INTO "Contact" VALUES(155,'','','','','','','','Active','','','5JO5OZKZ','Race street current fall.','None','False','2022-06-02','bryan-costa2008@example.com','','','','','','','','None','Bryan','False','','','','Time fund civil list movement mind age. Pattern necessary keep politics such. Technology dream she collection practice table institution condition.','','Disability Advocacy','Inactive','Arabic','Costa','None','Trainer Certification','Rosario-Gates','Spanish','6377852995','Donor','Choice.','They/Them','','','','','None','','','','','','','','','False','','','','Medical Incident Assist','None','Operations- Master Docs - READ ONLY','','','','','bryan.costa2@example.net','bryan-costa2008@example.com','Home','Personal','Home','False','Home','bryan-costa90@example.net','314-909-5422x96273','0.0','76455.0','2022','2022-11-23','77268.0','0.0','2022-11-26','0.0','2022-09-15','Could fly quite allow. Ask some total thousand truth.','Item clear really boy statement. Find mouth fine question. Most people feeling town property.','0.0','2022-12-14','2023-02-05','Household__c.Informal_Greeting__c','0.0','0.0','0.0','0.0','0.0','0.0','0.0','0.0','0.0','0.0','0.0','99690.0','32674.0','27334.0','73332.0','0.0','0.0','False','False','False','True','False','52072.0','2022-09-16','4928.0','2022-09-17','63502.0','','88932.0','81147.0','98472.0','58740.0','67142.0','0.0','False','100','','','','67','');
INSERT INTO "Contact" VALUES(156,'','','','','','','','','','','','','None','False','','k-howell8@example.com','','','','','','','','None','Howell','False','','','','','','','','English','Kristina','','','','','459.152.4550x863','','','','','','','','None','','','','','','','','','False','','','','','None','','','','','','kr-howell@example.org','k-howell8@example.com','Home','Personal','','False','Other','kr_howell@example.org','+1-829-023-4257x457','0.0','','','','','0.0','','0.0','','','','0.0','','','','0.0','0.0','0.0','0.0','0.0','0.0','0.0','0.0','0.0','0.0','0.0','','','','','0.0','0.0','False','False','False','False','False','','','','','','','','','','','','0.0','False','102','','','','','');
INSERT INTO "Contact" VALUES(157,'','','','','','','','','','','','','None','False','','r_miranda@example.com','','','','','','','','None','Miranda','False','','','','','','','','English','Raven','','','','','001-791-806-8577x239','','','','','','','','None','','','','','','','','','False','','','','','None','','','','','','ramiranda05@example.net','r_miranda@example.com','Home','Personal','','False','Work','raven+miranda@example.net','(086)098-4570','0.0','','','','','0.0','','0.0','','','','0.0','','','','0.0','0.0','0.0','0.0','0.0','0.0','0.0','0.0','0.0','0.0','0.0','','','','','0.0','0.0','False','False','False','False','False','','','','','','','','','','','','0.0','False','102','','','','','');
INSERT INTO "Contact" VALUES(158,'','','','','','','','Inactive','','','EGNSN8FF','Black series wait speak specific painting.','Onboarding','False','2017-06-27','bill.barron84@example.org','','','','','','','','Initial Inquiry','Bill','False','','','','Night offer first into require.','','Project/Program Management','Active','English','Barron','Inactive','Teams Set in Motion Program','Avery, Middleton and Kent','Spanish','001-552-738-5799x97118','Volunteer;Team Facilitator Lead;Client','Trial.','They/Them','','','','','None','','','','','','','','','False','','','','Medical Incident Assist','None','Sensitive Info- Trainer','','','','','b-barron2004@example.net','bill.barron84@example.org','Home','Personal','Home','False','Work','bi-barron9@example.org','(173)834-3040','0.0','19115.0','1993','2022-09-19','97866.0','0.0','2022-03-16','0.0','2022-04-18','Special since week. Often lead candidate. Ten list party home arrive she friend.','Individual full expert meet available build.','0.0','2022-09-11','2022-10-01','Household__c.Informal_Greeting__c','0.0','0.0','0.0','0.0','0.0','0.0','0.0','0.0','0.0','0.0','0.0','33624.0','68840.0','63700.0','1744.0','0.0','0.0','False','False','False','True','False','89850.0','2022-02-18','80474.0','2022-09-04','31584.0','','62147.0','98222.0','54435.0','25883.0','89967.0','0.0','False','102','','','','68','');
INSERT INTO "Contact" VALUES(159,'','','','','','','','None','','','2AUHPIRN','Recent believe cold present improve national soon.','None','True','2022-11-01','janetwaller1996@example.com','','','','','','','','None','Janet','False','','','','Meet well sure year he institution piece. Operation environment pressure ground allow exactly computer.','','Marketing and Branding','Active','Spanish','Waller','None','Client Certification','Chavez LLC','English','723.081.0959','Volunteer;Trainer','Gas.','He/Him','','','','','None','','','','','','','','','True','','','','Medical Incident Assist','Initial Inquiry','Active Projects- State Registration','','','','','janet.waller06@example.org','janetwaller1996@example.com','Home','Personal','Home','False','Work','ja-waller6@example.net','081.630.8453x893','0.0','2887.0','2008','2022-10-05','39931.0','0.0','2022-04-12','0.0','2023-02-08','Physical get none develop reflect crime.','Center her find. Wonder PM determine writer top through. Feel investment second.','0.0','2022-12-28','2022-09-13','Household__c.Name','0.0','0.0','0.0','0.0','0.0','0.0','0.0','0.0','0.0','0.0','0.0','37611.0','90102.0','99131.0','61589.0','0.0','0.0','False','False','False','False','True','75946.0','2022-06-15','33841.0','2022-03-01','45834.0','','74326.0','27200.0','66558.0','24908.0','59027.0','0.0','False','102','','','','68','');
INSERT INTO "Contact" VALUES(160,'','','','','','','','','','','','','None','False','','kburton93@example.com','','','','','','','','None','Burton','False','','','','','','','','English','Kyle','','','','','786-662-2931x5994','','','','','','','','None','','','','','','','','','False','','','','','None','','','','','','kyle_burton55@example.org','kburton93@example.com','Home','Personal','','False','Home','ky+burton@example.com','+1-054-762-7208x610','0.0','','','','','0.0','','0.0','','','','0.0','','','','0.0','0.0','0.0','0.0','0.0','0.0','0.0','0.0','0.0','0.0','0.0','','','','','0.0','0.0','False','False','False','False','False','','','','','','','','','','','','0.0','False','106','','','','','');
INSERT INTO "Contact" VALUES(161,'','','','','','','','','','','','','None','False','','ha_downs43@example.org','','','','','','','','None','Downs','False','','','','','','','','English','Haley','','','','','626.477.2852x72485','','','','','','','','None','','','','','','','','','False','','','','','None','','','','','','h_downs@example.net','ha_downs43@example.org','Home','Personal','','False','Home','haley-downs@example.com','637-156-7554','0.0','','','','','0.0','','0.0','','','','0.0','','','','0.0','0.0','0.0','0.0','0.0','0.0','0.0','0.0','0.0','0.0','0.0','','','','','0.0','0.0','False','False','False','False','False','','','','','','','','','','','','0.0','False','106','','','','','');
INSERT INTO "Contact" VALUES(162,'','','','','','','','None','','','GDH93IZV','Police large people live candidate.','None','False','2012-03-25','mepace@example.net','','','','','','','','None','Megan','False','','','','Share democratic life bar. Room cell claim night. Author my network notice statement.','','Medical/Mental Health','Initial Inquiry','English','Pace','None','General info/Other','Moses, Arnold and Cohen','Russian','571-064-5508x236','Trainer','Customer.','Prefer not to answer','','','','','None','','','','','','','','','False','','','','Psychiatric;Autism','Discontinued','Active Projects- State Registration','','','','','me.pace@example.org','mepace@example.net','Home','Personal','Home','False','Home','mepace@example.org','+1-007-445-6432x1480','0.0','36539.0','1983','2022-02-27','69163.0','0.0','2022-04-28','0.0','2022-09-28','Activity head bed same none use song. Current class standard example.','On decision increase. Than about will. Field none floor control. Agency final husband serve.','0.0','2022-05-20','2022-03-20','Household__c.Informal_Greeting__c','0.0','0.0','0.0','0.0','0.0','0.0','0.0','0.0','0.0','0.0','0.0','1655.0','53296.0','34030.0','71320.0','0.0','0.0','False','False','False','True','False','20908.0','2022-06-22','28328.0','2022-12-12','80844.0','','46805.0','11047.0','29074.0','2274.0','2167.0','0.0','False','106','','','','70','');
INSERT INTO "Contact" VALUES(163,'','','','','','','','None','','','42Q3RX1V','Type school throughout suffer really our safe future.','None','False','2014-07-26','sa+garcia@example.com','','','','','','','','None','Sandy','False','','','','Whatever successful authority structure behind. Whose cultural often speech. Leave purpose far turn level. Worry task scene myself agree social turn tend.','','Disability Advocacy','Inactive','English','Garcia','None','Sponsorship/Donations','Ellison, Howell and Murillo','German','001-797-389-6691x50234','Volunteer;Trainer','Space.','Prefer to self-describe','','','','','None','','','','','','','','','False','','','','Mobility','Suspended','Active Projects- Academy','','','','','sagarcia7@example.net','sa+garcia@example.com','Home','Personal','Home','False','Other','sandy+garcia1993@example.org','779-653-5735x517','0.0','97585.0','2016','2022-04-23','32054.0','0.0','2022-03-28','0.0','2023-01-27','Knowledge her leg live. Interest power school serve.','South field over including doctor. Parent art newspaper national media beyond.','0.0','2022-11-24','2022-03-25','Household__c.Informal_Greeting__c','0.0','0.0','0.0','0.0','0.0','0.0','0.0','0.0','0.0','0.0','0.0','99460.0','681.0','15467.0','6072.0','0.0','0.0','False','False','False','True','False','70885.0','2022-03-01','3187.0','2022-09-15','90995.0','','68655.0','9344.0','25868.0','1242.0','39586.0','0.0','False','106','','','','70','');
INSERT INTO "Contact" VALUES(164,'','','','','','','','','','','','','None','False','','carol-short1@example.org','','','','','','','','None','Short','False','','','','','','','','English','Carol','','','','','2402776748','','','','','','','','None','','','','','','','','','False','','','','','None','','','','','','c+short1963@example.net','cshort@example.net','Home','Personal','Work','False','Work','ca_short1973@example.org','505-031-2059','0.0','','','','','0.0','','0.0','','','','0.0','','','','0.0','0.0','0.0','0.0','0.0','0.0','0.0','0.0','0.0','0.0','0.0','','','','','0.0','0.0','False','False','False','False','False','','','','','','','','','','','','0.0','False','108','','','','','');
INSERT INTO "Contact" VALUES(165,'','','','','','','','','','','','','None','False','','m.simon@example.org','','','','','','','','None','Simon','False','','','','','','','','English','Mariah','','','','','604-896-9910','','','','','','','','None','','','','','','','','','False','','','','','None','','','','','','m+simon@example.net','m.simon@example.org','Home','Personal','','False','Work','ma-simon63@example.com','+1-984-131-7541x688','0.0','','','','','0.0','','0.0','','','','0.0','','','','0.0','0.0','0.0','0.0','0.0','0.0','0.0','0.0','0.0','0.0','0.0','','','','','0.0','0.0','False','False','False','False','False','','','','','','','','','','','','0.0','False','109','','','','','');
INSERT INTO "Contact" VALUES(166,'','','','','','','','','','','','','None','False','','raynash@example.com','','','','','','','','None','Nash','False','','','','','','','','English','Ray','','','','','299-608-1480x8160','','','','','','','','None','','','','','','','','','False','','','','','None','','','','','','r+nash09@example.com','raynash@example.com','Home','Personal','','False','Other','ra.nash66@example.com','450.974.1746','0.0','','','','','0.0','','0.0','','','','0.0','','','','0.0','0.0','0.0','0.0','0.0','0.0','0.0','0.0','0.0','0.0','0.0','','','','','0.0','0.0','False','False','False','False','False','','','','','','','','','','','','0.0','False','109','','','','','');
INSERT INTO "Contact" VALUES(167,'','','','','','','','None','','','41JMKPOR','Nice season day always system such lose.','In ADSiM','False','2012-08-24','t-wilkinson9@example.net','','','','','','','','In Training','Tommy','False','','','','Assume bag range source five full number.','','Education/Course Development','Active','English','Wilkinson','Inactive','General info/Other','Douglas Inc','Spanish','563.796.2068x47955','Volunteer;Team Facilitator Lead;Client','Drop book.','She/Her','','','','','None','','','','','','','','','False','','','','Mobility','None','Active Projects- Research and Development','','','','','t_wilkinson6@example.net','t-wilkinson9@example.net','Home','Personal','Home','False','Work','tommy+wilkinson2000@example.org','(972)322-6578x044','0.0','62934.0','1973','2022-08-12','32658.0','0.0','2022-10-02','0.0','2022-06-09','Region debate voice consumer these staff. Begin more ask. Response see only respond part.','Cost each start of because. Evidence material executive.','0.0','2022-03-24','2022-10-15','Household__c.Informal_Greeting__c','0.0','0.0','0.0','0.0','0.0','0.0','0.0','0.0','0.0','0.0','0.0','75367.0','73356.0','7078.0','19688.0','0.0','0.0','False','False','False','True','False','47569.0','2022-07-25','98961.0','2022-06-04','46340.0','','50929.0','3774.0','4967.0','2817.0','43552.0','0.0','False','109','','','','71','');
INSERT INTO "Contact" VALUES(168,'','','','','','','','','','','','','None','False','','to.campbell@example.com','','','','','','','','None','Campbell','False','','','','','','','','English','Todd','','','','','(524)499-9145','','','','','','','','None','','','','','','','','','False','','','','','None','','','','','','t.campbell4@example.net','to.campbell@example.com','Home','Personal','','False','Other','todd+campbell2004@example.com','+1-095-995-3494x45972','0.0','','','','','0.0','','0.0','','','','0.0','','','','0.0','0.0','0.0','0.0','0.0','0.0','0.0','0.0','0.0','0.0','0.0','','','','','0.0','0.0','False','False','False','False','False','','','','','','','','','','','','0.0','False','8','','','','','');
INSERT INTO "Contact" VALUES(169,'','','','','','','','','','','','','None','False','','kaylee-parsons@example.com','','','','','','','','None','Parsons','False','','','','','','','','English','Kaylee','','','','','001-435-477-2063','','','','','','','','None','','','','','','','','','False','','','','','None','','','','','','ka.parsons9@example.com','kaylee-parsons@example.com','Home','Personal','','False','Other','ka-parsons1997@example.org','(647)190-5297','0.0','','','','','0.0','','0.0','','','','0.0','','','','0.0','0.0','0.0','0.0','0.0','0.0','0.0','0.0','0.0','0.0','0.0','','','','','0.0','0.0','False','False','False','False','False','','','','','','','','','','','','0.0','False','8','','','','','');
INSERT INTO "Contact" VALUES(170,'','','','','','','','Initial Inquiry','','','42Q3XX3N','Keep government safe public.','None','True','2010-10-10','da_rowe8@example.net','','','','','','','','None','Danny','False','','','','Save national people safe middle recognize ask. Take plan treat team. While sure throughout country cell draw.','','Fundraising/Grants','None','American Sign Language','Rowe','None','Client Certification','Cuevas, Ward and Lyons','Vietnamese','6864939815','Staff','Reduce.','Prefer not to answer','','','','','None','','','','','','','','','True','','','','Autism','None','Active Projects- Dog Availability','','','','','drowe@example.net','da_rowe8@example.net','Home','Personal','Home','False','Work','danny-rowe5@example.net','7429018581','0.0','49298.0','2016','2022-06-11','70103.0','0.0','2022-11-23','0.0','2022-04-01','Decide science energy contain bar. Vote instead right ahead ability six close. Stage form face.','Charge himself may leave alone growth. Student woman early beat. List morning religious method.','0.0','2022-08-13','2022-11-11','Household__c.Name','0.0','0.0','0.0','0.0','0.0','0.0','0.0','0.0','0.0','0.0','0.0','28334.0','81859.0','64698.0','70041.0','0.0','0.0','False','False','False','False','True','86642.0','2022-06-20','62339.0','2022-07-25','65771.0','','75368.0','67936.0','30235.0','41893.0','629.0','0.0','False','8','','','','72','');
INSERT INTO "Contact" VALUES(171,'','','','','','','','Onboarding','','','41JLZA2Z','Must new Congress play glass.','Onboarding','True','2018-03-13','j-perry@example.com','','','','','','','','None','Jeanne','False','','','','Reduce economic deal professor. Less catch concern different point.','','Fundraising/Grants','Onboarding','Portuguese','Perry','None','Trainer Certification','Harrell PLC','Vietnamese','475.365.3957','Client;Puppy Raiser','Mean.','She/Her','','','','','Inactive','','','','','','','','','True','','','','Narcolepsy Alert','None','Active Projects- Academy','','','','','jperry2@example.org','j-perry@example.com','Home','Personal','Home','False','Home','je.perry11@example.org','674-011-8009x3658','0.0','49644.0','1993','2022-12-06','80519.0','0.0','2022-07-24','0.0','2022-06-19','Service service let recent director technology your.','National pick commercial federal. Only husband break stage send song night drug.','0.0','2022-02-19','2022-05-02','Household__c.Informal_Greeting__c','0.0','0.0','0.0','0.0','0.0','0.0','0.0','0.0','0.0','0.0','0.0','50032.0','95982.0','14589.0','87460.0','0.0','0.0','False','False','False','True','False','67936.0','2022-07-21','69036.0','2022-10-17','84720.0','','69097.0','49919.0','37577.0','30082.0','88131.0','0.0','False','8','','','','72','');
INSERT INTO "Contact" VALUES(172,'','','','','','','','Active','','','AO2MFB03','Character receive executive officer me clearly along.','None','False','2000-02-21','ge.savage1971@example.com','','','','','','','','None','Gene','False','','','','Professional perform decision food. American risk land game picture indicate same campaign. Lawyer media address dream act.','','Social Media','Initial Inquiry','English','Savage','None','Sponsorship/Donations','Massey LLC','Spanish','216.595.8044x6819','Volunteer','Heart.','He/Him','','','','','None','','','','','','','','','True','','','','Narcolepsy Alert','None','Active Projects- State Registration','','','','','ge+savage1955@example.com','ge.savage1971@example.com','Home','Personal','Home','False','Home','g_savage88@example.net','+1-362-886-5245x5063','0.0','48235.0','1985','2023-01-31','17774.0','0.0','2022-03-07','0.0','2022-06-04','He movement letter partner news always. Should medical approach. Trouble purpose service owner.','Only phone hair project huge window. Clearly west edge interesting point.','0.0','2022-03-08','2022-12-16','Household__c.Formal_Greeting__c','0.0','0.0','0.0','0.0','0.0','0.0','0.0','0.0','0.0','0.0','0.0','56806.0','31512.0','61543.0','89314.0','0.0','0.0','False','False','True','False','False','58094.0','2022-07-23','45150.0','2022-04-16','61958.0','','35349.0','18322.0','14664.0','37660.0','54445.0','0.0','False','8','','','','72','');
INSERT INTO "Contact" VALUES(173,'','','','','','','','','','','','','None','False','','gabrielle_bennett1958@example.com','','','','','','','','None','Bennett','False','','','','','','','','English','Gabrielle','','','','','(004)162-0529x28163','','','','','','','','None','','','','','','','','','False','','','','','None','','','','','','ga-bennett2@example.org','gabrielle_bennett1958@example.com','Home','Personal','','False','Work','gabrielle.bennett2003@example.com','(870)447-1319','0.0','','','','','0.0','','0.0','','','','0.0','','','','0.0','0.0','0.0','0.0','0.0','0.0','0.0','0.0','0.0','0.0','0.0','','','','','0.0','0.0','False','False','False','False','False','','','','','','','','','','','','0.0','False','116','','','','','');
INSERT INTO "Contact" VALUES(174,'','','','','','','','','','','','','None','False','','lonnie-huber@example.org','','','','','','','','None','Huber','False','','','','','','','','English','Lonnie','','','','','603.539.1527','','','','','','','','None','','','','','','','','','False','','','','','None','','','','','','lo.huber@example.com','lonnie-huber@example.org','Home','Personal','','False','Other','lo-huber2@example.net','9027788653','0.0','','','','','0.0','','0.0','','','','0.0','','','','0.0','0.0','0.0','0.0','0.0','0.0','0.0','0.0','0.0','0.0','0.0','','','','','0.0','0.0','False','False','False','False','False','','','','','','','','','','','','0.0','False','116','','','','','');
INSERT INTO "Contact" VALUES(175,'','','','','','','','Onboarding','','','AO2M7L83','Section international heavy talk read beautiful.','Certified','True','2008-03-14','maria.palmer1@example.net','','','','','','','','None','Maria','False','','','','May store edge chance region carry.','','Disability Advocacy','None','German','Palmer','None','Client Certification','Stark-Hull','Russian','218-581-0236','Client;Puppy Raiser','Back.','He/Him','','','','','Certified-Active','','','','','','','','','False','','','','Hearing Alert','None','Active Projects- Team Facilitator Certification','','','','','ma-palmer55@example.com','maria.palmer1@example.net','Home','Personal','Home','False','Home','ma.palmer1@example.org','001-105-747-6849','0.0','2134.0','2017','2022-04-25','21675.0','0.0','2022-06-13','0.0','2022-02-25','Owner follow speech within.','Still television determine material interview. Cut close to former to later establish.','0.0','2023-01-17','2022-11-15','Household__c.Formal_Greeting__c','0.0','0.0','0.0','0.0','0.0','0.0','0.0','0.0','0.0','0.0','0.0','22747.0','76973.0','76218.0','63843.0','0.0','0.0','False','False','True','False','False','9015.0','2022-08-10','64092.0','2022-06-28','42395.0','','99961.0','39400.0','77956.0','80893.0','80012.0','0.0','False','116','','','','74','');
INSERT INTO "Contact" VALUES(176,'','','','','','','','Onboarding','','','DL5VSE6J','So create author pull debate husband board.','Onboarding','False','2003-11-05','carly.blanchard@example.com','','','','','','','','None','Carly','False','','','','Nothing actually its political under picture from man. Involve gun return meet over modern beautiful environment.','','Website development','Active','English','Blanchard','None','Assistance Dogs Set in Motion Program','Santos, Coffey and Huynh','Spanish','020.963.3753x29586','Volunteer;Client','Explain.','They/Them','','','','','None','','','','','','','','','False','','','','Psychiatric;Autism','None','Sensitive Info- Board','','','','','ca_blanchard1968@example.org','carly.blanchard@example.com','Home','Personal','Home','False','Work','ca-blanchard89@example.org','+1-777-424-4548x440','0.0','95818.0','2002','2022-10-16','29945.0','0.0','2022-05-08','0.0','2022-04-19','Because ability according. Interview of nature where.','Under level nature. Bar reason focus human little.','0.0','2022-12-02','2022-08-14','Household__c.Name','0.0','0.0','0.0','0.0','0.0','0.0','0.0','0.0','0.0','0.0','0.0','54187.0','5796.0','86441.0','63279.0','0.0','0.0','False','False','False','False','True','60538.0','2022-04-05','9277.0','2022-09-04','36407.0','','3297.0','92259.0','83486.0','18718.0','4255.0','0.0','False','116','','','','74','');
INSERT INTO "Contact" VALUES(177,'','','','','','','','Inactive','','','5JO5ORV7','Loss fund movie feel still fight.','None','False','2001-01-27','leonshea90@example.com','','','','','','','','Onboarding','Leon','False','','','','Ten local think growth. American reality PM job pull. Level risk exist dinner hundred social actually.','','Outreach/Networking','Inactive','English','Shea','None','Client Certification','Hawkins Ltd','Italian','001-065-684-0833x9641','Team Facilitator','Fund.','Prefer to self-describe','','','','','None','','','','','','','','','True','','','','Mobility;Autism','None','Operations- Trainer','','','','','leshea@example.net','leonshea90@example.com','Home','Personal','Home','False','Home','le_shea0@example.com','+1-179-641-0718x47260','0.0','55561.0','2002','2022-09-11','9039.0','0.0','2022-09-24','0.0','2022-08-15','Daughter her sign himself. Sing group station entire sign finally.','Although guess organization. Everyone conference middle economy sense space action.','0.0','2022-07-23','2022-11-02','Household__c.Name','0.0','0.0','0.0','0.0','0.0','0.0','0.0','0.0','0.0','0.0','0.0','77844.0','93673.0','35725.0','56556.0','0.0','0.0','False','False','False','False','True','30071.0','2022-09-06','99749.0','2022-11-11','52069.0','','47840.0','18994.0','82317.0','73795.0','89814.0','0.0','False','116','','','','74','');
INSERT INTO "Contact" VALUES(178,'','','','','','','','','','','','','None','False','','stanley+vincent01@example.net','','','','','','','','None','Vincent','False','','','','','','','','English','Stanley','','','','','(158)955-5080x0136','','','','','','','','None','','','','','','','','','False','','','','','None','','','','','','s_vincent05@example.org','stanley+vincent01@example.net','Home','Personal','','False','Home','st-vincent74@example.net','493-977-6593','0.0','','','','','0.0','','0.0','','','','0.0','','','','0.0','0.0','0.0','0.0','0.0','0.0','0.0','0.0','0.0','0.0','0.0','','','','','0.0','0.0','False','False','False','False','False','','','','','','','','','','','','0.0','False','118','','','','','');
INSERT INTO "Contact" VALUES(179,'','','','','','','','','','','','','None','False','','mo-downs@example.com','','','','','','','','None','Downs','False','','','','','','','','English','Morgan','','','','','352.516.5438x51189','','','','','','','','None','','','','','','','','','False','','','','','None','','','','','','mo+downs@example.org','mo-downs@example.com','Home','Personal','','False','Work','mo+downs9@example.net','651-888-7315x4516','0.0','','','','','0.0','','0.0','','','','0.0','','','','0.0','0.0','0.0','0.0','0.0','0.0','0.0','0.0','0.0','0.0','0.0','','','','','0.0','0.0','False','False','False','False','False','','','','','','','','','','','','0.0','False','118','','','','','');
INSERT INTO "Contact" VALUES(180,'','','','','','','','None','','','EGNSMLA3','People institution evidence his contain him future.','Discontinued','False','2009-05-28','j_shaw@example.com','','','','','','','','None','Jeffery','False','','','','Recently ground job oil surface paper claim. Recognize newspaper provide candidate.','','Outreach/Networking','None','English','Shaw','None','Trainer Certification','Humphrey-Petty','Spanish;French','855-007-1839x52620','Volunteer;Client','Perhaps.','They/Them','','','','','None','','','','','','','','','False','','','','Medical Incident Assist','None','Operations- Master Docs - READ ONLY','','','','','jeshaw@example.net','j_shaw@example.com','Home','Personal','Home','False','Home','jefferyshaw7@example.com','(613)288-6974x618','0.0','84721.0','1972','2023-02-03','32977.0','0.0','2022-12-10','0.0','2022-08-20','Boy hour such already matter city state. Man sign on American society.','City grow western her miss general garden. Help heavy show whose myself seat cut.','0.0','2022-10-12','2022-04-18','Household__c.Formal_Greeting__c','0.0','0.0','0.0','0.0','0.0','0.0','0.0','0.0','0.0','0.0','0.0','52664.0','5153.0','92752.0','7034.0','0.0','0.0','False','False','True','False','False','74095.0','2022-09-19','27632.0','2023-01-27','80657.0','','80371.0','18208.0','21590.0','70404.0','90790.0','0.0','False','118','','','','75','');
INSERT INTO "Contact" VALUES(181,'','','','','','','','Initial Inquiry','','','2AUHPB1V','Popular whole according religious player.','Onboarding','False','2019-02-26','st.mendez80@example.net','','','','','','','','None','Stacie','False','','','','Page start poor news speak.','','Outreach/Networking','Initial Inquiry','Arabic','Mendez','None','General info/Other','Walters, Brewer and Rasmussen','Cantonese','001-979-278-0798x57439','Client','Work once.','She/Her','','','','','None','','','','','','','','','False','','','','Seizure Response','None','Sensitive Info- Board','','','','','smendez9@example.org','st.mendez80@example.net','Home','Personal','Home','False','Home','stacie-mendez@example.net','+1-837-272-8328','0.0','49541.0','1978','2022-12-13','99432.0','0.0','2022-03-05','0.0','2022-12-18','Also tree on during whom throughout. Degree avoid fly say suddenly. Local management next image.','Modern back dark bill official. Reality management service deal. Low pretty TV toward two piece.','0.0','2022-05-07','2022-04-06','Household__c.Formal_Greeting__c','0.0','0.0','0.0','0.0','0.0','0.0','0.0','0.0','0.0','0.0','0.0','92474.0','85212.0','16025.0','84920.0','0.0','0.0','False','False','True','False','False','2544.0','2022-08-06','11238.0','2022-04-16','48542.0','','6112.0','58235.0','84477.0','63979.0','94687.0','0.0','False','118','','','','75','');
INSERT INTO "Contact" VALUES(182,'','','','','','','','','','','','','None','False','','fe_durham1951@example.net','','','','','','','','None','Durham','False','','','','','','','','English','Fernando','','','','','001-601-054-5691x09169','','','','','','','','None','','','','','','','','','False','','','','','None','','','','','','fe+durham3@example.org','fe_durham1951@example.net','Home','Personal','','False','Work','fedurham2003@example.net','(566)297-1611x5376','0.0','','','','','0.0','','0.0','','','','0.0','','','','0.0','0.0','0.0','0.0','0.0','0.0','0.0','0.0','0.0','0.0','0.0','','','','','0.0','0.0','False','False','False','False','False','','','','','','','','','','','','0.0','False','120','','','','','');
INSERT INTO "Contact" VALUES(183,'','','','','','','','','','','','','None','False','','lynn.holder1958@example.com','','','','','','','','None','Holder','False','','','','','','','','English','Lynn','','','','','339-586-1610','','','','','','','','None','','','','','','','','','False','','','','','None','','','','','','lynn-holder90@example.com','lynn.holder1958@example.com','Home','Personal','','False','Work','ly.holder1953@example.net','973.827.4806x8856','0.0','','','','','0.0','','0.0','','','','0.0','','','','0.0','0.0','0.0','0.0','0.0','0.0','0.0','0.0','0.0','0.0','0.0','','','','','0.0','0.0','False','False','False','False','False','','','','','','','','','','','','0.0','False','120','','','','','');
INSERT INTO "Contact" VALUES(184,'','','','','','','','Initial Inquiry','','','GDH9510B','Air contain card.','Certified','True','2017-11-19','s+gamble80@example.net','','','','','','','','Discontinued','Sheila','False','','','','Market free able. Across level bar evidence send conference. However close must threat more.','','Education/Course Development','Onboarding','English','Gamble','Inactive','Client Certification','Salas and Sons','Spanish','001-593-916-3487x50813','Volunteer;Team Facilitator Lead;Client','Analysis.','He/Him','','','','','None','','','','','','','','','True','','','','Psychiatric;Autism','None','Operations- Master Docs - READ ONLY','','','','','s.gamble@example.net','s+gamble80@example.net','Home','Personal','Home','False','Work','s-gamble05@example.com','+1-273-465-1546x6838','0.0','89342.0','1991','2022-11-29','24462.0','0.0','2022-09-20','0.0','2022-05-15','Spend successful hope policy poor few a. Suddenly north American wind use me.','Surface mission then year land. Room great fear. Artist sell whatever.','0.0','2022-08-07','2022-05-01','Household__c.Formal_Greeting__c','0.0','0.0','0.0','0.0','0.0','0.0','0.0','0.0','0.0','0.0','0.0','4655.0','46305.0','41269.0','20780.0','0.0','0.0','False','False','True','False','False','24448.0','2022-06-23','51404.0','2023-01-12','88943.0','','34010.0','34490.0','12683.0','26472.0','66272.0','0.0','False','120','','','','76','');
INSERT INTO "Contact" VALUES(185,'','','','','','','','','','','','','None','False','','n_peters70@example.com','','','','','','','','None','Peters','False','','','','','','','','English','Nichole','','','','','713-878-8019x6466','','','','','','','','None','','','','','','','','','False','','','','','None','','','','','','nipeters51@example.com','n_peters70@example.com','Home','Personal','','False','Home','ni.peters65@example.net','590-324-9929','0.0','','','','','0.0','','0.0','','','','0.0','','','','0.0','0.0','0.0','0.0','0.0','0.0','0.0','0.0','0.0','0.0','0.0','','','','','0.0','0.0','False','False','False','False','False','','','','','','','','','','','','0.0','False','122','','','','','');
INSERT INTO "Contact" VALUES(186,'','','','','','','','','','','','','None','False','','br+harris7@example.org','','','','','','','','None','Harris','False','','','','','','','','English','Brady','','','','','(052)989-3425','','','','','','','','None','','','','','','','','','False','','','','','None','','','','','','brady.harris@example.com','br+harris7@example.org','Home','Personal','','False','Other','b-harris85@example.net','664.738.4500','0.0','','','','','0.0','','0.0','','','','0.0','','','','0.0','0.0','0.0','0.0','0.0','0.0','0.0','0.0','0.0','0.0','0.0','','','','','0.0','0.0','False','False','False','False','False','','','','','','','','','','','','0.0','False','122','','','','','');
INSERT INTO "Contact" VALUES(187,'','','','','','','','Inactive','','','42Q3RPC3','Bed share just event fine.','None','True','2019-11-05','benjamin_rojas3@example.net','','','','','','','','None','Benjamin','False','','','','Fine show team resource beautiful can fill.','','Administration','Initial Inquiry','English','Rojas','None','General info/Other','Burke-Manning','Spanish','749-842-2135x21938','Volunteer;Puppy Raiser','Oil.','Prefer to self-describe','','','','','Onboarding','','','','','','','','','False','','','','Mobility;Autism','None','Active Projects- Team Facilitator Certification','','','','','benjamin-rojas@example.com','benjamin_rojas3@example.net','Home','Personal','Home','False','Work','b_rojas6@example.org','001-349-804-0229x5767','0.0','33598.0','2022','2022-09-13','14878.0','0.0','2022-09-05','0.0','2022-05-06','Item long his two according. Might ask every since.','Thousand possible who.','0.0','2022-03-02','2022-08-19','Household__c.Formal_Greeting__c','0.0','0.0','0.0','0.0','0.0','0.0','0.0','0.0','0.0','0.0','0.0','5488.0','12065.0','55645.0','96115.0','0.0','0.0','False','False','True','False','False','59934.0','2022-08-21','78145.0','2022-05-25','60651.0','','45271.0','58250.0','90571.0','25610.0','78995.0','0.0','False','122','','','','77','');
INSERT INTO "Contact" VALUES(188,'','','','','','','','Active','','','41JMK2JF','Get miss maintain friend high each.','Discontinued','False','2002-04-01','r-dixon1997@example.com','','','','','','','','None','Raymond','False','','','','Blood laugh imagine our officer prepare. Laugh story fall. Respond take assume account.','','Nonprofit Leadership','Initial Inquiry','English','Dixon','None','Volunteering','Bullock, Flynn and Vance','Spanish;French','(033)002-0642','Client;Puppy Raiser','Likely.','They/Them','','','','','Certified-Active','','','','','','','','','True','','','','Seizure Response','None','Active Projects- Research and Development','','','','','ra-dixon@example.com','r-dixon1997@example.com','Home','Personal','Home','False','Other','ra.dixon@example.com','+1-190-110-2471x91373','0.0','70300.0','2018','2023-01-09','15864.0','0.0','2022-11-16','0.0','2022-06-02','Make read them assume scientist. Catch worker draw culture.','Radio lead behind. Skill stock notice present happen everything into.','0.0','2022-04-08','2022-11-28','Household__c.Formal_Greeting__c','0.0','0.0','0.0','0.0','0.0','0.0','0.0','0.0','0.0','0.0','0.0','46663.0','62742.0','75826.0','63129.0','0.0','0.0','False','False','True','False','False','86803.0','2023-01-11','29440.0','2022-07-17','83593.0','','86135.0','67962.0','61915.0','54426.0','73457.0','0.0','False','122','','','','77','');
INSERT INTO "Contact" VALUES(189,'','','','','','','','','','','','','None','False','','ga+dalton06@example.org','','','','','','','','None','Dalton','False','','','','','','','','English','Gary','','','','','991-274-0426','','','','','','','','None','','','','','','','','','False','','','','','None','','','','','','g+dalton8@example.net','ga+dalton06@example.org','Home','Personal','','False','Home','ga.dalton1975@example.net','001-058-121-4230x9426','0.0','','','','','0.0','','0.0','','','','0.0','','','','0.0','0.0','0.0','0.0','0.0','0.0','0.0','0.0','0.0','0.0','0.0','','','','','0.0','0.0','False','False','False','False','False','','','','','','','','','','','','0.0','False','25','','','','','');
INSERT INTO "Contact" VALUES(190,'','','','','','','','Active','','','42Q3PK6B','More poor family about national once need trip.','Initial Inquiry','True','2021-10-13','s.quinn1947@example.net','','','','','','','','None','Sandra','False','','','','Garden benefit specific. Direction everything least budget push for effect commercial.','','Fundraising/Grants','Active','English','Quinn','None','Teams Set in Motion Program','Herman-Wang','Spanish','117-428-6042','Client','Research.','Prefer to self-describe','','','','','None','','','','','','','','','True','','','','Autism','None','Operations- Client','','','','','sa-quinn1968@example.com','s.quinn1947@example.net','Home','Personal','Home','False','Other','s+quinn08@example.net','(105)294-2526x47296','0.0','49015.0','1983','2022-05-21','81312.0','0.0','2022-08-22','0.0','2022-03-21','Card movie treat purpose southern that church mention. Class senior respond meeting fish sing.','Draw town type through yourself edge. Daughter business main usually or lawyer.','0.0','2022-07-09','2022-06-24','Household__c.Informal_Greeting__c','0.0','0.0','0.0','0.0','0.0','0.0','0.0','0.0','0.0','0.0','0.0','75229.0','80782.0','59637.0','83279.0','0.0','0.0','False','False','False','True','False','77989.0','2022-12-21','24683.0','2022-08-06','1248.0','','44841.0','81337.0','72993.0','88967.0','96145.0','0.0','False','197','','','','45','');
INSERT INTO "Contact" VALUES(191,'','','','','','','','Initial Inquiry','','','41JMOSAJ','Talk color tonight movie.','None','False','2010-06-14','sh+wall4@example.com','','','','','','','','None','Shirley','False','','','','Choice small TV several. And traditional teacher day person performance cultural. Treat indicate have other choose trial history.','','Fundraising/Grants','Active','English','Wall','None','Sponsorship/Donations','Lamb-Larson','Italian','328-754-3397','Donor','Beyond.','Prefer to self-describe','','','','','None','','','','','','','','','True','','','','Narcolepsy Alert','None','Active Projects- Community Outreach and Education','','','','','shirley-wall2000@example.net','sh+wall4@example.com','Home','Personal','Home','False','Other','swall8@example.com','7079045965','0.0','97103.0','1998','2022-04-01','89095.0','0.0','2022-10-20','0.0','2022-06-01','Model quite foreign pattern.','Authority rather manager central. Team father Mrs. Remain your probably very land walk.','0.0','2022-04-25','2022-08-18','Household__c.Name','0.0','0.0','0.0','0.0','0.0','0.0','0.0','0.0','0.0','0.0','0.0','42717.0','32071.0','71956.0','21742.0','0.0','0.0','False','False','False','False','True','6930.0','2022-12-12','46742.0','2023-01-27','67583.0','','38844.0','22530.0','26653.0','43240.0','53962.0','0.0','False','197','','','','45','');
INSERT INTO "Contact" VALUES(192,'','','','','','','','Initial Inquiry','','','AO2M9Y3N','Success believe course old must stuff impact set.','Decertified','True','2022-04-14','a_sampson76@example.com','','','','','','','','Inactive','Ariana','False','','','','Blood majority my lose. Relationship form standard similar central expert my. Firm city best PM cut always.','','Disability Advocacy','Inactive','English','Sampson','Active','Trainer Certification','Mendoza-Clark','Tagalog','(819)817-6513','Volunteer;Team Facilitator Lead;Client','Price.','They/Them','','','','','None','','','','','','','','','False','','','','Autism','None','Operations- Financial','','','','','ar.sampson80@example.org','a_sampson76@example.com','Home','Personal','Home','False','Other','a.sampson1948@example.com','(235)657-2181x91545','0.0','85292.0','1990','2023-01-21','71838.0','0.0','2022-06-11','0.0','2022-10-21','Account three family hotel. Rate range base loss risk. Medical pick quality tax behavior.','Shoulder would pick fact which close analysis. Exactly after music quite decide sure section.','0.0','2022-12-26','2023-01-30','Household__c.Name','0.0','0.0','0.0','0.0','0.0','0.0','0.0','0.0','0.0','0.0','0.0','36108.0','14699.0','45435.0','2970.0','0.0','0.0','False','False','False','False','True','85218.0','2022-07-31','89368.0','2022-05-03','75998.0','','2.0','54777.0','31229.0','30833.0','26112.0','0.0','False','197','','','','45','');
INSERT INTO "Contact" VALUES(193,'','','','','','','','','','','','','None','False','','mlawson2009@example.net','','','','','','','','None','Lawson','False','','','','','','','','English','Martin','','','','','897.254.9681','','','','','','','','None','','','','','','','','','False','','','','','None','','','','','','martin.lawson9@example.net','malawson@example.com','Home','Personal','Work','False','Work','malawson1968@example.net','(960)284-6762x96257','0.0','','','','','0.0','','0.0','','','','0.0','','','','0.0','0.0','0.0','0.0','0.0','0.0','0.0','0.0','0.0','0.0','0.0','','','','','0.0','0.0','False','False','False','False','False','','','','','','','','','','','','0.0','False','199','','','','','');
INSERT INTO "Contact" VALUES(194,'','','','','','','','','','','','','None','False','','yvonne.sweeney80@example.com','','','','','','','','None','Sweeney','False','','','','','','','','English','Yvonne','','','','','+1-986-494-8551x816','','','','','','','','None','','','','','','','','','False','','','','','None','','','','','','yv+sweeney2010@example.org','yvonne.sweeney80@example.com','Home','Personal','','False','Work','y.sweeney8@example.com','615-777-6552x2995','0.0','','','','','0.0','','0.0','','','','0.0','','','','0.0','0.0','0.0','0.0','0.0','0.0','0.0','0.0','0.0','0.0','0.0','','','','','0.0','0.0','False','False','False','False','False','','','','','','','','','','','','0.0','False','200','','','','','');
INSERT INTO "Contact" VALUES(195,'','','','','','','','','','','','','None','False','','br_dudley1952@example.org','','','','','','','','None','Dudley','False','','','','','','','','English','Bradley','','','','','(735)775-5352x59939','','','','','','','','None','','','','','','','','','False','','','','','None','','','','','','b.dudley61@example.com','br_dudley1952@example.org','Home','Personal','','False','Work','bradley_dudley5@example.net','229.442.9804x054','0.0','','','','','0.0','','0.0','','','','0.0','','','','0.0','0.0','0.0','0.0','0.0','0.0','0.0','0.0','0.0','0.0','0.0','','','','','0.0','0.0','False','False','False','False','False','','','','','','','','','','','','0.0','False','200','','','','','');
INSERT INTO "Contact" VALUES(196,'','','','','','','','Onboarding','','','DL5VWW7V','Range house individual recent impact yet safe.','None','True','2016-11-14','ggentry@example.com','','','','','','','','None','Gabriella','False','','','','Citizen message point night yes necessary. Indicate whom specific doctor exactly. Nor conference play.','','Administration','Active','English','Gentry','None','General info/Other','Petty Inc','French','001-815-703-7360','Volunteer','Home.','She/Her','','','','','None','','','','','','','','','True','','','','Narcolepsy Alert','None','Sensitive Info- Trainer','','','','','ggentry@example.com','ggentry@example.com','Home','Personal','Home','False','Other','ga.gentry5@example.net','776-720-1378','0.0','30945.0','2009','2022-09-15','54021.0','0.0','2022-10-01','0.0','2023-01-29','Value wall coach. Hundred where face.','Public main their half I score. Base movement difference movement recognize.','0.0','2022-04-30','2022-06-14','Household__c.Informal_Greeting__c','0.0','0.0','0.0','0.0','0.0','0.0','0.0','0.0','0.0','0.0','0.0','45834.0','17072.0','99948.0','78606.0','0.0','0.0','False','False','False','True','False','81288.0','2022-08-30','61980.0','2022-11-05','84621.0','','7657.0','90416.0','75372.0','45495.0','3341.0','0.0','False','200','','','','46','');
INSERT INTO "Contact" VALUES(197,'','','','','','','','Inactive','','','5JO5RK6B','For some to mind.','Certified','False','2003-03-16','leah_michael66@example.com','','','','','','','','None','Leah','False','','','','Against start section parent maybe. Evidence treat sit particular shoulder actually over.','','Fundraising/Grants','Onboarding','Italian','Michael','None','Client Certification','Norton PLC','Korean','530.299.2393','Client','Find like.','They/Them','','','','','None','','','','','','','','','False','','','','Mobility;Autism','None','Active Projects- Client Certification','','','','','lemichael1993@example.org','leah_michael66@example.com','Home','Personal','Home','False','Other','l_michael95@example.org','313-694-0277','0.0','20073.0','1988','2022-04-19','27301.0','0.0','2022-11-10','0.0','2022-11-16','Read father first organization important natural. Recently argue light lead southern.','General above agree edge major strong. Radio improve parent receive child already.','0.0','2022-05-19','2022-11-11','Household__c.Name','0.0','0.0','0.0','0.0','0.0','0.0','0.0','0.0','0.0','0.0','0.0','14953.0','14615.0','60883.0','85966.0','0.0','0.0','False','False','False','False','True','24674.0','2022-12-07','4618.0','2022-08-25','27388.0','','26503.0','34067.0','70497.0','76324.0','86477.0','0.0','False','200','','','','46','');
INSERT INTO "Contact" VALUES(198,'','','','','','','','','','','','','None','False','','a_jensen1943@example.com','','','','','','','','None','Jensen','False','','','','','','','','English','Alex','','','','','(718)270-6207x3257','','','','','','','','None','','','','','','','','','False','','','','','None','','','','','','alex-jensen@example.net','a_jensen1943@example.com','Home','Personal','','False','Work','alexjensen8@example.com','044.041.6172x9289','0.0','','','','','0.0','','0.0','','','','0.0','','','','0.0','0.0','0.0','0.0','0.0','0.0','0.0','0.0','0.0','0.0','0.0','','','','','0.0','0.0','False','False','False','False','False','','','','','','','','','','','','0.0','False','56','','','','','');
INSERT INTO "Contact" VALUES(199,'','','','','','','','','','','','','None','False','','a_huff@example.com','','','','','','','','None','Huff','False','','','','','','','','English','Anita','','','','','6413773895','','','','','','','','None','','','','','','','','','False','','','','','None','','','','','','a.huff@example.com','a_huff@example.com','Home','Personal','','False','Other','a+huff3@example.org','(320)956-7644x088','0.0','','','','','0.0','','0.0','','','','0.0','','','','0.0','0.0','0.0','0.0','0.0','0.0','0.0','0.0','0.0','0.0','0.0','','','','','0.0','0.0','False','False','False','False','False','','','','','','','','','','','','0.0','False','56','','','','','');
INSERT INTO "Contact" VALUES(200,'','','','','','','','Active','','','5JO55P4Z','Be because until similar herself.','None','True','2000-02-03','mary.haas63@example.org','','','','','','','','Discontinued','Mary','False','','','','Tell require about. Land ready practice born artist require.','','SEO','Active','English','Haas','None','Team Facilitator Certification','Wiggins, Benitez and Francis','Cantonese','4273046309','Volunteer;Team Facilitator','Quickly.','Prefer to self-describe','','','','','None','','','','','','','','','False','','','','Narcolepsy Alert','None','Sensitive Info- Board','','','','','mary+haas0@example.org','mary.haas63@example.org','Home','Personal','Home','False','Other','m.haas1967@example.com','664.820.7707x0295','0.0','25551.0','2018','2022-04-07','62999.0','0.0','2022-05-29','0.0','2022-09-15','For feel generation market church. Step democratic experience nature author act.','Than first site myself. But TV we rate data animal.','0.0','2022-05-18','2022-06-14','Household__c.Formal_Greeting__c','0.0','0.0','0.0','0.0','0.0','0.0','0.0','0.0','0.0','0.0','0.0','97690.0','37349.0','99482.0','20767.0','0.0','0.0','False','False','True','False','False','89636.0','2022-06-17','9256.0','2022-09-22','53407.0','','80617.0','69978.0','51710.0','11432.0','88522.0','0.0','False','56','','','','48','');
INSERT INTO "Contact" VALUES(201,'','','','','','','','','','','','','None','False','','lotucker9@example.com','','','','','','','','None','Tucker','False','','','','','','','','English','Loretta','','','','','+1-837-691-8859','','','','','','','','None','','','','','','','','','False','','','','','None','','','','','','l+tucker1949@example.net','lotucker9@example.com','Home','Personal','','False','Other','l_tucker0@example.org','(193)708-3934','0.0','','','','','0.0','','0.0','','','','0.0','','','','0.0','0.0','0.0','0.0','0.0','0.0','0.0','0.0','0.0','0.0','0.0','','','','','0.0','0.0','False','False','False','False','False','','','','','','','','','','','','0.0','False','58','','','','','');
INSERT INTO "Contact" VALUES(202,'','','','','','','','','','','','','None','False','','sh.mcbride4@example.com','','','','','','','','None','Mcbride','False','','','','','','','','English','Sheena','','','','','(288)521-0024x001','','','','','','','','None','','','','','','','','','False','','','','','None','','','','','','sheenamcbride62@example.org','sh.mcbride4@example.com','Home','Personal','','False','Other','sheena-mcbride1954@example.net','371.705.5776x21705','0.0','','','','','0.0','','0.0','','','','0.0','','','','0.0','0.0','0.0','0.0','0.0','0.0','0.0','0.0','0.0','0.0','0.0','','','','','0.0','0.0','False','False','False','False','False','','','','','','','','','','','','0.0','False','58','','','','','');
INSERT INTO "Contact" VALUES(203,'','','','','','','','None','','','EGNS1DE3','Senior one animal might not represent.','None','False','2011-12-29','to_clay0@example.com','','','','','','','','Certified-Active','Tom','False','','','','Local economic body. Fine appear increase save they.','','Marketing and Branding','Onboarding','English','Clay','None','Sweet Snoopers Training Program','Rosario-Hurst','Arabic','313.841.9484x5350','Volunteer;Team Facilitator','Thousand.','Prefer to self-describe','','','','','None','','','','','','','','','True','','','','Mobility;Autism','None','Active Projects- Academy','','','','','tom-clay1974@example.com','to_clay0@example.com','Home','Personal','Home','False','Home','toclay3@example.com','115.901.7316x8658','0.0','55607.0','1979','2023-02-05','83717.0','0.0','2023-01-16','0.0','2022-05-29','Vote trip political hard. Develop music suggest truth describe. Ready oil improve the attack staff.','Already environment dream participant face increase cause. Save remember eat early much movie more.','0.0','2022-09-22','2022-03-27','Household__c.Formal_Greeting__c','0.0','0.0','0.0','0.0','0.0','0.0','0.0','0.0','0.0','0.0','0.0','45397.0','2056.0','80749.0','94725.0','0.0','0.0','False','False','True','False','False','57098.0','2022-11-30','75836.0','2022-07-28','45071.0','','87764.0','92670.0','28734.0','29526.0','36503.0','0.0','False','58','','','','49','');
INSERT INTO "Contact" VALUES(204,'','','','','','','','Inactive','','','2AUHO8GZ','Total produce edge myself soldier population.','Discontinued','True','2010-05-02','ja_sanders@example.com','','','','','','','','None','Jamie','False','','','','Phone several food example south. All send approach by run affect age.','','Technology/Infrastructure','Onboarding','English','Sanders','None','Sponsorship/Donations','Goodwin-Chang','Spanish','001-047-014-3610x035','Client','Even.','She/Her','','','','','None','','','','','','','','','False','','','','Hearing Alert','None','Active Projects- Scholarships','','','','','jasanders@example.com','ja_sanders@example.com','Home','Personal','Home','False','Home','jasanders@example.net','+1-628-138-0594x261','0.0','61849.0','1983','2022-12-31','60321.0','0.0','2022-10-16','0.0','2022-08-28','Describe to only training report find good. Sometimes someone remain improve white big ball.','Together defense over anyone station. Process service example quite feel.','0.0','2022-06-22','2022-03-18','Household__c.Informal_Greeting__c','0.0','0.0','0.0','0.0','0.0','0.0','0.0','0.0','0.0','0.0','0.0','74843.0','73848.0','89400.0','97012.0','0.0','0.0','False','False','False','True','False','2704.0','2022-09-08','59051.0','2022-03-02','72452.0','','2861.0','56110.0','69476.0','62759.0','88960.0','0.0','False','58','','','','49','');
INSERT INTO "Contact" VALUES(205,'','','','','','','','None','','','GDH9TOCR','Marriage give attention.','Initial Inquiry','False','2003-02-04','p.combs4@example.org','','','','','','','','None','Phillip','False','','','','Later speak main actually suddenly. Executive police meet political.','','Medical/Mental Health','Inactive','English','Combs','None','Client Certification','Beard-Adams','Arabic','9225504311','Volunteer;Client','Rule.','She/Her','','','','','None','','','','','','','','','True','','','','Diabetes Alert','None','Board','','','','','phillipcombs8@example.org','p.combs4@example.org','Home','Personal','Home','False','Home','ph_combs@example.org','868-896-0323x19483','0.0','30867.0','1994','2022-02-15','88655.0','0.0','2022-07-26','0.0','2022-10-17','Mention chance financial blue. Here bar case his drop kind goal.','Player out less natural wish those wife. Upon either home improve together recent business.','0.0','2022-03-05','2022-02-11','Household__c.Formal_Greeting__c','0.0','0.0','0.0','0.0','0.0','0.0','0.0','0.0','0.0','0.0','0.0','74765.0','88679.0','91989.0','15775.0','0.0','0.0','False','False','True','False','False','71600.0','2022-07-12','67336.0','2022-06-21','38357.0','','733.0','44278.0','10567.0','38056.0','60253.0','0.0','False','58','','','','49','');
INSERT INTO "Contact" VALUES(206,'','','','','','','','','','','','','None','False','','k_baird1945@example.org','','','','','','','','None','Baird','False','','','','','','','','English','Kristen','','','','','018-133-4374','','','','','','','','None','','','','','','','','','False','','','','','None','','','','','','k-baird50@example.net','k_baird1945@example.org','Home','Personal','','False','Home','kristenbaird0@example.org','1425343682','0.0','','','','','0.0','','0.0','','','','0.0','','','','0.0','0.0','0.0','0.0','0.0','0.0','0.0','0.0','0.0','0.0','0.0','','','','','0.0','0.0','False','False','False','False','False','','','','','','','','','','','','0.0','False','60','','','','','');
INSERT INTO "Contact" VALUES(207,'','','','','','','','','','','','','None','False','','loretta.ware@example.org','','','','','','','','None','Ware','False','','','','','','','','English','Loretta','','','','','498.930.6622','','','','','','','','None','','','','','','','','','False','','','','','None','','','','','','loware1@example.com','loretta.ware@example.org','Home','Personal','','False','Home','loretta.ware@example.com','005-218-5771','0.0','','','','','0.0','','0.0','','','','0.0','','','','0.0','0.0','0.0','0.0','0.0','0.0','0.0','0.0','0.0','0.0','0.0','','','','','0.0','0.0','False','False','False','False','False','','','','','','','','','','','','0.0','False','60','','','','','');
INSERT INTO "Contact" VALUES(208,'','','','','','','','Inactive','','','42Q3XHO3','Start face summer beyond police film.','None','False','2011-06-04','d.martinez8@example.net','','','','','','','','None','Darryl','False','','','','Once shake specific. Investment cut service every church behavior believe. Administration production public participant.','','Photography/Videography','Initial Inquiry','English','Martinez','None','Trainer Certification','Sampson-Bartlett','Vietnamese','+1-612-375-1439','Donor','Who.','Prefer not to answer','','','','','None','','','','','','','','','False','','','','Psychiatric;Autism','None','Active Projects- Team Facilitator Certification','','','','','d+martinez2@example.org','d.martinez8@example.net','Home','Personal','Home','False','Other','darrylmartinez09@example.org','(947)106-4981x7389','0.0','46342.0','1983','2023-01-13','19696.0','0.0','2022-05-21','0.0','2022-05-02','Produce agent risk tree scene yet out. Executive left nature seat production. Benefit fear product.','Art into push size. Lot time maintain.','0.0','2022-04-24','2022-09-19','Household__c.Name','0.0','0.0','0.0','0.0','0.0','0.0','0.0','0.0','0.0','0.0','0.0','55322.0','46775.0','57542.0','55939.0','0.0','0.0','False','False','False','False','True','28472.0','2022-04-23','34894.0','2023-01-30','20751.0','','78165.0','47764.0','48517.0','44784.0','58497.0','0.0','False','60','','','','50','');
INSERT INTO "Contact" VALUES(209,'','','','','','','','','','','','','None','False','','johnny+richmond98@example.com','','','','','','','','None','Richmond','False','','','','','','','','English','Johnny','','','','','(721)224-9565x442','','','','','','','','None','','','','','','','','','False','','','','','None','','','','','','johnny-richmond4@example.org','johnny+richmond98@example.com','Home','Personal','','False','Work','johnny.richmond6@example.net','648-609-5664','0.0','','','','','0.0','','0.0','','','','0.0','','','','0.0','0.0','0.0','0.0','0.0','0.0','0.0','0.0','0.0','0.0','0.0','','','','','0.0','0.0','False','False','False','False','False','','','','','','','','','','','','0.0','False','62','','','','','');
INSERT INTO "Contact" VALUES(210,'','','','','','','','','','','','','None','False','','a+pollard@example.org','','','','','','','','None','Pollard','False','','','','','','','','English','Ariel','','','','','870-397-4899x34207','','','','','','','','None','','','','','','','','','False','','','','','None','','','','','','a.pollard1960@example.org','a+pollard@example.org','Home','Personal','','False','Home','arpollard2@example.com','0433348204','0.0','','','','','0.0','','0.0','','','','0.0','','','','0.0','0.0','0.0','0.0','0.0','0.0','0.0','0.0','0.0','0.0','0.0','','','','','0.0','0.0','False','False','False','False','False','','','','','','','','','','','','0.0','False','62','','','','','');
INSERT INTO "Contact" VALUES(211,'','','','','','','','Initial Inquiry','','','41JM5PKB','Attention trial her plant rich nice.','None','True','2012-05-03','jeffrey_sherman@example.org','','','','','','','','None','Jeffrey','False','','','','Away matter simply suddenly national. Size management hard someone letter during. Grow cut boy he eye area remember. Once natural however common kid.','','Technology/Infrastructure','Initial Inquiry','German','Sherman','None','Client Certification','Dixon-Jensen','Russian','243.020.1463','Board Member','Town fire.','Prefer to self-describe','','','','','None','','','','','','','','','False','','','','Narcolepsy Alert','None','Board - READ ONLY','','','','','je+sherman@example.org','jeffrey_sherman@example.org','Home','Personal','Home','False','Work','jeffrey_sherman@example.net','001-516-323-6902','0.0','95295.0','1980','2022-09-24','61446.0','0.0','2022-07-03','0.0','2022-03-26','Behind race pressure local. Central behavior build own break window enough page.','Them sign thus behavior expert. Who quality world member. Simply series on trip.','0.0','2022-06-20','2022-02-17','Household__c.Formal_Greeting__c','0.0','0.0','0.0','0.0','0.0','0.0','0.0','0.0','0.0','0.0','0.0','26187.0','41242.0','96608.0','55692.0','0.0','0.0','False','False','True','False','False','13553.0','2023-01-07','55174.0','2022-12-24','959.0','','2948.0','17355.0','62506.0','25086.0','42522.0','0.0','False','62','','','','51','');
INSERT INTO "Contact" VALUES(212,'','','','','','','','Initial Inquiry','','','AO2MGLAR','Would another especially federal hour.','None','False','2008-03-29','vbriggs1@example.net','','','','','','','','Discontinued','Vicki','False','','','','Challenge back pretty place yourself. Join structure exist character case while not.','','Medical/Mental Health','Initial Inquiry','English','Briggs','None','Assistance Dogs Set in Motion Program','Dominguez-Mann','Spanish','(461)456-9629x9058','Team Facilitator','Statement.','They/Them','','','','','None','','','','','','','','','True','','','','Medical Incident Assist','None','Active Projects- Branding and Marketing','','','','','vicki.briggs3@example.com','vbriggs1@example.net','Home','Personal','Home','False','Work','vi+briggs2000@example.com','001-944-383-7056x408','0.0','74449.0','1998','2022-12-04','30785.0','0.0','2022-03-24','0.0','2022-03-02','Choice design political positive property daughter. Teach watch one environmental.','Financial enjoy season then worry. Career avoid statement.','0.0','2023-01-11','2022-11-23','Household__c.Formal_Greeting__c','0.0','0.0','0.0','0.0','0.0','0.0','0.0','0.0','0.0','0.0','0.0','34781.0','45499.0','48930.0','40955.0','0.0','0.0','False','False','True','False','False','45522.0','2022-05-21','7704.0','2022-05-05','10608.0','','28252.0','61782.0','67388.0','77971.0','29418.0','0.0','False','62','','','','51','');
INSERT INTO "Contact" VALUES(213,'','','','','','','','','','','','','None','False','','f_fry1@example.net','','','','','','','','None','Fry','False','','','','','','','','English','Franklin','','','','','(476)109-9432','','','','','','','','None','','','','','','','','','False','','','','','None','','','','','','frfry72@example.org','f_fry1@example.net','Home','Personal','','False','Work','f-fry8@example.net','+1-958-708-9421','0.0','','','','','0.0','','0.0','','','','0.0','','','','0.0','0.0','0.0','0.0','0.0','0.0','0.0','0.0','0.0','0.0','0.0','','','','','0.0','0.0','False','False','False','False','False','','','','','','','','','','','','0.0','False','66','','','','','');
INSERT INTO "Contact" VALUES(214,'','','','','','','','','','','','','None','False','','cl.mcgrath2001@example.org','','','','','','','','None','Mcgrath','False','','','','','','','','English','Claudia','','','','','(441)771-3056x1933','','','','','','','','None','','','','','','','','','False','','','','','None','','','','','','claudia+mcgrath0@example.org','cl.mcgrath2001@example.org','Home','Personal','','False','Home','claudia+mcgrath09@example.com','(860)101-0505x34103','0.0','','','','','0.0','','0.0','','','','0.0','','','','0.0','0.0','0.0','0.0','0.0','0.0','0.0','0.0','0.0','0.0','0.0','','','','','0.0','0.0','False','False','False','False','False','','','','','','','','','','','','0.0','False','66','','','','','');
INSERT INTO "Contact" VALUES(215,'','','','','','','','None','','','DL5VDE23','Force attorney project first relationship collection.','None','True','2002-03-26','ty.fisher0@example.net','','','','','','','','Discontinued','Tyler','False','','','','Feel remain none event same. Bring body anyone by it big. Where sense authority project former individual. Word I book policy.','','Outreach/Networking','Active','Spanish','Fisher','Active','Client Certification','Craig-Velez','German','333.634.0046x03868','Team Facilitator Lead','He minute.','Prefer to self-describe','','','','','None','','','','','','','','','True','','','','Mobility','None','Operations- Trainer','','','','','ty_fisher3@example.com','ty.fisher0@example.net','Home','Personal','Home','False','Other','t_fisher4@example.org','(598)721-1075','0.0','52882.0','1987','2022-12-07','76898.0','0.0','2022-12-08','0.0','2023-02-08','Deal a end quality Mrs sea reduce.','Raise always send. Realize reach among.','0.0','2022-10-21','2023-01-13','Household__c.Informal_Greeting__c','0.0','0.0','0.0','0.0','0.0','0.0','0.0','0.0','0.0','0.0','0.0','3289.0','63721.0','36128.0','39994.0','0.0','0.0','False','False','False','True','False','86470.0','2022-02-25','38198.0','2022-05-02','60703.0','','61142.0','18072.0','18168.0','42313.0','25071.0','0.0','False','66','','','','53','');
INSERT INTO "Contact" VALUES(216,'','','','','','','','Initial Inquiry','','','5JO55HF7','Simple stand from too why environment improve.','None','True','2015-09-07','a-camacho59@example.com','','','','','','','','None','Audrey','False','','','','Magazine dog model behind. Rock protect example chair partner green strategy third. Degree though same fire without.','','Social Media','Onboarding','English','Camacho','None','Volunteering','Steele-Knox','German','+1-427-188-5209','Trainer','Chair.','He/Him','','','','','None','','','','','','','','','True','','','','Medical Incident Assist','Initial Inquiry','Sensitive Info- Trainer','','','','','a_camacho09@example.net','a-camacho59@example.com','Home','Personal','Home','False','Other','au_camacho7@example.org','+1-141-267-6788','0.0','49397.0','2000','2022-03-18','68454.0','0.0','2022-02-17','0.0','2022-08-01','Foreign suggest report test member. Sport agency bring together. Wife really hold heart wide.','What under outside. Maintain left reduce cut situation minute result.','0.0','2022-11-17','2022-09-26','Household__c.Informal_Greeting__c','0.0','0.0','0.0','0.0','0.0','0.0','0.0','0.0','0.0','0.0','0.0','59683.0','51513.0','47499.0','61373.0','0.0','0.0','False','False','False','True','False','76157.0','2022-11-05','2440.0','2022-09-17','84876.0','','34518.0','91395.0','58149.0','63873.0','71859.0','0.0','False','66','','','','53','');
INSERT INTO "Contact" VALUES(217,'','','','','','','','Active','','','EGNSNG57','Employee bag able nature fine soon.','','True','2006-05-30','dovillanueva@example.org','','','','','','','','None','Don','False','','','','Hard store fund clearly bank election sport. Bring fear amount yeah sit. Eye mean instead individual population.','','Website development','Onboarding','English','Villanueva','None','General info/Other','Hendrix-Melendez','English','001-933-143-8986x6062','Client;Puppy Raiser','School.','He/Him','','','','','Suspended','','','','','','','','','False','','','','Psychiatric;Autism','None','Active Projects- Scholarships','','','','','do.villanueva7@example.com','dovillanueva@example.org','Home','Personal','Home','False','Other','don-villanueva11@example.net','001-445-679-4617x35988','0.0','80572.0','1978','2023-01-24','34665.0','0.0','2022-12-29','0.0','2022-08-18','Serious campaign surface property. Feeling audience involve would may him debate medical.','Collection chair wife explain defense local space.','0.0','2022-11-27','2022-04-13','Household__c.Name','0.0','0.0','0.0','0.0','0.0','0.0','0.0','0.0','0.0','0.0','0.0','45787.0','41525.0','12910.0','45052.0','0.0','0.0','False','False','False','False','True','32805.0','2022-08-24','80474.0','2022-05-14','60376.0','','22256.0','87478.0','78837.0','62686.0','56907.0','0.0','False','66','','','','53','');
INSERT INTO "Contact" VALUES(218,'','','','','','','','','','','','','None','False','','b+jennings47@example.com','','','','','','','','None','Jennings','False','','','','','','','','English','Brad','','','','','664-533-3833','','','','','','','','None','','','','','','','','','False','','','','','None','','','','','','br_jennings@example.com','brad+jennings7@example.net','Home','Personal','Work','False','Work','brad+jennings2007@example.com','814.386.4794x062','0.0','','','','','0.0','','0.0','','','','0.0','','','','0.0','0.0','0.0','0.0','0.0','0.0','0.0','0.0','0.0','0.0','0.0','','','','','0.0','0.0','False','False','False','False','False','','','','','','','','','','','','0.0','False','68','','','','','');
INSERT INTO "Contact" VALUES(219,'','','','','','','','','','','','','None','False','','mindy-barrera8@example.com','','','','','','','','None','Barrera','False','','','','','','','','English','Mindy','','','','','382.773.4505x846','','','','','','','','None','','','','','','','','','False','','','','','None','','','','','','mbarrera9@example.org','mindy-barrera8@example.com','Home','Personal','','False','Work','mindy_barrera@example.com','327-377-2213','0.0','','','','','0.0','','0.0','','','','0.0','','','','0.0','0.0','0.0','0.0','0.0','0.0','0.0','0.0','0.0','0.0','0.0','','','','','0.0','0.0','False','False','False','False','False','','','','','','','','','','','','0.0','False','69','','','','','');
INSERT INTO "Contact" VALUES(220,'','','','','','','','','','','','','None','False','','garrett.peck@example.org','','','','','','','','None','Peck','False','','','','','','','','English','Garrett','','','','','782.615.5415x21541','','','','','','','','None','','','','','','','','','False','','','','','None','','','','','','ga+peck80@example.org','garrett.peck@example.org','Home','Personal','','False','Home','ga_peck4@example.net','001-430-036-3225','0.0','','','','','0.0','','0.0','','','','0.0','','','','0.0','0.0','0.0','0.0','0.0','0.0','0.0','0.0','0.0','0.0','0.0','','','','','0.0','0.0','False','False','False','False','False','','','','','','','','','','','','0.0','False','69','','','','','');
INSERT INTO "Contact" VALUES(221,'','','','','','','','Inactive','','','2AUHQ5WZ','Exactly dog join.','None','False','2001-09-29','s_moon9@example.org','','','','','','','','None','Steve','False','','','','Likely number newspaper deal either head government. Treat investment performance. Help too establish himself worry.','','Project/Program Management','Onboarding','English','Moon','None','Sponsorship/Donations','Proctor-Novak','Spanish','(666)441-5616x5610','Trainer','Indeed.','She/Her','','','','','None','','','','','','','','','True','','','','Mobility','In Training','Active Projects- Fund Development','','','','','steve.moon@example.net','s_moon9@example.org','Home','Personal','Home','False','Home','s+moon1989@example.net','001-113-234-4369x70805','0.0','48766.0','1986','2022-02-21','59525.0','0.0','2022-05-30','0.0','2022-12-30','Number Congress garden also firm talk whether. Thus might message upon serve.','Return movement discover thus sing message. Whose whole political particular system turn operation.','0.0','2022-11-18','2022-11-28','Household__c.Name','0.0','0.0','0.0','0.0','0.0','0.0','0.0','0.0','0.0','0.0','0.0','60163.0','50857.0','89547.0','34858.0','0.0','0.0','False','False','False','False','True','77597.0','2022-10-01','48021.0','2022-05-03','18354.0','','48679.0','43801.0','14842.0','54466.0','71747.0','0.0','False','69','','','','54','');
INSERT INTO "Contact" VALUES(222,'','','','','','','','None','','','GDH94657','Young challenge should discussion foreign Congress international grow.','None','False','2004-03-21','j+montes1979@example.org','','','','','','','','None','Jo','False','','','','Office human argue. Somebody herself station general money want. They eight become. Which responsibility fast town.','','Nonprofit Leadership','Initial Inquiry','English','Montes','None','Volunteering','Weiss, Khan and Torres','Mandarin','889-080-9507x2042','Board Member','Election.','Prefer to self-describe','','','','','None','','','','','','','','','True','','','','Diabetes Alert','None','Operations- Client','','','','','jo+montes@example.com','j+montes1979@example.org','Home','Personal','Home','False','Other','jo-montes1972@example.net','492-766-8238','0.0','37458.0','2001','2022-07-24','5030.0','0.0','2023-01-26','0.0','2022-05-16','Remain his policy out very. Degree finish send.','Common white address office.','0.0','2022-03-14','2023-01-12','Household__c.Informal_Greeting__c','0.0','0.0','0.0','0.0','0.0','0.0','0.0','0.0','0.0','0.0','0.0','22743.0','65640.0','67957.0','90884.0','0.0','0.0','False','False','False','True','False','27147.0','2022-12-17','51313.0','2022-06-05','68526.0','','36123.0','37439.0','22900.0','91601.0','25543.0','0.0','False','69','','','','54','');
INSERT INTO "Contact" VALUES(223,'','','','','','','','','','','','','None','False','','st+ortega1963@example.net','','','','','','','','None','Ortega','False','','','','','','','','English','Stefanie','','','','','485-694-9535x22288','','','','','','','','None','','','','','','','','','False','','','','','None','','','','','','stefanie+ortega75@example.org','st+ortega1963@example.net','Home','Personal','','False','Home','st.ortega3@example.net','001-228-704-9269x86268','0.0','','','','','0.0','','0.0','','','','0.0','','','','0.0','0.0','0.0','0.0','0.0','0.0','0.0','0.0','0.0','0.0','0.0','','','','','0.0','0.0','False','False','False','False','False','','','','','','','','','','','','0.0','False','76','','','','','');
INSERT INTO "Contact" VALUES(224,'','','','','','','','','','','','','None','False','','ca-andersen@example.org','','','','','','','','None','Andersen','False','','','','','','','','English','Cassie','','','','','+1-297-100-7484x5331','','','','','','','','None','','','','','','','','','False','','','','','None','','','','','','ca-andersen2008@example.net','ca-andersen@example.org','Home','Personal','','False','Other','ca_andersen06@example.com','294-297-4358x6429','0.0','','','','','0.0','','0.0','','','','0.0','','','','0.0','0.0','0.0','0.0','0.0','0.0','0.0','0.0','0.0','0.0','0.0','','','','','0.0','0.0','False','False','False','False','False','','','','','','','','','','','','0.0','False','76','','','','','');
INSERT INTO "Contact" VALUES(225,'','','','','','','','Initial Inquiry','','','42Q3SK77','Million listen outside receive finally.','None','True','2003-11-24','kr.crosby8@example.org','','','','','','','','Discontinued','Kristin','False','','','','Yes identify memory suddenly the operation. Police court remain line economic whole.','','Project/Program Management','None','English','Crosby','None','Trainer Certification','Ortiz-Stanley','Spanish','9929730182','Volunteer;Team Facilitator','Research.','Prefer not to answer','','','','','None','','','','','','','','','True','','','','Mobility','None','Active Projects- Branding and Marketing','','','','','kristin-crosby@example.com','kr.crosby8@example.org','Home','Personal','Home','False','Home','kr_crosby10@example.net','649.421.1032','0.0','80818.0','2004','2022-12-22','65075.0','0.0','2022-03-03','0.0','2022-04-20','Yet try push beat right itself. Hour alone arrive focus. Sort continue piece.','Other fill hair quality our common. Decide instead machine pressure.','0.0','2022-02-20','2022-06-19','Household__c.Name','0.0','0.0','0.0','0.0','0.0','0.0','0.0','0.0','0.0','0.0','0.0','19044.0','61294.0','7225.0','2113.0','0.0','0.0','False','False','False','False','True','62581.0','2022-09-06','17515.0','2022-12-06','87315.0','','30915.0','22938.0','7542.0','32608.0','21968.0','0.0','False','76','','','','56','');
INSERT INTO "Contact" VALUES(226,'','','','','','','','','','','','','None','False','','sh.huff9@example.net','','','','','','','','None','Huff','False','','','','','','','','English','Sheila','','','','','(674)111-5442x312','','','','','','','','None','','','','','','','','','False','','','','','None','','','','','','s-huff73@example.net','sh.huff9@example.net','Home','Personal','','False','Work','sh-huff3@example.org','(360)563-5105','0.0','','','','','0.0','','0.0','','','','0.0','','','','0.0','0.0','0.0','0.0','0.0','0.0','0.0','0.0','0.0','0.0','0.0','','','','','0.0','0.0','False','False','False','False','False','','','','','','','','','','','','0.0','False','78','','','','','');
INSERT INTO "Contact" VALUES(227,'','','','','','','','','','','','','None','False','','cl.wade2004@example.org','','','','','','','','None','Wade','False','','','','','','','','English','Claire','','','','','+1-486-832-5491x84377','','','','','','','','None','','','','','','','','','False','','','','','None','','','','','','cl_wade98@example.com','cl.wade2004@example.org','Home','Personal','','False','Work','cl+wade64@example.org','+1-371-221-7172x86191','0.0','','','','','0.0','','0.0','','','','0.0','','','','0.0','0.0','0.0','0.0','0.0','0.0','0.0','0.0','0.0','0.0','0.0','','','','','0.0','0.0','False','False','False','False','False','','','','','','','','','','','','0.0','False','78','','','','','');
INSERT INTO "Contact" VALUES(228,'','','','','','','','Onboarding','','','41JMKXEJ','Offer eye feeling toward fast.','Certified','False','2022-03-16','v.powell47@example.net','','','','','','','','None','Valerie','False','','','','Each serious back southern quality world. Happen rather peace deal all explain. Character nice hope star find crime that big.','','Technology/Infrastructure','Onboarding','English','Powell','None','Client Certification','Parsons-Bean','Tagalog','(442)987-7445x5030','Client;Puppy Raiser','Level.','Prefer not to answer','','','','','Certified-Active','','','','','','','','','True','','','','Hearing Alert','None','Sensitive Info- Volunteer and Staff','','','','','v+powell@example.com','v.powell47@example.net','Home','Personal','Home','False','Home','vpowell1973@example.org','628-136-5987x9841','0.0','25292.0','2021','2022-08-25','15817.0','0.0','2023-01-01','0.0','2022-05-08','Store information college.','Coach economy time. Democrat even capital small skill suggest impact.','0.0','2022-10-30','2023-02-07','Household__c.Formal_Greeting__c','0.0','0.0','0.0','0.0','0.0','0.0','0.0','0.0','0.0','0.0','0.0','52744.0','61632.0','85950.0','47477.0','0.0','0.0','False','False','True','False','False','17618.0','2022-12-08','88692.0','2022-07-05','42226.0','','55384.0','58879.0','84682.0','19330.0','90480.0','0.0','False','78','','','','57','');
INSERT INTO "Contact" VALUES(229,'','','','','','','','Onboarding','','','AO2M7SXV','Listen our Congress miss consumer meeting.','None','False','2006-12-05','empatel@example.org','','','','','','','','None','Emma','False','','','','Office land almost skin idea. Discuss statement federal policy later six though.','','SEO','Inactive','English','Patel','None','General info/Other','Griffin-George','Italian','912-823-3636','Staff','Since.','He/Him','','','','','None','','','','','','','','','True','','','','Medical Incident Assist','None','Active Projects- Fund Development','','','','','e.patel1959@example.com','empatel@example.org','Home','Personal','Home','False','Work','em_patel1977@example.org','+1-238-930-7548x8502','0.0','36266.0','1993','2022-07-04','87551.0','0.0','2022-04-30','0.0','2022-05-10','Next around assume order half. Position computer word act support because conference begin.','Student firm close mother effect. Well rich training these.','0.0','2022-05-11','2022-07-22','Household__c.Name','0.0','0.0','0.0','0.0','0.0','0.0','0.0','0.0','0.0','0.0','0.0','39148.0','88618.0','22079.0','21951.0','0.0','0.0','False','False','False','False','True','93202.0','2022-08-27','66845.0','2022-07-07','91284.0','','37911.0','60310.0','60248.0','48701.0','88066.0','0.0','False','78','','','','57','');
INSERT INTO "Contact" VALUES(230,'','','','','','','','','','','','','None','False','','dwaynemueller@example.org','','','','','','','','None','Mueller','False','','','','','','','','English','Dwayne','','','','','+1-252-268-4832x2453','','','','','','','','None','','','','','','','','','False','','','','','None','','','','','','dw+mueller@example.com','dwaynemueller@example.org','Home','Personal','','False','Other','dw.mueller1@example.org','563.744.7785x6663','0.0','','','','','0.0','','0.0','','','','0.0','','','','0.0','0.0','0.0','0.0','0.0','0.0','0.0','0.0','0.0','0.0','0.0','','','','','0.0','0.0','False','False','False','False','False','','','','','','','','','','','','0.0','False','80','','','','','');
INSERT INTO "Contact" VALUES(231,'','','','','','','','','','','','','None','False','','g+sanchez71@example.org','','','','','','','','None','Sanchez','False','','','','','','','','English','Gerald','','','','','+1-426-349-9264','','','','','','','','None','','','','','','','','','False','','','','','None','','','','','','gerald+sanchez56@example.org','g+sanchez71@example.org','Home','Personal','','False','Work','ge.sanchez9@example.net','001-763-374-4233x2405','0.0','','','','','0.0','','0.0','','','','0.0','','','','0.0','0.0','0.0','0.0','0.0','0.0','0.0','0.0','0.0','0.0','0.0','','','','','0.0','0.0','False','False','False','False','False','','','','','','','','','','','','0.0','False','80','','','','','');
INSERT INTO "Contact" VALUES(232,'','','','','','','','Inactive','','','DL5VT1BV','Generation down design the few.','Onboarding','False','2001-06-17','alyssa_roberts51@example.net','','','','','','','','None','Alyssa','False','','','','Vote process practice bit may program.','','SEO','Initial Inquiry','Japanese','Roberts','None','Teams Set in Motion Program','Daniel-Crosby','Russian','8537232853','Client','Computer.','Prefer not to answer','','','','','None','','','','','','','','','False','','','','Seizure Response','None','Operations- Volunteer and Staff','','','','','alyssaroberts8@example.com','alyssa_roberts51@example.net','Home','Personal','Home','False','Home','al-roberts@example.net','001-074-815-0316','0.0','40390.0','2008','2022-06-09','37113.0','0.0','2022-06-24','0.0','2022-09-19','Phone answer note collection deal.','Ask mind region.','0.0','2022-10-21','2022-08-01','Household__c.Formal_Greeting__c','0.0','0.0','0.0','0.0','0.0','0.0','0.0','0.0','0.0','0.0','0.0','38301.0','31606.0','13670.0','28838.0','0.0','0.0','False','False','True','False','False','37179.0','2022-09-22','18677.0','2022-11-06','93031.0','','5971.0','86616.0','73687.0','50650.0','78110.0','0.0','False','80','','','','58','');
INSERT INTO "Contact" VALUES(233,'','','','','','','','Initial Inquiry','','','5JO5OK5F','Wall wide rise right hair.','None','False','2003-07-13','amanda-roberts1947@example.org','','','','','','','','None','Amanda','False','','','','Child work nice alone heavy pattern. Poor six moment activity especially area perhaps community. Daughter myself character grow analysis raise.','','Technology/Infrastructure','Initial Inquiry','English','Roberts','None','Volunteering','Carrillo-Cantu','German','001-245-422-1772x69602','Volunteer;Trainer','Child.','They/Them','','','','','None','','','','','','','','','False','','','','Autism','Certified-Active','Active Projects- Community Outreach and Education','','','','','amanda_roberts0@example.com','amanda-roberts1947@example.org','Home','Personal','Home','False','Work','amanda-roberts@example.net','728.884.2589x071','0.0','58073.0','2003','2022-10-03','78567.0','0.0','2022-09-07','0.0','2022-04-16','End us street speak either. May record head half return late rate unit.','Sometimes in require smile.','0.0','2022-04-18','2022-02-15','Household__c.Informal_Greeting__c','0.0','0.0','0.0','0.0','0.0','0.0','0.0','0.0','0.0','0.0','0.0','96297.0','55491.0','68774.0','47275.0','0.0','0.0','False','False','False','True','False','95081.0','2022-11-03','90785.0','2022-05-03','35550.0','','7096.0','31366.0','88739.0','58087.0','5259.0','0.0','False','80','','','','58','');
INSERT INTO "Contact" VALUES(234,'','','','','','','','None','','','EGNSNNUZ','Year generation image two seat pressure.','Certified','False','2008-02-08','lonnie+villanueva@example.org','','','','','','','','None','Lonnie','False','','','','View foreign evidence under system represent away. Push usually carry fund next rate mother care. Important save analysis for speak.','','Financial/Bookkeeping','Onboarding','English','Villanueva','None','Sweet Snoopers Training Program','Booker, Clay and Roach','Tagalog','(774)550-7287','Volunteer;Client','Ago.','He/Him','','','','','None','','','','','','','','','False','','','','Mobility;Autism','None','Board - READ ONLY','','','','','l-villanueva1959@example.net','lonnie+villanueva@example.org','Home','Personal','Home','False','Work','lonnie.villanueva@example.org','901-565-6303x350','0.0','33104.0','1998','2022-03-18','55716.0','0.0','2022-10-01','0.0','2022-10-11','Bill boy low hair though nation up. News draw chair nor play. Woman evening form player itself.','Into a rise. You win behavior friend along prevent agent.','0.0','2022-11-11','2022-05-26','Household__c.Name','0.0','0.0','0.0','0.0','0.0','0.0','0.0','0.0','0.0','0.0','0.0','25306.0','14684.0','86649.0','1053.0','0.0','0.0','False','False','False','False','True','86587.0','2022-04-24','25055.0','2022-12-29','21507.0','','75758.0','92055.0','90905.0','48418.0','62142.0','0.0','False','80','','','','58','');
INSERT INTO "Contact" VALUES(235,'','','','','','','','','','','','','None','False','','moniquehoffman77@example.com','','','','','','','','None','Hoffman','False','','','','','','','','English','Monique','','','','','+1-852-155-4533x7047','','','','','','','','None','','','','','','','','','False','','','','','None','','','','','','m+hoffman@example.com','moniquehoffman77@example.com','Home','Personal','','False','Work','m+hoffman1997@example.com','+1-780-407-8234x410','0.0','','','','','0.0','','0.0','','','','0.0','','','','0.0','0.0','0.0','0.0','0.0','0.0','0.0','0.0','0.0','0.0','0.0','','','','','0.0','0.0','False','False','False','False','False','','','','','','','','','','','','0.0','False','82','','','','','');
INSERT INTO "Contact" VALUES(236,'','','','','','','','','','','','','None','False','','hayden-wilkinson85@example.org','','','','','','','','None','Wilkinson','False','','','','','','','','English','Hayden','','','','','001-265-405-4145','','','','','','','','None','','','','','','','','','False','','','','','None','','','','','','hawilkinson1966@example.org','hayden-wilkinson85@example.org','Home','Personal','','False','Home','ha+wilkinson@example.com','661.758.0840x40712','0.0','','','','','0.0','','0.0','','','','0.0','','','','0.0','0.0','0.0','0.0','0.0','0.0','0.0','0.0','0.0','0.0','0.0','','','','','0.0','0.0','False','False','False','False','False','','','','','','','','','','','','0.0','False','82','','','','','');
INSERT INTO "Contact" VALUES(237,'','','','','','','','None','','','2AUHPY77','Recent story why none huge goal single.','None','False','2000-01-23','se_grimes84@example.org','','','','','','','','None','Selena','False','','','','Stuff make argue space carry me.','','Website development','Initial Inquiry','English','Grimes','None','Sweet Snoopers Training Program','Howard-Carey','Italian','(569)028-3139','Trainer','Public.','Prefer to self-describe','','','','','None','','','','','','','','','False','','','','Mobility;Autism','Onboarding','Active Projects- Community Outreach and Education','','','','','s+grimes@example.org','se_grimes84@example.org','Home','Personal','Home','False','Home','selenagrimes49@example.com','0692117663','0.0','93186.0','1978','2022-11-05','47162.0','0.0','2022-10-15','0.0','2022-12-11','Break view article music less. Give student environmental. Cultural sign yet.','Sure conference result must use suddenly left. Center read bad movement.','0.0','2022-02-24','2022-05-20','Household__c.Informal_Greeting__c','0.0','0.0','0.0','0.0','0.0','0.0','0.0','0.0','0.0','0.0','0.0','8971.0','18369.0','71046.0','13272.0','0.0','0.0','False','False','False','True','False','72432.0','2022-02-19','6001.0','2022-06-20','9389.0','','25795.0','18667.0','87147.0','47449.0','85735.0','0.0','False','82','','','','59','');
INSERT INTO "Contact" VALUES(238,'','','','','','','','None','','','GDH93YFF','Strategy say like movie include sense western.','None','True','2020-01-04','sabrinalyons76@example.net','','','','','','','','None','Sabrina','False','','','','Else important court able part why skin. That particular explain service high. Four issue race stage be. Think start to seven anything enough.','','Marketing and Branding','None','English','Lyons','None','Volunteering','Sampson Inc','Spanish','254-898-7814x4823','Volunteer;Puppy Raiser','Talk race.','He/Him','','','','','Inactive','','','','','','','','','True','','','','Autism','None','Operations- Financial','','','','','s_lyons6@example.org','sabrinalyons76@example.net','Home','Personal','Home','False','Other','s_lyons44@example.org','(808)358-5351x6813','0.0','66076.0','1992','2022-12-17','77384.0','0.0','2023-01-21','0.0','2022-09-26','Run three a space. Fast soon suffer fill. Rather course Mr town particular court.','Area yes card we quickly. Speech meet mouth road design. Represent choose green scene answer.','0.0','2022-03-07','2022-12-02','Household__c.Informal_Greeting__c','0.0','0.0','0.0','0.0','0.0','0.0','0.0','0.0','0.0','0.0','0.0','18459.0','88666.0','64065.0','63156.0','0.0','0.0','False','False','False','True','False','28147.0','2022-12-04','30664.0','2022-08-24','24294.0','','19652.0','64722.0','18930.0','36958.0','12925.0','0.0','False','82','','','','59','');
INSERT INTO "Contact" VALUES(239,'','','','','','','','Active','','','42Q3SCHF','Tv thousand successful note other performance.','Discontinued','True','2010-01-18','n_petersen92@example.com','','','','','','','','None','Norma','False','','','','Political people want effect partner maybe. Once mouth course value first.','','Dog Training/Behavior/Veterinary','Active','English','Petersen','None','Teams Set in Motion Program','Green-Stewart','Spanish;French','(422)100-8309x94670','Trainer;Client','Daughter.','She/Her','','','','','None','','','','','','','','','False','','','','Narcolepsy Alert','Suspended','Active Projects- Volunteer Recruitment and Retention','','','','','no.petersen43@example.com','n_petersen92@example.com','Home','Personal','Home','False','Other','no+petersen@example.com','824-759-3754','0.0','43204.0','1995','2022-04-05','78024.0','0.0','2022-03-10','0.0','2022-06-28','Both board work. Night shoulder town learn human everybody.','Account structure late compare. Prepare find way necessary bank our conference.','0.0','2022-06-09','2022-10-26','Household__c.Informal_Greeting__c','0.0','0.0','0.0','0.0','0.0','0.0','0.0','0.0','0.0','0.0','0.0','81237.0','98831.0','31971.0','4106.0','0.0','0.0','False','False','False','True','False','49065.0','2022-10-22','48628.0','2022-10-19','87325.0','','26076.0','88542.0','94968.0','76716.0','40332.0','0.0','False','82','','','','59','');
INSERT INTO "Contact" VALUES(240,'','','','','','','','','','','','','None','False','','al+rowland5@example.net','','','','','','','','None','Rowland','False','','','','','','','','English','Alex','','','','','(066)193-4896x1806','','','','','','','','None','','','','','','','','','False','','','','','None','','','','','','alexrowland3@example.net','al+rowland5@example.net','Home','Personal','','False','Other','alex-rowland@example.org','(404)524-0104x6130','0.0','','','','','0.0','','0.0','','','','0.0','','','','0.0','0.0','0.0','0.0','0.0','0.0','0.0','0.0','0.0','0.0','0.0','','','','','0.0','0.0','False','False','False','False','False','','','','','','','','','','','','0.0','False','86','','','','','');
INSERT INTO "Contact" VALUES(241,'','','','','','','','','','','','','None','False','','brhunt1979@example.net','','','','','','','','None','Hunt','False','','','','','','','','English','Brian','','','','','(180)649-2997x9638','','','','','','','','None','','','','','','','','','False','','','','','None','','','','','','brian-hunt@example.net','brhunt1979@example.net','Home','Personal','','False','Work','brian_hunt@example.org','001-345-122-6736','0.0','','','','','0.0','','0.0','','','','0.0','','','','0.0','0.0','0.0','0.0','0.0','0.0','0.0','0.0','0.0','0.0','0.0','','','','','0.0','0.0','False','False','False','False','False','','','','','','','','','','','','0.0','False','86','','','','','');
INSERT INTO "Contact" VALUES(242,'','','','','','','','Onboarding','','','41JML54B','Local compare now could serious TV there.','None','False','2019-09-14','caitlin_mahoney1968@example.com','','','','','','','','None','Caitlin','False','','','','Field build charge media ground involve now. Study work work decade. Power citizen account it yes son all later.','','Graphic Design','Active','English','Mahoney','None','Client Certification','Pineda-Arroyo','Cantonese','638.515.8520x71934','Volunteer','Energy at.','Prefer not to answer','','','','','None','','','','','','','','','True','','','','Psychiatric;Autism','None','Operations- Master Docs - READ ONLY','','','','','caitlin-mahoney@example.com','caitlin_mahoney1968@example.com','Home','Personal','Home','False','Other','c+mahoney1980@example.com','112-369-2527','0.0','32565.0','2008','2022-04-05','49101.0','0.0','2022-08-05','0.0','2022-07-18','Us marriage natural someone school dinner.','Avoid purpose require future. Doctor key relationship edge huge tonight.','0.0','2022-04-17','2022-04-01','Household__c.Informal_Greeting__c','0.0','0.0','0.0','0.0','0.0','0.0','0.0','0.0','0.0','0.0','0.0','83137.0','10552.0','53264.0','68847.0','0.0','0.0','False','False','False','True','False','52792.0','2022-11-20','65577.0','2022-07-31','89922.0','','41481.0','75233.0','63768.0','83364.0','64175.0','0.0','False','86','','','','61','');
INSERT INTO "Contact" VALUES(243,'','','','','','','','Active','','','AO2M80NN','Least under season instead mean skin every.','None','False','2000-02-29','t-morgan97@example.org','','','','','','','','Certified-Active','Taylor','False','','','','Eight attention recently key become. Generation story event popular lead when bed.','','Fundraising/Grants','Active','English','Morgan','None','Volunteering','Zamora, Burns and Howell','German','748-942-6606x3974','Volunteer;Team Facilitator','World.','Prefer not to answer','','','','','None','','','','','','','','','True','','','','Seizure Response','None','Operations- Financial','','','','','t+morgan63@example.com','t-morgan97@example.org','Home','Personal','Home','False','Work','ta_morgan1961@example.net','001-433-448-4439x770','0.0','94768.0','1988','2022-10-17','51165.0','0.0','2022-04-13','0.0','2022-03-20','Professor dark together name base. Fire believe old agreement response determine behind.','Increase drop structure society. State drive political might professional we age.','0.0','2022-08-12','2022-08-07','Household__c.Name','0.0','0.0','0.0','0.0','0.0','0.0','0.0','0.0','0.0','0.0','0.0','21885.0','25663.0','36797.0','84889.0','0.0','0.0','False','False','False','False','True','33981.0','2022-06-29','51799.0','2022-03-08','26415.0','','14807.0','27217.0','42012.0','11660.0','97946.0','0.0','False','86','','','','61','');
INSERT INTO "Contact" VALUES(244,'','','','','','','','','','','','','None','False','','karl.abbott1982@example.net','','','','','','','','None','Abbott','False','','','','','','','','English','Karl','','','','','560.787.3916x668','','','','','','','','None','','','','','','','','','False','','','','','None','','','','','','ka.abbott8@example.org','kaabbott3@example.net','Home','Personal','Work','False','Other','k+abbott@example.com','+1-426-856-4252x17668','0.0','','','','','0.0','','0.0','','','','0.0','','','','0.0','0.0','0.0','0.0','0.0','0.0','0.0','0.0','0.0','0.0','0.0','','','','','0.0','0.0','False','False','False','False','False','','','','','','','','','','','','0.0','False','88','','','','','');
INSERT INTO "Contact" VALUES(245,'','','','','','','','','','','','','None','False','','dwayne+bowman11@example.org','','','','','','','','None','Bowman','False','','','','','','','','English','Dwayne','','','','','+1-269-476-7262','','','','','','','','None','','','','','','','','','False','','','','','None','','','','','','dwaynebowman09@example.com','dwayne+bowman11@example.org','Home','Personal','','False','Other','dwayne+bowman@example.com','001-984-209-9965x800','0.0','','','','','0.0','','0.0','','','','0.0','','','','0.0','0.0','0.0','0.0','0.0','0.0','0.0','0.0','0.0','0.0','0.0','','','','','0.0','0.0','False','False','False','False','False','','','','','','','','','','','','0.0','False','89','','','','','');
INSERT INTO "Contact" VALUES(246,'','','','','','','','','','','','','None','False','','tihunt2001@example.net','','','','','','','','None','Hunt','False','','','','','','','','English','Timothy','','','','','7354205693','','','','','','','','None','','','','','','','','','False','','','','','None','','','','','','ti.hunt79@example.com','tihunt2001@example.net','Home','Personal','','False','Work','timothy+hunt1984@example.net','670.013.8627','0.0','','','','','0.0','','0.0','','','','0.0','','','','0.0','0.0','0.0','0.0','0.0','0.0','0.0','0.0','0.0','0.0','0.0','','','','','0.0','0.0','False','False','False','False','False','','','','','','','','','','','','0.0','False','89','','','','','');
INSERT INTO "Contact" VALUES(247,'','','','','','','','Initial Inquiry','','','DL5VSTM3','According police base off.','None','True','2004-06-21','xajacobson5@example.com','','','','','','','','None','Xavier','False','','','','Democratic hear office smile other onto. Politics light dream.','','Medical/Mental Health','Active','English','Jacobson','None','General info/Other','Bullock Inc','Spanish','001-948-679-6859','Board Member','Ahead age.','He/Him','','','','','None','','','','','','','','','True','','','','Medical Incident Assist','None','Operations- Master Docs - READ ONLY','','','','','xa+jacobson4@example.org','xajacobson5@example.com','Home','Personal','Home','False','Other','x+jacobson10@example.com','711.557.1819','0.0','47940.0','2003','2022-06-22','96405.0','0.0','2022-02-10','0.0','2022-03-27','Practice a four race per. Too herself director you nature. Wait long face hard.','Chair ever tough. Now improve continue yes describe mouth door.','0.0','2022-10-11','2022-05-26','Household__c.Informal_Greeting__c','0.0','0.0','0.0','0.0','0.0','0.0','0.0','0.0','0.0','0.0','0.0','84383.0','61709.0','1532.0','6680.0','0.0','0.0','False','False','False','True','False','72215.0','2022-04-27','25119.0','2022-08-05','90546.0','','62585.0','56600.0','46032.0','21153.0','18667.0','0.0','False','89','','','','62','');
INSERT INTO "Contact" VALUES(248,'','','','','','','','Onboarding','','','5JO5OCFN','Why sea three cover.','None','False','2022-06-07','james_miranda@example.org','','','','','','','','None','James','False','','','','Receive set move last teacher short. Clear because task worry. Writer billion from herself after so chair.','','Social Media','Onboarding','English','Miranda','None','Sweet Snoopers Training Program','Foley-Chase','Italian','847-776-3572x1639','Puppy Raiser','Close.','They/Them','','','','','Onboarding','','','','','','','','','False','','','','Narcolepsy Alert','None','Active Projects- Research and Development','','','','','ja-miranda@example.org','james_miranda@example.org','Home','Personal','Home','False','Other','james+miranda3@example.com','537.224.7345','0.0','88097.0','1998','2022-09-21','13116.0','0.0','2022-04-16','0.0','2022-02-28','Forget name general. Home responsibility everybody involve. Other management light easy dark.','After something my position degree not. Memory ever sometimes song. Fact agency space value.','0.0','2022-08-19','2022-03-14','Household__c.Name','0.0','0.0','0.0','0.0','0.0','0.0','0.0','0.0','0.0','0.0','0.0','14828.0','91794.0','88665.0','83995.0','0.0','0.0','False','False','False','False','True','40638.0','2022-07-09','90158.0','2022-08-05','13780.0','','75457.0','78687.0','96311.0','60307.0','65130.0','0.0','False','89','','','','62','');
INSERT INTO "Contact" VALUES(249,'','','','','','','','','','','','','None','False','','j+rush8@example.com','','','','','','','','None','Rush','False','','','','','','','','English','Jaclyn','','','','','+1-278-102-9768x096','','','','','','','','None','','','','','','','','','False','','','','','None','','','','','','ja+rush@example.net','j+rush8@example.com','Home','Personal','','False','Home','ja+rush1951@example.net','907-690-7128','0.0','','','','','0.0','','0.0','','','','0.0','','','','0.0','0.0','0.0','0.0','0.0','0.0','0.0','0.0','0.0','0.0','0.0','','','','','0.0','0.0','False','False','False','False','False','','','','','','','','','','','','0.0','False','6','','','','','');
INSERT INTO "Contact" VALUES(250,'','','','','','','','','','','','','None','False','','renee_arias4@example.net','','','','','','','','None','Arias','False','','','','','','','','English','Renee','','','','','(492)870-6217','','','','','','','','None','','','','','','','','','False','','','','','None','','','','','','re.arias77@example.net','renee_arias4@example.net','Home','Personal','','False','Work','reneearias1@example.org','912.560.2910x6400','0.0','','','','','0.0','','0.0','','','','0.0','','','','0.0','0.0','0.0','0.0','0.0','0.0','0.0','0.0','0.0','0.0','0.0','','','','','0.0','0.0','False','False','False','False','False','','','','','','','','','','','','0.0','False','6','','','','','');
INSERT INTO "Contact" VALUES(251,'','','','','','','','','','','','','None','False','','d+jones@example.net','','','','','','','','None','Jones','False','','','','','','','','English','Danielle','','','','','364-328-2251','','','','','','','','None','','','','','','','','','False','','','','','None','','','','','','dajones06@example.net','d+jones@example.net','Home','Personal','','False','Work','danielle-jones1@example.com','(480)396-5504','0.0','','','','','0.0','','0.0','','','','0.0','','','','0.0','0.0','0.0','0.0','0.0','0.0','0.0','0.0','0.0','0.0','0.0','','','','','0.0','0.0','False','False','False','False','False','','','','','','','','','','','','0.0','False','25','','','','','');
INSERT INTO "Contact" VALUES(252,'','','','','','','','Active','','','AO2M8NSZ','Rise evidence image expect relationship enter.','None','False','2015-09-25','ha.garcia8@example.org','','','','','','','','None','Harry','False','','','','End tend hair away eye sort. Car not adult adult reason good mother.','','Social Media','Initial Inquiry','English','Garcia','None','Team Facilitator Certification','Beltran Ltd','Spanish','991.052.6150','Volunteer;Trainer','Find me.','They/Them','','','','','None','','','','','','','','','True','','','','Psychiatric','Onboarding','Active Projects- Academy','','','','','h.garcia@example.org','ha.garcia8@example.org','Home','Personal','Home','False','Home','harry-garcia@example.org','051.664.0430x34933','0.0','91498.0','2006','2022-08-14','23072.0','0.0','2022-09-06','0.0','2022-04-02','Sense nor physical point drive at each. Point movie continue wrong rest center appear thought.','Do minute energy process small despite different. Day wait name character moment card against.','0.0','2022-10-26','2023-01-22','Household__c.Name','0.0','0.0','0.0','0.0','0.0','0.0','0.0','0.0','0.0','0.0','0.0','68693.0','39541.0','38147.0','29655.0','0.0','0.0','False','False','False','False','True','67175.0','2022-10-26','27807.0','2022-11-11','81795.0','','80280.0','81983.0','29471.0','27221.0','84199.0','0.0','False','25','','','','79','');
INSERT INTO "Contact" VALUES(253,'','','','','','','','Onboarding','','','DL5VS6GR','Concern laugh structure in Mrs assume.','In Training','True','2011-09-06','j-larsen@example.net','','','','','','','','None','Julian','False','','','','Share interesting report group score yeah anything. Model choose mouth road.','','Project/Program Management','Inactive','English','Larsen','None','General info/Other','Collier and Sons','English','001-247-349-6517x64288','Volunteer;Client','Build.','Prefer to self-describe','','','','','None','','','','','','','','','False','','','','Mobility','None','Active Projects- Team Facilitator Certification','','','','','jularsen0@example.org','j-larsen@example.net','Home','Personal','Home','False','Work','ju+larsen1952@example.net','+1-371-598-8803x5040','0.0','91678.0','1978','2022-06-04','32195.0','0.0','2022-03-19','0.0','2023-02-03','Take until final party election. Result also type.','Force coach mind risk.','0.0','2022-05-24','2022-11-22','Household__c.Formal_Greeting__c','0.0','0.0','0.0','0.0','0.0','0.0','0.0','0.0','0.0','0.0','0.0','39448.0','59184.0','28601.0','82793.0','0.0','0.0','False','False','True','False','False','66295.0','2022-11-29','96739.0','2022-06-22','87292.0','','22838.0','5596.0','76982.0','1572.0','35612.0','0.0','False','25','','','','79','');
INSERT INTO "Contact" VALUES(254,'','','','','','','','','','','','','None','False','','de+davis3@example.net','','','','','','','','None','Davis','False','','','','','','','','English','Dean','','','','','+1-652-474-3747x53023','','','','','','','','None','','','','','','','','','False','','','','','None','','','','','','deandavis3@example.org','d+davis54@example.com','Home','Personal','Work','False','Work','dean-davis1972@example.com','275-643-3709','0.0','','','','','0.0','','0.0','','','','0.0','','','','0.0','0.0','0.0','0.0','0.0','0.0','0.0','0.0','0.0','0.0','0.0','','','','','0.0','0.0','False','False','False','False','False','','','','','','','','','','','','0.0','False','27','','','','','');
INSERT INTO "Contact" VALUES(255,'','','','','','','','','','','','','None','False','','c_ewing43@example.org','','','','','','','','None','Ewing','False','','','','','','','','English','Chelsea','','','','','773-627-0210','','','','','','','','None','','','','','','','','','False','','','','','None','','','','','','ch_ewing@example.com','c_ewing43@example.org','Home','Personal','','False','Work','c-ewing@example.org','405-100-6239x09843','0.0','','','','','0.0','','0.0','','','','0.0','','','','0.0','0.0','0.0','0.0','0.0','0.0','0.0','0.0','0.0','0.0','0.0','','','','','0.0','0.0','False','False','False','False','False','','','','','','','','','','','','0.0','False','28','','','','','');
INSERT INTO "Contact" VALUES(256,'','','','','','','','','','','','','None','False','','marilyn.griffin90@example.org','','','','','','','','None','Griffin','False','','','','','','','','English','Marilyn','','','','','(975)536-3607x232','','','','','','','','None','','','','','','','','','False','','','','','None','','','','','','mgriffin59@example.net','marilyn.griffin90@example.org','Home','Personal','','False','Home','marilyn.griffin@example.org','(518)357-0447x7082','0.0','','','','','0.0','','0.0','','','','0.0','','','','0.0','0.0','0.0','0.0','0.0','0.0','0.0','0.0','0.0','0.0','0.0','','','','','0.0','0.0','False','False','False','False','False','','','','','','','','','','','','0.0','False','28','','','','','');
INSERT INTO "Contact" VALUES(257,'','','','','','','','Active','','','5JO5PF0J','Hear nation ago weight.','None','False','2017-01-11','c+velasquez75@example.com','','','','','','','','None','Colton','False','','','','Indeed wear total sure record drug agree. Plan plan prevent level physical.','','Marketing and Branding','Inactive','English','Velasquez','None','Trainer Certification','Ingram Group','Vietnamese','045.870.0708x148','Trainer','Return.','They/Them','','','','','None','','','','','','','','','True','','','','Hearing Alert','Discontinued','Active Projects- Academy','','','','','cvelasquez2@example.com','c+velasquez75@example.com','Home','Personal','Home','False','Other','c_velasquez1944@example.net','001-556-132-0949x1412','0.0','92246.0','1972','2022-06-28','38485.0','0.0','2022-12-31','0.0','2022-07-05','Through situation whom yet a really should. Top large four media present relationship say.','Young health last method. Themselves instead form the bad capital.','0.0','2022-09-24','2023-02-01','Household__c.Name','0.0','0.0','0.0','0.0','0.0','0.0','0.0','0.0','0.0','0.0','0.0','410.0','33505.0','53102.0','17000.0','0.0','0.0','False','False','False','False','True','94637.0','2022-12-23','55762.0','2022-02-25','47644.0','','42000.0','78468.0','15897.0','69982.0','76781.0','0.0','False','28','','','','80','');
CREATE TABLE "ContinuingEducationUnit__c" (
	id INTEGER NOT NULL, 
	"AuthorityOther__c" VARCHAR(255), 
	"Authority__c" VARCHAR(255), 
	"Comments__c" VARCHAR(255), 
	"DateCompleted__c" VARCHAR(255), 
	"DateSubmitted__c" VARCHAR(255), 
	"Name" VARCHAR(255), 
	"ProgramDate__c" VARCHAR(255), 
	"ProgramHours__c" VARCHAR(255), 
	"ProgramTitle__c" VARCHAR(255), 
	"Quantity__c" VARCHAR(255), 
	"Role__c" VARCHAR(255), 
	"Status__c" VARCHAR(255), 
	"Trainer__c" VARCHAR(255), 
	PRIMARY KEY (id)
);
INSERT INTO "ContinuingEducationUnit__c" VALUES(1,'Conner-Sawyer','CCPDT','Rock fear PM while measure.','2020-02-10','2016-02-05','Decentralized motivating ability','2009-04-10','1266.0','Profound logistical forecast','12.0','Attendee','Pending','183');
INSERT INTO "ContinuingEducationUnit__c" VALUES(2,'Mcintosh, Copeland and Meza','CBCC','Study least thought community surface keep single visit.','2009-08-02','2003-01-24','Intuitive asynchronous frame','2004-12-28','1094.0','Front-line multimedia core','20.0','Attendee','Pending','2');
INSERT INTO "ContinuingEducationUnit__c" VALUES(3,'Fritz PLC','CCPDT','Little course information protect or issue.','2022-08-09','2022-06-12','Pre-emptive upward-trending complexity','2000-07-01','455.0','Implemented reciprocal encoding','8.0','Attendee','Approved','56');
INSERT INTO "ContinuingEducationUnit__c" VALUES(4,'Walton, Andrade and Guzman','Other','Nearly gun action hour dinner ask.','2014-03-06','2011-05-22','Multi-layered intermediate info-mediaries','2021-02-03','80.0','Fully-configurable systemic initiative','9.0','Attendee','Approved','29');
INSERT INTO "ContinuingEducationUnit__c" VALUES(5,'Newton-Benson','Atlas','Memory despite brother trade doctor.','2018-06-16','2015-08-08','Enhanced asymmetric adapter','2015-10-06','968.0','Organized context-sensitive strategy','10.0','Attendee','Denied','68');
INSERT INTO "ContinuingEducationUnit__c" VALUES(6,'Bartlett-Bird','None','Own half everybody listen remember.','2013-05-22','2008-06-19','Reactive methodical synergy','2021-08-05','1189.0','Integrated zero tolerance pricing structure','13.0','Attendee','Pending','70');
INSERT INTO "ContinuingEducationUnit__c" VALUES(7,'Stevens PLC','Atlas','How manage research both new but fight.','2010-07-13','2005-01-16','Customizable bandwidth-monitored service-desk','2016-10-27','1390.0','Organic optimizing open architecture','16.0','Attendee','Pending','96');
INSERT INTO "ContinuingEducationUnit__c" VALUES(8,'Meadows, Clark and Mccormick','IAABC','Also quickly onto case star health then above.','2020-02-10','2004-05-02','Polarized 5thgeneration solution','2019-05-23','839.0','Organized system-worthy groupware','9.0','Attendee','Approved','207');
INSERT INTO "ContinuingEducationUnit__c" VALUES(9,'Cooley LLC','None','Factor rise college discover.','2020-03-18','2019-06-07','Upgradable leadingedge hub','2019-06-29','457.0','Distributed human-resource framework','1.0','Attendee','Denied','231');
INSERT INTO "ContinuingEducationUnit__c" VALUES(10,'Leon, Forbes and Little','None','Even dinner authority nature.','2007-03-27','2004-06-16','User-friendly demand-driven structure','2018-11-20','1103.0','Ameliorated impactful product','7.0','Attendee','Pending','152');
CREATE TABLE "DogRelationship__c" (
	id INTEGER NOT NULL, 
	"Type__c" VARCHAR(255), 
	"Contact__c" VARCHAR(255), 
	"Dog__c" VARCHAR(255), 
	PRIMARY KEY (id)
);
INSERT INTO "DogRelationship__c" VALUES(1,'Veterinarian','164','');
INSERT INTO "DogRelationship__c" VALUES(2,'Client','177','');
INSERT INTO "DogRelationship__c" VALUES(3,'Handler','177','');
INSERT INTO "DogRelationship__c" VALUES(4,'Client','1','4');
INSERT INTO "DogRelationship__c" VALUES(5,'Owner','253','');
INSERT INTO "DogRelationship__c" VALUES(6,'Veterinarian','254','');
INSERT INTO "DogRelationship__c" VALUES(7,'Owner','49','1');
INSERT INTO "DogRelationship__c" VALUES(8,'Handler','9','1');
INSERT INTO "DogRelationship__c" VALUES(9,'Client','11','1');
INSERT INTO "DogRelationship__c" VALUES(10,'Veterinarian','11','1');
INSERT INTO "DogRelationship__c" VALUES(11,'Owner','23','2');
INSERT INTO "DogRelationship__c" VALUES(12,'Owner','17','4');
INSERT INTO "DogRelationship__c" VALUES(13,'Breeder','37','2');
INSERT INTO "DogRelationship__c" VALUES(14,'Client','38','2');
INSERT INTO "DogRelationship__c" VALUES(15,'Veterinarian','38','2');
INSERT INTO "DogRelationship__c" VALUES(16,'Owner','66','');
INSERT INTO "DogRelationship__c" VALUES(17,'Client','48','');
INSERT INTO "DogRelationship__c" VALUES(18,'Client','117','');
INSERT INTO "DogRelationship__c" VALUES(19,'Veterinarian','121','');
INSERT INTO "DogRelationship__c" VALUES(20,'Breeder','132','3');
INSERT INTO "DogRelationship__c" VALUES(21,'Client','136','3');
INSERT INTO "DogRelationship__c" VALUES(22,'Handler','125','4');
INSERT INTO "DogRelationship__c" VALUES(23,'Owner','73','3');
INSERT INTO "DogRelationship__c" VALUES(24,'Veterinarian','79','3');
INSERT INTO "DogRelationship__c" VALUES(25,'Veterinarian','85','4');
INSERT INTO "DogRelationship__c" VALUES(26,'Facilitator','98','5');
INSERT INTO "DogRelationship__c" VALUES(27,'Owner','96','5');
INSERT INTO "DogRelationship__c" VALUES(28,'Client','102','5');
INSERT INTO "DogRelationship__c" VALUES(29,'Veterinarian','193','5');
INSERT INTO "DogRelationship__c" VALUES(30,'Owner','200','6');
INSERT INTO "DogRelationship__c" VALUES(31,'Client','208','6');
INSERT INTO "DogRelationship__c" VALUES(32,'Client','217','6');
INSERT INTO "DogRelationship__c" VALUES(33,'Veterinarian','218','6');
INSERT INTO "DogRelationship__c" VALUES(34,'Client','225','');
INSERT INTO "DogRelationship__c" VALUES(35,'Client','242','');
INSERT INTO "DogRelationship__c" VALUES(36,'Owner','240','');
INSERT INTO "DogRelationship__c" VALUES(37,'Veterinarian','244','');
INSERT INTO "DogRelationship__c" VALUES(38,'Owner','147','');
INSERT INTO "DogRelationship__c" VALUES(39,'Facilitator','151','');
INSERT INTO "DogRelationship__c" VALUES(40,'Client','152','');
INSERT INTO "DogRelationship__c" VALUES(41,'Client','1','4');
INSERT INTO "DogRelationship__c" VALUES(42,'Client','11','1');
INSERT INTO "DogRelationship__c" VALUES(43,'Client','38','2');
INSERT INTO "DogRelationship__c" VALUES(44,'Client','136','3');
INSERT INTO "DogRelationship__c" VALUES(45,'Client','102','5');
INSERT INTO "DogRelationship__c" VALUES(46,'Client','217','6');
CREATE TABLE "Dog__c" (
	id INTEGER NOT NULL, 
	"ActivationDate__c" VARCHAR(255), 
	"Birthdate__c" VARCHAR(255), 
	"Breed__c" VARCHAR(255), 
	"Gender__c" VARCHAR(255), 
	"LatestPhysicalExamOutcome__c" VARCHAR(255), 
	"MicrochipNumber__c" VARCHAR(255), 
	"Name" VARCHAR(255), 
	"Notes__c" VARCHAR(255), 
	"PhysicalExamDue__c" VARCHAR(255), 
	"Picture__c" VARCHAR(255), 
	"Program__c" VARCHAR(255), 
	"SpayedNeutered__c" VARCHAR(255), 
	"Status__c" VARCHAR(255), 
	"VacExamsReceived__c" VARCHAR(255), 
	"VaccineDueDA2PP__c" VARCHAR(255), 
	"VaccineDueRabies__c" VARCHAR(255), 
	"VetClinic__c" VARCHAR(255), 
	PRIMARY KEY (id)
);
INSERT INTO "Dog__c" VALUES(1,'2007-04-21','2011-05-06','Vizsla','Male','Pass','1-206-71197-3','Milo','Themselves different everybody fear exist bad role. Indicate plant then live. Lose some agree. Law detail idea case loss long.','2023-01-10','https://picsum.photos/60/60','Team Certification','True','','','','2020-12-23','47');
INSERT INTO "Dog__c" VALUES(2,'2017-03-22','2013-03-17','Miniature Schnauzer','Male','Pass','0-274-61680-7','Peanut','Prepare lawyer view behavior. Tree see draw thus.','2022-10-11','https://placeimg.com/60/60/any','Team Certification','False','','','','2023-12-20','139');
INSERT INTO "Dog__c" VALUES(3,'2010-06-20','2019-05-05','French Bulldog','Male','Fail','1-919039-89-9','Bailey','Effect people data admit join. Next run though more.','2022-05-01','https://dummyimage.com/60x60','Team Certification','True','','','','2022-07-24','179');
INSERT INTO "Dog__c" VALUES(4,'2021-05-11','2007-03-08','Saint Bernard','Male','Fail','0-545-44670-8','Walter','Public know explain mother deep reduce next move.','2022-03-04','https://placeimg.com/60/60/any','Assistance Dogs Set In Motion','True','','','','2020-06-02','18');
INSERT INTO "Dog__c" VALUES(5,'2006-10-12','2015-08-27','Beagle','Male','Pass','1-240-02764-8','Spike','Figure laugh across foot partner fund it. Today way he.','2022-04-11','https://dummyimage.com/60x60','Team Certification','True','','','','2024-03-16','199');
INSERT INTO "Dog__c" VALUES(6,'2012-05-12','2001-12-11','American Staffordshire Terrier','Male','Pass','0-664-19549-0','Jasper','Size worry example Mrs least after. Entire nor after year method image. Participant send discover sure building significant.','2023-12-21','https://placekitten.com/60/60','Team Certification','True','','','','2022-02-16','68');
CREATE TABLE "GW_Volunteers__Volunteer_Job__c" (
	id INTEGER NOT NULL, 
	"GW_Volunteers__Description__c" VARCHAR(255), 
	"GW_Volunteers__Skills_Needed__c" VARCHAR(255), 
	"GW_Volunteers__Ongoing__c" VARCHAR(255), 
	"Name" VARCHAR(255), 
	"GW_Volunteers__Campaign__c" VARCHAR(255), 
	PRIMARY KEY (id)
);
INSERT INTO "GW_Volunteers__Volunteer_Job__c" VALUES(1,'Outreach- Dogs','Outreach/Networking','True','Outreach- Dogs','2');
INSERT INTO "GW_Volunteers__Volunteer_Job__c" VALUES(2,'Outreach- Veterinarians','Outreach/Networking','True','Outreach- Veterinarians','2');
INSERT INTO "GW_Volunteers__Volunteer_Job__c" VALUES(3,'Outreach- Medical Providers','Outreach/Networking','True','Outreach- Medical Providers','2');
INSERT INTO "GW_Volunteers__Volunteer_Job__c" VALUES(4,'Outreach- Diversity','Outreach/Networking','True','Outreach- Diversity','2');
INSERT INTO "GW_Volunteers__Volunteer_Job__c" VALUES(5,'Academy decscription','Marketing and Branding','True','Academy','2');
INSERT INTO "GW_Volunteers__Volunteer_Job__c" VALUES(6,'ADI Accreditation decscription','Writing/Communications','True','ADI Accreditation','2');
INSERT INTO "GW_Volunteers__Volunteer_Job__c" VALUES(7,'Branding and Marketing decscription','Marketing and Branding','True','Branding and Marketing','2');
INSERT INTO "GW_Volunteers__Volunteer_Job__c" VALUES(8,'Client Certification decscription','Writing/Communications','True','Client Certification','2');
INSERT INTO "GW_Volunteers__Volunteer_Job__c" VALUES(9,'Client Operations','Administration','True','Client Operations','2');
INSERT INTO "GW_Volunteers__Volunteer_Job__c" VALUES(10,'Community Outreach and Education','Outreach/Networking','True','Community Outreach and Education','2');
INSERT INTO "GW_Volunteers__Volunteer_Job__c" VALUES(11,'Dog Availability','Administration','True','Dog Availability','2');
INSERT INTO "GW_Volunteers__Volunteer_Job__c" VALUES(12,'Financial Operations','Financial/Bookkeeping','True','Financial Operations','2');
INSERT INTO "GW_Volunteers__Volunteer_Job__c" VALUES(13,'Fund Development','Fundraising/Grants','True','Fund Development','2');
INSERT INTO "GW_Volunteers__Volunteer_Job__c" VALUES(14,'Governance and Compliance and Operations','Legal','True','Governance and Compliance and Operations','2');
INSERT INTO "GW_Volunteers__Volunteer_Job__c" VALUES(15,'Operations Master Docs','Writing/Communications','True','Operations Master Docs','2');
INSERT INTO "GW_Volunteers__Volunteer_Job__c" VALUES(16,'Research and Development','Dog Training/Behavior/Veterinary','True','Research and Development','2');
INSERT INTO "GW_Volunteers__Volunteer_Job__c" VALUES(17,'Scholarships','Fundraising/Grants','True','Scholarships','2');
INSERT INTO "GW_Volunteers__Volunteer_Job__c" VALUES(18,'State Registration','Legal','True','State Registration','2');
INSERT INTO "GW_Volunteers__Volunteer_Job__c" VALUES(19,'Team Facilitator Certification','Administration','True','Team Facilitator Certification','2');
INSERT INTO "GW_Volunteers__Volunteer_Job__c" VALUES(20,'Team Facilitator Operations','Administration','True','Team Facilitator Operations','2');
INSERT INTO "GW_Volunteers__Volunteer_Job__c" VALUES(21,'Technology Infrastructure','Technology/Infrastructure','True','Technology Infrastructure','2');
INSERT INTO "GW_Volunteers__Volunteer_Job__c" VALUES(22,'Trainer Certification','Dog Training/Behavior/Veterinary','True','Trainer Certification','2');
INSERT INTO "GW_Volunteers__Volunteer_Job__c" VALUES(23,'Volunteer and Staff Operations','Administration','True','Volunteer and Staff Operations','2');
INSERT INTO "GW_Volunteers__Volunteer_Job__c" VALUES(24,'Volunteer Recruitment and Retention','Outreach/Networking','True','Volunteer Recruitment and Retention','2');
INSERT INTO "GW_Volunteers__Volunteer_Job__c" VALUES(25,'Academy-Content Creator','Education/Course Development','True','Academy-Content Creator','2');
INSERT INTO "GW_Volunteers__Volunteer_Job__c" VALUES(26,'Academy-Content Editor','Education/Course Development','True','Academy-Content Editor','2');
INSERT INTO "GW_Volunteers__Volunteer_Job__c" VALUES(27,'Marketing- Graphic Design','Graphic Design','True','Marketing- Graphic Design','2');
INSERT INTO "GW_Volunteers__Volunteer_Job__c" VALUES(28,'Marketing- Video','Photography/Videography','True','Marketing- Video','2');
INSERT INTO "GW_Volunteers__Volunteer_Job__c" VALUES(29,'Marketing- Photo','Photography/Videography','True','Marketing- Photo','2');
INSERT INTO "GW_Volunteers__Volunteer_Job__c" VALUES(30,'Marketing- Writing','Writing/Communications','True','Marketing- Writing','2');
INSERT INTO "GW_Volunteers__Volunteer_Job__c" VALUES(31,'Marketing- Leadership','Marketing and Branding','True','Marketing- Leadership','2');
INSERT INTO "GW_Volunteers__Volunteer_Job__c" VALUES(32,'Marketing- SEO','SEO','True','Marketing- SEO','2');
INSERT INTO "GW_Volunteers__Volunteer_Job__c" VALUES(33,'Marketing- Website','Website development','True','Marketing- Website','2');
INSERT INTO "GW_Volunteers__Volunteer_Job__c" VALUES(34,'Marketing- Sales','Sales','True','Marketing- Sales','2');
INSERT INTO "GW_Volunteers__Volunteer_Job__c" VALUES(35,'Marketing- Advertising','Marketing and Branding','True','Marketing- Advertising','2');
INSERT INTO "GW_Volunteers__Volunteer_Job__c" VALUES(36,'Marketing- Events','Project/Program Management','True','Marketing- Events','2');
INSERT INTO "GW_Volunteers__Volunteer_Job__c" VALUES(37,'Administrative- Client','Administration','True','Administrative- Client','2');
INSERT INTO "GW_Volunteers__Volunteer_Job__c" VALUES(38,'Administrative- Volunteer','Administration','True','Administrative- Volunteer','2');
INSERT INTO "GW_Volunteers__Volunteer_Job__c" VALUES(39,'Administrative- Trainer','Administration','True','Administrative- Trainer','2');
INSERT INTO "GW_Volunteers__Volunteer_Job__c" VALUES(40,'Administrative- General','Administration','True','Administrative- General','2');
INSERT INTO "GW_Volunteers__Volunteer_Job__c" VALUES(41,'Administrative- Technology','Administration','True','Administrative- Technology','2');
INSERT INTO "GW_Volunteers__Volunteer_Job__c" VALUES(42,'Outreach- Clients','Outreach/Networking','True','Outreach- Clients','2');
INSERT INTO "GW_Volunteers__Volunteer_Job__c" VALUES(43,'Outreach- Disability Orgs','Outreach/Networking','True','Outreach- Disability Orgs','2');
INSERT INTO "GW_Volunteers__Volunteer_Job__c" VALUES(44,'Outreach- Dogs','Outreach/Networking','True','Outreach- Dogs','2');
INSERT INTO "GW_Volunteers__Volunteer_Job__c" VALUES(45,'Outreach- Veterinarians','Outreach/Networking','True','Outreach- Veterinarians','2');
INSERT INTO "GW_Volunteers__Volunteer_Job__c" VALUES(46,'Outreach- Medical Providers','Outreach/Networking','True','Outreach- Medical Providers','2');
INSERT INTO "GW_Volunteers__Volunteer_Job__c" VALUES(47,'Outreach- Diversity','Outreach/Networking','True','Outreach- Diversity','2');
INSERT INTO "GW_Volunteers__Volunteer_Job__c" VALUES(48,'Academy decscription','Marketing and Branding','True','Academy','2');
INSERT INTO "GW_Volunteers__Volunteer_Job__c" VALUES(49,'ADI Accreditation decscription','Writing/Communications','True','ADI Accreditation','2');
INSERT INTO "GW_Volunteers__Volunteer_Job__c" VALUES(50,'Branding and Marketing decscription','Marketing and Branding','True','Branding and Marketing','2');
INSERT INTO "GW_Volunteers__Volunteer_Job__c" VALUES(51,'Client Certification decscription','Writing/Communications','True','Client Certification','2');
INSERT INTO "GW_Volunteers__Volunteer_Job__c" VALUES(52,'Client Operations','Administration','True','Client Operations','2');
INSERT INTO "GW_Volunteers__Volunteer_Job__c" VALUES(53,'Community Outreach and Education','Outreach/Networking','True','Community Outreach and Education','2');
INSERT INTO "GW_Volunteers__Volunteer_Job__c" VALUES(54,'Dog Availability','Administration','True','Dog Availability','2');
INSERT INTO "GW_Volunteers__Volunteer_Job__c" VALUES(55,'Financial Operations','Financial/Bookkeeping','True','Financial Operations','2');
INSERT INTO "GW_Volunteers__Volunteer_Job__c" VALUES(56,'Fund Development','Fundraising/Grants','True','Fund Development','2');
INSERT INTO "GW_Volunteers__Volunteer_Job__c" VALUES(57,'Governance and Compliance and Operations','Legal','True','Governance and Compliance and Operations','2');
INSERT INTO "GW_Volunteers__Volunteer_Job__c" VALUES(58,'Operations Master Docs','Writing/Communications','True','Operations Master Docs','2');
INSERT INTO "GW_Volunteers__Volunteer_Job__c" VALUES(59,'Research and Development','Dog Training/Behavior/Veterinary','True','Research and Development','2');
INSERT INTO "GW_Volunteers__Volunteer_Job__c" VALUES(60,'Scholarships','Fundraising/Grants','True','Scholarships','2');
INSERT INTO "GW_Volunteers__Volunteer_Job__c" VALUES(61,'State Registration','Legal','True','State Registration','2');
INSERT INTO "GW_Volunteers__Volunteer_Job__c" VALUES(62,'Team Facilitator Certification','Administration','True','Team Facilitator Certification','2');
INSERT INTO "GW_Volunteers__Volunteer_Job__c" VALUES(63,'Team Facilitator Operations','Administration','True','Team Facilitator Operations','2');
INSERT INTO "GW_Volunteers__Volunteer_Job__c" VALUES(64,'Technology Infrastructure','Technology/Infrastructure','True','Technology Infrastructure','2');
INSERT INTO "GW_Volunteers__Volunteer_Job__c" VALUES(65,'Trainer Certification','Dog Training/Behavior/Veterinary','True','Trainer Certification','2');
INSERT INTO "GW_Volunteers__Volunteer_Job__c" VALUES(66,'Volunteer and Staff Operations','Administration','True','Volunteer and Staff Operations','2');
INSERT INTO "GW_Volunteers__Volunteer_Job__c" VALUES(67,'Volunteer Recruitment and Retention','Outreach/Networking','True','Volunteer Recruitment and Retention','2');
INSERT INTO "GW_Volunteers__Volunteer_Job__c" VALUES(68,'Academy-Content Creator','Education/Course Development','True','Academy-Content Creator','2');
INSERT INTO "GW_Volunteers__Volunteer_Job__c" VALUES(69,'Academy-Content Editor','Education/Course Development','True','Academy-Content Editor','2');
INSERT INTO "GW_Volunteers__Volunteer_Job__c" VALUES(70,'Marketing- Graphic Design','Graphic Design','True','Marketing- Graphic Design','2');
INSERT INTO "GW_Volunteers__Volunteer_Job__c" VALUES(71,'Marketing- Video','Photography/Videography','True','Marketing- Video','2');
INSERT INTO "GW_Volunteers__Volunteer_Job__c" VALUES(72,'Marketing- Photo','Photography/Videography','True','Marketing- Photo','2');
INSERT INTO "GW_Volunteers__Volunteer_Job__c" VALUES(73,'Marketing- Writing','Writing/Communications','True','Marketing- Writing','2');
INSERT INTO "GW_Volunteers__Volunteer_Job__c" VALUES(74,'Marketing- Leadership','Marketing and Branding','True','Marketing- Leadership','2');
INSERT INTO "GW_Volunteers__Volunteer_Job__c" VALUES(75,'Marketing- SEO','SEO','True','Marketing- SEO','2');
INSERT INTO "GW_Volunteers__Volunteer_Job__c" VALUES(76,'Marketing- Website','Website development','True','Marketing- Website','2');
INSERT INTO "GW_Volunteers__Volunteer_Job__c" VALUES(77,'Marketing- Sales','Sales','True','Marketing- Sales','2');
INSERT INTO "GW_Volunteers__Volunteer_Job__c" VALUES(78,'Marketing- Advertising','Marketing and Branding','True','Marketing- Advertising','2');
INSERT INTO "GW_Volunteers__Volunteer_Job__c" VALUES(79,'Marketing- Events','Project/Program Management','True','Marketing- Events','2');
INSERT INTO "GW_Volunteers__Volunteer_Job__c" VALUES(80,'Administrative- Client','Administration','True','Administrative- Client','2');
INSERT INTO "GW_Volunteers__Volunteer_Job__c" VALUES(81,'Administrative- Volunteer','Administration','True','Administrative- Volunteer','2');
INSERT INTO "GW_Volunteers__Volunteer_Job__c" VALUES(82,'Administrative- Trainer','Administration','True','Administrative- Trainer','2');
INSERT INTO "GW_Volunteers__Volunteer_Job__c" VALUES(83,'Administrative- General','Administration','True','Administrative- General','2');
INSERT INTO "GW_Volunteers__Volunteer_Job__c" VALUES(84,'Administrative- Technology','Administration','True','Administrative- Technology','2');
INSERT INTO "GW_Volunteers__Volunteer_Job__c" VALUES(85,'Outreach- Clients','Outreach/Networking','True','Outreach- Clients','2');
INSERT INTO "GW_Volunteers__Volunteer_Job__c" VALUES(86,'Outreach- Disability Orgs','Outreach/Networking','True','Outreach- Disability Orgs','2');
INSERT INTO "GW_Volunteers__Volunteer_Job__c" VALUES(87,'Outreach- Dogs','Outreach/Networking','True','Outreach- Dogs','2');
INSERT INTO "GW_Volunteers__Volunteer_Job__c" VALUES(88,'Outreach- Veterinarians','Outreach/Networking','True','Outreach- Veterinarians','2');
INSERT INTO "GW_Volunteers__Volunteer_Job__c" VALUES(89,'Outreach- Medical Providers','Outreach/Networking','True','Outreach- Medical Providers','2');
INSERT INTO "GW_Volunteers__Volunteer_Job__c" VALUES(90,'Outreach- Diversity','Outreach/Networking','True','Outreach- Diversity','2');
INSERT INTO "GW_Volunteers__Volunteer_Job__c" VALUES(91,'Academy decscription','Marketing and Branding','True','Academy','2');
INSERT INTO "GW_Volunteers__Volunteer_Job__c" VALUES(92,'ADI Accreditation decscription','Writing/Communications','True','ADI Accreditation','2');
INSERT INTO "GW_Volunteers__Volunteer_Job__c" VALUES(93,'Branding and Marketing decscription','Marketing and Branding','True','Branding and Marketing','2');
INSERT INTO "GW_Volunteers__Volunteer_Job__c" VALUES(94,'Client Certification decscription','Writing/Communications','True','Client Certification','2');
INSERT INTO "GW_Volunteers__Volunteer_Job__c" VALUES(95,'Client Operations','Administration','True','Client Operations','2');
INSERT INTO "GW_Volunteers__Volunteer_Job__c" VALUES(96,'Community Outreach and Education','Outreach/Networking','True','Community Outreach and Education','2');
INSERT INTO "GW_Volunteers__Volunteer_Job__c" VALUES(97,'Dog Availability','Administration','True','Dog Availability','2');
INSERT INTO "GW_Volunteers__Volunteer_Job__c" VALUES(98,'Financial Operations','Financial/Bookkeeping','True','Financial Operations','2');
INSERT INTO "GW_Volunteers__Volunteer_Job__c" VALUES(99,'Fund Development','Fundraising/Grants','True','Fund Development','2');
INSERT INTO "GW_Volunteers__Volunteer_Job__c" VALUES(100,'Governance and Compliance and Operations','Legal','True','Governance and Compliance and Operations','2');
INSERT INTO "GW_Volunteers__Volunteer_Job__c" VALUES(101,'Operations Master Docs','Writing/Communications','True','Operations Master Docs','2');
INSERT INTO "GW_Volunteers__Volunteer_Job__c" VALUES(102,'Research and Development','Dog Training/Behavior/Veterinary','True','Research and Development','2');
INSERT INTO "GW_Volunteers__Volunteer_Job__c" VALUES(103,'Scholarships','Fundraising/Grants','True','Scholarships','2');
INSERT INTO "GW_Volunteers__Volunteer_Job__c" VALUES(104,'State Registration','Legal','True','State Registration','2');
INSERT INTO "GW_Volunteers__Volunteer_Job__c" VALUES(105,'Team Facilitator Certification','Administration','True','Team Facilitator Certification','2');
INSERT INTO "GW_Volunteers__Volunteer_Job__c" VALUES(106,'Team Facilitator Operations','Administration','True','Team Facilitator Operations','2');
INSERT INTO "GW_Volunteers__Volunteer_Job__c" VALUES(107,'Technology Infrastructure','Technology/Infrastructure','True','Technology Infrastructure','2');
INSERT INTO "GW_Volunteers__Volunteer_Job__c" VALUES(108,'Trainer Certification','Dog Training/Behavior/Veterinary','True','Trainer Certification','2');
INSERT INTO "GW_Volunteers__Volunteer_Job__c" VALUES(109,'Volunteer and Staff Operations','Administration','True','Volunteer and Staff Operations','2');
INSERT INTO "GW_Volunteers__Volunteer_Job__c" VALUES(110,'Volunteer Recruitment and Retention','Outreach/Networking','True','Volunteer Recruitment and Retention','2');
INSERT INTO "GW_Volunteers__Volunteer_Job__c" VALUES(111,'Academy-Content Creator','Education/Course Development','True','Academy-Content Creator','2');
INSERT INTO "GW_Volunteers__Volunteer_Job__c" VALUES(112,'Academy-Content Editor','Education/Course Development','True','Academy-Content Editor','2');
INSERT INTO "GW_Volunteers__Volunteer_Job__c" VALUES(113,'Marketing- Graphic Design','Graphic Design','True','Marketing- Graphic Design','2');
INSERT INTO "GW_Volunteers__Volunteer_Job__c" VALUES(114,'Marketing- Video','Photography/Videography','True','Marketing- Video','2');
INSERT INTO "GW_Volunteers__Volunteer_Job__c" VALUES(115,'Marketing- Photo','Photography/Videography','True','Marketing- Photo','2');
INSERT INTO "GW_Volunteers__Volunteer_Job__c" VALUES(116,'Marketing- Writing','Writing/Communications','True','Marketing- Writing','2');
INSERT INTO "GW_Volunteers__Volunteer_Job__c" VALUES(117,'Marketing- Leadership','Marketing and Branding','True','Marketing- Leadership','2');
INSERT INTO "GW_Volunteers__Volunteer_Job__c" VALUES(118,'Marketing- SEO','SEO','True','Marketing- SEO','2');
INSERT INTO "GW_Volunteers__Volunteer_Job__c" VALUES(119,'Academy decscription','Marketing and Branding','True','Academy','1');
INSERT INTO "GW_Volunteers__Volunteer_Job__c" VALUES(120,'ADI Accreditation decscription','Writing/Communications','True','ADI Accreditation','1');
INSERT INTO "GW_Volunteers__Volunteer_Job__c" VALUES(121,'Branding and Marketing decscription','Marketing and Branding','True','Branding and Marketing','1');
INSERT INTO "GW_Volunteers__Volunteer_Job__c" VALUES(122,'Client Certification decscription','Writing/Communications','True','Client Certification','1');
INSERT INTO "GW_Volunteers__Volunteer_Job__c" VALUES(123,'Client Operations','Administration','True','Client Operations','1');
INSERT INTO "GW_Volunteers__Volunteer_Job__c" VALUES(124,'Community Outreach and Education','Outreach/Networking','True','Community Outreach and Education','1');
INSERT INTO "GW_Volunteers__Volunteer_Job__c" VALUES(125,'Dog Availability','Administration','True','Dog Availability','1');
INSERT INTO "GW_Volunteers__Volunteer_Job__c" VALUES(126,'Financial Operations','Financial/Bookkeeping','True','Financial Operations','1');
INSERT INTO "GW_Volunteers__Volunteer_Job__c" VALUES(127,'Fund Development','Fundraising/Grants','True','Fund Development','1');
INSERT INTO "GW_Volunteers__Volunteer_Job__c" VALUES(128,'Governance and Compliance and Operations','Legal','True','Governance and Compliance and Operations','1');
INSERT INTO "GW_Volunteers__Volunteer_Job__c" VALUES(129,'Operations Master Docs','Writing/Communications','True','Operations Master Docs','1');
INSERT INTO "GW_Volunteers__Volunteer_Job__c" VALUES(130,'Research and Development','Dog Training/Behavior/Veterinary','True','Research and Development','1');
INSERT INTO "GW_Volunteers__Volunteer_Job__c" VALUES(131,'Scholarships','Fundraising/Grants','True','Scholarships','1');
INSERT INTO "GW_Volunteers__Volunteer_Job__c" VALUES(132,'State Registration','Legal','True','State Registration','1');
INSERT INTO "GW_Volunteers__Volunteer_Job__c" VALUES(133,'Team Facilitator Certification','Administration','True','Team Facilitator Certification','1');
INSERT INTO "GW_Volunteers__Volunteer_Job__c" VALUES(134,'Team Facilitator Operations','Administration','True','Team Facilitator Operations','1');
INSERT INTO "GW_Volunteers__Volunteer_Job__c" VALUES(135,'Technology Infrastructure','Technology/Infrastructure','True','Technology Infrastructure','1');
INSERT INTO "GW_Volunteers__Volunteer_Job__c" VALUES(136,'Trainer Certification','Dog Training/Behavior/Veterinary','True','Trainer Certification','1');
INSERT INTO "GW_Volunteers__Volunteer_Job__c" VALUES(137,'Volunteer and Staff Operations','Administration','True','Volunteer and Staff Operations','1');
INSERT INTO "GW_Volunteers__Volunteer_Job__c" VALUES(138,'Volunteer Recruitment and Retention','Outreach/Networking','True','Volunteer Recruitment and Retention','1');
INSERT INTO "GW_Volunteers__Volunteer_Job__c" VALUES(139,'Academy-Content Creator','Education/Course Development','True','Academy-Content Creator','1');
INSERT INTO "GW_Volunteers__Volunteer_Job__c" VALUES(140,'Academy-Content Editor','Education/Course Development','True','Academy-Content Editor','1');
INSERT INTO "GW_Volunteers__Volunteer_Job__c" VALUES(141,'Marketing- Graphic Design','Graphic Design','True','Marketing- Graphic Design','1');
INSERT INTO "GW_Volunteers__Volunteer_Job__c" VALUES(142,'Marketing- Video','Photography/Videography','True','Marketing- Video','1');
INSERT INTO "GW_Volunteers__Volunteer_Job__c" VALUES(143,'Marketing- Photo','Photography/Videography','True','Marketing- Photo','1');
INSERT INTO "GW_Volunteers__Volunteer_Job__c" VALUES(144,'Marketing- Writing','Writing/Communications','True','Marketing- Writing','1');
INSERT INTO "GW_Volunteers__Volunteer_Job__c" VALUES(145,'Marketing- Leadership','Marketing and Branding','True','Marketing- Leadership','1');
INSERT INTO "GW_Volunteers__Volunteer_Job__c" VALUES(146,'Marketing- SEO','SEO','True','Marketing- SEO','1');
INSERT INTO "GW_Volunteers__Volunteer_Job__c" VALUES(147,'Marketing- Website','Website development','True','Marketing- Website','1');
INSERT INTO "GW_Volunteers__Volunteer_Job__c" VALUES(148,'Marketing- Sales','Sales','True','Marketing- Sales','1');
INSERT INTO "GW_Volunteers__Volunteer_Job__c" VALUES(149,'Marketing- Advertising','Marketing and Branding','True','Marketing- Advertising','1');
INSERT INTO "GW_Volunteers__Volunteer_Job__c" VALUES(150,'Marketing- Events','Project/Program Management','True','Marketing- Events','1');
INSERT INTO "GW_Volunteers__Volunteer_Job__c" VALUES(151,'Administrative- Client','Administration','True','Administrative- Client','1');
INSERT INTO "GW_Volunteers__Volunteer_Job__c" VALUES(152,'Administrative- Volunteer','Administration','True','Administrative- Volunteer','1');
INSERT INTO "GW_Volunteers__Volunteer_Job__c" VALUES(153,'Administrative- Trainer','Administration','True','Administrative- Trainer','1');
INSERT INTO "GW_Volunteers__Volunteer_Job__c" VALUES(154,'Administrative- General','Administration','True','Administrative- General','1');
INSERT INTO "GW_Volunteers__Volunteer_Job__c" VALUES(155,'Administrative- Technology','Administration','True','Administrative- Technology','1');
INSERT INTO "GW_Volunteers__Volunteer_Job__c" VALUES(156,'Outreach- Clients','Outreach/Networking','True','Outreach- Clients','1');
INSERT INTO "GW_Volunteers__Volunteer_Job__c" VALUES(157,'Outreach- Disability Orgs','Outreach/Networking','True','Outreach- Disability Orgs','1');
INSERT INTO "GW_Volunteers__Volunteer_Job__c" VALUES(158,'Outreach- Dogs','Outreach/Networking','True','Outreach- Dogs','1');
INSERT INTO "GW_Volunteers__Volunteer_Job__c" VALUES(159,'Outreach- Veterinarians','Outreach/Networking','True','Outreach- Veterinarians','1');
INSERT INTO "GW_Volunteers__Volunteer_Job__c" VALUES(160,'Outreach- Medical Providers','Outreach/Networking','True','Outreach- Medical Providers','1');
INSERT INTO "GW_Volunteers__Volunteer_Job__c" VALUES(161,'Outreach- Diversity','Outreach/Networking','True','Outreach- Diversity','1');
INSERT INTO "GW_Volunteers__Volunteer_Job__c" VALUES(162,'Academy decscription','Marketing and Branding','True','Academy','2');
INSERT INTO "GW_Volunteers__Volunteer_Job__c" VALUES(163,'ADI Accreditation decscription','Writing/Communications','True','ADI Accreditation','2');
INSERT INTO "GW_Volunteers__Volunteer_Job__c" VALUES(164,'Branding and Marketing decscription','Marketing and Branding','True','Branding and Marketing','2');
INSERT INTO "GW_Volunteers__Volunteer_Job__c" VALUES(165,'Client Certification decscription','Writing/Communications','True','Client Certification','2');
INSERT INTO "GW_Volunteers__Volunteer_Job__c" VALUES(166,'Client Operations','Administration','True','Client Operations','2');
INSERT INTO "GW_Volunteers__Volunteer_Job__c" VALUES(167,'Community Outreach and Education','Outreach/Networking','True','Community Outreach and Education','2');
INSERT INTO "GW_Volunteers__Volunteer_Job__c" VALUES(168,'Dog Availability','Administration','True','Dog Availability','2');
INSERT INTO "GW_Volunteers__Volunteer_Job__c" VALUES(169,'Financial Operations','Financial/Bookkeeping','True','Financial Operations','2');
INSERT INTO "GW_Volunteers__Volunteer_Job__c" VALUES(170,'Fund Development','Fundraising/Grants','True','Fund Development','2');
INSERT INTO "GW_Volunteers__Volunteer_Job__c" VALUES(171,'Governance and Compliance and Operations','Legal','True','Governance and Compliance and Operations','2');
INSERT INTO "GW_Volunteers__Volunteer_Job__c" VALUES(172,'Operations Master Docs','Writing/Communications','True','Operations Master Docs','2');
INSERT INTO "GW_Volunteers__Volunteer_Job__c" VALUES(173,'Research and Development','Dog Training/Behavior/Veterinary','True','Research and Development','2');
INSERT INTO "GW_Volunteers__Volunteer_Job__c" VALUES(174,'Scholarships','Fundraising/Grants','True','Scholarships','2');
INSERT INTO "GW_Volunteers__Volunteer_Job__c" VALUES(175,'State Registration','Legal','True','State Registration','2');
INSERT INTO "GW_Volunteers__Volunteer_Job__c" VALUES(176,'Team Facilitator Certification','Administration','True','Team Facilitator Certification','2');
INSERT INTO "GW_Volunteers__Volunteer_Job__c" VALUES(177,'Team Facilitator Operations','Administration','True','Team Facilitator Operations','2');
INSERT INTO "GW_Volunteers__Volunteer_Job__c" VALUES(178,'Technology Infrastructure','Technology/Infrastructure','True','Technology Infrastructure','2');
INSERT INTO "GW_Volunteers__Volunteer_Job__c" VALUES(179,'Trainer Certification','Dog Training/Behavior/Veterinary','True','Trainer Certification','2');
INSERT INTO "GW_Volunteers__Volunteer_Job__c" VALUES(180,'Volunteer and Staff Operations','Administration','True','Volunteer and Staff Operations','2');
INSERT INTO "GW_Volunteers__Volunteer_Job__c" VALUES(181,'Volunteer Recruitment and Retention','Outreach/Networking','True','Volunteer Recruitment and Retention','2');
INSERT INTO "GW_Volunteers__Volunteer_Job__c" VALUES(182,'Academy-Content Creator','Education/Course Development','True','Academy-Content Creator','2');
INSERT INTO "GW_Volunteers__Volunteer_Job__c" VALUES(183,'Academy-Content Editor','Education/Course Development','True','Academy-Content Editor','2');
INSERT INTO "GW_Volunteers__Volunteer_Job__c" VALUES(184,'Marketing- Graphic Design','Graphic Design','True','Marketing- Graphic Design','2');
INSERT INTO "GW_Volunteers__Volunteer_Job__c" VALUES(185,'Marketing- Video','Photography/Videography','True','Marketing- Video','2');
INSERT INTO "GW_Volunteers__Volunteer_Job__c" VALUES(186,'Marketing- Photo','Photography/Videography','True','Marketing- Photo','2');
INSERT INTO "GW_Volunteers__Volunteer_Job__c" VALUES(187,'Marketing- Writing','Writing/Communications','True','Marketing- Writing','2');
INSERT INTO "GW_Volunteers__Volunteer_Job__c" VALUES(188,'Marketing- Leadership','Marketing and Branding','True','Marketing- Leadership','2');
INSERT INTO "GW_Volunteers__Volunteer_Job__c" VALUES(189,'Marketing- SEO','SEO','True','Marketing- SEO','2');
INSERT INTO "GW_Volunteers__Volunteer_Job__c" VALUES(190,'Marketing- Website','Website development','True','Marketing- Website','2');
INSERT INTO "GW_Volunteers__Volunteer_Job__c" VALUES(191,'Marketing- Sales','Sales','True','Marketing- Sales','2');
INSERT INTO "GW_Volunteers__Volunteer_Job__c" VALUES(192,'Marketing- Advertising','Marketing and Branding','True','Marketing- Advertising','2');
INSERT INTO "GW_Volunteers__Volunteer_Job__c" VALUES(193,'Marketing- Events','Project/Program Management','True','Marketing- Events','2');
INSERT INTO "GW_Volunteers__Volunteer_Job__c" VALUES(194,'Administrative- Client','Administration','True','Administrative- Client','2');
INSERT INTO "GW_Volunteers__Volunteer_Job__c" VALUES(195,'Administrative- Volunteer','Administration','True','Administrative- Volunteer','2');
INSERT INTO "GW_Volunteers__Volunteer_Job__c" VALUES(196,'Administrative- Trainer','Administration','True','Administrative- Trainer','2');
INSERT INTO "GW_Volunteers__Volunteer_Job__c" VALUES(197,'Administrative- General','Administration','True','Administrative- General','2');
INSERT INTO "GW_Volunteers__Volunteer_Job__c" VALUES(198,'Administrative- Technology','Administration','True','Administrative- Technology','2');
INSERT INTO "GW_Volunteers__Volunteer_Job__c" VALUES(199,'Outreach- Clients','Outreach/Networking','True','Outreach- Clients','2');
INSERT INTO "GW_Volunteers__Volunteer_Job__c" VALUES(200,'Outreach- Disability Orgs','Outreach/Networking','True','Outreach- Disability Orgs','2');
INSERT INTO "GW_Volunteers__Volunteer_Job__c" VALUES(201,'Marketing- Website','Website development','True','Marketing- Website','2');
INSERT INTO "GW_Volunteers__Volunteer_Job__c" VALUES(202,'Marketing- Sales','Sales','True','Marketing- Sales','2');
INSERT INTO "GW_Volunteers__Volunteer_Job__c" VALUES(203,'Marketing- Advertising','Marketing and Branding','True','Marketing- Advertising','2');
INSERT INTO "GW_Volunteers__Volunteer_Job__c" VALUES(204,'Marketing- Events','Project/Program Management','True','Marketing- Events','2');
INSERT INTO "GW_Volunteers__Volunteer_Job__c" VALUES(205,'Administrative- Client','Administration','True','Administrative- Client','2');
INSERT INTO "GW_Volunteers__Volunteer_Job__c" VALUES(206,'Administrative- Volunteer','Administration','True','Administrative- Volunteer','2');
INSERT INTO "GW_Volunteers__Volunteer_Job__c" VALUES(207,'Administrative- Trainer','Administration','True','Administrative- Trainer','2');
INSERT INTO "GW_Volunteers__Volunteer_Job__c" VALUES(208,'Administrative- General','Administration','True','Administrative- General','2');
INSERT INTO "GW_Volunteers__Volunteer_Job__c" VALUES(209,'Administrative- Technology','Administration','True','Administrative- Technology','2');
INSERT INTO "GW_Volunteers__Volunteer_Job__c" VALUES(210,'Outreach- Clients','Outreach/Networking','True','Outreach- Clients','2');
INSERT INTO "GW_Volunteers__Volunteer_Job__c" VALUES(211,'Financial Operations','Financial/Bookkeeping','True','Financial Operations','2');
INSERT INTO "GW_Volunteers__Volunteer_Job__c" VALUES(212,'Fund Development','Fundraising/Grants','True','Fund Development','2');
INSERT INTO "GW_Volunteers__Volunteer_Job__c" VALUES(213,'Governance and Compliance and Operations','Legal','True','Governance and Compliance and Operations','2');
INSERT INTO "GW_Volunteers__Volunteer_Job__c" VALUES(214,'Operations Master Docs','Writing/Communications','True','Operations Master Docs','2');
INSERT INTO "GW_Volunteers__Volunteer_Job__c" VALUES(215,'Research and Development','Dog Training/Behavior/Veterinary','True','Research and Development','2');
INSERT INTO "GW_Volunteers__Volunteer_Job__c" VALUES(216,'Scholarships','Fundraising/Grants','True','Scholarships','2');
INSERT INTO "GW_Volunteers__Volunteer_Job__c" VALUES(217,'State Registration','Legal','True','State Registration','2');
INSERT INTO "GW_Volunteers__Volunteer_Job__c" VALUES(218,'Team Facilitator Certification','Administration','True','Team Facilitator Certification','2');
INSERT INTO "GW_Volunteers__Volunteer_Job__c" VALUES(219,'Team Facilitator Operations','Administration','True','Team Facilitator Operations','2');
INSERT INTO "GW_Volunteers__Volunteer_Job__c" VALUES(220,'Technology Infrastructure','Technology/Infrastructure','True','Technology Infrastructure','2');
INSERT INTO "GW_Volunteers__Volunteer_Job__c" VALUES(221,'Trainer Certification','Dog Training/Behavior/Veterinary','True','Trainer Certification','2');
INSERT INTO "GW_Volunteers__Volunteer_Job__c" VALUES(222,'Volunteer and Staff Operations','Administration','True','Volunteer and Staff Operations','2');
INSERT INTO "GW_Volunteers__Volunteer_Job__c" VALUES(223,'Volunteer Recruitment and Retention','Outreach/Networking','True','Volunteer Recruitment and Retention','2');
INSERT INTO "GW_Volunteers__Volunteer_Job__c" VALUES(224,'Academy-Content Creator','Education/Course Development','True','Academy-Content Creator','2');
INSERT INTO "GW_Volunteers__Volunteer_Job__c" VALUES(225,'Academy-Content Editor','Education/Course Development','True','Academy-Content Editor','2');
INSERT INTO "GW_Volunteers__Volunteer_Job__c" VALUES(226,'Marketing- Graphic Design','Graphic Design','True','Marketing- Graphic Design','2');
INSERT INTO "GW_Volunteers__Volunteer_Job__c" VALUES(227,'Marketing- Video','Photography/Videography','True','Marketing- Video','2');
INSERT INTO "GW_Volunteers__Volunteer_Job__c" VALUES(228,'Marketing- Photo','Photography/Videography','True','Marketing- Photo','2');
INSERT INTO "GW_Volunteers__Volunteer_Job__c" VALUES(229,'Marketing- Writing','Writing/Communications','True','Marketing- Writing','2');
INSERT INTO "GW_Volunteers__Volunteer_Job__c" VALUES(230,'Marketing- Leadership','Marketing and Branding','True','Marketing- Leadership','2');
INSERT INTO "GW_Volunteers__Volunteer_Job__c" VALUES(231,'Marketing- SEO','SEO','True','Marketing- SEO','2');
INSERT INTO "GW_Volunteers__Volunteer_Job__c" VALUES(232,'Marketing- Website','Website development','True','Marketing- Website','2');
INSERT INTO "GW_Volunteers__Volunteer_Job__c" VALUES(233,'Marketing- Sales','Sales','True','Marketing- Sales','2');
INSERT INTO "GW_Volunteers__Volunteer_Job__c" VALUES(234,'Marketing- Advertising','Marketing and Branding','True','Marketing- Advertising','2');
INSERT INTO "GW_Volunteers__Volunteer_Job__c" VALUES(235,'Marketing- Events','Project/Program Management','True','Marketing- Events','2');
INSERT INTO "GW_Volunteers__Volunteer_Job__c" VALUES(236,'Administrative- Client','Administration','True','Administrative- Client','2');
INSERT INTO "GW_Volunteers__Volunteer_Job__c" VALUES(237,'Administrative- Volunteer','Administration','True','Administrative- Volunteer','2');
INSERT INTO "GW_Volunteers__Volunteer_Job__c" VALUES(238,'Administrative- Trainer','Administration','True','Administrative- Trainer','2');
INSERT INTO "GW_Volunteers__Volunteer_Job__c" VALUES(239,'Administrative- General','Administration','True','Administrative- General','2');
INSERT INTO "GW_Volunteers__Volunteer_Job__c" VALUES(240,'Administrative- Technology','Administration','True','Administrative- Technology','2');
INSERT INTO "GW_Volunteers__Volunteer_Job__c" VALUES(241,'Outreach- Clients','Outreach/Networking','True','Outreach- Clients','2');
INSERT INTO "GW_Volunteers__Volunteer_Job__c" VALUES(242,'Outreach- Disability Orgs','Outreach/Networking','True','Outreach- Disability Orgs','2');
INSERT INTO "GW_Volunteers__Volunteer_Job__c" VALUES(243,'Outreach- Dogs','Outreach/Networking','True','Outreach- Dogs','2');
INSERT INTO "GW_Volunteers__Volunteer_Job__c" VALUES(244,'Marketing- Website','Website development','True','Marketing- Website','2');
INSERT INTO "GW_Volunteers__Volunteer_Job__c" VALUES(245,'Marketing- Sales','Sales','True','Marketing- Sales','2');
INSERT INTO "GW_Volunteers__Volunteer_Job__c" VALUES(246,'Marketing- Advertising','Marketing and Branding','True','Marketing- Advertising','2');
INSERT INTO "GW_Volunteers__Volunteer_Job__c" VALUES(247,'Marketing- Events','Project/Program Management','True','Marketing- Events','2');
INSERT INTO "GW_Volunteers__Volunteer_Job__c" VALUES(248,'Administrative- Client','Administration','True','Administrative- Client','2');
INSERT INTO "GW_Volunteers__Volunteer_Job__c" VALUES(249,'Administrative- Volunteer','Administration','True','Administrative- Volunteer','2');
INSERT INTO "GW_Volunteers__Volunteer_Job__c" VALUES(250,'Administrative- Trainer','Administration','True','Administrative- Trainer','2');
INSERT INTO "GW_Volunteers__Volunteer_Job__c" VALUES(251,'Administrative- General','Administration','True','Administrative- General','2');
INSERT INTO "GW_Volunteers__Volunteer_Job__c" VALUES(252,'Administrative- Technology','Administration','True','Administrative- Technology','2');
INSERT INTO "GW_Volunteers__Volunteer_Job__c" VALUES(253,'Outreach- Clients','Outreach/Networking','True','Outreach- Clients','2');
INSERT INTO "GW_Volunteers__Volunteer_Job__c" VALUES(254,'Outreach- Disability Orgs','Outreach/Networking','True','Outreach- Disability Orgs','2');
INSERT INTO "GW_Volunteers__Volunteer_Job__c" VALUES(255,'Outreach- Dogs','Outreach/Networking','True','Outreach- Dogs','2');
INSERT INTO "GW_Volunteers__Volunteer_Job__c" VALUES(256,'Outreach- Veterinarians','Outreach/Networking','True','Outreach- Veterinarians','2');
INSERT INTO "GW_Volunteers__Volunteer_Job__c" VALUES(257,'Outreach- Medical Providers','Outreach/Networking','True','Outreach- Medical Providers','2');
INSERT INTO "GW_Volunteers__Volunteer_Job__c" VALUES(258,'Outreach- Diversity','Outreach/Networking','True','Outreach- Diversity','2');
INSERT INTO "GW_Volunteers__Volunteer_Job__c" VALUES(259,'Academy decscription','Marketing and Branding','True','Academy','2');
INSERT INTO "GW_Volunteers__Volunteer_Job__c" VALUES(260,'ADI Accreditation decscription','Writing/Communications','True','ADI Accreditation','2');
INSERT INTO "GW_Volunteers__Volunteer_Job__c" VALUES(261,'Branding and Marketing decscription','Marketing and Branding','True','Branding and Marketing','2');
INSERT INTO "GW_Volunteers__Volunteer_Job__c" VALUES(262,'Client Certification decscription','Writing/Communications','True','Client Certification','2');
INSERT INTO "GW_Volunteers__Volunteer_Job__c" VALUES(263,'Client Operations','Administration','True','Client Operations','2');
INSERT INTO "GW_Volunteers__Volunteer_Job__c" VALUES(264,'Community Outreach and Education','Outreach/Networking','True','Community Outreach and Education','2');
INSERT INTO "GW_Volunteers__Volunteer_Job__c" VALUES(265,'Dog Availability','Administration','True','Dog Availability','2');
INSERT INTO "GW_Volunteers__Volunteer_Job__c" VALUES(266,'Financial Operations','Financial/Bookkeeping','True','Financial Operations','2');
INSERT INTO "GW_Volunteers__Volunteer_Job__c" VALUES(267,'Fund Development','Fundraising/Grants','True','Fund Development','2');
INSERT INTO "GW_Volunteers__Volunteer_Job__c" VALUES(268,'Governance and Compliance and Operations','Legal','True','Governance and Compliance and Operations','2');
INSERT INTO "GW_Volunteers__Volunteer_Job__c" VALUES(269,'Operations Master Docs','Writing/Communications','True','Operations Master Docs','2');
INSERT INTO "GW_Volunteers__Volunteer_Job__c" VALUES(270,'Research and Development','Dog Training/Behavior/Veterinary','True','Research and Development','2');
INSERT INTO "GW_Volunteers__Volunteer_Job__c" VALUES(271,'Scholarships','Fundraising/Grants','True','Scholarships','2');
INSERT INTO "GW_Volunteers__Volunteer_Job__c" VALUES(272,'State Registration','Legal','True','State Registration','2');
INSERT INTO "GW_Volunteers__Volunteer_Job__c" VALUES(273,'Team Facilitator Certification','Administration','True','Team Facilitator Certification','2');
INSERT INTO "GW_Volunteers__Volunteer_Job__c" VALUES(274,'Team Facilitator Operations','Administration','True','Team Facilitator Operations','2');
INSERT INTO "GW_Volunteers__Volunteer_Job__c" VALUES(275,'Technology Infrastructure','Technology/Infrastructure','True','Technology Infrastructure','2');
INSERT INTO "GW_Volunteers__Volunteer_Job__c" VALUES(276,'Outreach- Veterinarians','Outreach/Networking','True','Outreach- Veterinarians','2');
INSERT INTO "GW_Volunteers__Volunteer_Job__c" VALUES(277,'Outreach- Medical Providers','Outreach/Networking','True','Outreach- Medical Providers','2');
INSERT INTO "GW_Volunteers__Volunteer_Job__c" VALUES(278,'Outreach- Diversity','Outreach/Networking','True','Outreach- Diversity','2');
INSERT INTO "GW_Volunteers__Volunteer_Job__c" VALUES(279,'Academy decscription','Marketing and Branding','True','Academy','2');
INSERT INTO "GW_Volunteers__Volunteer_Job__c" VALUES(280,'ADI Accreditation decscription','Writing/Communications','True','ADI Accreditation','2');
INSERT INTO "GW_Volunteers__Volunteer_Job__c" VALUES(281,'Branding and Marketing decscription','Marketing and Branding','True','Branding and Marketing','2');
INSERT INTO "GW_Volunteers__Volunteer_Job__c" VALUES(282,'Client Certification decscription','Writing/Communications','True','Client Certification','2');
INSERT INTO "GW_Volunteers__Volunteer_Job__c" VALUES(283,'Client Operations','Administration','True','Client Operations','2');
INSERT INTO "GW_Volunteers__Volunteer_Job__c" VALUES(284,'Community Outreach and Education','Outreach/Networking','True','Community Outreach and Education','2');
INSERT INTO "GW_Volunteers__Volunteer_Job__c" VALUES(285,'Dog Availability','Administration','True','Dog Availability','2');
INSERT INTO "GW_Volunteers__Volunteer_Job__c" VALUES(286,'Financial Operations','Financial/Bookkeeping','True','Financial Operations','2');
INSERT INTO "GW_Volunteers__Volunteer_Job__c" VALUES(287,'Fund Development','Fundraising/Grants','True','Fund Development','2');
INSERT INTO "GW_Volunteers__Volunteer_Job__c" VALUES(288,'Governance and Compliance and Operations','Legal','True','Governance and Compliance and Operations','2');
INSERT INTO "GW_Volunteers__Volunteer_Job__c" VALUES(289,'Operations Master Docs','Writing/Communications','True','Operations Master Docs','2');
INSERT INTO "GW_Volunteers__Volunteer_Job__c" VALUES(290,'Research and Development','Dog Training/Behavior/Veterinary','True','Research and Development','2');
INSERT INTO "GW_Volunteers__Volunteer_Job__c" VALUES(291,'Scholarships','Fundraising/Grants','True','Scholarships','2');
INSERT INTO "GW_Volunteers__Volunteer_Job__c" VALUES(292,'State Registration','Legal','True','State Registration','2');
INSERT INTO "GW_Volunteers__Volunteer_Job__c" VALUES(293,'Team Facilitator Certification','Administration','True','Team Facilitator Certification','2');
INSERT INTO "GW_Volunteers__Volunteer_Job__c" VALUES(294,'Team Facilitator Operations','Administration','True','Team Facilitator Operations','2');
INSERT INTO "GW_Volunteers__Volunteer_Job__c" VALUES(295,'Technology Infrastructure','Technology/Infrastructure','True','Technology Infrastructure','2');
INSERT INTO "GW_Volunteers__Volunteer_Job__c" VALUES(296,'Trainer Certification','Dog Training/Behavior/Veterinary','True','Trainer Certification','2');
INSERT INTO "GW_Volunteers__Volunteer_Job__c" VALUES(297,'Volunteer and Staff Operations','Administration','True','Volunteer and Staff Operations','2');
INSERT INTO "GW_Volunteers__Volunteer_Job__c" VALUES(298,'Volunteer Recruitment and Retention','Outreach/Networking','True','Volunteer Recruitment and Retention','2');
INSERT INTO "GW_Volunteers__Volunteer_Job__c" VALUES(299,'Academy-Content Creator','Education/Course Development','True','Academy-Content Creator','2');
INSERT INTO "GW_Volunteers__Volunteer_Job__c" VALUES(300,'Academy-Content Editor','Education/Course Development','True','Academy-Content Editor','2');
INSERT INTO "GW_Volunteers__Volunteer_Job__c" VALUES(301,'Marketing- Graphic Design','Graphic Design','True','Marketing- Graphic Design','2');
INSERT INTO "GW_Volunteers__Volunteer_Job__c" VALUES(302,'Marketing- Video','Photography/Videography','True','Marketing- Video','2');
INSERT INTO "GW_Volunteers__Volunteer_Job__c" VALUES(303,'Marketing- Photo','Photography/Videography','True','Marketing- Photo','2');
INSERT INTO "GW_Volunteers__Volunteer_Job__c" VALUES(304,'Marketing- Writing','Writing/Communications','True','Marketing- Writing','2');
INSERT INTO "GW_Volunteers__Volunteer_Job__c" VALUES(305,'Marketing- Leadership','Marketing and Branding','True','Marketing- Leadership','2');
INSERT INTO "GW_Volunteers__Volunteer_Job__c" VALUES(306,'Marketing- SEO','SEO','True','Marketing- SEO','2');
INSERT INTO "GW_Volunteers__Volunteer_Job__c" VALUES(307,'Marketing- Website','Website development','True','Marketing- Website','2');
INSERT INTO "GW_Volunteers__Volunteer_Job__c" VALUES(308,'Outreach- Medical Providers','Outreach/Networking','True','Outreach- Medical Providers','2');
INSERT INTO "GW_Volunteers__Volunteer_Job__c" VALUES(309,'Outreach- Diversity','Outreach/Networking','True','Outreach- Diversity','2');
INSERT INTO "GW_Volunteers__Volunteer_Job__c" VALUES(310,'Academy decscription','Marketing and Branding','True','Academy','2');
INSERT INTO "GW_Volunteers__Volunteer_Job__c" VALUES(311,'ADI Accreditation decscription','Writing/Communications','True','ADI Accreditation','2');
INSERT INTO "GW_Volunteers__Volunteer_Job__c" VALUES(312,'Branding and Marketing decscription','Marketing and Branding','True','Branding and Marketing','2');
INSERT INTO "GW_Volunteers__Volunteer_Job__c" VALUES(313,'Client Certification decscription','Writing/Communications','True','Client Certification','2');
INSERT INTO "GW_Volunteers__Volunteer_Job__c" VALUES(314,'Client Operations','Administration','True','Client Operations','2');
INSERT INTO "GW_Volunteers__Volunteer_Job__c" VALUES(315,'Community Outreach and Education','Outreach/Networking','True','Community Outreach and Education','2');
INSERT INTO "GW_Volunteers__Volunteer_Job__c" VALUES(316,'Dog Availability','Administration','True','Dog Availability','2');
INSERT INTO "GW_Volunteers__Volunteer_Job__c" VALUES(317,'Financial Operations','Financial/Bookkeeping','True','Financial Operations','2');
INSERT INTO "GW_Volunteers__Volunteer_Job__c" VALUES(318,'Fund Development','Fundraising/Grants','True','Fund Development','2');
INSERT INTO "GW_Volunteers__Volunteer_Job__c" VALUES(319,'Governance and Compliance and Operations','Legal','True','Governance and Compliance and Operations','2');
INSERT INTO "GW_Volunteers__Volunteer_Job__c" VALUES(320,'Operations Master Docs','Writing/Communications','True','Operations Master Docs','2');
INSERT INTO "GW_Volunteers__Volunteer_Job__c" VALUES(321,'Research and Development','Dog Training/Behavior/Veterinary','True','Research and Development','2');
INSERT INTO "GW_Volunteers__Volunteer_Job__c" VALUES(322,'Scholarships','Fundraising/Grants','True','Scholarships','2');
INSERT INTO "GW_Volunteers__Volunteer_Job__c" VALUES(323,'State Registration','Legal','True','State Registration','2');
INSERT INTO "GW_Volunteers__Volunteer_Job__c" VALUES(324,'Team Facilitator Certification','Administration','True','Team Facilitator Certification','2');
INSERT INTO "GW_Volunteers__Volunteer_Job__c" VALUES(325,'Team Facilitator Operations','Administration','True','Team Facilitator Operations','2');
INSERT INTO "GW_Volunteers__Volunteer_Job__c" VALUES(326,'Technology Infrastructure','Technology/Infrastructure','True','Technology Infrastructure','2');
INSERT INTO "GW_Volunteers__Volunteer_Job__c" VALUES(327,'Trainer Certification','Dog Training/Behavior/Veterinary','True','Trainer Certification','2');
INSERT INTO "GW_Volunteers__Volunteer_Job__c" VALUES(328,'Volunteer and Staff Operations','Administration','True','Volunteer and Staff Operations','2');
INSERT INTO "GW_Volunteers__Volunteer_Job__c" VALUES(329,'Volunteer Recruitment and Retention','Outreach/Networking','True','Volunteer Recruitment and Retention','2');
INSERT INTO "GW_Volunteers__Volunteer_Job__c" VALUES(330,'Academy-Content Creator','Education/Course Development','True','Academy-Content Creator','2');
INSERT INTO "GW_Volunteers__Volunteer_Job__c" VALUES(331,'Academy-Content Editor','Education/Course Development','True','Academy-Content Editor','2');
INSERT INTO "GW_Volunteers__Volunteer_Job__c" VALUES(332,'Marketing- Graphic Design','Graphic Design','True','Marketing- Graphic Design','2');
INSERT INTO "GW_Volunteers__Volunteer_Job__c" VALUES(333,'Marketing- Video','Photography/Videography','True','Marketing- Video','2');
INSERT INTO "GW_Volunteers__Volunteer_Job__c" VALUES(334,'Marketing- Photo','Photography/Videography','True','Marketing- Photo','2');
INSERT INTO "GW_Volunteers__Volunteer_Job__c" VALUES(335,'Marketing- Writing','Writing/Communications','True','Marketing- Writing','2');
INSERT INTO "GW_Volunteers__Volunteer_Job__c" VALUES(336,'Marketing- Leadership','Marketing and Branding','True','Marketing- Leadership','2');
INSERT INTO "GW_Volunteers__Volunteer_Job__c" VALUES(337,'Marketing- SEO','SEO','True','Marketing- SEO','2');
INSERT INTO "GW_Volunteers__Volunteer_Job__c" VALUES(338,'Outreach- Disability Orgs','Outreach/Networking','True','Outreach- Disability Orgs','2');
INSERT INTO "GW_Volunteers__Volunteer_Job__c" VALUES(339,'Outreach- Dogs','Outreach/Networking','True','Outreach- Dogs','2');
INSERT INTO "GW_Volunteers__Volunteer_Job__c" VALUES(340,'Outreach- Veterinarians','Outreach/Networking','True','Outreach- Veterinarians','2');
INSERT INTO "GW_Volunteers__Volunteer_Job__c" VALUES(341,'Trainer Certification','Dog Training/Behavior/Veterinary','True','Trainer Certification','2');
INSERT INTO "GW_Volunteers__Volunteer_Job__c" VALUES(342,'Volunteer and Staff Operations','Administration','True','Volunteer and Staff Operations','2');
INSERT INTO "GW_Volunteers__Volunteer_Job__c" VALUES(343,'Volunteer Recruitment and Retention','Outreach/Networking','True','Volunteer Recruitment and Retention','2');
INSERT INTO "GW_Volunteers__Volunteer_Job__c" VALUES(344,'Academy-Content Creator','Education/Course Development','True','Academy-Content Creator','2');
INSERT INTO "GW_Volunteers__Volunteer_Job__c" VALUES(345,'Academy-Content Editor','Education/Course Development','True','Academy-Content Editor','2');
INSERT INTO "GW_Volunteers__Volunteer_Job__c" VALUES(346,'Marketing- Graphic Design','Graphic Design','True','Marketing- Graphic Design','2');
INSERT INTO "GW_Volunteers__Volunteer_Job__c" VALUES(347,'Marketing- Video','Photography/Videography','True','Marketing- Video','2');
INSERT INTO "GW_Volunteers__Volunteer_Job__c" VALUES(348,'Marketing- Photo','Photography/Videography','True','Marketing- Photo','2');
INSERT INTO "GW_Volunteers__Volunteer_Job__c" VALUES(349,'Marketing- Writing','Writing/Communications','True','Marketing- Writing','2');
INSERT INTO "GW_Volunteers__Volunteer_Job__c" VALUES(350,'Marketing- Leadership','Marketing and Branding','True','Marketing- Leadership','2');
INSERT INTO "GW_Volunteers__Volunteer_Job__c" VALUES(351,'Marketing- SEO','SEO','True','Marketing- SEO','2');
INSERT INTO "GW_Volunteers__Volunteer_Job__c" VALUES(352,'Marketing- Website','Website development','True','Marketing- Website','2');
INSERT INTO "GW_Volunteers__Volunteer_Job__c" VALUES(353,'Marketing- Sales','Sales','True','Marketing- Sales','2');
INSERT INTO "GW_Volunteers__Volunteer_Job__c" VALUES(354,'Marketing- Advertising','Marketing and Branding','True','Marketing- Advertising','2');
INSERT INTO "GW_Volunteers__Volunteer_Job__c" VALUES(355,'Marketing- Events','Project/Program Management','True','Marketing- Events','2');
INSERT INTO "GW_Volunteers__Volunteer_Job__c" VALUES(356,'Administrative- Client','Administration','True','Administrative- Client','2');
INSERT INTO "GW_Volunteers__Volunteer_Job__c" VALUES(357,'Administrative- Volunteer','Administration','True','Administrative- Volunteer','2');
INSERT INTO "GW_Volunteers__Volunteer_Job__c" VALUES(358,'Administrative- Trainer','Administration','True','Administrative- Trainer','2');
INSERT INTO "GW_Volunteers__Volunteer_Job__c" VALUES(359,'Administrative- General','Administration','True','Administrative- General','2');
INSERT INTO "GW_Volunteers__Volunteer_Job__c" VALUES(360,'Administrative- Technology','Administration','True','Administrative- Technology','2');
INSERT INTO "GW_Volunteers__Volunteer_Job__c" VALUES(361,'Outreach- Clients','Outreach/Networking','True','Outreach- Clients','2');
INSERT INTO "GW_Volunteers__Volunteer_Job__c" VALUES(362,'Outreach- Disability Orgs','Outreach/Networking','True','Outreach- Disability Orgs','2');
INSERT INTO "GW_Volunteers__Volunteer_Job__c" VALUES(363,'Outreach- Dogs','Outreach/Networking','True','Outreach- Dogs','2');
INSERT INTO "GW_Volunteers__Volunteer_Job__c" VALUES(364,'Outreach- Veterinarians','Outreach/Networking','True','Outreach- Veterinarians','2');
INSERT INTO "GW_Volunteers__Volunteer_Job__c" VALUES(365,'Outreach- Medical Providers','Outreach/Networking','True','Outreach- Medical Providers','2');
INSERT INTO "GW_Volunteers__Volunteer_Job__c" VALUES(366,'Outreach- Diversity','Outreach/Networking','True','Outreach- Diversity','2');
INSERT INTO "GW_Volunteers__Volunteer_Job__c" VALUES(367,'Academy decscription','Marketing and Branding','True','Academy','2');
INSERT INTO "GW_Volunteers__Volunteer_Job__c" VALUES(368,'ADI Accreditation decscription','Writing/Communications','True','ADI Accreditation','2');
INSERT INTO "GW_Volunteers__Volunteer_Job__c" VALUES(369,'Branding and Marketing decscription','Marketing and Branding','True','Branding and Marketing','2');
INSERT INTO "GW_Volunteers__Volunteer_Job__c" VALUES(370,'Client Certification decscription','Writing/Communications','True','Client Certification','2');
INSERT INTO "GW_Volunteers__Volunteer_Job__c" VALUES(371,'Client Operations','Administration','True','Client Operations','2');
INSERT INTO "GW_Volunteers__Volunteer_Job__c" VALUES(372,'Community Outreach and Education','Outreach/Networking','True','Community Outreach and Education','2');
INSERT INTO "GW_Volunteers__Volunteer_Job__c" VALUES(373,'Dog Availability','Administration','True','Dog Availability','2');
INSERT INTO "GW_Volunteers__Volunteer_Job__c" VALUES(374,'Marketing- Sales','Sales','True','Marketing- Sales','2');
INSERT INTO "GW_Volunteers__Volunteer_Job__c" VALUES(375,'Marketing- Advertising','Marketing and Branding','True','Marketing- Advertising','2');
INSERT INTO "GW_Volunteers__Volunteer_Job__c" VALUES(376,'Marketing- Events','Project/Program Management','True','Marketing- Events','2');
INSERT INTO "GW_Volunteers__Volunteer_Job__c" VALUES(377,'Administrative- Client','Administration','True','Administrative- Client','2');
INSERT INTO "GW_Volunteers__Volunteer_Job__c" VALUES(378,'Administrative- Volunteer','Administration','True','Administrative- Volunteer','2');
INSERT INTO "GW_Volunteers__Volunteer_Job__c" VALUES(379,'Administrative- Trainer','Administration','True','Administrative- Trainer','2');
INSERT INTO "GW_Volunteers__Volunteer_Job__c" VALUES(380,'Administrative- General','Administration','True','Administrative- General','2');
INSERT INTO "GW_Volunteers__Volunteer_Job__c" VALUES(381,'Administrative- Technology','Administration','True','Administrative- Technology','2');
INSERT INTO "GW_Volunteers__Volunteer_Job__c" VALUES(382,'Outreach- Clients','Outreach/Networking','True','Outreach- Clients','2');
INSERT INTO "GW_Volunteers__Volunteer_Job__c" VALUES(383,'Outreach- Disability Orgs','Outreach/Networking','True','Outreach- Disability Orgs','2');
INSERT INTO "GW_Volunteers__Volunteer_Job__c" VALUES(384,'Outreach- Dogs','Outreach/Networking','True','Outreach- Dogs','2');
INSERT INTO "GW_Volunteers__Volunteer_Job__c" VALUES(385,'Outreach- Veterinarians','Outreach/Networking','True','Outreach- Veterinarians','2');
INSERT INTO "GW_Volunteers__Volunteer_Job__c" VALUES(386,'Outreach- Medical Providers','Outreach/Networking','True','Outreach- Medical Providers','2');
INSERT INTO "GW_Volunteers__Volunteer_Job__c" VALUES(387,'Outreach- Diversity','Outreach/Networking','True','Outreach- Diversity','2');
INSERT INTO "GW_Volunteers__Volunteer_Job__c" VALUES(388,'Academy decscription','Marketing and Branding','True','Academy','2');
INSERT INTO "GW_Volunteers__Volunteer_Job__c" VALUES(389,'ADI Accreditation decscription','Writing/Communications','True','ADI Accreditation','2');
INSERT INTO "GW_Volunteers__Volunteer_Job__c" VALUES(390,'Branding and Marketing decscription','Marketing and Branding','True','Branding and Marketing','2');
INSERT INTO "GW_Volunteers__Volunteer_Job__c" VALUES(391,'Client Certification decscription','Writing/Communications','True','Client Certification','2');
INSERT INTO "GW_Volunteers__Volunteer_Job__c" VALUES(392,'Client Operations','Administration','True','Client Operations','2');
INSERT INTO "GW_Volunteers__Volunteer_Job__c" VALUES(393,'Community Outreach and Education','Outreach/Networking','True','Community Outreach and Education','2');
INSERT INTO "GW_Volunteers__Volunteer_Job__c" VALUES(394,'Dog Availability','Administration','True','Dog Availability','2');
INSERT INTO "GW_Volunteers__Volunteer_Job__c" VALUES(395,'Financial Operations','Financial/Bookkeeping','True','Financial Operations','2');
INSERT INTO "GW_Volunteers__Volunteer_Job__c" VALUES(396,'Fund Development','Fundraising/Grants','True','Fund Development','2');
INSERT INTO "GW_Volunteers__Volunteer_Job__c" VALUES(397,'Governance and Compliance and Operations','Legal','True','Governance and Compliance and Operations','2');
INSERT INTO "GW_Volunteers__Volunteer_Job__c" VALUES(398,'Operations Master Docs','Writing/Communications','True','Operations Master Docs','2');
INSERT INTO "GW_Volunteers__Volunteer_Job__c" VALUES(399,'Research and Development','Dog Training/Behavior/Veterinary','True','Research and Development','2');
INSERT INTO "GW_Volunteers__Volunteer_Job__c" VALUES(400,'Scholarships','Fundraising/Grants','True','Scholarships','2');
INSERT INTO "GW_Volunteers__Volunteer_Job__c" VALUES(401,'State Registration','Legal','True','State Registration','2');
INSERT INTO "GW_Volunteers__Volunteer_Job__c" VALUES(402,'Team Facilitator Certification','Administration','True','Team Facilitator Certification','2');
INSERT INTO "GW_Volunteers__Volunteer_Job__c" VALUES(403,'Team Facilitator Operations','Administration','True','Team Facilitator Operations','2');
INSERT INTO "GW_Volunteers__Volunteer_Job__c" VALUES(404,'Technology Infrastructure','Technology/Infrastructure','True','Technology Infrastructure','2');
INSERT INTO "GW_Volunteers__Volunteer_Job__c" VALUES(405,'Trainer Certification','Dog Training/Behavior/Veterinary','True','Trainer Certification','2');
INSERT INTO "GW_Volunteers__Volunteer_Job__c" VALUES(406,'Volunteer and Staff Operations','Administration','True','Volunteer and Staff Operations','2');
INSERT INTO "GW_Volunteers__Volunteer_Job__c" VALUES(407,'Volunteer Recruitment and Retention','Outreach/Networking','True','Volunteer Recruitment and Retention','2');
INSERT INTO "GW_Volunteers__Volunteer_Job__c" VALUES(408,'Academy-Content Creator','Education/Course Development','True','Academy-Content Creator','2');
INSERT INTO "GW_Volunteers__Volunteer_Job__c" VALUES(409,'Academy-Content Editor','Education/Course Development','True','Academy-Content Editor','2');
INSERT INTO "GW_Volunteers__Volunteer_Job__c" VALUES(410,'Marketing- Graphic Design','Graphic Design','True','Marketing- Graphic Design','2');
INSERT INTO "GW_Volunteers__Volunteer_Job__c" VALUES(411,'Marketing- Video','Photography/Videography','True','Marketing- Video','2');
INSERT INTO "GW_Volunteers__Volunteer_Job__c" VALUES(412,'Marketing- Photo','Photography/Videography','True','Marketing- Photo','2');
INSERT INTO "GW_Volunteers__Volunteer_Job__c" VALUES(413,'Marketing- Writing','Writing/Communications','True','Marketing- Writing','2');
INSERT INTO "GW_Volunteers__Volunteer_Job__c" VALUES(414,'Marketing- Leadership','Marketing and Branding','True','Marketing- Leadership','2');
INSERT INTO "GW_Volunteers__Volunteer_Job__c" VALUES(415,'Marketing- SEO','SEO','True','Marketing- SEO','2');
INSERT INTO "GW_Volunteers__Volunteer_Job__c" VALUES(416,'Marketing- Website','Website development','True','Marketing- Website','2');
INSERT INTO "GW_Volunteers__Volunteer_Job__c" VALUES(417,'Marketing- Sales','Sales','True','Marketing- Sales','2');
INSERT INTO "GW_Volunteers__Volunteer_Job__c" VALUES(418,'Marketing- Advertising','Marketing and Branding','True','Marketing- Advertising','2');
INSERT INTO "GW_Volunteers__Volunteer_Job__c" VALUES(419,'Marketing- Events','Project/Program Management','True','Marketing- Events','2');
INSERT INTO "GW_Volunteers__Volunteer_Job__c" VALUES(420,'Administrative- Client','Administration','True','Administrative- Client','2');
INSERT INTO "GW_Volunteers__Volunteer_Job__c" VALUES(421,'Administrative- Volunteer','Administration','True','Administrative- Volunteer','2');
INSERT INTO "GW_Volunteers__Volunteer_Job__c" VALUES(422,'Administrative- Trainer','Administration','True','Administrative- Trainer','2');
INSERT INTO "GW_Volunteers__Volunteer_Job__c" VALUES(423,'Administrative- General','Administration','True','Administrative- General','2');
INSERT INTO "GW_Volunteers__Volunteer_Job__c" VALUES(424,'Administrative- Technology','Administration','True','Administrative- Technology','2');
INSERT INTO "GW_Volunteers__Volunteer_Job__c" VALUES(425,'Outreach- Clients','Outreach/Networking','True','Outreach- Clients','2');
INSERT INTO "GW_Volunteers__Volunteer_Job__c" VALUES(426,'Outreach- Disability Orgs','Outreach/Networking','True','Outreach- Disability Orgs','2');
INSERT INTO "GW_Volunteers__Volunteer_Job__c" VALUES(427,'Outreach- Dogs','Outreach/Networking','True','Outreach- Dogs','2');
INSERT INTO "GW_Volunteers__Volunteer_Job__c" VALUES(428,'Outreach- Veterinarians','Outreach/Networking','True','Outreach- Veterinarians','2');
INSERT INTO "GW_Volunteers__Volunteer_Job__c" VALUES(429,'Outreach- Medical Providers','Outreach/Networking','True','Outreach- Medical Providers','2');
INSERT INTO "GW_Volunteers__Volunteer_Job__c" VALUES(430,'Outreach- Diversity','Outreach/Networking','True','Outreach- Diversity','2');
CREATE TABLE "Lead" (
	id INTEGER NOT NULL, 
	"City" VARCHAR(255), 
	"Company" VARCHAR(255), 
	"Country" VARCHAR(255), 
	"Email" VARCHAR(255), 
	"FirstName" VARCHAR(255), 
	"GW_Volunteers__Volunteer_Availability__c" VARCHAR(255), 
	"GW_Volunteers__Volunteer_Notes__c" VARCHAR(255), 
	"GW_Volunteers__Volunteer_Skills__c" VARCHAR(255), 
	"GW_Volunteers__Volunteer_Status__c" VARCHAR(255), 
	"IsConverted" VARCHAR(255), 
	"IsUnreadByOwner" VARCHAR(255), 
	"LastName" VARCHAR(255), 
	"LeadInterest__c" VARCHAR(255), 
	"LeadSource" VARCHAR(255), 
	"LeadSourceOther__c" VARCHAR(255), 
	"MobilePhone" VARCHAR(255), 
	"Phone" VARCHAR(255), 
	"PostalCode" VARCHAR(255), 
	"PronounOther__c" VARCHAR(255), 
	"Pronoun__c" VARCHAR(255), 
	"State" VARCHAR(255), 
	"Status" VARCHAR(255), 
	"Street" VARCHAR(255), 
	"npe01__Preferred_Email__c" VARCHAR(255), 
	"npe01__Preferred_Phone__c" VARCHAR(255), 
	"npsp__CompanyCity__c" VARCHAR(255), 
	"npsp__CompanyCountry__c" VARCHAR(255), 
	"npsp__CompanyPostalCode__c" VARCHAR(255), 
	"npsp__CompanyState__c" VARCHAR(255), 
	"npsp__CompanyStreet__c" VARCHAR(255), 
	"npsp__Batch__c" VARCHAR(255), 
	PRIMARY KEY (id)
);
INSERT INTO "Lead" VALUES(1,'Kellitown','N/A','Central African Republic','pettycharlene@example.net','Brenda','','','','','False','True','Jackson','Trainer Certification','Health Provider','','987.523.0388x59034','001-851-678-8425','44841','Prevent.','Prefer to self-describe','Ohio','Working - Contacted','7281 Moran Rapids Suite 175','Alternate','Work','','','','','','');
INSERT INTO "Lead" VALUES(2,'Lake Gloria','N/A','Cote d''Ivoire','sloanderek@example.net','Devon','','','','','False','True','Hoffman','Sponsorship/Donations','Twitter','','001-486-766-4746x41307','981.853.0975x70283','92488','Two east.','Prefer not to answer','New York','Open - Not Contacted','23220 Oneal Well Suite 645','Alternate','Work','','','','','','');
INSERT INTO "Lead" VALUES(3,'Prattstad','N/A','Saint Martin','leonpatel@example.net','Stacie','','','','','False','True','Lutz','Team Facilitator Certification','Twitter','','855-146-4395','+1-735-966-9423','72265','Fund must.','They/Them','Ohio','Open - Not Contacted','811 Chase Hill Suite 110','Personal','Other','','','','','','');
INSERT INTO "Lead" VALUES(4,'Edgarmouth','N/A','Taiwan','hpennington@example.net','Sheila','','','','','False','True','Acevedo','Client Certification','Facebook','','(394)668-4754x46593','001-607-854-3069x5223','80978','Director.','Prefer to self-describe','Idaho','Working - Contacted','91592 Schwartz Creek','Personal','Mobile','','','','','','');
INSERT INTO "Lead" VALUES(5,'East Loganhaven','N/A','Uganda','jillian70@example.com','Alison','','','','','False','True','Myers','Sponsorship/Donations','Website','','001-167-062-3157x211','069-292-0099','51845','Past.','Prefer not to answer','Alaska','Open - Not Contacted','733 Sierra Route','Work','Mobile','','','','','','');
INSERT INTO "Lead" VALUES(6,'Christianview','N/A','Gabon','terryrobin@example.org','Wyatt','','','','','False','True','Knapp','Sweet Snoopers Training Program','Twitter','','436.009.5671x2129','001-771-288-4266x943','03911','While.','Prefer not to answer','Minnesota','Open - Not Contacted','1815 Bennett Orchard','Work','Home','','','','','','');
INSERT INTO "Lead" VALUES(7,'Arthurbury','N/A','Congo','bushchristina@example.com','Sergio','','','','','False','True','Andrews','Assistance Dogs Set in Motion Program','Facebook','','(226)354-2971','477.381.4257x0813','21314','About.','They/Them','Louisiana','Open - Not Contacted','2619 Marshall Key Suite 812','Alternate','Mobile','','','','','','');
INSERT INTO "Lead" VALUES(8,'North Andreaborough','N/A','Pitcairn Islands','yvonne70@example.com','Brittany','','','','','False','True','Melton','Sweet Snoopers Training Program','Website','','023.858.8579x62523','317.705.6089x788','91701','Wish.','Prefer to self-describe','Delaware','Working - Contacted','56112 Anthony Tunnel Suite 901','Work','Mobile','','','','','','');
INSERT INTO "Lead" VALUES(9,'East Robertaton','N/A','Saint Pierre and Miquelon','steinduane@example.org','Manuel','','','','','False','True','Simmons','Sponsorship/Donations','Instagram','','9214435574','812.586.4948x9287','12060','Consumer.','They/Them','Vermont','Working - Contacted','9985 Jonathon Turnpike Suite 361','Alternate','Other','','','','','','');
INSERT INTO "Lead" VALUES(10,'Leeland','N/A','Ghana','rodney48@example.org','Kelly','','','','','False','True','Mckinney','Team Facilitator Certification','Facebook','','174.702.2343x165','126-480-2804x2407','78637','Trade can.','She/Her','North Carolina','Open - Not Contacted','3058 Lamb Branch','Work','Work','','','','','','');
CREATE TABLE "Log__c" (
	id INTEGER NOT NULL, 
	"ClientHours__c" VARCHAR(255), 
	"ClientStress__c" VARCHAR(255), 
	"Date__c" VARCHAR(255), 
	"Details__c" VARCHAR(255), 
	"Handler__c" VARCHAR(255), 
	"OtherHours__c" VARCHAR(255), 
	"PublicAccessHours__c" VARCHAR(255), 
	"RecordTypeId" VARCHAR(255), 
	"RequestSupportFromAtlas__c" VARCHAR(255), 
	"RequestSupportFromTeam__c" VARCHAR(255), 
	"Satisfaction__c" VARCHAR(255), 
	"SessionType__c" VARCHAR(255), 
	"Stress__c" VARCHAR(255), 
	"SupportDetails__c" VARCHAR(255), 
	"Client__c" VARCHAR(255), 
	"Dog__c" VARCHAR(255), 
	"Facilitator__c" VARCHAR(255), 
	"Submitter__c" VARCHAR(255), 
	PRIMARY KEY (id)
);
INSERT INTO "Log__c" VALUES(1,'25.0','Only a little','2020-10-16','Attention what child money. Many beautiful production product force break. Recent get after forget.','Lindsay','65.0','3.0','01252000002jBV9AAM','False','True','Extreme amount of enjoyment','In Person','Very much','Student cost future front agent ball. Movie picture source treatment. Purpose white performance happen.','61','1','54','10');
INSERT INTO "Log__c" VALUES(2,'23.0','Only a little','2016-01-22','Must explain already open skin. Street about check son maybe.','Mia','28.0','77.0','01252000002jBV9AAM','True','False','Extreme amount of enjoyment','In Person','Not at all','Many treat kind well prove part.','62','1','11','53');
INSERT INTO "Log__c" VALUES(3,'6.0','Not at all','2021-03-26','Manage enough begin recently. Approach force race this thing cold. Mr get beat daughter source while.','Kelsey','11.0','5.0','01252000002jBVAAA2','True','True','A little enjoyment','Virtual','Only a little','Magazine later husband. Everyone number clearly nothing point.','58','1','6','51');
INSERT INTO "Log__c" VALUES(4,'100.0','Rather much','2015-08-01','Treat cover allow need its agreement consumer. Part campaign at power. Staff true knowledge vote force.','Philip','71.0','52.0','01252000002jBV9AAM','True','True','Extreme amount of enjoyment','Virtual','Not at all','Machine exactly decide read night final. Tend life hold camera. Learn economic should cell.','58','1','56','51');
INSERT INTO "Log__c" VALUES(5,'52.0','Rather much','2018-08-10','Since recent much benefit fill know four no. Why skin human back thing my product.','Jonathon','53.0','54.0','01252000002jBV9AAM','True','True','No enjoyment','Virtual','To some extent','Here only final happen sort or film. Business song trip unit have likely.','58','1','60','63');
INSERT INTO "Log__c" VALUES(6,'68.0','Not at all','2021-08-24','Bit town American about worry receive international. Former tend challenge good good base wife.','Jeanne','21.0','14.0','01252000002jBV9AAM','True','False','Some enjoyment','In Person','To some extent','Yes to develop use. Head firm no law me. Election cold everything discussion.','65','1','51','54');
INSERT INTO "Log__c" VALUES(7,'66.0','Rather much','2022-11-11','Down together own boy try group purpose. Future interesting energy listen time. Or media issue east.','Vicki','34.0','42.0','01252000002jBVAAA2','True','False','A little enjoyment','In Person','Only a little','Democratic same away onto military charge respond. Fill better public like girl class however. Culture person early agency smile.','10','1','56','10');
INSERT INTO "Log__c" VALUES(8,'16.0','Not at all','2020-03-05','Worry over any card according best. Enough yet both oil street hand no. Goal likely him however enjoy offer build.','Jeffrey','11.0','63.0','01252000002jBVAAA2','True','False','A little enjoyment','In Person','Not at all','Occur section win home education dream. Record wife ask born minute chance break walk.','20','4','128','171');
INSERT INTO "Log__c" VALUES(9,'96.0','To some extent','2022-10-31','Try area so majority official dinner. Bit clear end recent which painting traditional. Area say treatment from which country its.','Wendy','42.0','34.0','01252000002jBV9AAM','False','True','Extreme amount of enjoyment','In Person','Very much','Continue sound whose economy business peace defense.','63','1','6','49');
INSERT INTO "Log__c" VALUES(10,'76.0','To some extent','2018-07-15','Page suggest time material side analysis per. Measure week cultural both.','Todd','19.0','77.0','01252000002jBVAAA2','False','True','No enjoyment','Virtual','Very much','May body situation from here believe.','64','1','62','7');
INSERT INTO "Log__c" VALUES(11,'16.0','Very much','2015-02-20','Leg since final partner whole.','Darren','81.0','6.0','01252000002jBVAAA2','True','True','Rather much enjoyment','In Person','Very much','Item hear operation wife paper trial high.','22','2','28','40');
INSERT INTO "Log__c" VALUES(12,'31.0','To some extent','2022-08-05','Now light pressure institution dark month.','Susan','22.0','56.0','01252000002jBV9AAM','False','True','Some enjoyment','Virtual','Rather much','Total others these fall list. Time born large really one you.','23','2','12','12');
INSERT INTO "Log__c" VALUES(13,'55.0','To some extent','2015-09-12','Sea available site use situation. Else activity member. Statement above source director set right.','Cathy','41.0','59.0','01252000002jBV9AAM','False','False','Rather much enjoyment','Virtual','Only a little','Just reality weight outside instead late. Price raise a summer.','23','2','22','29');
INSERT INTO "Log__c" VALUES(14,'82.0','Not at all','2018-12-22','Last market national we try study. Where turn time return seat long.','Courtney','78.0','22.0','01252000002jBVAAA2','True','False','A little enjoyment','Virtual','Not at all','Might get easy talk bed teach. Success image result.','27','2','41','12');
INSERT INTO "Log__c" VALUES(15,'22.0','Very much','2022-07-09','Determine soon leg. Create mean push consumer teach animal because they. Nor research difficult day.','Craig','42.0','16.0','01252000002jBVAAA2','False','False','Some enjoyment','In Person','Not at all','According upon require. Attorney best threat sell appear blue summer.','27','2','22','33');
INSERT INTO "Log__c" VALUES(16,'32.0','Not at all','2018-07-26','Dog fund audience measure writer would best. Miss today stock onto deal sell.','Caleb','67.0','18.0','01252000002jBV9AAM','False','False','No enjoyment','Virtual','To some extent','Cost financial structure. Continue happen miss step player education common. Paper mention food staff.','13','2','29','29');
INSERT INTO "Log__c" VALUES(17,'11.0','Very much','2019-08-17','Expert project yourself example necessary red. Ten floor control same so everything half. Among remain despite occur.','Gregg','54.0','92.0','01252000002jBV9AAM','False','True','A little enjoyment','Virtual','Very much','Father realize peace president although those role. Key road stage fire crime hot. Hot base minute. Brother statement while article international establish.','13','2','37','32');
INSERT INTO "Log__c" VALUES(18,'83.0','To some extent','2015-07-26','Other level on culture benefit yeah. There environmental reason move myself. Order star area they media. Seven owner cold scene room idea.','Priscilla','42.0','66.0','01252000002jBVAAA2','True','False','Some enjoyment','Virtual','Not at all','Force condition agent cover of treatment instead. Good light fire about them top head. On teach artist vote.','26','2','34','39');
INSERT INTO "Log__c" VALUES(19,'84.0','Not at all','2016-02-14','Door glass every development reason close. Night government grow hear sign.','Mario','57.0','22.0','01252000002jBVAAA2','False','False','Extreme amount of enjoyment','Virtual','To some extent','Spend deep them whose market edge. Be market maybe pressure war couple vote. Father fund around across business live stuff.','31','2','28','27');
INSERT INTO "Log__c" VALUES(20,'86.0','Rather much','2022-10-10','Resource shoulder cold behind main. Main huge describe purpose rate.','Crystal','35.0','17.0','01252000002jBVAAA2','False','False','No enjoyment','In Person','Not at all','Available read early member lawyer blue. Resource several finish economic top maintain writer century. Administration that perhaps fall second computer.','31','2','35','31');
INSERT INTO "Log__c" VALUES(21,'47.0','Rather much','2019-10-20','Which fall be this paper property take little. Four especially save issue art focus. Already kind matter window water leave reflect.','Christine','53.0','67.0','01252000002jBVAAA2','False','False','Extreme amount of enjoyment','In Person','Very much','Foot institution specific assume bag wife south.','28','2','23','25');
INSERT INTO "Log__c" VALUES(22,'22.0','Very much','2016-04-30','Mention grow staff win air fine level. Push happen discussion lose instead cover room. Face daughter now over despite white suggest pull.','Miguel','70.0','56.0','01252000002jBV9AAM','True','False','Extreme amount of enjoyment','Virtual','Not at all','Catch home enjoy accept money without. To people clearly art ready father.','29','2','37','13');
INSERT INTO "Log__c" VALUES(23,'88.0','Rather much','2016-06-28','Themselves call international citizen four kitchen red find.','Beth','79.0','1.0','01252000002jBV9AAM','False','False','A little enjoyment','In Person','Only a little','Wait professor place. Room yard but think state.','35','2','12','42');
INSERT INTO "Log__c" VALUES(24,'93.0','Very much','2021-05-26','General newspaper on. Source Congress discussion pick whom maybe enough. Action little middle.','Kerri','96.0','23.0','01252000002jBVAAA2','True','True','Extreme amount of enjoyment','In Person','Not at all','Finish commercial hotel bill. To their whose. On offer sometimes spend particular.','37','2','40','42');
INSERT INTO "Log__c" VALUES(25,'76.0','Very much','2019-07-13','East unit south something determine fact factor.','Leslie','95.0','20.0','01252000002jBVAAA2','False','False','Rather much enjoyment','In Person','Only a little','Project thank scene. Rate society drive produce. Blue himself write significant.','37','2','30','39');
INSERT INTO "Log__c" VALUES(26,'71.0','Very much','2019-08-21','Citizen boy save population person world plan. Time action create factor.','Kirk','96.0','58.0','01252000002jBV9AAM','False','False','No enjoyment','In Person','To some extent','Table training positive part. Account by media run. Send forward spring record interesting time.','25','2','42','23');
INSERT INTO "Log__c" VALUES(27,'100.0','To some extent','2022-05-29','Forget fall claim note question. Eye world friend him learn. Middle head throw answer reason guy.','Tristan','20.0','29.0','01252000002jBV9AAM','False','False','No enjoyment','In Person','Not at all','Million common world job. Which last the significant officer staff. Spend stay research to.','36','2','31','25');
INSERT INTO "Log__c" VALUES(28,'93.0','To some extent','2022-05-17','Director cause use itself. Alone course explain.','Katie','29.0','76.0','01252000002jBVAAA2','True','True','Rather much enjoyment','Virtual','Rather much','Much once one hair manager occur. Support two look blood radio than art. Cup memory those whatever special any.','41','2','37','28');
INSERT INTO "Log__c" VALUES(29,'68.0','Rather much','2018-05-30','Movie make evidence many letter role how. Ability result service even.','Diana','8.0','13.0','01252000002jBV9AAM','True','True','A little enjoyment','In Person','Very much','Pay medical peace open. Back parent generation partner upon. Tend morning so cup message.','41','2','25','39');
INSERT INTO "Log__c" VALUES(30,'64.0','To some extent','2017-09-21','Else weight against listen total beat. Nation why sort. Mind similar floor tell.','Sylvia','37.0','21.0','01252000002jBV9AAM','False','True','Extreme amount of enjoyment','Virtual','Only a little','Until window this argue. Reduce add positive those among. What argue war item knowledge among.','40','2','35','28');
INSERT INTO "Log__c" VALUES(31,'83.0','Only a little','2018-11-25','Any edge continue another nature financial receive. Doctor because window turn else word.','Matthew','75.0','39.0','01252000002jBV9AAM','True','False','Extreme amount of enjoyment','Virtual','Not at all','Federal be sing see large. Continue early reality maybe benefit believe traditional oil.','18','4','94','85');
INSERT INTO "Log__c" VALUES(32,'29.0','Not at all','2017-12-11','Hair happy stop forward. Second rock building late front summer. Relate arrive effect analysis that.','Francis','60.0','21.0','01252000002jBV9AAM','True','True','Rather much enjoyment','Virtual','Only a little','Natural yet blood ability everything fly. Six candidate way detail former that fine. Mrs avoid or list land. Hair talk mention so administration be away inside.','127','4','127','94');
INSERT INTO "Log__c" VALUES(33,'30.0','Only a little','2017-01-27','Republican good mother big economic task. Usually need though movement peace section effort. Art stuff effect moment player total.','Erika','34.0','79.0','01252000002jBVAAA2','False','False','Some enjoyment','In Person','Rather much','Check should certain up media debate. Argue three opportunity much include answer pretty positive. Seven last responsibility degree whole blood.','141','4','3','170');
INSERT INTO "Log__c" VALUES(34,'100.0','Rather much','2019-05-07','Or interesting especially newspaper under great list. Walk compare baby thing day. Pass long let window why grow. Approach ok ahead claim feel.','Deborah','38.0','44.0','01252000002jBVAAA2','True','True','Rather much enjoyment','In Person','Not at all','Real it inside interesting analysis travel. Should ball particularly whole camera position politics already.','128','4','106','2');
INSERT INTO "Log__c" VALUES(35,'7.0','To some extent','2019-03-13','Yard real when ten in focus series. Teach certain rather service mouth answer. Prepare suffer yes left garden bag claim hold.','Evelyn','41.0','0.0','01252000002jBVAAA2','True','False','Rather much enjoyment','In Person','Very much','Money case general service before civil finally. Economic political ok action certainly increase action say. Both ask officer doctor two. Level might factor attack alone green head whole.','128','4','94','106');
INSERT INTO "Log__c" VALUES(36,'16.0','To some extent','2015-03-10','You course our senior place.','Colton','69.0','18.0','01252000002jBV9AAM','True','True','Extreme amount of enjoyment','In Person','Not at all','Trial heavy international walk effect teacher certain. Western spring it road contain risk. Ever soon audience market rich.','133','3','138','71');
INSERT INTO "Log__c" VALUES(37,'21.0','Rather much','2021-11-11','Campaign information type month effect less. Act popular bring whose guy national.','Marissa','27.0','93.0','01252000002jBV9AAM','False','False','No enjoyment','Virtual','Very much','Voice entire there tend church.','135','3','70','82');
INSERT INTO "Log__c" VALUES(38,'25.0','Rather much','2017-05-02','Fear gas leave experience election. Next let above ahead former heavy. Heart lead garden apply effort bag always.','Stephen','5.0','52.0','01252000002jBV9AAM','False','False','Rather much enjoyment','In Person','Not at all','Least song goal remain early student indeed. Article always crime leg build budget someone.','130','3','136','73');
INSERT INTO "Log__c" VALUES(39,'34.0','Not at all','2022-10-19','Raise between evening test work born a certainly. Firm with necessary so charge field.','Kristi','42.0','7.0','01252000002jBVAAA2','True','False','No enjoyment','Virtual','Very much','Small language sit international shake under claim. Must agent course.','130','3','82','82');
INSERT INTO "Log__c" VALUES(40,'40.0','To some extent','2020-09-18','Including north author and attention anything. Star chair full everybody kitchen.','Alexandra','70.0','20.0','01252000002jBVAAA2','True','True','Extreme amount of enjoyment','Virtual','Not at all','Green matter certain raise. First front military job.','129','4','1','18');
INSERT INTO "Log__c" VALUES(41,'85.0','Very much','2019-02-11','Top early however institution fall role. Head term himself question.','Austin','49.0','37.0','01252000002jBV9AAM','True','True','Extreme amount of enjoyment','In Person','Very much','Skin thus weight PM heavy eat tonight. Important eight certain store concern what site.','129','4','20','106');
INSERT INTO "Log__c" VALUES(42,'48.0','To some extent','2018-09-02','Ten list total ability. Ten financial improve least.','George','5.0','39.0','01252000002jBV9AAM','False','True','Extreme amount of enjoyment','In Person','Rather much','Difficult thousand population security region there. Machine painting wide bring. Third fund also stand all research win whose. Red answer left pressure all beat often.','138','3','78','70');
INSERT INTO "Log__c" VALUES(43,'8.0','Only a little','2015-05-08','Anything executive book people customer. Risk article health music. East boy daughter read already newspaper.','Caitlyn','45.0','58.0','01252000002jBVAAA2','True','False','A little enjoyment','Virtual','Rather much','Down show step population. Street eye heavy money long participant hour.','139','3','133','77');
INSERT INTO "Log__c" VALUES(44,'48.0','Rather much','2018-05-24','Attack suggest science human wrong. Agreement author answer suffer enough. Real data feeling election.','Larry','18.0','86.0','01252000002jBVAAA2','False','False','A little enjoyment','In Person','To some extent','Our city than. High federal space hour address.','139','3','71','76');
INSERT INTO "Log__c" VALUES(45,'11.0','To some extent','2015-09-18','Business total knowledge area director. Education mention fall develop shake try.','Sean','28.0','51.0','01252000002jBV9AAM','True','True','Extreme amount of enjoyment','In Person','Only a little','Best business pretty question argue. Hundred against age fish glass single that share.','136','3','137','139');
INSERT INTO "Log__c" VALUES(46,'8.0','To some extent','2022-03-23','Traditional in if value offer star physical set. Family professional still cultural reveal recently audience. Maybe role attorney network contain analysis teach.','Dan','11.0','61.0','01252000002jBVAAA2','True','True','Some enjoyment','Virtual','Very much','Study town factor between ball eye never democratic. Base magazine somebody.','136','3','82','75');
INSERT INTO "Log__c" VALUES(47,'1.0','To some extent','2021-03-22','Future do difference follow. Speak finally such your pattern could fast. Pretty election audience strategy. Paper set support main difficult say fill.','Jeanne','7.0','78.0','01252000002jBV9AAM','True','False','Some enjoyment','In Person','Rather much','South sure strategy least future. Else beautiful oil southern enough fact.','137','3','134','139');
INSERT INTO "Log__c" VALUES(48,'51.0','To some extent','2023-01-19','Music card matter it still save. Activity think item ten attention room.','Ricky','67.0','51.0','01252000002jBV9AAM','True','False','A little enjoyment','Virtual','Not at all','Act performance life us suffer adult. Kid central tough shoulder manage magazine she place.','137','3','132','76');
INSERT INTO "Log__c" VALUES(49,'35.0','Not at all','2016-03-18','Executive edge somebody allow truth wonder system. Finally return image should. Small section upon bill.','Stanley','4.0','40.0','01252000002jBV9AAM','False','False','A little enjoyment','Virtual','Only a little','Memory good rate this listen. Leave marriage so deep large only cup.','69','3','81','131');
INSERT INTO "Log__c" VALUES(50,'62.0','Rather much','2018-08-31','Thank total success especially account. Ten international training bar difference smile.','Troy','47.0','92.0','01252000002jBV9AAM','False','False','Rather much enjoyment','Virtual','Rather much','Nation country open main. Run decade follow board view dark. Begin office pressure style.','69','3','84','77');
INSERT INTO "Log__c" VALUES(51,'0.0','To some extent','2016-04-05','Significant unit station parent. Age skin drive another. Across personal out art leave hope customer.','Jessica','17.0','83.0','01252000002jBVAAA2','True','True','A little enjoyment','Virtual','Not at all','Agent quality effort soon reflect we million. Movement more trade involve truth notice very member. Imagine left receive before church old.','74','3','76','81');
INSERT INTO "Log__c" VALUES(52,'38.0','Only a little','2021-12-07','Day why beautiful debate gun. Lawyer television chance Congress them. Education history short various building may describe run.','Yesenia','62.0','67.0','01252000002jBVAAA2','True','False','Extreme amount of enjoyment','Virtual','Not at all','Military special scene nature live huge player we. Here among course.','73','3','132','132');
INSERT INTO "Log__c" VALUES(53,'31.0','To some extent','2016-03-24','Pm high to believe.','Kerri','35.0','37.0','01252000002jBVAAA2','False','False','No enjoyment','Virtual','Only a little','Staff eight southern.','73','3','71','72');
INSERT INTO "Log__c" VALUES(54,'95.0','To some extent','2015-06-21','Now former necessary whom something. Population pass live down information whatever. One keep board attorney author really.','Fernando','19.0','50.0','01252000002jBVAAA2','False','False','Rather much enjoyment','In Person','Very much','Nearly realize police into continue enough happy. Them network test computer.','73','3','139','76');
INSERT INTO "Log__c" VALUES(55,'42.0','Only a little','2019-06-16','Behind between entire fire almost line light. Reduce remember market.','Karina','95.0','44.0','01252000002jBVAAA2','False','False','A little enjoyment','In Person','Only a little','Reflect mind here public group mouth artist. Right growth foot use claim bad will power. Serious none very put.','82','3','80','79');
INSERT INTO "Log__c" VALUES(56,'20.0','Not at all','2017-08-22','Position interview participant include letter small charge size. Money foot development do reality set. Born month nearly.','Jo','19.0','62.0','01252000002jBV9AAM','False','True','Rather much enjoyment','Virtual','Not at all','Remember occur office wait fill Mr. Bank information day treat remain.','84','3','78','78');
INSERT INTO "Log__c" VALUES(57,'95.0','Rather much','2018-11-17','Own reason continue bank investment arm baby. Serious if perhaps black two.','Cathy','33.0','68.0','01252000002jBV9AAM','False','True','Some enjoyment','Virtual','Rather much','Contain member old run point ten design. Type article light Congress value two industry man.','80','3','76','135');
INSERT INTO "Log__c" VALUES(58,'82.0','Only a little','2018-09-14','Record might long whether artist. From ability push particular movie. Defense southern travel federal point rate fight.','Katrina','2.0','21.0','01252000002jBVAAA2','True','False','Some enjoyment','In Person','Not at all','Feeling other loss Mrs admit more. Win carry fire.','88','5','90','191');
INSERT INTO "Log__c" VALUES(59,'50.0','Only a little','2022-07-21','Couple window fish own general. Democrat go focus film quickly out fly. Easy reveal off none fear claim him.','Selena','19.0','64.0','01252000002jBVAAA2','False','True','Extreme amount of enjoyment','Virtual','Very much','End continue value gun evening system. Argue year eat adult hear big board. Per prove need court collection less over.','89','5','87','88');
INSERT INTO "Log__c" VALUES(60,'75.0','Only a little','2015-07-06','Modern response some member church ground eye. Into one reduce contain three expert. Focus positive save.','Ebony','39.0','45.0','01252000002jBVAAA2','False','True','Extreme amount of enjoyment','In Person','Rather much','Work husband bad. Defense nice people charge through. Drop along purpose.','90','5','192','87');
INSERT INTO "Log__c" VALUES(61,'79.0','Not at all','2016-11-29','Work common cultural series serious since remember.','Eileen','30.0','58.0','01252000002jBVAAA2','True','True','A little enjoyment','Virtual','Rather much','People factor benefit shake born research debate wrong. Talk summer stuff others economy. Recognize election right yard evidence tell. On onto cultural happen item first.','90','5','194','102');
INSERT INTO "Log__c" VALUES(62,'80.0','Not at all','2019-07-10','Best whatever early floor nor nation news. Effect visit our possible but sister world.','Jane','100.0','24.0','01252000002jBVAAA2','False','True','No enjoyment','In Person','Not at all','Candidate car past even that shoulder life.','92','5','97','105');
INSERT INTO "Log__c" VALUES(63,'13.0','Only a little','2018-04-08','Hour other three. Return how begin development adult anything person.','Yolanda','8.0','67.0','01252000002jBV9AAM','False','False','Some enjoyment','In Person','Only a little','Nice few morning parent century democratic position.','97','5','89','87');
INSERT INTO "Log__c" VALUES(64,'80.0','Not at all','2019-11-10','Light page argue hot. Unit career hard than stock paper. Possible collection garden race you.','Mia','27.0','10.0','01252000002jBV9AAM','True','True','No enjoyment','In Person','To some extent','Off still total ready. Side loss state recently.','97','5','194','107');
INSERT INTO "Log__c" VALUES(65,'18.0','Rather much','2022-03-07','Machine eye thought and series back. Generation have sometimes. Through firm bit control stuff. Spring maybe tonight sure least thus rich.','Brent','89.0','22.0','01252000002jBV9AAM','True','False','Extreme amount of enjoyment','In Person','Rather much','Sound involve easy push whom receive economic. Treatment movie leader today beautiful standard end.','85','4','20','128');
INSERT INTO "Log__c" VALUES(66,'3.0','To some extent','2015-04-16','However art college training. Wish along hospital training. Policy expert similar pay ahead rest personal address.','Joanne','32.0','97.0','01252000002jBV9AAM','True','True','A little enjoyment','Virtual','Only a little','Small job four example then. Value force you save view according.','85','4','21','94');
INSERT INTO "Log__c" VALUES(67,'7.0','Very much','2017-03-26','Message effect compare through. Risk as continue surface week seven news. Around direction money.','Lynn','47.0','25.0','01252000002jBVAAA2','True','True','A little enjoyment','Virtual','Rather much','Stand make where necessary also. Smile Republican candidate suffer far tend.','107','5','192','190');
INSERT INTO "Log__c" VALUES(68,'80.0','Not at all','2019-08-29','Box student agency near week up time develop. Already beyond bed director might moment. Drop card sell allow whose argue.','Jason','45.0','65.0','01252000002jBVAAA2','False','True','Some enjoyment','In Person','To some extent','His hundred along throughout rock garden teach wind.','190','5','97','105');
INSERT INTO "Log__c" VALUES(69,'61.0','To some extent','2020-12-10','Stage field maybe itself material candidate it. Measure body sister whether blue value budget.','Mallory','49.0','38.0','01252000002jBV9AAM','False','False','No enjoyment','In Person','Very much','Whom improve job. Senior describe nearly agency rise.','190','5','96','105');
INSERT INTO "Log__c" VALUES(70,'92.0','To some extent','2018-02-24','Number need station clearly.','Jim','94.0','62.0','01252000002jBVAAA2','False','False','Extreme amount of enjoyment','In Person','Very much','Small six continue newspaper wait thousand analysis. You long fine scene room voice.','191','5','90','90');
INSERT INTO "Log__c" VALUES(71,'49.0','Not at all','2015-07-19','Each event hour environmental. Federal camera family current opportunity response.','Cory','36.0','40.0','01252000002jBV9AAM','False','True','Extreme amount of enjoyment','Virtual','To some extent','Experience notice my now trial your. Modern true child instead conference. Lot visit almost south.','191','5','192','97');
INSERT INTO "Log__c" VALUES(72,'96.0','Very much','2017-10-25','Interview purpose them go able kitchen. Level with laugh discover report break dark finish. Party bar effort space who build.','Rachael','83.0','45.0','01252000002jBVAAA2','True','True','Extreme amount of enjoyment','In Person','Very much','Fact attack particularly maintain everyone. Member mean coach article these second.','106','4','250','4');
INSERT INTO "Log__c" VALUES(73,'16.0','Not at all','2021-10-16','Difference ability action yes. Move identify sense compare father maintain difficult thus.','Lance','81.0','30.0','01252000002jBVAAA2','False','True','Rather much enjoyment','In Person','Very much','Director would company system. Same quite case hundred property enjoy arrive. Tree conference serious forget year.','106','4','129','21');
INSERT INTO "Log__c" VALUES(74,'19.0','To some extent','2022-10-09','Sound society for memory success agreement top fly. Teacher computer each soldier. Risk draw sound speech clearly book either sense.','Chad','9.0','97.0','01252000002jBV9AAM','True','False','A little enjoyment','Virtual','To some extent','Coach exactly part state radio we. Health we serve identify war. Seven deal film focus development mention.','104','5','194','102');
INSERT INTO "Log__c" VALUES(75,'26.0','To some extent','2020-07-12','Nation this though human exist expert day. Avoid family behind level talk parent technology. Shoulder avoid ask car society place discover operation.','Tristan','68.0','35.0','01252000002jBVAAA2','True','True','No enjoyment','In Person','Rather much','Painting commercial building. Ready agent do perform fear each at financial. Step simply another animal source film.','193','5','105','89');
INSERT INTO "Log__c" VALUES(76,'20.0','Not at all','2015-01-09','Level response participant. Other commercial past hope lay.','Tiffany','48.0','31.0','01252000002jBVAAA2','False','False','A little enjoyment','Virtual','Very much','Rate main health music take. Travel own high when send whose. Break true partner decision.','193','5','103','93');
INSERT INTO "Log__c" VALUES(77,'100.0','Not at all','2021-09-12','South special water open weight.','Jeffery','59.0','99.0','01252000002jBV9AAM','False','True','A little enjoyment','In Person','Not at all','Sign always plant bit. Mention garden role really agency outside. Girl through personal eight parent. Participant past laugh task.','193','5','196','97');
INSERT INTO "Log__c" VALUES(78,'76.0','Only a little','2019-05-20','Citizen decision lead their personal could.','Suzanne','71.0','34.0','01252000002jBV9AAM','False','True','No enjoyment','Virtual','Not at all','Buy bring table. Only stock art work. Education teacher watch south ok performance. Let up ever focus scientist.','196','5','89','88');
INSERT INTO "Log__c" VALUES(79,'42.0','Not at all','2018-09-30','Call goal church institution his.','Clinton','11.0','2.0','01252000002jBV9AAM','False','False','A little enjoyment','In Person','Very much','Already speech spend Mrs eight candidate growth. Then generation third year. Message director ask.','196','5','87','87');
INSERT INTO "Log__c" VALUES(80,'5.0','Rather much','2019-01-10','Decade draw consider career school. Including pass two spend present yet field TV.','Rickey','71.0','58.0','01252000002jBV9AAM','True','True','Rather much enjoyment','Virtual','Rather much','Sit red analysis can thousand turn brother. Child population where such certain. Since generation focus realize lay.','197','5','105','97');
INSERT INTO "Log__c" VALUES(81,'24.0','Not at all','2018-09-27','Local product case former hear degree. Drug fall phone thousand nothing both study. One way recent citizen attention.','Teresa','25.0','94.0','01252000002jBV9AAM','True','True','No enjoyment','Virtual','Only a little','Rather teach citizen by. Hand station poor center partner finish exist. Yes new prepare notice into.','195','5','193','190');
INSERT INTO "Log__c" VALUES(82,'57.0','Very much','2022-06-19','Fast sound probably everyone first. Almost society state certainly rock his join.','Joyce','63.0','15.0','01252000002jBV9AAM','True','True','No enjoyment','In Person','Only a little','Great help catch arrive analysis white teach. Include share people scientist size admit investment make.','94','4','127','1');
INSERT INTO "Log__c" VALUES(83,'20.0','Not at all','2021-11-05','Feeling free action statement them tough. Talk hotel letter environmental. Service nearly piece full hope.','Sheila','38.0','93.0','01252000002jBV9AAM','False','False','Extreme amount of enjoyment','Virtual','To some extent','Be wish debate party. Leg help involve team.','94','4','127','17');
INSERT INTO "Log__c" VALUES(84,'18.0','Not at all','2019-08-06','Deep seem key bar policy wait up. Two industry rather administration standard citizen. Seek affect power seven.','Melanie','30.0','17.0','01252000002jBVAAA2','False','True','Extreme amount of enjoyment','Virtual','Only a little','Manage himself bit clearly attorney likely. Financial specific popular herself.','200','6','212','200');
INSERT INTO "Log__c" VALUES(85,'84.0','To some extent','2016-02-15','Moment pattern still firm contain trouble national. Himself stage smile especially and past whole. Civil write as sport fund resource process.','Corey','62.0','40.0','01252000002jBV9AAM','True','False','Extreme amount of enjoyment','In Person','Not at all','Star enter agency least under rich whatever.','200','6','209','208');
INSERT INTO "Log__c" VALUES(86,'14.0','Rather much','2021-09-05','Teacher reveal make expert somebody. Until response threat between several.','Jasmine','69.0','53.0','01252000002jBVAAA2','False','True','Extreme amount of enjoyment','In Person','Only a little','Finish million always enough dog. Fall agency off travel report dark message.','199','6','210','200');
INSERT INTO "Log__c" VALUES(87,'100.0','To some extent','2018-03-15','Natural talk serious doctor. Policy three large behind. Chair deep read occur them.','Michele','85.0','10.0','01252000002jBV9AAM','True','True','Rather much enjoyment','In Person','Only a little','Upon play factor relate. Exactly eye whatever office worry. Stand citizen reason from possible. Perhaps interest worker family history always address.','199','6','203','198');
INSERT INTO "Log__c" VALUES(88,'12.0','Only a little','2016-06-19','Power off tonight find least pass go. Event when outside should bill use article at.','Hannah','47.0','81.0','01252000002jBVAAA2','False','False','A little enjoyment','In Person','Rather much','His around station education middle form fly what. Several take response wife arm west. Range under blue source.','199','6','221','217');
INSERT INTO "Log__c" VALUES(89,'52.0','Only a little','2020-04-13','Difference like set new spend traditional never. Surface rise discussion nice admit affect official.','Brianna','97.0','2.0','01252000002jBVAAA2','False','False','No enjoyment','Virtual','Only a little','Which part all street. Clear debate environmental be senior senior force amount. Stand stay event exist prove.','199','6','217','221');
INSERT INTO "Log__c" VALUES(90,'84.0','Rather much','2015-11-27','Fear a because set agency effort. Win before moment dog grow compare. Perhaps life especially loss writer newspaper pick. Responsibility hair show star through never.','Brett','37.0','94.0','01252000002jBV9AAM','True','True','Some enjoyment','Virtual','Very much','International father professional score list apply according. Create red design entire anyone together possible. Week marriage sometimes pull the race.','204','6','216','198');
INSERT INTO "Log__c" VALUES(91,'32.0','Not at all','2022-06-05','Reflect finish until sell tonight everyone. Government card remember safe scene long. Use woman carry position two turn. Place measure evening read.','Yesenia','11.0','94.0','01252000002jBVAAA2','True','False','Extreme amount of enjoyment','Virtual','Rather much','Base might others quality plant nearly.','205','6','218','199');
INSERT INTO "Log__c" VALUES(92,'70.0','To some extent','2023-02-07','Material enter military she resource what. Great tonight under power scientist after.','Regina','70.0','16.0','01252000002jBV9AAM','False','False','Rather much enjoyment','In Person','Very much','Charge perhaps lay sense face car form most. Financial significant reality success discuss type raise interest. Although kid soon mother. Matter entire century hand necessary affect least.','201','6','206','222');
INSERT INTO "Log__c" VALUES(93,'32.0','Very much','2023-01-31','Image suggest set sign. Order lose house reality.','Gabrielle','43.0','45.0','01252000002jBVAAA2','True','False','Rather much enjoyment','Virtual','Only a little','Though parent indeed.','202','6','207','205');
INSERT INTO "Log__c" VALUES(94,'24.0','Rather much','2019-03-11','Avoid child even fast serious. Increase free return sort federal.','Doris','6.0','65.0','01252000002jBV9AAM','False','True','Some enjoyment','Virtual','To some extent','More collection hold practice. What actually amount single test house. Large land anyone almost rock rich hour since.','206','6','212','208');
INSERT INTO "Log__c" VALUES(95,'28.0','To some extent','2016-04-26','Always positive executive consider return gun police. Sister movie foot that mention who.','Marco','66.0','24.0','01252000002jBV9AAM','True','True','A little enjoyment','Virtual','Rather much','Six garden PM involve century. Pull significant structure leader early public with.','206','6','211','207');
INSERT INTO "Log__c" VALUES(96,'10.0','To some extent','2020-01-11','Task whole my piece rock else site. Loss today majority with cold more real. Research real wind must improve pull water. Building story south live.','Brian','51.0','45.0','01252000002jBV9AAM','True','False','Rather much enjoyment','Virtual','Rather much','Few answer watch. Yard reality when.','207','6','201','201');
INSERT INTO "Log__c" VALUES(97,'40.0','Not at all','2019-04-29','Unit still for trip answer sing. Yes plant read idea truth. Minute mean contain fear see as tell.','Aimee','6.0','36.0','01252000002jBVAAA2','False','True','Some enjoyment','In Person','To some extent','Current history miss himself. Myself direction if receive.','211','6','206','198');
INSERT INTO "Log__c" VALUES(98,'64.0','To some extent','2018-07-14','She their bar race develop part. Take call fact back cell.','Joanna','13.0','34.0','01252000002jBVAAA2','True','True','Rather much enjoyment','In Person','Rather much','Talk animal shoulder run would. Expect east return may require owner.','250','4','127','18');
INSERT INTO "Log__c" VALUES(99,'35.0','Only a little','2018-05-29','Box contain itself read lawyer low back. Wait sea reality attention form expect party.','Randall','42.0','36.0','01252000002jBVAAA2','False','True','A little enjoyment','Virtual','Not at all','Affect pick culture set medical fast skill. Group ground anything rich weight. Today discussion onto final fight production.','210','6','210','215');
INSERT INTO "Log__c" VALUES(100,'30.0','Only a little','2017-05-05','Last writer game report region after brother. Service traditional success part. Especially subject either town administration party.','Kristy','57.0','46.0','01252000002jBVAAA2','True','False','Rather much enjoyment','Virtual','Rather much','Bank family mention both. Matter market apply town rise could know develop.','216','6','220','216');
INSERT INTO "Log__c" VALUES(101,'45.0','Not at all','2018-07-17','Kid network cell decision. Eye huge perform religious. Type the safe factor several table century.','Madeline','74.0','76.0','01252000002jBVAAA2','True','True','Some enjoyment','In Person','To some extent','Crime ago political check know. Last ahead expect special case those. Within economic service way senior budget.','213','6','201','204');
INSERT INTO "Log__c" VALUES(102,'55.0','Only a little','2019-03-06','Raise short professor which nation. Certainly should store possible example within other. Tree one least note kitchen.','Joe','42.0','99.0','01252000002jBV9AAM','True','True','Some enjoyment','Virtual','Not at all','Collection continue write. Skill employee per laugh while. Member mission majority trouble then.','218','6','210','198');
INSERT INTO "Log__c" VALUES(103,'98.0','Only a little','2018-04-29','Fact baby successful picture while want officer. Half on size political teacher job other international. Sometimes society lead tough mean nation short.','Curtis','78.0','58.0','01252000002jBV9AAM','True','False','Rather much enjoyment','In Person','Very much','Art government rate woman. Between enough seat arrive sell thank near.','220','6','206','215');
INSERT INTO "Log__c" VALUES(104,'69.0','Rather much','2017-03-25','Trip forget with bank majority push loss. Foot involve discuss PM. Open tonight west happy go.','Andres','1.0','53.0','01252000002jBV9AAM','True','False','Extreme amount of enjoyment','Virtual','Not at all','Station sometimes light benefit. Suggest pressure the usually natural. Beat should let long certain.','220','6','212','220');
INSERT INTO "Log__c" VALUES(105,'61.0','Not at all','2021-04-06','Unit accept result character such other. Form make child old first wide serve.','Patricia','43.0','43.0','01252000002jBV9AAM','True','True','Extreme amount of enjoyment','Virtual','Not at all','Measure practice wish. Against whole mouth. Perhaps assume real receive moment.','171','4','129','125');
INSERT INTO "Log__c" VALUES(106,'7.0','Not at all','2017-11-19','Very key at throw. Write others sing particular answer.','Shawna','76.0','89.0','01252000002jBV9AAM','False','True','A little enjoyment','Virtual','To some extent','Image election day security world. National professional anything station. Impact PM pattern to for rule.','140','4','140','17');
INSERT INTO "Log__c" VALUES(107,'41.0','To some extent','2021-03-15','Almost financial available side professional. Store claim many image process summer least step. Owner budget staff left particular.','Daniel','100.0','43.0','01252000002jBVAAA2','False','False','A little enjoyment','Virtual','Only a little','Letter appear find eight. Weight agent politics for leg safe game.','4','4','128','169');
INSERT INTO "Log__c" VALUES(108,'10.0','Only a little','2018-06-26','Over property guess seek care member plant good. Important candidate itself probably create.','Sergio','26.0','45.0','01252000002jBV9AAM','True','False','Some enjoyment','Virtual','To some extent','Traditional risk interview. Defense social network main term baby field. Report little air weight eat. Point able imagine one debate realize while.','1','4','95','126');
INSERT INTO "Log__c" VALUES(109,'60.0','Very much','2023-01-21','Society cup wrong west ago decision. Own career government strong tell while. Few wide president ever health.','Tyler','42.0','54.0','01252000002jBVAAA2','True','False','Some enjoyment','Virtual','To some extent','Believe reach also pattern war. Financial item manager try list. Decide others large appear court brother business race. Pressure what dog century difficult worker.','7','1','15','65');
INSERT INTO "Log__c" VALUES(110,'60.0','Very much','2015-06-20','Bar above industry yet why their contain. Company represent claim citizen idea force hotel. You it together company threat note certain.','Whitney','41.0','76.0','01252000002jBVAAA2','False','True','No enjoyment','Virtual','Only a little','Local level figure Mrs standard since improve. Physical sister both through.','7','1','63','10');
INSERT INTO "Log__c" VALUES(111,'5.0','Only a little','2015-09-12','Development about in. Sit pretty work.','Jimmy','39.0','69.0','01252000002jBVAAA2','False','True','No enjoyment','Virtual','Not at all','Hospital example investment culture follow station pick. New quality course again begin let.','7','1','7','16');
INSERT INTO "Log__c" VALUES(112,'14.0','Only a little','2020-07-16','Line red director design. Kitchen market security clearly wife eat.','Frederick','24.0','32.0','01252000002jBVAAA2','False','True','No enjoyment','In Person','Very much','Cell learn prepare network his discuss newspaper. Here collection send art instead pressure.','2','4','169','250');
INSERT INTO "Log__c" VALUES(113,'34.0','Rather much','2019-12-11','Design process at type its become in. Suddenly again guy body.','Leah','77.0','70.0','01252000002jBV9AAM','False','False','Extreme amount of enjoyment','Virtual','Only a little','Cause really water few relationship. Peace part her when may anyone policy.','52','1','50','53');
INSERT INTO "Log__c" VALUES(114,'94.0','Very much','2019-08-23','Animal rock point much act little customer. Again new oil step police.','Rachel','87.0','87.0','01252000002jBVAAA2','True','True','Extreme amount of enjoyment','Virtual','Rather much','Cut exist leader wind child debate reason. Short marriage perhaps.','50','1','51','52');
INSERT INTO "Log__c" VALUES(115,'53.0','Only a little','2019-07-30','Themselves watch drop role candidate speech main section. For ahead size each relationship administration bit. Mother development it machine executive law large address. Must act family offer responsibility too.','Isabella','39.0','89.0','01252000002jBV9AAM','True','False','Extreme amount of enjoyment','In Person','Very much','Dinner area seven grow run still expert. Hold chair ok condition.','50','1','56','65');
INSERT INTO "Log__c" VALUES(116,'95.0','Only a little','2016-04-27','Cold senior pull employee outside this. Speak purpose information economy person both. Week authority Republican authority allow sport.','Neil','13.0','2.0','01252000002jBV9AAM','True','True','Some enjoyment','In Person','Rather much','People beyond current tax. Thing value population who almost grow.','49','1','57','8');
INSERT INTO "Log__c" VALUES(117,'87.0','Not at all','2016-05-03','Born you way media perhaps network. Environment him state last test to. Build member attention picture.','Shaun','80.0','89.0','01252000002jBVAAA2','True','True','Some enjoyment','Virtual','Not at all','Investment staff hard section. Population loss process rather speech country system. Important kitchen involve include.','49','1','63','59');
INSERT INTO "Log__c" VALUES(118,'94.0','To some extent','2018-04-17','After program each. Push power enter minute cost cover goal paper.','Kaylee','41.0','82.0','01252000002jBVAAA2','False','True','Rather much enjoyment','Virtual','Not at all','Tell assume song rise oil travel get. Go citizen simply more writer.','57','1','5','8');
INSERT INTO "Log__c" VALUES(119,'66.0','To some extent','2016-09-06','Summer protect because environment behavior little today. Art which consider. Owner live truth line network.','Rebekah','59.0','93.0','01252000002jBVAAA2','True','True','Extreme amount of enjoyment','In Person','Only a little','Financial after view manage human add sort. Nation agreement with.','57','1','5','64');
INSERT INTO "Log__c" VALUES(120,'80.0','Only a little','2018-04-15','Each social degree door in history PM. Rest form deal dog well.','Erin','37.0','90.0','01252000002jBV9AAM','True','True','Rather much enjoyment','Virtual','To some extent','Our research government like learn. Million their station since door box power. Stand its such bag together concern.','60','1','54','11');
CREATE TABLE "Log__c_rt_mapping" (
	record_type_id VARCHAR(18) NOT NULL, 
	developer_name VARCHAR(255), 
	PRIMARY KEY (record_type_id)
);
INSERT INTO "Log__c_rt_mapping" VALUES('01252000002jBV9AAM','Client');
INSERT INTO "Log__c_rt_mapping" VALUES('01252000002jBVAAA2','TeamFacilitator');
CREATE TABLE "ProgramAssignment__c" (
	id INTEGER NOT NULL, 
	"AssignedDate__c" VARCHAR(255), 
	"CompletionDate__c" VARCHAR(255), 
	"ExpectedCompletion__c" VARCHAR(255), 
	"Status__c" VARCHAR(255), 
	"Contact__c" VARCHAR(255), 
	"Program__c" VARCHAR(255), 
	PRIMARY KEY (id)
);
INSERT INTO "ProgramAssignment__c" VALUES(1,'2016-06-27','2021-02-18','2016-10-14','Discontinued','188','109');
INSERT INTO "ProgramAssignment__c" VALUES(2,'2015-06-30','2021-06-07','2020-06-11','In Progress','62','151');
INSERT INTO "ProgramAssignment__c" VALUES(3,'2018-09-06','2020-01-29','2023-01-24','In Progress','21','39');
INSERT INTO "ProgramAssignment__c" VALUES(4,'2021-05-08','2023-01-06','2022-07-17','Completed','115','193');
INSERT INTO "ProgramAssignment__c" VALUES(5,'2016-02-19','2018-08-29','2020-11-25','Removed','74','215');
INSERT INTO "ProgramAssignment__c" VALUES(6,'2021-12-02','2022-02-21','2022-03-10','In Progress','103','20');
INSERT INTO "ProgramAssignment__c" VALUES(7,'2017-08-23','2019-09-13','2022-03-26','Completed','212','61');
INSERT INTO "ProgramAssignment__c" VALUES(8,'2017-03-22','2022-10-20','2018-03-23','In Progress','239','85');
INSERT INTO "ProgramAssignment__c" VALUES(9,'2017-11-06','2018-04-18','2020-12-21','In Progress','159','107');
INSERT INTO "ProgramAssignment__c" VALUES(10,'2019-01-28','2020-06-05','2022-05-22','In Progress','24','172');
CREATE TABLE "Program__c" (
	id INTEGER NOT NULL, 
	"CEU__c" VARCHAR(255), 
	"Current__c" VARCHAR(255), 
	"Months__c" VARCHAR(255), 
	"Name" VARCHAR(255), 
	"Reminder__c" VARCHAR(255), 
	"Standalone__c" VARCHAR(255), 
	PRIMARY KEY (id)
);
INSERT INTO "Program__c" VALUES(1,'True','True','1.5','Fitness [CEU]','','True');
INSERT INTO "Program__c" VALUES(2,'False','True','1.0','Medical Disability','','True');
INSERT INTO "Program__c" VALUES(3,'False','True','1.5','Medical Disability [CEU]','','True');
INSERT INTO "Program__c" VALUES(4,'False','True','1.0','Medical Disability','','True');
INSERT INTO "Program__c" VALUES(5,'False','True','1.5','Medical Disability [CEU]','','True');
INSERT INTO "Program__c" VALUES(6,'True','True','4.0','OT Advanced Bundle [CEU]','','True');
INSERT INTO "Program__c" VALUES(7,'False','True','1.0','Psychiatric Disability','','True');
INSERT INTO "Program__c" VALUES(8,'True','True','1.5','Psychiatric Disability [CEU]','','True');
INSERT INTO "Program__c" VALUES(9,'False','True','4.0','Puppy Raiser','30.0','False');
INSERT INTO "Program__c" VALUES(10,'False','True','1.0','Service Dog Selection','','True');
INSERT INTO "Program__c" VALUES(11,'True','True','1.5','Service Dog Selection [CEU]','','True');
INSERT INTO "Program__c" VALUES(12,'True','True','4.0','Service Dog Training Bundle','','True');
INSERT INTO "Program__c" VALUES(13,'False','True','1.0','Service Dogs Foundations','','True');
INSERT INTO "Program__c" VALUES(14,'False','True','1.5','Service Dogs Foundations [CEU]','','True');
INSERT INTO "Program__c" VALUES(15,'False','True','0.3','Staff','7.0','False');
INSERT INTO "Program__c" VALUES(16,'True','True','3.0','Sweet Snoopers [CEU]','','True');
INSERT INTO "Program__c" VALUES(17,'False','True','4.0','Team Facilitator','30.0','True');
INSERT INTO "Program__c" VALUES(18,'False','True','6.0','Teams Set in Motion Client','','True');
INSERT INTO "Program__c" VALUES(19,'True','True','9.0','Trainer Certification','30.0','False');
INSERT INTO "Program__c" VALUES(20,'False','True','0.5','Volunteer','7.0','False');
INSERT INTO "Program__c" VALUES(21,'False','True','6.0','Client Certification','30.0','False');
INSERT INTO "Program__c" VALUES(22,'False','True','1.0','Fitness','','True');
INSERT INTO "Program__c" VALUES(23,'True','True','1.5','Fitness [CEU]','','True');
INSERT INTO "Program__c" VALUES(24,'False','True','1.0','Medical Disability','','True');
INSERT INTO "Program__c" VALUES(25,'False','True','1.5','Medical Disability [CEU]','','True');
INSERT INTO "Program__c" VALUES(26,'False','True','1.0','Medical Disability','','True');
INSERT INTO "Program__c" VALUES(27,'False','True','1.5','Medical Disability [CEU]','','True');
INSERT INTO "Program__c" VALUES(28,'True','True','4.0','OT Advanced Bundle [CEU]','','True');
INSERT INTO "Program__c" VALUES(29,'False','True','1.0','Psychiatric Disability','','True');
INSERT INTO "Program__c" VALUES(30,'True','True','1.5','Psychiatric Disability [CEU]','','True');
INSERT INTO "Program__c" VALUES(31,'False','True','4.0','Puppy Raiser','30.0','False');
INSERT INTO "Program__c" VALUES(32,'False','True','1.0','Service Dog Selection','','True');
INSERT INTO "Program__c" VALUES(33,'True','True','1.5','Service Dog Selection [CEU]','','True');
INSERT INTO "Program__c" VALUES(34,'True','True','4.0','Service Dog Training Bundle','','True');
INSERT INTO "Program__c" VALUES(35,'False','True','1.0','Service Dogs Foundations','','True');
INSERT INTO "Program__c" VALUES(36,'False','True','1.5','Service Dogs Foundations [CEU]','','True');
INSERT INTO "Program__c" VALUES(37,'False','True','0.3','Staff','7.0','False');
INSERT INTO "Program__c" VALUES(38,'True','True','3.0','Sweet Snoopers [CEU]','','True');
INSERT INTO "Program__c" VALUES(39,'False','True','4.0','Team Facilitator','30.0','True');
INSERT INTO "Program__c" VALUES(40,'False','True','6.0','Teams Set in Motion Client','','True');
INSERT INTO "Program__c" VALUES(41,'True','True','9.0','Trainer Certification','30.0','False');
INSERT INTO "Program__c" VALUES(42,'False','True','0.5','Volunteer','7.0','False');
INSERT INTO "Program__c" VALUES(43,'False','True','6.0','Client Certification','30.0','False');
INSERT INTO "Program__c" VALUES(44,'False','True','1.0','Fitness','','True');
INSERT INTO "Program__c" VALUES(45,'True','True','1.5','Fitness [CEU]','','True');
INSERT INTO "Program__c" VALUES(46,'False','True','1.0','Medical Disability','','True');
INSERT INTO "Program__c" VALUES(47,'False','True','1.5','Medical Disability [CEU]','','True');
INSERT INTO "Program__c" VALUES(48,'False','True','1.0','Medical Disability','','True');
INSERT INTO "Program__c" VALUES(49,'False','True','1.5','Medical Disability [CEU]','','True');
INSERT INTO "Program__c" VALUES(50,'True','True','4.0','OT Advanced Bundle [CEU]','','True');
INSERT INTO "Program__c" VALUES(51,'False','True','1.0','Psychiatric Disability','','True');
INSERT INTO "Program__c" VALUES(52,'True','True','1.5','Psychiatric Disability [CEU]','','True');
INSERT INTO "Program__c" VALUES(53,'False','True','4.0','Puppy Raiser','30.0','False');
INSERT INTO "Program__c" VALUES(54,'False','True','1.0','Service Dog Selection','','True');
INSERT INTO "Program__c" VALUES(55,'True','True','1.5','Service Dog Selection [CEU]','','True');
INSERT INTO "Program__c" VALUES(56,'True','True','4.0','Service Dog Training Bundle','','True');
INSERT INTO "Program__c" VALUES(57,'False','True','1.0','Service Dogs Foundations','','True');
INSERT INTO "Program__c" VALUES(58,'False','True','1.5','Service Dogs Foundations [CEU]','','True');
INSERT INTO "Program__c" VALUES(59,'False','True','0.3','Staff','7.0','False');
INSERT INTO "Program__c" VALUES(60,'True','True','3.0','Sweet Snoopers [CEU]','','True');
INSERT INTO "Program__c" VALUES(61,'False','True','4.0','Team Facilitator','30.0','True');
INSERT INTO "Program__c" VALUES(62,'False','True','6.0','Teams Set in Motion Client','','True');
INSERT INTO "Program__c" VALUES(63,'True','True','9.0','Trainer Certification','30.0','False');
INSERT INTO "Program__c" VALUES(64,'False','True','0.5','Volunteer','7.0','False');
INSERT INTO "Program__c" VALUES(65,'False','True','6.0','Client Certification','30.0','False');
INSERT INTO "Program__c" VALUES(66,'False','True','1.0','Fitness','','True');
INSERT INTO "Program__c" VALUES(67,'True','True','1.5','Fitness [CEU]','','True');
INSERT INTO "Program__c" VALUES(68,'False','True','1.0','Medical Disability','','True');
INSERT INTO "Program__c" VALUES(69,'False','True','1.5','Medical Disability [CEU]','','True');
INSERT INTO "Program__c" VALUES(70,'False','True','1.0','Medical Disability','','True');
INSERT INTO "Program__c" VALUES(71,'False','True','1.5','Medical Disability [CEU]','','True');
INSERT INTO "Program__c" VALUES(72,'True','True','4.0','OT Advanced Bundle [CEU]','','True');
INSERT INTO "Program__c" VALUES(73,'False','True','1.0','Psychiatric Disability','','True');
INSERT INTO "Program__c" VALUES(74,'True','True','1.5','Psychiatric Disability [CEU]','','True');
INSERT INTO "Program__c" VALUES(75,'False','True','4.0','Puppy Raiser','30.0','False');
INSERT INTO "Program__c" VALUES(76,'False','True','1.0','Service Dog Selection','','True');
INSERT INTO "Program__c" VALUES(77,'True','True','1.5','Service Dog Selection [CEU]','','True');
INSERT INTO "Program__c" VALUES(78,'True','True','4.0','Service Dog Training Bundle','','True');
INSERT INTO "Program__c" VALUES(79,'False','True','1.0','Service Dogs Foundations','','True');
INSERT INTO "Program__c" VALUES(80,'False','True','1.5','Service Dogs Foundations [CEU]','','True');
INSERT INTO "Program__c" VALUES(81,'False','True','0.3','Staff','7.0','False');
INSERT INTO "Program__c" VALUES(82,'True','True','3.0','Sweet Snoopers [CEU]','','True');
INSERT INTO "Program__c" VALUES(83,'False','True','4.0','Team Facilitator','30.0','True');
INSERT INTO "Program__c" VALUES(84,'False','True','6.0','Teams Set in Motion Client','','True');
INSERT INTO "Program__c" VALUES(85,'True','True','9.0','Trainer Certification','30.0','False');
INSERT INTO "Program__c" VALUES(86,'False','True','0.5','Volunteer','7.0','False');
INSERT INTO "Program__c" VALUES(87,'False','True','6.0','Client Certification','30.0','False');
INSERT INTO "Program__c" VALUES(88,'False','True','1.0','Fitness','','True');
INSERT INTO "Program__c" VALUES(89,'True','True','1.5','Fitness [CEU]','','True');
INSERT INTO "Program__c" VALUES(90,'False','True','1.0','Medical Disability','','True');
INSERT INTO "Program__c" VALUES(91,'False','True','1.5','Medical Disability [CEU]','','True');
INSERT INTO "Program__c" VALUES(92,'False','True','1.0','Medical Disability','','True');
INSERT INTO "Program__c" VALUES(93,'False','True','1.5','Medical Disability [CEU]','','True');
INSERT INTO "Program__c" VALUES(94,'True','True','4.0','OT Advanced Bundle [CEU]','','True');
INSERT INTO "Program__c" VALUES(95,'False','True','1.0','Psychiatric Disability','','True');
INSERT INTO "Program__c" VALUES(96,'True','True','1.5','Psychiatric Disability [CEU]','','True');
INSERT INTO "Program__c" VALUES(97,'False','True','4.0','Puppy Raiser','30.0','False');
INSERT INTO "Program__c" VALUES(98,'False','True','1.0','Service Dog Selection','','True');
INSERT INTO "Program__c" VALUES(99,'True','True','1.5','Service Dog Selection [CEU]','','True');
INSERT INTO "Program__c" VALUES(100,'True','True','4.0','Service Dog Training Bundle','','True');
INSERT INTO "Program__c" VALUES(101,'False','True','1.0','Service Dogs Foundations','','True');
INSERT INTO "Program__c" VALUES(102,'False','True','1.5','Service Dogs Foundations [CEU]','','True');
INSERT INTO "Program__c" VALUES(103,'False','True','0.3','Staff','7.0','False');
INSERT INTO "Program__c" VALUES(104,'True','True','3.0','Sweet Snoopers [CEU]','','True');
INSERT INTO "Program__c" VALUES(105,'False','True','4.0','Team Facilitator','30.0','True');
INSERT INTO "Program__c" VALUES(106,'False','True','6.0','Teams Set in Motion Client','','True');
INSERT INTO "Program__c" VALUES(107,'True','True','9.0','Trainer Certification','30.0','False');
INSERT INTO "Program__c" VALUES(108,'False','True','0.5','Volunteer','7.0','False');
INSERT INTO "Program__c" VALUES(109,'False','True','6.0','Client Certification','30.0','False');
INSERT INTO "Program__c" VALUES(110,'False','True','1.0','Fitness','','True');
INSERT INTO "Program__c" VALUES(111,'True','True','1.5','Fitness [CEU]','','True');
INSERT INTO "Program__c" VALUES(112,'False','True','1.0','Medical Disability','','True');
INSERT INTO "Program__c" VALUES(113,'False','True','1.5','Medical Disability [CEU]','','True');
INSERT INTO "Program__c" VALUES(114,'False','True','1.0','Medical Disability','','True');
INSERT INTO "Program__c" VALUES(115,'False','True','1.5','Medical Disability [CEU]','','True');
INSERT INTO "Program__c" VALUES(116,'True','True','4.0','OT Advanced Bundle [CEU]','','True');
INSERT INTO "Program__c" VALUES(117,'False','True','1.0','Psychiatric Disability','','True');
INSERT INTO "Program__c" VALUES(118,'True','True','1.5','Psychiatric Disability [CEU]','','True');
INSERT INTO "Program__c" VALUES(119,'False','True','4.0','Puppy Raiser','30.0','False');
INSERT INTO "Program__c" VALUES(120,'False','True','1.0','Service Dog Selection','','True');
INSERT INTO "Program__c" VALUES(121,'True','True','1.5','Service Dog Selection [CEU]','','True');
INSERT INTO "Program__c" VALUES(122,'True','True','4.0','Service Dog Training Bundle','','True');
INSERT INTO "Program__c" VALUES(123,'False','True','1.0','Service Dogs Foundations','','True');
INSERT INTO "Program__c" VALUES(124,'False','True','1.5','Service Dogs Foundations [CEU]','','True');
INSERT INTO "Program__c" VALUES(125,'False','True','0.3','Staff','7.0','False');
INSERT INTO "Program__c" VALUES(126,'True','True','3.0','Sweet Snoopers [CEU]','','True');
INSERT INTO "Program__c" VALUES(127,'False','True','4.0','Team Facilitator','30.0','True');
INSERT INTO "Program__c" VALUES(128,'False','True','6.0','Teams Set in Motion Client','','True');
INSERT INTO "Program__c" VALUES(129,'True','True','9.0','Trainer Certification','30.0','False');
INSERT INTO "Program__c" VALUES(130,'False','True','0.5','Volunteer','7.0','False');
INSERT INTO "Program__c" VALUES(131,'False','True','6.0','Client Certification','30.0','False');
INSERT INTO "Program__c" VALUES(132,'False','True','1.0','Fitness','','True');
INSERT INTO "Program__c" VALUES(133,'True','True','1.5','Fitness [CEU]','','True');
INSERT INTO "Program__c" VALUES(134,'False','True','1.0','Medical Disability','','True');
INSERT INTO "Program__c" VALUES(135,'False','True','1.5','Medical Disability [CEU]','','True');
INSERT INTO "Program__c" VALUES(136,'False','True','1.0','Medical Disability','','True');
INSERT INTO "Program__c" VALUES(137,'False','True','1.5','Medical Disability [CEU]','','True');
INSERT INTO "Program__c" VALUES(138,'True','True','4.0','OT Advanced Bundle [CEU]','','True');
INSERT INTO "Program__c" VALUES(139,'False','True','1.0','Psychiatric Disability','','True');
INSERT INTO "Program__c" VALUES(140,'True','True','1.5','Psychiatric Disability [CEU]','','True');
INSERT INTO "Program__c" VALUES(141,'False','True','4.0','Puppy Raiser','30.0','False');
INSERT INTO "Program__c" VALUES(142,'False','True','1.0','Service Dog Selection','','True');
INSERT INTO "Program__c" VALUES(143,'True','True','1.5','Service Dog Selection [CEU]','','True');
INSERT INTO "Program__c" VALUES(144,'True','True','4.0','Service Dog Training Bundle','','True');
INSERT INTO "Program__c" VALUES(145,'False','True','1.0','Service Dogs Foundations','','True');
INSERT INTO "Program__c" VALUES(146,'False','True','1.5','Service Dogs Foundations [CEU]','','True');
INSERT INTO "Program__c" VALUES(147,'False','True','0.3','Staff','7.0','False');
INSERT INTO "Program__c" VALUES(148,'True','True','3.0','Sweet Snoopers [CEU]','','True');
INSERT INTO "Program__c" VALUES(149,'False','True','4.0','Team Facilitator','30.0','True');
INSERT INTO "Program__c" VALUES(150,'False','True','6.0','Teams Set in Motion Client','','True');
INSERT INTO "Program__c" VALUES(151,'True','True','9.0','Trainer Certification','30.0','False');
INSERT INTO "Program__c" VALUES(152,'False','True','0.5','Volunteer','7.0','False');
INSERT INTO "Program__c" VALUES(153,'False','True','6.0','Client Certification','30.0','False');
INSERT INTO "Program__c" VALUES(154,'False','True','1.0','Fitness','','True');
INSERT INTO "Program__c" VALUES(155,'True','True','1.5','Fitness [CEU]','','True');
INSERT INTO "Program__c" VALUES(156,'False','True','1.0','Medical Disability','','True');
INSERT INTO "Program__c" VALUES(157,'False','True','1.5','Medical Disability [CEU]','','True');
INSERT INTO "Program__c" VALUES(158,'False','True','1.0','Medical Disability','','True');
INSERT INTO "Program__c" VALUES(159,'False','True','1.5','Medical Disability [CEU]','','True');
INSERT INTO "Program__c" VALUES(160,'True','True','4.0','OT Advanced Bundle [CEU]','','True');
INSERT INTO "Program__c" VALUES(161,'False','True','1.0','Psychiatric Disability','','True');
INSERT INTO "Program__c" VALUES(162,'True','True','1.5','Psychiatric Disability [CEU]','','True');
INSERT INTO "Program__c" VALUES(163,'False','True','4.0','Puppy Raiser','30.0','False');
INSERT INTO "Program__c" VALUES(164,'False','True','1.0','Service Dog Selection','','True');
INSERT INTO "Program__c" VALUES(165,'True','True','1.5','Service Dog Selection [CEU]','','True');
INSERT INTO "Program__c" VALUES(166,'True','True','4.0','Service Dog Training Bundle','','True');
INSERT INTO "Program__c" VALUES(167,'False','True','1.0','Service Dogs Foundations','','True');
INSERT INTO "Program__c" VALUES(168,'False','True','1.5','Service Dogs Foundations [CEU]','','True');
INSERT INTO "Program__c" VALUES(169,'False','True','0.3','Staff','7.0','False');
INSERT INTO "Program__c" VALUES(170,'True','True','3.0','Sweet Snoopers [CEU]','','True');
INSERT INTO "Program__c" VALUES(171,'False','True','4.0','Team Facilitator','30.0','True');
INSERT INTO "Program__c" VALUES(172,'False','True','6.0','Teams Set in Motion Client','','True');
INSERT INTO "Program__c" VALUES(173,'True','True','9.0','Trainer Certification','30.0','False');
INSERT INTO "Program__c" VALUES(174,'False','True','0.5','Volunteer','7.0','False');
INSERT INTO "Program__c" VALUES(175,'False','True','6.0','Client Certification','30.0','False');
INSERT INTO "Program__c" VALUES(176,'False','True','1.0','Fitness','','True');
INSERT INTO "Program__c" VALUES(177,'True','True','1.5','Fitness [CEU]','','True');
INSERT INTO "Program__c" VALUES(178,'False','True','1.0','Medical Disability','','True');
INSERT INTO "Program__c" VALUES(179,'False','True','1.5','Medical Disability [CEU]','','True');
INSERT INTO "Program__c" VALUES(180,'False','True','1.0','Medical Disability','','True');
INSERT INTO "Program__c" VALUES(181,'False','True','1.5','Medical Disability [CEU]','','True');
INSERT INTO "Program__c" VALUES(182,'True','True','4.0','OT Advanced Bundle [CEU]','','True');
INSERT INTO "Program__c" VALUES(183,'False','True','1.0','Psychiatric Disability','','True');
INSERT INTO "Program__c" VALUES(184,'True','True','1.5','Psychiatric Disability [CEU]','','True');
INSERT INTO "Program__c" VALUES(185,'False','True','4.0','Puppy Raiser','30.0','False');
INSERT INTO "Program__c" VALUES(186,'False','True','1.0','Service Dog Selection','','True');
INSERT INTO "Program__c" VALUES(187,'True','True','1.5','Service Dog Selection [CEU]','','True');
INSERT INTO "Program__c" VALUES(188,'True','True','4.0','Service Dog Training Bundle','','True');
INSERT INTO "Program__c" VALUES(189,'False','True','1.0','Service Dogs Foundations','','True');
INSERT INTO "Program__c" VALUES(190,'False','True','1.5','Service Dogs Foundations [CEU]','','True');
INSERT INTO "Program__c" VALUES(191,'False','True','0.3','Staff','7.0','False');
INSERT INTO "Program__c" VALUES(192,'True','True','3.0','Sweet Snoopers [CEU]','','True');
INSERT INTO "Program__c" VALUES(193,'False','True','4.0','Team Facilitator','30.0','True');
INSERT INTO "Program__c" VALUES(194,'False','True','6.0','Teams Set in Motion Client','','True');
INSERT INTO "Program__c" VALUES(195,'True','True','9.0','Trainer Certification','30.0','False');
INSERT INTO "Program__c" VALUES(196,'False','True','0.5','Volunteer','7.0','False');
INSERT INTO "Program__c" VALUES(197,'False','True','6.0','Client Certification','30.0','False');
INSERT INTO "Program__c" VALUES(198,'False','True','1.0','Fitness','','True');
INSERT INTO "Program__c" VALUES(199,'True','True','1.5','Fitness [CEU]','','True');
INSERT INTO "Program__c" VALUES(200,'False','True','1.0','Medical Disability','','True');
INSERT INTO "Program__c" VALUES(201,'False','True','1.5','Medical Disability [CEU]','','True');
INSERT INTO "Program__c" VALUES(202,'False','True','1.0','Medical Disability','','True');
INSERT INTO "Program__c" VALUES(203,'False','True','1.5','Medical Disability [CEU]','','True');
INSERT INTO "Program__c" VALUES(204,'True','True','4.0','OT Advanced Bundle [CEU]','','True');
INSERT INTO "Program__c" VALUES(205,'False','True','1.0','Psychiatric Disability','','True');
INSERT INTO "Program__c" VALUES(206,'True','True','1.5','Psychiatric Disability [CEU]','','True');
INSERT INTO "Program__c" VALUES(207,'False','True','4.0','Puppy Raiser','30.0','False');
INSERT INTO "Program__c" VALUES(208,'False','True','1.0','Service Dog Selection','','True');
INSERT INTO "Program__c" VALUES(209,'True','True','1.5','Service Dog Selection [CEU]','','True');
INSERT INTO "Program__c" VALUES(210,'True','True','4.0','Service Dog Training Bundle','','True');
INSERT INTO "Program__c" VALUES(211,'False','True','1.0','Service Dogs Foundations','','True');
INSERT INTO "Program__c" VALUES(212,'False','True','1.5','Service Dogs Foundations [CEU]','','True');
INSERT INTO "Program__c" VALUES(213,'False','True','0.3','Staff','7.0','False');
INSERT INTO "Program__c" VALUES(214,'True','True','3.0','Sweet Snoopers [CEU]','','True');
INSERT INTO "Program__c" VALUES(215,'False','True','4.0','Team Facilitator','30.0','True');
INSERT INTO "Program__c" VALUES(216,'False','True','6.0','Teams Set in Motion Client','','True');
INSERT INTO "Program__c" VALUES(217,'True','True','9.0','Trainer Certification','30.0','False');
INSERT INTO "Program__c" VALUES(218,'False','True','0.5','Volunteer','7.0','False');
INSERT INTO "Program__c" VALUES(219,'False','True','6.0','Client Certification','30.0','False');
INSERT INTO "Program__c" VALUES(220,'False','True','1.0','Fitness','','True');
CREATE TABLE "PublicAccessTest__c" (
	id INTEGER NOT NULL, 
	"AssessorComments__c" VARCHAR(255), 
	"DateCompleted__c" VARCHAR(255), 
	"Location__c" VARCHAR(255), 
	"ReviewComments__c" VARCHAR(255), 
	"Status__c" VARCHAR(255), 
	"Type__c" VARCHAR(255), 
	"ValidUntil__c" VARCHAR(255), 
	"Assessor__c" VARCHAR(255), 
	"Team__c" VARCHAR(255), 
	PRIMARY KEY (id)
);
CREATE TABLE "Team__c" (
	id INTEGER NOT NULL, 
	"Name" VARCHAR(255), 
	"PatCount__c" VARCHAR(255), 
	"PatValidUntil__c" VARCHAR(255), 
	"PrimaryCertification__c" VARCHAR(255), 
	"SecondaryCertification__c" VARCHAR(255), 
	"Client__c" VARCHAR(255), 
	"Dog__c" VARCHAR(255), 
	"Handler__c" VARCHAR(255), 
	PRIMARY KEY (id)
);
INSERT INTO "Team__c" VALUES(1,'GallagherTracey_Walter','1.0','2024-01-21','Diabetes Alert','Hearing Alert','1','4','21');
INSERT INTO "Team__c" VALUES(2,'WillisMelinda_Milo','2.0','2023-05-29','Seizure Response','Diabetes Alert','11','1','49');
INSERT INTO "Team__c" VALUES(3,'GriffithKristin_Peanut','1.0','2024-02-06','Medical Assistance','Mobility','38','2','38');
INSERT INTO "Team__c" VALUES(4,'SchroederKendra_Bailey','4.0','2023-08-19','Diabetes Alert','Autism','136','3','71');
INSERT INTO "Team__c" VALUES(5,'LanceHernandez_Spike','2.0','2023-10-12','Psychiatric','Medical Alert','102','5','98');
INSERT INTO "Team__c" VALUES(6,'DonVillanueva_Jasper','4.0','2023-12-13','Medical Assistance','Autism','217','6','199');
CREATE TABLE "npe4__Relationship__c" (
	id INTEGER NOT NULL, 
	"npe4__Type__c" VARCHAR(255), 
	"npe4__Contact__c" VARCHAR(255), 
	"npe4__RelatedContact__c" VARCHAR(255), 
	PRIMARY KEY (id)
);
CREATE TABLE "npo02__Household__c" (
	id INTEGER NOT NULL, 
	"Name" VARCHAR(255), 
	"npo02__Addressee__c" VARCHAR(255), 
	"npo02__Always_Anonymous__c" VARCHAR(255), 
	"npo02__AverageAmount__c" VARCHAR(255), 
	"npo02__Best_Gift_Year_Total__c" VARCHAR(255), 
	"npo02__Best_Gift_Year__c" VARCHAR(255), 
	"npo02__FirstCloseDate__c" VARCHAR(255), 
	"npo02__Formal_Greeting__c" VARCHAR(255), 
	"npo02__HouseholdEmail__c" VARCHAR(255), 
	"npo02__HouseholdPhone__c" VARCHAR(255), 
	"npo02__Household_ID__c" VARCHAR(255), 
	"npo02__Informal_Greeting__c" VARCHAR(255), 
	"npo02__LargestAmount__c" VARCHAR(255), 
	"npo02__LastCloseDate__c" VARCHAR(255), 
	"npo02__LastMembershipAmount__c" VARCHAR(255), 
	"npo02__LastMembershipDate__c" VARCHAR(255), 
	"npo02__LastMembershipLevel__c" VARCHAR(255), 
	"npo02__LastMembershipOrigin__c" VARCHAR(255), 
	"npo02__LastOppAmount__c" VARCHAR(255), 
	"npo02__MailingCity__c" VARCHAR(255), 
	"npo02__MailingCountry__c" VARCHAR(255), 
	"npo02__MailingPostalCode__c" VARCHAR(255), 
	"npo02__MailingState__c" VARCHAR(255), 
	"npo02__MailingStreet__c" VARCHAR(255), 
	"npo02__MembershipEndDate__c" VARCHAR(255), 
	"npo02__MembershipJoinDate__c" VARCHAR(255), 
	"npo02__NumberOfClosedOpps__c" VARCHAR(255), 
	"npo02__NumberOfMembershipOpps__c" VARCHAR(255), 
	"npo02__OppAmount2YearsAgo__c" VARCHAR(255), 
	"npo02__OppAmountLastNDays__c" VARCHAR(255), 
	"npo02__OppAmountLastYear__c" VARCHAR(255), 
	"npo02__OppAmountThisYear__c" VARCHAR(255), 
	"npo02__OppsClosed2YearsAgo__c" VARCHAR(255), 
	"npo02__OppsClosedLastNDays__c" VARCHAR(255), 
	"npo02__OppsClosedLastYear__c" VARCHAR(255), 
	"npo02__OppsClosedThisYear__c" VARCHAR(255), 
	"npo02__SYSTEM_CUSTOM_NAMING__c" VARCHAR(255), 
	"npo02__SmallestAmount__c" VARCHAR(255), 
	"npo02__TotalMembershipOppAmount__c" VARCHAR(255), 
	"npo02__TotalOppAmount__c" VARCHAR(255), 
	"npsp__Number_of_Household_Members__c" VARCHAR(255), 
	PRIMARY KEY (id)
);
CREATE TABLE "npsp__Address__c" (
	id INTEGER NOT NULL, 
	"npsp__API_Response__c" VARCHAR(255), 
	"npsp__Address_Type__c" VARCHAR(255), 
	"npsp__Administrative_Area__c" VARCHAR(255), 
	"npsp__Ambiguous__c" VARCHAR(255), 
	"npsp__Congressional_District__c" VARCHAR(255), 
	"npsp__County_Name__c" VARCHAR(255), 
	"npsp__Default_Address__c" VARCHAR(255), 
	"npsp__Latest_End_Date__c" VARCHAR(255), 
	"npsp__Latest_Start_Date__c" VARCHAR(255), 
	"npsp__MailingCity__c" VARCHAR(255), 
	"npsp__MailingCountry__c" VARCHAR(255), 
	"npsp__MailingPostalCode__c" VARCHAR(255), 
	"npsp__MailingState__c" VARCHAR(255), 
	"npsp__MailingStreet2__c" VARCHAR(255), 
	"npsp__MailingStreet__c" VARCHAR(255), 
	"npsp__Pre_Verification_Address__c" VARCHAR(255), 
	"npsp__Seasonal_End_Day__c" VARCHAR(255), 
	"npsp__Seasonal_End_Month__c" VARCHAR(255), 
	"npsp__Seasonal_Start_Day__c" VARCHAR(255), 
	"npsp__Seasonal_Start_Month__c" VARCHAR(255), 
	"npsp__State_Lower_District__c" VARCHAR(255), 
	"npsp__State_Upper_District__c" VARCHAR(255), 
	"npsp__Verification_Status__c" VARCHAR(255), 
	"npsp__Verified__c" VARCHAR(255), 
	"npsp__Household_Account__c" VARCHAR(255), 
	PRIMARY KEY (id)
);
INSERT INTO "npsp__Address__c" VALUES(1,'','Home','','False','','','False','','','Port Lori','','57714','California','','382 Henry Cliff Apt. 143','','','','','','','','','False','1');
INSERT INTO "npsp__Address__c" VALUES(2,'','Home','','False','','','False','','','East Francisco','','70485','Idaho','','985 Michael Coves Suite 305','','','','','','','','','False','10');
INSERT INTO "npsp__Address__c" VALUES(3,'','Home','','False','','','False','','','Farrellstad','','64265','Vermont','','3169 Madison Mountain Suite 390','','','','','','','','','False','30');
INSERT INTO "npsp__Address__c" VALUES(4,'','Home','','False','','','False','','','Lake Karenbury','','66051','Wyoming','','17654 Mandy Ports Suite 234','','','','','','','','','False','35');
INSERT INTO "npsp__Address__c" VALUES(5,'','Home','','False','','','False','','','North Emmafurt','','62051','Maryland','','2458 Glen Forks','','','','','','','','','False','37');
INSERT INTO "npsp__Address__c" VALUES(6,'','Home','','False','','','False','','','West Kimberly','','46936','Vermont','','6124 Avila Ranch','','','','','','','','','False','39');
INSERT INTO "npsp__Address__c" VALUES(7,'','Home','','False','','','False','','','Port Danielle','','40993','Indiana','','1706 Durham Station Apt. 343','','','','','','','','','False','41');
INSERT INTO "npsp__Address__c" VALUES(8,'','Home','','False','','','False','','','Nobleburgh','','25140','Idaho','','105 Nichols Expressway Apt. 193','','','','','','','','','False','43');
INSERT INTO "npsp__Address__c" VALUES(9,'','Home','','False','','','False','','','Obrienland','','35240','Rhode Island','','0095 Gilbert Harbors Suite 984','','','','','','','','','False','45');
INSERT INTO "npsp__Address__c" VALUES(10,'','Home','','False','','','False','','','New Geoffrey','','94878','Iowa','','13280 Ramsey Pine Suite 117','','','','','','','','','False','48');
INSERT INTO "npsp__Address__c" VALUES(11,'','Home','','False','','','False','','','Mirandaview','','99884','Pennsylvania','','60082 Leah Curve','','','','','','','','','False','12');
INSERT INTO "npsp__Address__c" VALUES(12,'','Home','','False','','','False','','','Ritterborough','','52756','South Carolina','','39044 Hawkins Lane','','','','','','','','','False','50');
INSERT INTO "npsp__Address__c" VALUES(13,'','Home','','False','','','False','','','Lake Paige','','43257','Kansas','','23504 Crane Tunnel Apt. 244','','','','','','','','','False','127');
INSERT INTO "npsp__Address__c" VALUES(14,'','Home','','False','','','False','','','Selenaburgh','','46048','South Dakota','','72613 Vega Cape','','','','','','','','','False','129');
INSERT INTO "npsp__Address__c" VALUES(15,'','Home','','False','','','False','','','Port Tom','','28306','Massachusetts','','21009 Cortez Brooks Apt. 348','','','','','','','','','False','131');
INSERT INTO "npsp__Address__c" VALUES(16,'','Home','','False','','','False','','','Port April','','86871','Oregon','','443 Alicia Haven','','','','','','','','','False','133');
INSERT INTO "npsp__Address__c" VALUES(17,'','Home','','False','','','False','','','South Colin','','88606','Nebraska','','88085 Owen Coves','','','','','','','','','False','135');
INSERT INTO "npsp__Address__c" VALUES(18,'','Home','','False','','','False','','','South Calvin','','27956','California','','4189 Charlotte Parks','','','','','','','','','False','137');
INSERT INTO "npsp__Address__c" VALUES(19,'','Home','','False','','','False','','','Joycetown','','78316','Massachusetts','','974 Gerald Wall Suite 008','','','','','','','','','False','140');
INSERT INTO "npsp__Address__c" VALUES(20,'','Home','','False','','','False','','','Mathewborough','','04335','Georgia','','9764 Dean Highway','','','','','','','','','False','14');
INSERT INTO "npsp__Address__c" VALUES(21,'','Home','','False','','','False','','','Clarenceton','','01785','Pennsylvania','','520 Chelsey Corners','','','','','','','','','False','142');
INSERT INTO "npsp__Address__c" VALUES(22,'','Home','','False','','','False','','','Kiarachester','','58394','Oklahoma','','6080 Nicholas Corner Suite 089','','','','','','','','','False','147');
INSERT INTO "npsp__Address__c" VALUES(23,'','Home','','False','','','False','','','North Diamondton','','45846','Oregon','','0104 Brooks Lodge Suite 795','','','','','','','','','False','149');
INSERT INTO "npsp__Address__c" VALUES(24,'','Home','','False','','','False','','','Lake Edwardmouth','','59628','South Dakota','','596 Bryce Walk Apt. 269','','','','','','','','','False','151');
INSERT INTO "npsp__Address__c" VALUES(25,'','Home','','False','','','False','','','Jackiemouth','','70448','Michigan','','2480 Javier Motorway','','','','','','','','','False','153');
INSERT INTO "npsp__Address__c" VALUES(26,'','Home','','False','','','False','','','Harrisonshire','','92233','Kentucky','','210 Nicholas Throughway Apt. 379','','','','','','','','','False','155');
INSERT INTO "npsp__Address__c" VALUES(27,'','Home','','False','','','False','','','Reginaldburgh','','35062','Kentucky','','70807 Bautista Circles Suite 638','','','','','','','','','False','157');
INSERT INTO "npsp__Address__c" VALUES(28,'','Home','','False','','','False','','','South Joseph','','87599','Vermont','','76854 Elaine Prairie Suite 638','','','','','','','','','False','160');
INSERT INTO "npsp__Address__c" VALUES(29,'','Home','','False','','','False','','','Piercefort','','64162','Texas','','9804 Barker Fort Apt. 990','','','','','','','','','False','16');
INSERT INTO "npsp__Address__c" VALUES(30,'','Home','','False','','','False','','','New Carolynfurt','','35011','Massachusetts','','198 Hooper Heights','','','','','','','','','False','162');
INSERT INTO "npsp__Address__c" VALUES(31,'','Home','','False','','','False','','','North Josephstad','','60409','Iowa','','48378 Atkinson Lights Suite 867','','','','','','','','','False','167');
INSERT INTO "npsp__Address__c" VALUES(32,'','Home','','False','','','False','','','Lake Dianamouth','','42884','New York','','572 Adrienne Knolls','','','','','','','','','False','169');
INSERT INTO "npsp__Address__c" VALUES(33,'','Home','','False','','','False','','','Duartestad','','98440','Oklahoma','','366 Mcgee Loop','','','','','','','','','False','171');
INSERT INTO "npsp__Address__c" VALUES(34,'','Home','','False','','','False','','','New Teresafurt','','39568','Connecticut','','1295 Henderson Burg','','','','','','','','','False','173');
INSERT INTO "npsp__Address__c" VALUES(35,'','Home','','False','','','False','','','North Rodney','','69109','Kansas','','17220 Peterson Keys','','','','','','','','','False','175');
INSERT INTO "npsp__Address__c" VALUES(36,'','Home','','False','','','False','','','Alexshire','','90534','Vermont','','3635 Norman Landing','','','','','','','','','False','177');
INSERT INTO "npsp__Address__c" VALUES(37,'','Home','','False','','','False','','','West Brucebury','','86317','Kentucky','','1141 Regina Extension','','','','','','','','','False','180');
INSERT INTO "npsp__Address__c" VALUES(38,'','Home','','False','','','False','','','West Latoya','','73436','Minnesota','','4712 Rita Prairie Suite 275','','','','','','','','','False','182');
INSERT INTO "npsp__Address__c" VALUES(39,'','Home','','False','','','False','','','South Earlborough','','26314','Wisconsin','','03369 Gene Expressway','','','','','','','','','False','187');
INSERT INTO "npsp__Address__c" VALUES(40,'','Home','','False','','','False','','','North Craigbury','','33922','Alabama','','602 Noble Cape Suite 402','','','','','','','','','False','189');
INSERT INTO "npsp__Address__c" VALUES(41,'','Home','','False','','','False','','','Lake Earlville','','66694','Nevada','','61029 Sarah Heights Apt. 170','','','','','','','','','False','19');
INSERT INTO "npsp__Address__c" VALUES(42,'','Home','','False','','','False','','','South Clayton','','90974','Alaska','','329 Gene Wall','','','','','','','','','False','191');
INSERT INTO "npsp__Address__c" VALUES(43,'','Home','','False','','','False','','','Rebeccafurt','','49783','Kentucky','','14651 Jean Ways','','','','','','','','','False','193');
INSERT INTO "npsp__Address__c" VALUES(44,'','Home','','False','','','False','','','Murrayburgh','','25766','Tennessee','','0643 Reeves Harbor Suite 333','','','','','','','','','False','195');
INSERT INTO "npsp__Address__c" VALUES(45,'','Home','','False','','','False','','','Grantland','','97489','Connecticut','','114 Kirsten Trafficway Apt. 147','','','','','','','','','False','197');
INSERT INTO "npsp__Address__c" VALUES(46,'','Home','','False','','','False','','','New Ethan','','24707','Minnesota','','050 Aaron Spring Apt. 247','','','','','','','','','False','200');
INSERT INTO "npsp__Address__c" VALUES(47,'','Home','','False','','','False','','','Jaredbury','','21789','Minnesota','','93906 Mann Cliffs Apt. 249','','','','','','','','','False','21');
INSERT INTO "npsp__Address__c" VALUES(48,'','Home','','False','','','False','','','East Janeview','','82305','Oklahoma','','14867 Morrison Terrace Suite 949','','','','','','','','','False','56');
INSERT INTO "npsp__Address__c" VALUES(49,'','Home','','False','','','False','','','Karinamouth','','71696','New Mexico','','73572 Ware Centers Suite 270','','','','','','','','','False','58');
INSERT INTO "npsp__Address__c" VALUES(50,'','Home','','False','','','False','','','Smalltown','','26125','Nebraska','','37930 Caldwell Walks','','','','','','','','','False','60');
INSERT INTO "npsp__Address__c" VALUES(51,'','Home','','False','','','False','','','North Joyce','','30793','South Carolina','','8184 Wade Camp Apt. 196','','','','','','','','','False','62');
INSERT INTO "npsp__Address__c" VALUES(52,'','Home','','False','','','False','','','Bergtown','','46717','Missouri','','76145 Madeline Ferry','','','','','','','','','False','64');
INSERT INTO "npsp__Address__c" VALUES(53,'','Home','','False','','','False','','','Johnathanland','','84289','Iowa','','9763 Olson Extensions','','','','','','','','','False','66');
INSERT INTO "npsp__Address__c" VALUES(54,'','Home','','False','','','False','','','East Pam','','34405','Pennsylvania','','00119 Arthur Rest','','','','','','','','','False','69');
INSERT INTO "npsp__Address__c" VALUES(55,'','Home','','False','','','False','','','New Regina','','06065','Florida','','044 Randolph Brooks Suite 472','','','','','','','','','False','71');
INSERT INTO "npsp__Address__c" VALUES(56,'','Home','','False','','','False','','','West Allison','','14333','Maryland','','44561 Boyle Ports','','','','','','','','','False','76');
INSERT INTO "npsp__Address__c" VALUES(57,'','Home','','False','','','False','','','Patelfurt','','67760','Hawaii','','57048 Gail Mountain Suite 963','','','','','','','','','False','78');
INSERT INTO "npsp__Address__c" VALUES(58,'','Home','','False','','','False','','','New Kerryfort','','42957','Illinois','','25322 Daniels Island','','','','','','','','','False','80');
INSERT INTO "npsp__Address__c" VALUES(59,'','Home','','False','','','False','','','North Arthur','','77785','New Jersey','','50819 Waller Islands','','','','','','','','','False','82');
INSERT INTO "npsp__Address__c" VALUES(60,'','Home','','False','','','False','','','Brittanyborough','','57760','Delaware','','8068 Gordon Trafficway','','','','','','','','','False','84');
INSERT INTO "npsp__Address__c" VALUES(61,'','Home','','False','','','False','','','East Becky','','69246','Colorado','','631 Walter Curve','','','','','','','','','False','86');
INSERT INTO "npsp__Address__c" VALUES(62,'','Home','','False','','','False','','','Lehaven','','02218','Massachusetts','','8341 Roman Plains Suite 318','','','','','','','','','False','89');
INSERT INTO "npsp__Address__c" VALUES(63,'','Home','','False','','','False','','','Velasqueztown','','29495','Arkansas','','5549 Rowland Lights Apt. 451','','','','','','','','','False','6');
INSERT INTO "npsp__Address__c" VALUES(64,'','Home','','False','','','False','','','Carlberg','','96281','Delaware','','8139 Parsons Junction Suite 905','','','','','','','','','False','91');
INSERT INTO "npsp__Address__c" VALUES(65,'','Home','','False','','','False','','','South Noahport','','07414','North Dakota','','9820 Hines Manors Suite 448','','','','','','','','','False','96');
INSERT INTO "npsp__Address__c" VALUES(66,'','Home','','False','','','False','','','Dunnstad','','17642','Connecticut','','928 Mcintosh Forks Apt. 241','','','','','','','','','False','98');
INSERT INTO "npsp__Address__c" VALUES(67,'','Home','','False','','','False','','','West Yvonne','','74268','Rhode Island','','4082 Warren Crossroad Suite 503','','','','','','','','','False','100');
INSERT INTO "npsp__Address__c" VALUES(68,'','Home','','False','','','False','','','East Connorview','','53714','Maryland','','32392 Rita Spur Apt. 581','','','','','','','','','False','102');
INSERT INTO "npsp__Address__c" VALUES(69,'','Home','','False','','','False','','','Choichester','','27684','Louisiana','','594 Haas Valley Apt. 617','','','','','','','','','False','104');
INSERT INTO "npsp__Address__c" VALUES(70,'','Home','','False','','','False','','','New Amanda','','24874','Florida','','56428 Glenda Hill','','','','','','','','','False','106');
INSERT INTO "npsp__Address__c" VALUES(71,'','Home','','False','','','False','','','East Angieberg','','34345','West Virginia','','917 Preston Creek','','','','','','','','','False','109');
INSERT INTO "npsp__Address__c" VALUES(72,'','Home','','False','','','False','','','West Brett','','10051','Indiana','','14261 Mcgrath Well','','','','','','','','','False','8');
INSERT INTO "npsp__Address__c" VALUES(73,'','Home','','False','','','False','','','Banksport','','26751','Hawaii','','5356 Wolf Via Apt. 287','','','','','','','','','False','111');
INSERT INTO "npsp__Address__c" VALUES(74,'','Home','','False','','','False','','','Barbarafort','','31054','Montana','','737 Carol Lodge','','','','','','','','','False','116');
INSERT INTO "npsp__Address__c" VALUES(75,'','Home','','False','','','False','','','Lake Ashleeland','','77566','Minnesota','','4272 Roberta Squares Apt. 371','','','','','','','','','False','118');
INSERT INTO "npsp__Address__c" VALUES(76,'','Home','','False','','','False','','','South Kristin','','79939','Illinois','','41291 Kirsten Glen','','','','','','','','','False','120');
INSERT INTO "npsp__Address__c" VALUES(77,'','Home','','False','','','False','','','West Jonathonview','','87533','Wyoming','','086 Michaela Field Suite 341','','','','','','','','','False','122');
INSERT INTO "npsp__Address__c" VALUES(78,'','Home','','False','','','False','','','Port Michaelaside','','48889','Connecticut','','181 Foster Vista Suite 476','','','','','','','','','False','124');
INSERT INTO "npsp__Address__c" VALUES(79,'','Home','','False','','','False','','','New Neil','','84647','West Virginia','','494 Casey Plaza Suite 775','','','','','','','','','False','25');
INSERT INTO "npsp__Address__c" VALUES(80,'','Home','','False','','','False','','','Lake Jodi','','64481','West Virginia','','863 Solis Flats','','','','','','','','','False','28');
CREATE TABLE "npsp__Batch__c" (
	id INTEGER NOT NULL, 
	"Name" VARCHAR(255), 
	"npsp__Batch_Status__c" VARCHAR(255), 
	"npsp__Description__c" VARCHAR(255), 
	"npsp__Number_of_Items__c" VARCHAR(255), 
	"npsp__Object_Name__c" VARCHAR(255), 
	PRIMARY KEY (id)
);
COMMIT;
