BEGIN TRANSACTION;
CREATE TABLE "Account" (
	id INTEGER NOT NULL, 
	"Name" VARCHAR(255), 
	"RecordTypeId" VARCHAR(255), 
	"npe01__SYSTEMIsIndividual__c" VARCHAR(255), 
	"npe01__SYSTEM_AccountType__c" VARCHAR(255), 
	"npo02__AverageAmount__c" VARCHAR(255), 
	"npo02__Best_Gift_Year_Total__c" VARCHAR(255), 
	"npo02__Best_Gift_Year__c" VARCHAR(255), 
	"npo02__FirstCloseDate__c" VARCHAR(255), 
	"npo02__Formal_Greeting__c" VARCHAR(255), 
	"npo02__HouseholdPhone__c" VARCHAR(255), 
	"npo02__Informal_Greeting__c" VARCHAR(255), 
	"npo02__LargestAmount__c" VARCHAR(255), 
	"npo02__LastCloseDate__c" VARCHAR(255), 
	"npo02__LastMembershipAmount__c" VARCHAR(255), 
	"npo02__LastMembershipDate__c" VARCHAR(255), 
	"npo02__LastMembershipLevel__c" VARCHAR(255), 
	"npo02__LastMembershipOrigin__c" VARCHAR(255), 
	"npo02__LastOppAmount__c" VARCHAR(255), 
	"npo02__MembershipEndDate__c" VARCHAR(255), 
	"npo02__MembershipJoinDate__c" VARCHAR(255), 
	"npo02__NumberOfClosedOpps__c" VARCHAR(255), 
	"npo02__NumberOfMembershipOpps__c" VARCHAR(255), 
	"npo02__OppAmount2YearsAgo__c" VARCHAR(255), 
	"npo02__OppAmountLastNDays__c" VARCHAR(255), 
	"npo02__OppAmountLastYear__c" VARCHAR(255), 
	"npo02__OppAmountThisYear__c" VARCHAR(255), 
	"npo02__OppsClosed2YearsAgo__c" VARCHAR(255), 
	"npo02__OppsClosedLastNDays__c" VARCHAR(255), 
	"npo02__OppsClosedLastYear__c" VARCHAR(255), 
	"npo02__OppsClosedThisYear__c" VARCHAR(255), 
	"npo02__SYSTEM_CUSTOM_NAMING__c" VARCHAR(255), 
	"npo02__SmallestAmount__c" VARCHAR(255), 
	"npo02__TotalMembershipOppAmount__c" VARCHAR(255), 
	"npo02__TotalOppAmount__c" VARCHAR(255), 
	"npsp__Funding_Focus__c" VARCHAR(255), 
	"npsp__Grantmaker__c" VARCHAR(255), 
	"npsp__Matching_Gift_Administrator_Name__c" VARCHAR(255), 
	"npsp__Matching_Gift_Amount_Max__c" VARCHAR(255), 
	"npsp__Matching_Gift_Amount_Min__c" VARCHAR(255), 
	"npsp__Matching_Gift_Annual_Employee_Max__c" VARCHAR(255), 
	"npsp__Matching_Gift_Comments__c" VARCHAR(255), 
	"npsp__Matching_Gift_Company__c" VARCHAR(255), 
	"npsp__Matching_Gift_Email__c" VARCHAR(255), 
	"npsp__Matching_Gift_Info_Updated__c" VARCHAR(255), 
	"npsp__Matching_Gift_Percent__c" VARCHAR(255), 
	"npsp__Matching_Gift_Phone__c" VARCHAR(255), 
	"npsp__Matching_Gift_Request_Deadline__c" VARCHAR(255), 
	"npsp__Number_of_Household_Members__c" VARCHAR(255), 
	"ParentId" VARCHAR(255), 
	"npe01__One2OneContact__c" VARCHAR(255), 
	"npsp__Batch__c" VARCHAR(255), 
	PRIMARY KEY (id)
);
INSERT INTO "Account" VALUES(1,'Calhoun','012J0000004laCnIAI','False','','0.0','','','','','','','0.0','','0.0','','','','0.0','','','0.0','0.0','0.0','0.0','0.0','0.0','0.0','0.0','0.0','0.0','','0.0','0.0','0.0','','False','','','','','','False','','','','','','','','','');
INSERT INTO "Account" VALUES(2,'Burch-Gamble','012J0000004laCnIAI','False','Great career baby whom girl economic area. Send cut blue section note eat.','0.0','97486.0','2020','2021-11-05','Arrive whom mention Democrat remain style.
Section or only everybody issue.','+1-950-292-6600x342','Candidate gas up pay base. Between tough professor present away couple seek.','0.0','2021-04-28','0.0','2021-11-15','Girl attorney computer north drug.','Process show share mission. Reason election lose why garden.','0.0','2021-06-06','2022-01-16','0.0','0.0','0.0','0.0','0.0','0.0','0.0','0.0','0.0','0.0','Name','0.0','0.0','0.0','Capacity Building','False','Dr. Oscar Vang DDS','98314.0','37226.0','48787.0','All attack run later. Sit just appear life woman available able.','False','kerrireilly@example.org','2021-06-05','10.0','8012186776','Several production body present than. Bag defense type benefit interest continue.','23574.0','','','');
INSERT INTO "Account" VALUES(3,'Anonymous Household','012J0000004laCmIAI','True','Household Account','0.0','','','','Nguyen Kristopher and Irwin Miranda','','Nguyen and Irwin','0.0','','0.0','','','','0.0','','','0.0','0.0','0.0','0.0','0.0','0.0','0.0','0.0','0.0','0.0','','0.0','0.0','0.0','','False','','','','','','False','','','','','','2.0','','47','');
INSERT INTO "Account" VALUES(4,'Kaiser-Holmes','012J0000004laCnIAI','False','','0.0','','','','','','','0.0','','0.0','','','','0.0','','','0.0','0.0','0.0','0.0','0.0','0.0','0.0','0.0','0.0','0.0','','0.0','0.0','0.0','','False','','','','','','False','','','','','','','','','');
INSERT INTO "Account" VALUES(5,'Anonymous Household','012J0000004laCmIAI','True','Household Account','0.0','','','','Phillips Tristan','','Phillips','0.0','','0.0','','','','0.0','','','0.0','0.0','0.0','0.0','0.0','0.0','0.0','0.0','0.0','0.0','','0.0','0.0','0.0','','False','','','','','','False','','','','','','1.0','','64','');
INSERT INTO "Account" VALUES(6,'Schmidt PLC','012J0000004laCnIAI','False','','0.0','','','','','','','0.0','','0.0','','','','0.0','','','0.0','0.0','0.0','0.0','0.0','0.0','0.0','0.0','0.0','0.0','','0.0','0.0','0.0','','False','','','','','','False','','','','','','','','','');
INSERT INTO "Account" VALUES(7,'Sandra Household','012J0000004laCmIAI','True','Household Account','0.0','','','','Stanton Peggy','','Douglas and Stanton','0.0','','0.0','','','','0.0','','','0.0','0.0','0.0','0.0','0.0','0.0','0.0','0.0','0.0','0.0','','0.0','0.0','0.0','','False','','','','','','False','','','','','','2.0','','79','');
INSERT INTO "Account" VALUES(8,'Ballard-Hess','012J0000004laCnIAI','False','','0.0','','','','','','','0.0','','0.0','','','','0.0','','','0.0','0.0','0.0','0.0','0.0','0.0','0.0','0.0','0.0','0.0','','0.0','0.0','0.0','','False','','','','','','False','','','','','','','','','');
INSERT INTO "Account" VALUES(9,'Devin Household','012J0000004laCmIAI','True','Household Account','0.0','','','','Hebert Alexandra, Barnett Devin and Duarte Hannah','','Hebert and Duarte','0.0','','0.0','','','','0.0','','','0.0','0.0','0.0','0.0','0.0','0.0','0.0','0.0','0.0','0.0','','0.0','0.0','0.0','','False','','','','','','False','','','','','','3.0','','100','');
INSERT INTO "Account" VALUES(10,'Yates LLC','012J0000004laCnIAI','False','','0.0','','','','','','','0.0','','0.0','','','','0.0','','','0.0','0.0','0.0','0.0','0.0','0.0','0.0','0.0','0.0','0.0','','0.0','0.0','0.0','','False','','','','','','False','','','','','','','','','');
INSERT INTO "Account" VALUES(11,'The Household','012J0000004laCmIAI','True','Household Account','0.0','','','','','','','0.0','','0.0','','','','0.0','','','0.0','0.0','0.0','0.0','0.0','0.0','0.0','0.0','0.0','0.0','','0.0','0.0','0.0','','False','','','','','','False','','','','','','','','','');
INSERT INTO "Account" VALUES(12,'Sellers-Brown','012J0000004laCnIAI','False','','0.0','','','','','','','0.0','','0.0','','','','0.0','','','0.0','0.0','0.0','0.0','0.0','0.0','0.0','0.0','0.0','0.0','','0.0','0.0','0.0','','False','','','','','','False','','','','','','','','','');
INSERT INTO "Account" VALUES(13,'Logan Household','012J0000004laCmIAI','True','Household Account','0.0','','','','Diaz Logan and Mckinney Gail','','Mckinney','0.0','','0.0','','','','0.0','','','0.0','0.0','0.0','0.0','0.0','0.0','0.0','0.0','0.0','0.0','','0.0','0.0','0.0','','False','','','','','','False','','','','','','2.0','','22','');
INSERT INTO "Account" VALUES(14,'Kidd, Simpson and Mcclain','012J0000004laCnIAI','False','','0.0','','','','','','','0.0','','0.0','','','','0.0','','','0.0','0.0','0.0','0.0','0.0','0.0','0.0','0.0','0.0','0.0','','0.0','0.0','0.0','','False','','','','','','False','','','','','','','','','');
INSERT INTO "Account" VALUES(15,'Sawyer-Holland','012J0000004laCnIAI','False','','0.0','','','','','','','0.0','','0.0','','','','0.0','','','0.0','0.0','0.0','0.0','0.0','0.0','0.0','0.0','0.0','0.0','','0.0','0.0','0.0','','False','','','','','','False','','','','','','','','','');
INSERT INTO "Account" VALUES(16,'Mason Household','012J0000004laCmIAI','True','Household Account','0.0','','','','Ware Jacqueline','','Ware and Johns','0.0','','0.0','','','','0.0','','','0.0','0.0','0.0','0.0','0.0','0.0','0.0','0.0','0.0','0.0','','0.0','0.0','0.0','','False','','','','','','False','','','','','','2.0','','32','');
INSERT INTO "Account" VALUES(17,'Buckley, Crane and Webster','012J0000004laCnIAI','False','','0.0','','','','','','','0.0','','0.0','','','','0.0','','','0.0','0.0','0.0','0.0','0.0','0.0','0.0','0.0','0.0','0.0','','0.0','0.0','0.0','','False','','','','','','False','','','','','','','','','');
INSERT INTO "Account" VALUES(18,'The Household','012J0000004laCmIAI','True','Household Account','0.0','','','','','','','0.0','','0.0','','','','0.0','','','0.0','0.0','0.0','0.0','0.0','0.0','0.0','0.0','0.0','0.0','','0.0','0.0','0.0','','False','','','','','','False','','','','','','','','','');
INSERT INTO "Account" VALUES(19,'Rush, Rios and Moran','012J0000004laCnIAI','False','','0.0','','','','','','','0.0','','0.0','','','','0.0','','','0.0','0.0','0.0','0.0','0.0','0.0','0.0','0.0','0.0','0.0','','0.0','0.0','0.0','','False','','','','','','False','','','','','','','','','');
INSERT INTO "Account" VALUES(20,'Jensen-Shannon','012J0000004laCmIAI','True','Household Account','0.0','','','','','','','0.0','','0.0','','','','0.0','','','0.0','0.0','0.0','0.0','0.0','0.0','0.0','0.0','0.0','0.0','','0.0','0.0','0.0','','False','','','','','','False','','','','','','','','','');
INSERT INTO "Account" VALUES(21,'James','012J0000004laCnIAI','False','','0.0','','','','','','','0.0','','0.0','','','','0.0','','','0.0','0.0','0.0','0.0','0.0','0.0','0.0','0.0','0.0','0.0','','0.0','0.0','0.0','','False','','','','','','False','','','','','','','','','');
INSERT INTO "Account" VALUES(22,'Case, Woodard and Vasquez','012J0000004laCnIAI','False','Rest field win live eight book. Boy yes real. Idea mean that drug after positive condition.','0.0','16388.0','2008','2022-01-16','Movie third meet head product. Ever sister sign east between fight certainly.','001-032-907-6415','Toward behind lose. Tv loss town stand.
Meeting bed rest lay see. Nation good thus my standard.','0.0','2021-09-15','0.0','2021-07-28','Itself life which soon none level Congress entire. Quality movie book president meeting stand.','Early old leg deep. Various crime fly time. Environment heavy eye career environment authority.','0.0','2021-12-21','2022-02-26','0.0','0.0','0.0','0.0','0.0','0.0','0.0','0.0','0.0','0.0','Name','0.0','0.0','0.0','Capacity Building','False','Ms. Bianca Espinoza PhD','28870.0','23555.0','6761.0','Unit month behind day line officer. Many what eat.
Over director or property.','False','sally25@example.net','2021-11-03','93.0','001-264-429-0838x336','Dark here between citizen scientist moment. Sister ready wait tax my. Side put control manage.','81341.0','','','');
INSERT INTO "Account" VALUES(23,'Henry and Jeremy Household','012J0000004laCmIAI','True','Household Account','0.0','','','','Mcdowell Henry and Golden Jeremy','','Sir or Madam','0.0','','0.0','','','','0.0','','','0.0','0.0','0.0','0.0','0.0','0.0','0.0','0.0','0.0','0.0','','0.0','0.0','0.0','','False','','','','','','False','','','','','','2.0','','38','');
INSERT INTO "Account" VALUES(24,'Frederick LLC','012J0000004laCnIAI','False','','0.0','','','','','','','0.0','','0.0','','','','0.0','','','0.0','0.0','0.0','0.0','0.0','0.0','0.0','0.0','0.0','0.0','','0.0','0.0','0.0','','False','','','','','','False','','','','','','','','','');
INSERT INTO "Account" VALUES(25,'Kara and Dominic Household','012J0000004laCmIAI','True','Household Account','0.0','','','','Mcpherson Dominic and Parsons Jaime','','Escobar and Parsons','0.0','','0.0','','','','0.0','','','0.0','0.0','0.0','0.0','0.0','0.0','0.0','0.0','0.0','0.0','','0.0','0.0','0.0','','False','','','','','','False','','','','','','3.0','','37','');
INSERT INTO "Account" VALUES(26,'Roberts, Jarvis and Li','012J0000004laCnIAI','False','','0.0','','','','','','','0.0','','0.0','','','','0.0','','','0.0','0.0','0.0','0.0','0.0','0.0','0.0','0.0','0.0','0.0','','0.0','0.0','0.0','','False','','','','','','False','','','','','','','','','');
INSERT INTO "Account" VALUES(27,'Regina Household','012J0000004laCmIAI','True','Household Account','0.0','','','','Avery Bridget and Cantrell William','','Avery, Jones and Cantrell','0.0','','0.0','','','','0.0','','','0.0','0.0','0.0','0.0','0.0','0.0','0.0','0.0','0.0','0.0','','0.0','0.0','0.0','','False','','','','','','False','','','','','','3.0','','43','');
INSERT INTO "Account" VALUES(28,'Schmidt-Lucas','012J0000004laCnIAI','False','','0.0','','','','','','','0.0','','0.0','','','','0.0','','','0.0','0.0','0.0','0.0','0.0','0.0','0.0','0.0','0.0','0.0','','0.0','0.0','0.0','','False','','','','','','False','','','','','','','','','');
INSERT INTO "Account" VALUES(29,'Edgar Household','012J0000004laCmIAI','True','Household Account','0.0','','','','Nolan Edgar','','Sir or Madam','0.0','','0.0','','','','0.0','','','0.0','0.0','0.0','0.0','0.0','0.0','0.0','0.0','0.0','0.0','','0.0','0.0','0.0','','False','','','','','','False','','','','','','1.0','','44','');
INSERT INTO "Account" VALUES(30,'Norris-Burgess','012J0000004laCnIAI','False','','0.0','','','','','','','0.0','','0.0','','','','0.0','','','0.0','0.0','0.0','0.0','0.0','0.0','0.0','0.0','0.0','0.0','','0.0','0.0','0.0','','False','','','','','','False','','','','','','','','','');
INSERT INTO "Account" VALUES(31,'The Household','012J0000004laCmIAI','True','Household Account','0.0','','','','','','','0.0','','0.0','','','','0.0','','','0.0','0.0','0.0','0.0','0.0','0.0','0.0','0.0','0.0','0.0','','0.0','0.0','0.0','','False','','','','','','False','','','','','','','','','');
INSERT INTO "Account" VALUES(32,'Bender, Zuniga and Holloway','012J0000004laCnIAI','False','','0.0','','','','','','','0.0','','0.0','','','','0.0','','','0.0','0.0','0.0','0.0','0.0','0.0','0.0','0.0','0.0','0.0','','0.0','0.0','0.0','','False','','','','','','False','','','','','','','','','');
INSERT INTO "Account" VALUES(33,'Gail Household','012J0000004laCmIAI','True','Household Account','0.0','','','','Waters Pamela','','Waters and Shepherd','0.0','','0.0','','','','0.0','','','0.0','0.0','0.0','0.0','0.0','0.0','0.0','0.0','0.0','0.0','','0.0','0.0','0.0','','False','','','','','','False','','','','','','2.0','','49','');
INSERT INTO "Account" VALUES(34,'Ramsey-Parks','012J0000004laCnIAI','False','','0.0','','','','','','','0.0','','0.0','','','','0.0','','','0.0','0.0','0.0','0.0','0.0','0.0','0.0','0.0','0.0','0.0','','0.0','0.0','0.0','','False','','','','','','False','','','','','','','','','');
INSERT INTO "Account" VALUES(35,'Roberts LLC','012J0000004laCnIAI','False','','0.0','','','','','','','0.0','','0.0','','','','0.0','','','0.0','0.0','0.0','0.0','0.0','0.0','0.0','0.0','0.0','0.0','','0.0','0.0','0.0','','False','','','','','','False','','','','','','','','','');
INSERT INTO "Account" VALUES(36,'Joshua Household','012J0000004laCmIAI','True','Household Account','0.0','','','','Gaines Joshua','','Sir or Madam','0.0','','0.0','','','','0.0','','','0.0','0.0','0.0','0.0','0.0','0.0','0.0','0.0','0.0','0.0','','0.0','0.0','0.0','','False','','','','','','False','','','','','','1.0','','51','');
INSERT INTO "Account" VALUES(37,'Walsh Inc','012J0000004laCnIAI','False','','0.0','','','','','','','0.0','','0.0','','','','0.0','','','0.0','0.0','0.0','0.0','0.0','0.0','0.0','0.0','0.0','0.0','','0.0','0.0','0.0','','False','','','','','','False','','','','','','','','','');
INSERT INTO "Account" VALUES(38,'Sample Account for Entitlements','','False','','0.0','','','','','','','0.0','','0.0','','','','0.0','','','0.0','0.0','0.0','0.0','0.0','0.0','0.0','0.0','0.0','0.0','','0.0','0.0','0.0','','False','','','','','','False','','','','','','','','','');
INSERT INTO "Account" VALUES(39,'The Household','012J0000004laCmIAI','True','Household Account','0.0','','','','','','','0.0','','0.0','','','','0.0','','','0.0','0.0','0.0','0.0','0.0','0.0','0.0','0.0','0.0','0.0','','0.0','0.0','0.0','','False','','','','','','False','','','','','','','','','');
INSERT INTO "Account" VALUES(40,'George-Dunn','012J0000004laCnIAI','False','','0.0','','','','','','','0.0','','0.0','','','','0.0','','','0.0','0.0','0.0','0.0','0.0','0.0','0.0','0.0','0.0','0.0','','0.0','0.0','0.0','','False','','','','','','False','','','','','','','','','');
INSERT INTO "Account" VALUES(41,'Odom-Maxwell','012J0000004laCmIAI','True','Household Account','0.0','','','','','','','0.0','','0.0','','','','0.0','','','0.0','0.0','0.0','0.0','0.0','0.0','0.0','0.0','0.0','0.0','','0.0','0.0','0.0','','False','','','','','','False','','','','','','','','','');
INSERT INTO "Account" VALUES(42,'Bridges','012J0000004laCnIAI','False','','0.0','','','','','','','0.0','','0.0','','','','0.0','','','0.0','0.0','0.0','0.0','0.0','0.0','0.0','0.0','0.0','0.0','','0.0','0.0','0.0','','False','','','','','','False','','','','','','','','','');
INSERT INTO "Account" VALUES(43,'Klein-Meadows','012J0000004laCnIAI','False','Finally glass value explain hand class ever visit. See give energy hot change.','0.0','8554.0','2015','2022-02-12','Level visit nearly skin give difference.','159.330.7100','Someone fall support cost out.','0.0','2021-05-01','0.0','2022-04-07','Notice just middle lot there. Lot spend thing of. Environment hour system under particular.','Ground media source guy high. Go process spring total also religious. Campaign may sort reflect.','0.0','2022-01-22','2021-05-23','0.0','0.0','0.0','0.0','0.0','0.0','0.0','0.0','0.0','0.0','Formal_Greeting__c','0.0','0.0','0.0','Environmental','False','Dr. Latoya Downs','59983.0','69979.0','49812.0','Year ok region improve. Identify realize during among pattern. Later fire offer guy.','False','fpayne@example.com','2021-09-26','25.0','075-178-9179x4746','Arm stock pick chair. Manager cause recognize drive degree group. Range sign enjoy.','81576.0','','','');
INSERT INTO "Account" VALUES(44,'Austin, George and Billy Household','012J0000004laCmIAI','True','Household Account','0.0','','','','Mcfarland Shelly, Coleman Cristina, Petersen Austin, Webster George and Sherman Billy','','Mcfarland, Coleman, Webster and Sherman','0.0','','0.0','','','','0.0','','','0.0','0.0','0.0','0.0','0.0','0.0','0.0','0.0','0.0','0.0','','0.0','0.0','0.0','','False','','','','','','False','','','','','','5.0','','56','');
INSERT INTO "Account" VALUES(45,'Hull, Cunningham and Flowers','012J0000004laCnIAI','False','','0.0','','','','','','','0.0','','0.0','','','','0.0','','','0.0','0.0','0.0','0.0','0.0','0.0','0.0','0.0','0.0','0.0','','0.0','0.0','0.0','','False','','','','','','False','','','','','','','','','');
INSERT INTO "Account" VALUES(46,'Maxwell and Taylor Household','012J0000004laCmIAI','True','Household Account','0.0','','','','Waller Tracy, Boyle Maxwell and Houston Taylor','','Waller, Boyle and Houston','0.0','','0.0','','','','0.0','','','0.0','0.0','0.0','0.0','0.0','0.0','0.0','0.0','0.0','0.0','','0.0','0.0','0.0','','False','','','','','','False','','','','','','3.0','','55','');
INSERT INTO "Account" VALUES(47,'Bailey Group','012J0000004laCnIAI','False','','0.0','','','','','','','0.0','','0.0','','','','0.0','','','0.0','0.0','0.0','0.0','0.0','0.0','0.0','0.0','0.0','0.0','','0.0','0.0','0.0','','False','','','','','','False','','','','','','','','','');
INSERT INTO "Account" VALUES(48,'Megan, Ronald and Audrey Household','012J0000004laCmIAI','True','Household Account','0.0','','','','Heath Savannah, Bender Megan, Mcdaniel Ronald and Powers Audrey','','Heath, Mcdaniel and Powers','0.0','','0.0','','','','0.0','','','0.0','0.0','0.0','0.0','0.0','0.0','0.0','0.0','0.0','0.0','','0.0','0.0','0.0','','False','','','','','','False','','','','','','4.0','','63','');
INSERT INTO "Account" VALUES(49,'Wells PLC','012J0000004laCnIAI','False','','0.0','','','','','','','0.0','','0.0','','','','0.0','','','0.0','0.0','0.0','0.0','0.0','0.0','0.0','0.0','0.0','0.0','','0.0','0.0','0.0','','False','','','','','','False','','','','','','','','','');
INSERT INTO "Account" VALUES(50,'Frances, Doris and Connor Household','012J0000004laCmIAI','True','Household Account','0.0','','','','Mcclure Betty, Burgess Erik, Edwards Doris and Waller Connor','','Perry, Mcclure, Burgess, Edwards and Waller','0.0','','0.0','','','','0.0','','','0.0','0.0','0.0','0.0','0.0','0.0','0.0','0.0','0.0','0.0','','0.0','0.0','0.0','','False','','','','','','False','','','','','','5.0','','69','');
INSERT INTO "Account" VALUES(51,'Guerra, Mendoza and Jordan','012J0000004laCnIAI','False','','0.0','','','','','','','0.0','','0.0','','','','0.0','','','0.0','0.0','0.0','0.0','0.0','0.0','0.0','0.0','0.0','0.0','','0.0','0.0','0.0','','False','','','','','','False','','','','','','','','','');
INSERT INTO "Account" VALUES(52,'The Household','012J0000004laCmIAI','True','Household Account','0.0','','','','','','','0.0','','0.0','','','','0.0','','','0.0','0.0','0.0','0.0','0.0','0.0','0.0','0.0','0.0','0.0','','0.0','0.0','0.0','','False','','','','','','False','','','','','','','','','');
INSERT INTO "Account" VALUES(53,'Bentley-Glover','012J0000004laCnIAI','False','','0.0','','','','','','','0.0','','0.0','','','','0.0','','','0.0','0.0','0.0','0.0','0.0','0.0','0.0','0.0','0.0','0.0','','0.0','0.0','0.0','','False','','','','','','False','','','','','','','','','');
INSERT INTO "Account" VALUES(54,'Brad, Jimmy and Carol Household','012J0000004laCmIAI','True','Household Account','0.0','','','','Montgomery Brad, Lindsey Jimmy and Koch Carol','','Lindsey and Koch','0.0','','0.0','','','','0.0','','','0.0','0.0','0.0','0.0','0.0','0.0','0.0','0.0','0.0','0.0','','0.0','0.0','0.0','','False','','','','','','False','','','','','','3.0','','71','');
INSERT INTO "Account" VALUES(55,'Castillo PLC','012J0000004laCnIAI','False','','0.0','','','','','','','0.0','','0.0','','','','0.0','','','0.0','0.0','0.0','0.0','0.0','0.0','0.0','0.0','0.0','0.0','','0.0','0.0','0.0','','False','','','','','','False','','','','','','','','','');
INSERT INTO "Account" VALUES(56,'Porter, Rivera and Baker','012J0000004laCnIAI','False','','0.0','','','','','','','0.0','','0.0','','','','0.0','','','0.0','0.0','0.0','0.0','0.0','0.0','0.0','0.0','0.0','0.0','','0.0','0.0','0.0','','False','','','','','','False','','','','','','','','','');
INSERT INTO "Account" VALUES(57,'Vicki, Sheri and Curtis Household','012J0000004laCmIAI','True','Household Account','0.0','','','','Melton Antonio, Sandoval Sheri and Pace Curtis','','Melton, Case, Sandoval and Pace','0.0','','0.0','','','','0.0','','','0.0','0.0','0.0','0.0','0.0','0.0','0.0','0.0','0.0','0.0','','0.0','0.0','0.0','','False','','','','','','False','','','','','','4.0','','76','');
INSERT INTO "Account" VALUES(58,'Abbott-Pugh','012J0000004laCnIAI','False','','0.0','','','','','','','0.0','','0.0','','','','0.0','','','0.0','0.0','0.0','0.0','0.0','0.0','0.0','0.0','0.0','0.0','','0.0','0.0','0.0','','False','','','','','','False','','','','','','','','','');
INSERT INTO "Account" VALUES(59,'The Household','012J0000004laCmIAI','True','Household Account','0.0','','','','','','','0.0','','0.0','','','','0.0','','','0.0','0.0','0.0','0.0','0.0','0.0','0.0','0.0','0.0','0.0','','0.0','0.0','0.0','','False','','','','','','False','','','','','','','','','');
INSERT INTO "Account" VALUES(60,'Mercado-Ewing','012J0000004laCnIAI','False','','0.0','','','','','','','0.0','','0.0','','','','0.0','','','0.0','0.0','0.0','0.0','0.0','0.0','0.0','0.0','0.0','0.0','','0.0','0.0','0.0','','False','','','','','','False','','','','','','','','','');
INSERT INTO "Account" VALUES(61,'Townsend-Schneider','012J0000004laCmIAI','True','Household Account','0.0','','','','','','','0.0','','0.0','','','','0.0','','','0.0','0.0','0.0','0.0','0.0','0.0','0.0','0.0','0.0','0.0','','0.0','0.0','0.0','','False','','','','','','False','','','','','','','','','');
INSERT INTO "Account" VALUES(62,'Williams','012J0000004laCnIAI','False','','0.0','','','','','','','0.0','','0.0','','','','0.0','','','0.0','0.0','0.0','0.0','0.0','0.0','0.0','0.0','0.0','0.0','','0.0','0.0','0.0','','False','','','','','','False','','','','','','','','','');
INSERT INTO "Account" VALUES(63,'Francis Inc','012J0000004laCnIAI','False','Cause score again. Everything meeting full individual. Else time mind admit level.','0.0','38332.0','1981','2021-12-02','Clearly argue market provide easy yes because upon. Industry friend market discuss American argue.','(455)540-6898x14426','Buy skill cultural. Girl individual instead baby pressure safe bank. Bank argue yeah produce.','0.0','2021-07-30','0.0','2022-01-05','Near just season similar statement drug. Action suggest yeah. Success agreement culture up.','Stage enter material of west almost month politics. Rule instead structure woman girl.','0.0','2022-01-25','2021-09-09','0.0','0.0','0.0','0.0','0.0','0.0','0.0','0.0','0.0','0.0','Formal_Greeting__c','0.0','0.0','0.0','Health Services','False','Marcus Jacobson IV','77262.0','88309.0','78263.0','Seven list white second sometimes. Same town fund camera. Nice now population.','False','gabriel88@example.com','2021-11-22','94.0','015-181-7238x1086','Bit model bit once space over firm later. End property western describe.','4443.0','','','');
INSERT INTO "Account" VALUES(64,'Anonymous Household','012J0000004laCmIAI','True','Household Account','0.0','','','','Howell Julia','','Howell','0.0','','0.0','','','','0.0','','','0.0','0.0','0.0','0.0','0.0','0.0','0.0','0.0','0.0','0.0','','0.0','0.0','0.0','','False','','','','','','False','','','','','','1.0','','77','');
INSERT INTO "Account" VALUES(65,'Edwards Group','012J0000004laCnIAI','False','','0.0','','','','','','','0.0','','0.0','','','','0.0','','','0.0','0.0','0.0','0.0','0.0','0.0','0.0','0.0','0.0','0.0','','0.0','0.0','0.0','','False','','','','','','False','','','','','','','','','');
INSERT INTO "Account" VALUES(66,'Lawrence Household','012J0000004laCmIAI','True','Household Account','0.0','','','','Terrell Sherri and Shields Bradley','','Terrell, Shields and Baker','0.0','','0.0','','','','0.0','','','0.0','0.0','0.0','0.0','0.0','0.0','0.0','0.0','0.0','0.0','','0.0','0.0','0.0','','False','','','','','','False','','','','','','3.0','','80','');
INSERT INTO "Account" VALUES(67,'Morrison, Ray and Barnett','012J0000004laCnIAI','False','','0.0','','','','','','','0.0','','0.0','','','','0.0','','','0.0','0.0','0.0','0.0','0.0','0.0','0.0','0.0','0.0','0.0','','0.0','0.0','0.0','','False','','','','','','False','','','','','','','','','');
INSERT INTO "Account" VALUES(68,'Anonymous Household','012J0000004laCmIAI','True','Household Account','0.0','','','','Sanchez Rachel','','Sanchez','0.0','','0.0','','','','0.0','','','0.0','0.0','0.0','0.0','0.0','0.0','0.0','0.0','0.0','0.0','','0.0','0.0','0.0','','False','','','','','','False','','','','','','1.0','','81','');
INSERT INTO "Account" VALUES(69,'Graham, Chan and Black','012J0000004laCnIAI','False','','0.0','','','','','','','0.0','','0.0','','','','0.0','','','0.0','0.0','0.0','0.0','0.0','0.0','0.0','0.0','0.0','0.0','','0.0','0.0','0.0','','False','','','','','','False','','','','','','','','','');
INSERT INTO "Account" VALUES(70,'Caitlyn, Don and Michael Household','012J0000004laCmIAI','True','Household Account','0.0','','','','Cummings Caitlyn','','Nguyen and Yu','0.0','','0.0','','','','0.0','','','0.0','0.0','0.0','0.0','0.0','0.0','0.0','0.0','0.0','0.0','','0.0','0.0','0.0','','False','','','','','','False','','','','','','3.0','','87','');
INSERT INTO "Account" VALUES(71,'Sharp, Price and Mercado','012J0000004laCnIAI','False','','0.0','','','','','','','0.0','','0.0','','','','0.0','','','0.0','0.0','0.0','0.0','0.0','0.0','0.0','0.0','0.0','0.0','','0.0','0.0','0.0','','False','','','','','','False','','','','','','','','','');
INSERT INTO "Account" VALUES(72,'The Household','012J0000004laCmIAI','True','Household Account','0.0','','','','','','','0.0','','0.0','','','','0.0','','','0.0','0.0','0.0','0.0','0.0','0.0','0.0','0.0','0.0','0.0','','0.0','0.0','0.0','','False','','','','','','False','','','','','','','','','');
INSERT INTO "Account" VALUES(73,'Moran, Kidd and Gentry','012J0000004laCnIAI','False','','0.0','','','','','','','0.0','','0.0','','','','0.0','','','0.0','0.0','0.0','0.0','0.0','0.0','0.0','0.0','0.0','0.0','','0.0','0.0','0.0','','False','','','','','','False','','','','','','','','','');
INSERT INTO "Account" VALUES(74,'Kristin and Marco Household','012J0000004laCmIAI','True','Household Account','0.0','','','','Clarke Kristin, Hickman Marco and Bowman Denise','','Bowman','0.0','','0.0','','','','0.0','','','0.0','0.0','0.0','0.0','0.0','0.0','0.0','0.0','0.0','0.0','','0.0','0.0','0.0','','False','','','','','','False','','','','','','3.0','','90','');
INSERT INTO "Account" VALUES(75,'Martinez Inc','012J0000004laCnIAI','False','','0.0','','','','','','','0.0','','0.0','','','','0.0','','','0.0','0.0','0.0','0.0','0.0','0.0','0.0','0.0','0.0','0.0','','0.0','0.0','0.0','','False','','','','','','False','','','','','','','','','');
INSERT INTO "Account" VALUES(76,'Larson PLC','012J0000004laCnIAI','False','','0.0','','','','','','','0.0','','0.0','','','','0.0','','','0.0','0.0','0.0','0.0','0.0','0.0','0.0','0.0','0.0','0.0','','0.0','0.0','0.0','','False','','','','','','False','','','','','','','','','');
INSERT INTO "Account" VALUES(77,'Francis Household','012J0000004laCmIAI','True','Household Account','0.0','','','','Patel Mathew and Rivas Latoya','','Patel, Rivas and Duncan','0.0','','0.0','','','','0.0','','','0.0','0.0','0.0','0.0','0.0','0.0','0.0','0.0','0.0','0.0','','0.0','0.0','0.0','','False','','','','','','False','','','','','','3.0','','93','');
INSERT INTO "Account" VALUES(78,'Blackwell LLC','012J0000004laCnIAI','False','','0.0','','','','','','','0.0','','0.0','','','','0.0','','','0.0','0.0','0.0','0.0','0.0','0.0','0.0','0.0','0.0','0.0','','0.0','0.0','0.0','','False','','','','','','False','','','','','','','','','');
INSERT INTO "Account" VALUES(79,'The Household','012J0000004laCmIAI','True','Household Account','0.0','','','','','','','0.0','','0.0','','','','0.0','','','0.0','0.0','0.0','0.0','0.0','0.0','0.0','0.0','0.0','0.0','','0.0','0.0','0.0','','False','','','','','','False','','','','','','','','','');
INSERT INTO "Account" VALUES(80,'Sandoval, Robles and Garner','012J0000004laCnIAI','False','','0.0','','','','','','','0.0','','0.0','','','','0.0','','','0.0','0.0','0.0','0.0','0.0','0.0','0.0','0.0','0.0','0.0','','0.0','0.0','0.0','','False','','','','','','False','','','','','','','','','');
INSERT INTO "Account" VALUES(81,'Banks, Pace and Mcpherson','012J0000004laCmIAI','True','Household Account','0.0','','','','','','','0.0','','0.0','','','','0.0','','','0.0','0.0','0.0','0.0','0.0','0.0','0.0','0.0','0.0','0.0','','0.0','0.0','0.0','','False','','','','','','False','','','','','','','','','');
INSERT INTO "Account" VALUES(82,'Keith','012J0000004laCnIAI','False','','0.0','','','','','','','0.0','','0.0','','','','0.0','','','0.0','0.0','0.0','0.0','0.0','0.0','0.0','0.0','0.0','0.0','','0.0','0.0','0.0','','False','','','','','','False','','','','','','','','','');
INSERT INTO "Account" VALUES(83,'Arroyo-Foley','012J0000004laCnIAI','False','On blood down a life chair. Mission various loss institution character claim. Second drive compare.','0.0','81979.0','2016','2021-08-06','Sell building social. Program evening water admit build quality. Chair probably memory total.','(991)876-6885x898','Drop toward shake population easy.
Skill bring similar kid north. Especially same address.','0.0','2021-04-17','0.0','2021-09-04','Spring bed course data manager ball. Left safe six small partner piece.','Watch step property list cause. Anyone way month us. Attack ahead several simple.','0.0','2022-01-21','2022-02-02','0.0','0.0','0.0','0.0','0.0','0.0','0.0','0.0','0.0','0.0','Name','0.0','0.0','0.0','Arts and Culture','False','Dr. Drew Blair','30159.0','36733.0','88172.0','Pull up themselves rest ask relate east population. Finish skin card attorney for huge race.','False','dalestrickland@example.org','2022-02-20','78.0','642.984.7077x107','Can media body school positive. Act power later bit attorney clear.','2563.0','','','');
INSERT INTO "Account" VALUES(84,'Johnathan Household','012J0000004laCmIAI','True','Household Account','0.0','','','','Hamilton Tamara and Warren Johnathan','','Hamilton','0.0','','0.0','','','','0.0','','','0.0','0.0','0.0','0.0','0.0','0.0','0.0','0.0','0.0','0.0','','0.0','0.0','0.0','','False','','','','','','False','','','','','','2.0','','96','');
INSERT INTO "Account" VALUES(85,'Rosales-Stark','012J0000004laCnIAI','False','','0.0','','','','','','','0.0','','0.0','','','','0.0','','','0.0','0.0','0.0','0.0','0.0','0.0','0.0','0.0','0.0','0.0','','0.0','0.0','0.0','','False','','','','','','False','','','','','','','','','');
INSERT INTO "Account" VALUES(86,'Anonymous Household','012J0000004laCmIAI','True','Household Account','0.0','','','','Barton Stacy','','Barton','0.0','','0.0','','','','0.0','','','0.0','0.0','0.0','0.0','0.0','0.0','0.0','0.0','0.0','0.0','','0.0','0.0','0.0','','False','','','','','','False','','','','','','1.0','','97','');
INSERT INTO "Account" VALUES(87,'Price, Green and Booth','012J0000004laCnIAI','False','','0.0','','','','','','','0.0','','0.0','','','','0.0','','','0.0','0.0','0.0','0.0','0.0','0.0','0.0','0.0','0.0','0.0','','0.0','0.0','0.0','','False','','','','','','False','','','','','','','','','');
INSERT INTO "Account" VALUES(88,'Anonymous Household','012J0000004laCmIAI','True','Household Account','0.0','','','','Hutchinson Shelby','','Hutchinson','0.0','','0.0','','','','0.0','','','0.0','0.0','0.0','0.0','0.0','0.0','0.0','0.0','0.0','0.0','','0.0','0.0','0.0','','False','','','','','','False','','','','','','1.0','','98','');
INSERT INTO "Account" VALUES(89,'Brady LLC','012J0000004laCnIAI','False','','0.0','','','','','','','0.0','','0.0','','','','0.0','','','0.0','0.0','0.0','0.0','0.0','0.0','0.0','0.0','0.0','0.0','','0.0','0.0','0.0','','False','','','','','','False','','','','','','','','','');
INSERT INTO "Account" VALUES(90,'Allison, Jasmine and Jane Household','012J0000004laCmIAI','True','Household Account','0.0','','','','Benjamin Jasmine and Holmes Jane','','Dyer','0.0','','0.0','','','','0.0','','','0.0','0.0','0.0','0.0','0.0','0.0','0.0','0.0','0.0','0.0','','0.0','0.0','0.0','','False','','','','','','False','','','','','','3.0','','103','');
INSERT INTO "Account" VALUES(91,'Houston-Dillon','012J0000004laCnIAI','False','','0.0','','','','','','','0.0','','0.0','','','','0.0','','','0.0','0.0','0.0','0.0','0.0','0.0','0.0','0.0','0.0','0.0','','0.0','0.0','0.0','','False','','','','','','False','','','','','','','','','');
INSERT INTO "Account" VALUES(92,'The Household','012J0000004laCmIAI','True','Household Account','0.0','','','','','','','0.0','','0.0','','','','0.0','','','0.0','0.0','0.0','0.0','0.0','0.0','0.0','0.0','0.0','0.0','','0.0','0.0','0.0','','False','','','','','','False','','','','','','','','','');
INSERT INTO "Account" VALUES(93,'Carr, Lambert and Shannon','012J0000004laCnIAI','False','','0.0','','','','','','','0.0','','0.0','','','','0.0','','','0.0','0.0','0.0','0.0','0.0','0.0','0.0','0.0','0.0','0.0','','0.0','0.0','0.0','','False','','','','','','False','','','','','','','','','');
INSERT INTO "Account" VALUES(94,'Brady, Miranda and Brian Household','012J0000004laCmIAI','True','Household Account','0.0','','','','Sir or Madam','','Nash, Harrison and Summers','0.0','','0.0','','','','0.0','','','0.0','0.0','0.0','0.0','0.0','0.0','0.0','0.0','0.0','0.0','','0.0','0.0','0.0','','False','','','','','','False','','','','','','3.0','','14','');
INSERT INTO "Account" VALUES(95,'Houston, Knox and Cook','012J0000004laCnIAI','False','','0.0','','','','','','','0.0','','0.0','','','','0.0','','','0.0','0.0','0.0','0.0','0.0','0.0','0.0','0.0','0.0','0.0','','0.0','0.0','0.0','','False','','','','','','False','','','','','','','','','');
INSERT INTO "Account" VALUES(96,'Lara-Foley','012J0000004laCnIAI','False','','0.0','','','','','','','0.0','','0.0','','','','0.0','','','0.0','0.0','0.0','0.0','0.0','0.0','0.0','0.0','0.0','0.0','','0.0','0.0','0.0','','False','','','','','','False','','','','','','','','','');
INSERT INTO "Account" VALUES(97,'Krystal and Sylvia Household','012J0000004laCmIAI','True','Household Account','0.0','','','','Hahn Sylvia','','Key','0.0','','0.0','','','','0.0','','','0.0','0.0','0.0','0.0','0.0','0.0','0.0','0.0','0.0','0.0','','0.0','0.0','0.0','','False','','','','','','False','','','','','','2.0','','17','');
INSERT INTO "Account" VALUES(98,'Murillo, Strickland and Graham','012J0000004laCnIAI','False','','0.0','','','','','','','0.0','','0.0','','','','0.0','','','0.0','0.0','0.0','0.0','0.0','0.0','0.0','0.0','0.0','0.0','','0.0','0.0','0.0','','False','','','','','','False','','','','','','','','','');
INSERT INTO "Account" VALUES(99,'The Household','012J0000004laCmIAI','True','Household Account','0.0','','','','','','','0.0','','0.0','','','','0.0','','','0.0','0.0','0.0','0.0','0.0','0.0','0.0','0.0','0.0','0.0','','0.0','0.0','0.0','','False','','','','','','False','','','','','','','','','');
INSERT INTO "Account" VALUES(100,'Schaefer, Castro and Bradley','012J0000004laCnIAI','False','','0.0','','','','','','','0.0','','0.0','','','','0.0','','','0.0','0.0','0.0','0.0','0.0','0.0','0.0','0.0','0.0','0.0','','0.0','0.0','0.0','','False','','','','','','False','','','','','','','','','');
INSERT INTO "Account" VALUES(101,'Carter, Morton and Shea','012J0000004laCmIAI','True','Household Account','0.0','','','','','','','0.0','','0.0','','','','0.0','','','0.0','0.0','0.0','0.0','0.0','0.0','0.0','0.0','0.0','0.0','','0.0','0.0','0.0','','False','','','','','','False','','','','','','','','','');
INSERT INTO "Account" VALUES(102,'Roach','012J0000004laCnIAI','False','','0.0','','','','','','','0.0','','0.0','','','','0.0','','','0.0','0.0','0.0','0.0','0.0','0.0','0.0','0.0','0.0','0.0','','0.0','0.0','0.0','','False','','','','','','False','','','','','','','','','');
INSERT INTO "Account" VALUES(103,'Mckay and Sons','012J0000004laCnIAI','False','Course look your statement they each.','0.0','7485.0','2017','2022-01-20','Five produce practice surface raise. Guess player too focus.','052-649-4621x14170','Opportunity mother attention among mention. Black no west his speak bill.','0.0','2022-03-07','0.0','2022-01-09','Fast trial continue. Method food assume exactly. These involve like change.','Power baby key blue collection. Project evidence by interest dinner spring space.','0.0','2022-04-05','2021-12-01','0.0','0.0','0.0','0.0','0.0','0.0','0.0','0.0','0.0','0.0','Informal_Greeting__c','0.0','0.0','0.0','Education','False','Alejandra Petty','29586.0','22060.0','18619.0','Join human herself their reality find bar. Position finish few increase for list cover reach.','False','cummingsshelia@example.org','2021-08-17','24.0','(825)049-0252','Prepare stuff raise face add. Series subject read you just.','3655.0','','','');
INSERT INTO "Account" VALUES(104,'Jeffrey Household','012J0000004laCmIAI','True','Household Account','0.0','','','','Craig Donald and Howe Latasha','','Craig, Gordon and Howe','0.0','','0.0','','','','0.0','','','0.0','0.0','0.0','0.0','0.0','0.0','0.0','0.0','0.0','0.0','','0.0','0.0','0.0','','False','','','','','','False','','','','','','3.0','','3','');
INSERT INTO "Account" VALUES(105,'Dean Inc','012J0000004laCnIAI','False','','0.0','','','','','','','0.0','','0.0','','','','0.0','','','0.0','0.0','0.0','0.0','0.0','0.0','0.0','0.0','0.0','0.0','','0.0','0.0','0.0','','False','','','','','','False','','','','','','','','','');
INSERT INTO "Account" VALUES(106,'Andre and Kristopher Household','012J0000004laCmIAI','True','Household Account','0.0','','','','Levine Christy and Leach Kristopher','','Levine and Henderson','0.0','','0.0','','','','0.0','','','0.0','0.0','0.0','0.0','0.0','0.0','0.0','0.0','0.0','0.0','','0.0','0.0','0.0','','False','','','','','','False','','','','','','3.0','','6','');
INSERT INTO "Account" VALUES(107,'Hawkins Group','012J0000004laCnIAI','False','','0.0','','','','','','','0.0','','0.0','','','','0.0','','','0.0','0.0','0.0','0.0','0.0','0.0','0.0','0.0','0.0','0.0','','0.0','0.0','0.0','','False','','','','','','False','','','','','','','','','');
INSERT INTO "Account" VALUES(108,'Lynn Household','012J0000004laCmIAI','True','Household Account','0.0','','','','Paul Martha','','Becker and Paul','0.0','','0.0','','','','0.0','','','0.0','0.0','0.0','0.0','0.0','0.0','0.0','0.0','0.0','0.0','','0.0','0.0','0.0','','False','','','','','','False','','','','','','2.0','','8','');
INSERT INTO "Account" VALUES(109,'Knight, Stanley and Townsend','012J0000004laCnIAI','False','','0.0','','','','','','','0.0','','0.0','','','','0.0','','','0.0','0.0','0.0','0.0','0.0','0.0','0.0','0.0','0.0','0.0','','0.0','0.0','0.0','','False','','','','','','False','','','','','','','','','');
INSERT INTO "Account" VALUES(110,'Mindy Household','012J0000004laCmIAI','True','Household Account','0.0','','','','Kramer Mindy and Gates Hannah','','Gates','0.0','','0.0','','','','0.0','','','0.0','0.0','0.0','0.0','0.0','0.0','0.0','0.0','0.0','0.0','','0.0','0.0','0.0','','False','','','','','','False','','','','','','2.0','','10','');
INSERT INTO "Account" VALUES(111,'Lynn, Mccarty and Noble','012J0000004laCnIAI','False','','0.0','','','','','','','0.0','','0.0','','','','0.0','','','0.0','0.0','0.0','0.0','0.0','0.0','0.0','0.0','0.0','0.0','','0.0','0.0','0.0','','False','','','','','','False','','','','','','','','','');
INSERT INTO "Account" VALUES(112,'The Household','012J0000004laCmIAI','True','Household Account','0.0','','','','','','','0.0','','0.0','','','','0.0','','','0.0','0.0','0.0','0.0','0.0','0.0','0.0','0.0','0.0','0.0','','0.0','0.0','0.0','','False','','','','','','False','','','','','','','','','');
INSERT INTO "Account" VALUES(113,'Meyer LLC','012J0000004laCnIAI','False','','0.0','','','','','','','0.0','','0.0','','','','0.0','','','0.0','0.0','0.0','0.0','0.0','0.0','0.0','0.0','0.0','0.0','','0.0','0.0','0.0','','False','','','','','','False','','','','','','','','','');
INSERT INTO "Account" VALUES(114,'Bradley Household','012J0000004laCmIAI','True','Household Account','0.0','','','','Sir or Madam','','Mayo','0.0','','0.0','','','','0.0','','','0.0','0.0','0.0','0.0','0.0','0.0','0.0','0.0','0.0','0.0','','0.0','0.0','0.0','','False','','','','','','False','','','','','','1.0','','11','');
INSERT INTO "Account" VALUES(115,'Hanson-Salas','012J0000004laCnIAI','False','','0.0','','','','','','','0.0','','0.0','','','','0.0','','','0.0','0.0','0.0','0.0','0.0','0.0','0.0','0.0','0.0','0.0','','0.0','0.0','0.0','','False','','','','','','False','','','','','','','','','');
INSERT INTO "Account" VALUES(116,'Nolan, Sampson and Washington','012J0000004laCnIAI','False','','0.0','','','','','','','0.0','','0.0','','','','0.0','','','0.0','0.0','0.0','0.0','0.0','0.0','0.0','0.0','0.0','0.0','','0.0','0.0','0.0','','False','','','','','','False','','','','','','','','','');
INSERT INTO "Account" VALUES(117,'Barbara and Madeline Household','012J0000004laCmIAI','True','Household Account','0.0','','','','Moreno Alexandra','','Webster, Moreno and Todd','0.0','','0.0','','','','0.0','','','0.0','0.0','0.0','0.0','0.0','0.0','0.0','0.0','0.0','0.0','','0.0','0.0','0.0','','False','','','','','','False','','','','','','3.0','','19','');
INSERT INTO "Account" VALUES(118,'Fry PLC','012J0000004laCnIAI','False','','0.0','','','','','','','0.0','','0.0','','','','0.0','','','0.0','0.0','0.0','0.0','0.0','0.0','0.0','0.0','0.0','0.0','','0.0','0.0','0.0','','False','','','','','','False','','','','','','','','','');
INSERT INTO "Account" VALUES(119,'The Household','012J0000004laCmIAI','True','Household Account','0.0','','','','','','','0.0','','0.0','','','','0.0','','','0.0','0.0','0.0','0.0','0.0','0.0','0.0','0.0','0.0','0.0','','0.0','0.0','0.0','','False','','','','','','False','','','','','','','','','');
INSERT INTO "Account" VALUES(120,'Lozano-Pacheco','012J0000004laCnIAI','False','','0.0','','','','','','','0.0','','0.0','','','','0.0','','','0.0','0.0','0.0','0.0','0.0','0.0','0.0','0.0','0.0','0.0','','0.0','0.0','0.0','','False','','','','','','False','','','','','','','','','');
INSERT INTO "Account" VALUES(121,'Wheeler, Best and Blevins','012J0000004laCmIAI','True','Household Account','0.0','','','','','','','0.0','','0.0','','','','0.0','','','0.0','0.0','0.0','0.0','0.0','0.0','0.0','0.0','0.0','0.0','','0.0','0.0','0.0','','False','','','','','','False','','','','','','','','','');
INSERT INTO "Account" VALUES(122,'Nash','012J0000004laCnIAI','False','','0.0','','','','','','','0.0','','0.0','','','','0.0','','','0.0','0.0','0.0','0.0','0.0','0.0','0.0','0.0','0.0','0.0','','0.0','0.0','0.0','','False','','','','','','False','','','','','','','','','');
INSERT INTO "Account" VALUES(123,'Short-Ritter','012J0000004laCnIAI','False','Follow whose candidate including. Lead beyond local season blue research respond as.','0.0','99549.0','1999','2022-02-03','Long hear act during simple talk. Follow miss possible home up bank.
Thousand oil kind recent.','+1-725-910-7770','Future physical visit family apply follow order.','0.0','2021-04-29','0.0','2021-12-12','Can arm my learn close think. Paper large figure democratic husband order. Property carry person.','Attorney miss record child. Difficult other TV. Situation best television base place some its.','0.0','2022-01-08','2021-08-14','0.0','0.0','0.0','0.0','0.0','0.0','0.0','0.0','0.0','0.0','Formal_Greeting__c','0.0','0.0','0.0','Animal Welfare','False','Bethany Novak DDS','4679.0','18319.0','99434.0','Performance current would consider nor child again. About local south open the bar set single.','False','herringadrian@example.org','2022-02-01','41.0','001-836-955-6841x41997','Exist fish Mrs. Same none way sit. Recognize decade his plant system.','39308.0','','','');
INSERT INTO "Account" VALUES(124,'Anonymous Household','012J0000004laCmIAI','True','Household Account','0.0','','','','Guerrero Bridget','','Guerrero','0.0','','0.0','','','','0.0','','','0.0','0.0','0.0','0.0','0.0','0.0','0.0','0.0','0.0','0.0','','0.0','0.0','0.0','','False','','','','','','False','','','','','','1.0','','20','');
INSERT INTO "Account" VALUES(125,'Santana, Mays and Mosley','012J0000004laCnIAI','False','','0.0','','','','','','','0.0','','0.0','','','','0.0','','','0.0','0.0','0.0','0.0','0.0','0.0','0.0','0.0','0.0','0.0','','0.0','0.0','0.0','','False','','','','','','False','','','','','','','','','');
INSERT INTO "Account" VALUES(126,'Derek and Suzanne Household','012J0000004laCmIAI','True','Household Account','0.0','','','','Mays Suzanne','','Zhang','0.0','','0.0','','','','0.0','','','0.0','0.0','0.0','0.0','0.0','0.0','0.0','0.0','0.0','0.0','','0.0','0.0','0.0','','False','','','','','','False','','','','','','2.0','','23','');
INSERT INTO "Account" VALUES(127,'Gross-Mcintyre','012J0000004laCnIAI','False','','0.0','','','','','','','0.0','','0.0','','','','0.0','','','0.0','0.0','0.0','0.0','0.0','0.0','0.0','0.0','0.0','0.0','','0.0','0.0','0.0','','False','','','','','','False','','','','','','','','','');
INSERT INTO "Account" VALUES(128,'Isabel Household','012J0000004laCmIAI','True','Household Account','0.0','','','','Yates Isabel','','Sir or Madam','0.0','','0.0','','','','0.0','','','0.0','0.0','0.0','0.0','0.0','0.0','0.0','0.0','0.0','0.0','','0.0','0.0','0.0','','False','','','','','','False','','','','','','1.0','','24','');
INSERT INTO "Account" VALUES(129,'Poole-Mitchell','012J0000004laCnIAI','False','','0.0','','','','','','','0.0','','0.0','','','','0.0','','','0.0','0.0','0.0','0.0','0.0','0.0','0.0','0.0','0.0','0.0','','0.0','0.0','0.0','','False','','','','','','False','','','','','','','','','');
INSERT INTO "Account" VALUES(130,'Jackie and Christian Household','012J0000004laCmIAI','True','Household Account','0.0','','','','Weber Christian','','Rivers','0.0','','0.0','','','','0.0','','','0.0','0.0','0.0','0.0','0.0','0.0','0.0','0.0','0.0','0.0','','0.0','0.0','0.0','','False','','','','','','False','','','','','','2.0','','28','');
INSERT INTO "Account" VALUES(131,'Castaneda-Dyer','012J0000004laCnIAI','False','','0.0','','','','','','','0.0','','0.0','','','','0.0','','','0.0','0.0','0.0','0.0','0.0','0.0','0.0','0.0','0.0','0.0','','0.0','0.0','0.0','','False','','','','','','False','','','','','','','','','');
INSERT INTO "Account" VALUES(132,'The Household','012J0000004laCmIAI','True','Household Account','0.0','','','','','','','0.0','','0.0','','','','0.0','','','0.0','0.0','0.0','0.0','0.0','0.0','0.0','0.0','0.0','0.0','','0.0','0.0','0.0','','False','','','','','','False','','','','','','','','','');
INSERT INTO "Account" VALUES(133,'Warner-Vance','012J0000004laCnIAI','False','','0.0','','','','','','','0.0','','0.0','','','','0.0','','','0.0','0.0','0.0','0.0','0.0','0.0','0.0','0.0','0.0','0.0','','0.0','0.0','0.0','','False','','','','','','False','','','','','','','','','');
INSERT INTO "Account" VALUES(134,'William Household','012J0000004laCmIAI','True','Household Account','0.0','','','','Brady Katherine and Burnett William','','Brady','0.0','','0.0','','','','0.0','','','0.0','0.0','0.0','0.0','0.0','0.0','0.0','0.0','0.0','0.0','','0.0','0.0','0.0','','False','','','','','','False','','','','','','2.0','','30','');
INSERT INTO "Account" VALUES(135,'Franco-Rocha','012J0000004laCnIAI','False','','0.0','','','','','','','0.0','','0.0','','','','0.0','','','0.0','0.0','0.0','0.0','0.0','0.0','0.0','0.0','0.0','0.0','','0.0','0.0','0.0','','False','','','','','','False','','','','','','','','','');
INSERT INTO "Account" VALUES(136,'Middleton PLC','012J0000004laCnIAI','False','','0.0','','','','','','','0.0','','0.0','','','','0.0','','','0.0','0.0','0.0','0.0','0.0','0.0','0.0','0.0','0.0','0.0','','0.0','0.0','0.0','','False','','','','','','False','','','','','','','','','');
INSERT INTO "Account" VALUES(137,'Mariah Household','012J0000004laCmIAI','True','Household Account','0.0','','','','Braun Benjamin','','Braun and Stafford','0.0','','0.0','','','','0.0','','','0.0','0.0','0.0','0.0','0.0','0.0','0.0','0.0','0.0','0.0','','0.0','0.0','0.0','','False','','','','','','False','','','','','','2.0','','33','');
INSERT INTO "Account" VALUES(138,'Lawson-Hart','012J0000004laCnIAI','False','','0.0','','','','','','','0.0','','0.0','','','','0.0','','','0.0','0.0','0.0','0.0','0.0','0.0','0.0','0.0','0.0','0.0','','0.0','0.0','0.0','','False','','','','','','False','','','','','','','','','');
INSERT INTO "Account" VALUES(139,'The Household','012J0000004laCmIAI','True','Household Account','0.0','','','','','','','0.0','','0.0','','','','0.0','','','0.0','0.0','0.0','0.0','0.0','0.0','0.0','0.0','0.0','0.0','','0.0','0.0','0.0','','False','','','','','','False','','','','','','','','','');
INSERT INTO "Account" VALUES(140,'Nguyen, Melton and Wells','012J0000004laCnIAI','False','','0.0','','','','','','','0.0','','0.0','','','','0.0','','','0.0','0.0','0.0','0.0','0.0','0.0','0.0','0.0','0.0','0.0','','0.0','0.0','0.0','','False','','','','','','False','','','','','','','','','');
INSERT INTO "Account" VALUES(141,'Campbell and Sons','012J0000004laCmIAI','True','Household Account','0.0','','','','','','','0.0','','0.0','','','','0.0','','','0.0','0.0','0.0','0.0','0.0','0.0','0.0','0.0','0.0','0.0','','0.0','0.0','0.0','','False','','','','','','False','','','','','','','','','');
INSERT INTO "Account" VALUES(142,'Sample Account for Entitlements','','False','','','','','','','','','','','','','','','','','','','','','','','','','','','','','','','','','False','','','','','','False','','','','','','','','','');
CREATE TABLE "Account_rt_mapping" (
	record_type_id VARCHAR(18) NOT NULL, 
	developer_name VARCHAR(255), 
	PRIMARY KEY (record_type_id)
);
INSERT INTO "Account_rt_mapping" VALUES('012J0000004laChIAI','Default');
INSERT INTO "Account_rt_mapping" VALUES('012J0000004laCmIAI','HH_Account');
INSERT INTO "Account_rt_mapping" VALUES('012J0000004laCnIAI','Organization');
CREATE TABLE "BackgroundCheck__c" (
	id INTEGER NOT NULL, 
	"Date__c" VARCHAR(255), 
	"Notes__c" VARCHAR(255), 
	"Status__c" VARCHAR(255), 
	"Contact__c" VARCHAR(255), 
	PRIMARY KEY (id)
);
INSERT INTO "BackgroundCheck__c" VALUES(1,'2016-01-13','Have along brother meeting. Town believe grow whole go. Minute future agency bad.','Pass','23');
INSERT INTO "BackgroundCheck__c" VALUES(2,'2015-01-22','Group wish environmental suggest hair remember him. Of per power in put experience state. Political maybe end citizen father.','Fail','39');
INSERT INTO "BackgroundCheck__c" VALUES(3,'2018-12-02','Authority group with. Role teach hand hair current field.','Pending','77');
INSERT INTO "BackgroundCheck__c" VALUES(4,'2018-04-04','Picture put itself state charge. Recently performance image hospital thus increase. Evening account among benefit land.','Fail','46');
INSERT INTO "BackgroundCheck__c" VALUES(5,'2020-06-28','Upon Republican war your pattern. Fall figure close special.','Fail','96');
INSERT INTO "BackgroundCheck__c" VALUES(6,'2015-02-06','Difficult any know their road future. Early serious within should their fund.','Fail','54');
INSERT INTO "BackgroundCheck__c" VALUES(7,'2019-09-29','Public wide pull effort. Window control evening exactly tonight.','Fail','5');
CREATE TABLE "Contact" (
	id INTEGER NOT NULL, 
	"ADSiMApplicationReceived__c" VARCHAR(255), 
	"ADSiMPreApplicationReceived__c" VARCHAR(255), 
	"ADSiMProgAgreementReceived__c" VARCHAR(255), 
	"BoardAgreementReceived__c" VARCHAR(255), 
	"BoardApplicationReceived__c" VARCHAR(255), 
	"BoardCoIReceived__c" VARCHAR(255), 
	"BoardMemberAcceptedDate__c" VARCHAR(255), 
	"BoardMemberStatus__c" VARCHAR(255), 
	"BoardResumeReceived__c" VARCHAR(255), 
	"BoardToNReceived__c" VARCHAR(255), 
	"ClientApplicationReceived__c" VARCHAR(255), 
	"ClientCertAgreementReceived__c" VARCHAR(255), 
	"ClientLOMIReceived__c" VARCHAR(255), 
	"ClientMedicalDevices__c" VARCHAR(255), 
	"ClientPreApplicationReceived__c" VARCHAR(255), 
	"ClientProgAgreementReceived__c" VARCHAR(255), 
	"ClientStatus__c" VARCHAR(255), 
	"ClientSurveyReceived__c" VARCHAR(255), 
	"ClientVAPWReceived__c" VARCHAR(255), 
	"CriminalConvictionNotes__c" VARCHAR(255), 
	"CriminalConviction__c" VARCHAR(255), 
	"DateStarted__c" VARCHAR(255), 
	"FacilitatorApplicationReceived__c" VARCHAR(255), 
	"FacilitatorCertAgreementReceived__c" VARCHAR(255), 
	"FacilitatorInfrNoticeReceived__c" VARCHAR(255), 
	"FacilitatorInterviewNotes__c" VARCHAR(255), 
	"FacilitatorPracticumReceived__c" VARCHAR(255), 
	"FacilitatorProfGrowthPlanReceived__c" VARCHAR(255), 
	"FacilitatorProgAgreementReceived__c" VARCHAR(255), 
	"FacilitatorReferenceReceived__c" VARCHAR(255), 
	"FacilitatorStatus__c" VARCHAR(255), 
	"FirstName" VARCHAR(255), 
	"GW_Volunteers__Volunteer_Auto_Reminder_Email_Opt_Out__c" VARCHAR(255), 
	"GW_Volunteers__Volunteer_Availability__c" VARCHAR(255), 
	"GW_Volunteers__Volunteer_Last_Web_Signup_Date__c" VARCHAR(255), 
	"GW_Volunteers__Volunteer_Manager_Notes__c" VARCHAR(255), 
	"GW_Volunteers__Volunteer_Notes__c" VARCHAR(255), 
	"GW_Volunteers__Volunteer_Organization__c" VARCHAR(255), 
	"GW_Volunteers__Volunteer_Skills__c" VARCHAR(255), 
	"GW_Volunteers__Volunteer_Status__c" VARCHAR(255), 
	"LastName" VARCHAR(255), 
	"LeadComments__c" VARCHAR(255), 
	"LeadFacilitatorStatus__c" VARCHAR(255), 
	"LeadInterest__c" VARCHAR(255), 
	"LeadSourceOther__c" VARCHAR(255), 
	"Positions__c" VARCHAR(255), 
	"PronounOther__c" VARCHAR(255), 
	"Pronoun__c" VARCHAR(255), 
	"StaffAgreementReceived__c" VARCHAR(255), 
	"StaffApplicationReceived__c" VARCHAR(255), 
	"StaffI9Received__c" VARCHAR(255), 
	"StaffOfferReceived__c" VARCHAR(255), 
	"StaffResumeReceived__c" VARCHAR(255), 
	"StaffW4Received__c" VARCHAR(255), 
	"TSiMApplicationReceived__c" VARCHAR(255), 
	"TSiMProgAgreementReceived__c" VARCHAR(255), 
	"TrainerApplicationReceived__c" VARCHAR(255), 
	"TrainerBoardTrain__c" VARCHAR(255), 
	"TrainerCEUStatus__c" VARCHAR(255), 
	"TrainerCertAgreementReceived__c" VARCHAR(255), 
	"TrainerInfrNoticeReceived__c" VARCHAR(255), 
	"TrainerProgAgreementReceived__c" VARCHAR(255), 
	"TrainerReferenceReceived__c" VARCHAR(255), 
	"TrainerSpecialties__c" VARCHAR(255), 
	"TrainerStatus__c" VARCHAR(255), 
	"VolunteerAccess__c" VARCHAR(255), 
	"VolunteerAgreementReceived__c" VARCHAR(255), 
	"VolunteerApplicationReceived__c" VARCHAR(255), 
	"VolunteerFocus__c" VARCHAR(255), 
	"VolunteerResumeReceived__c" VARCHAR(255), 
	"npe01__AlternateEmail__c" VARCHAR(255), 
	"npe01__HomeEmail__c" VARCHAR(255), 
	"npe01__PreferredPhone__c" VARCHAR(255), 
	"npe01__Preferred_Email__c" VARCHAR(255), 
	"npe01__Primary_Address_Type__c" VARCHAR(255), 
	"npe01__Private__c" VARCHAR(255), 
	"npe01__Secondary_Address_Type__c" VARCHAR(255), 
	"npe01__WorkEmail__c" VARCHAR(255), 
	"npe01__WorkPhone__c" VARCHAR(255), 
	"npo02__AverageAmount__c" VARCHAR(255), 
	"npo02__Best_Gift_Year_Total__c" VARCHAR(255), 
	"npo02__Best_Gift_Year__c" VARCHAR(255), 
	"npo02__FirstCloseDate__c" VARCHAR(255), 
	"npo02__Household_Naming_Order__c" VARCHAR(255), 
	"npo02__LargestAmount__c" VARCHAR(255), 
	"npo02__LastCloseDate__c" VARCHAR(255), 
	"npo02__LastMembershipAmount__c" VARCHAR(255), 
	"npo02__LastMembershipDate__c" VARCHAR(255), 
	"npo02__LastMembershipLevel__c" VARCHAR(255), 
	"npo02__LastMembershipOrigin__c" VARCHAR(255), 
	"npo02__LastOppAmount__c" VARCHAR(255), 
	"npo02__MembershipEndDate__c" VARCHAR(255), 
	"npo02__MembershipJoinDate__c" VARCHAR(255), 
	"npo02__Naming_Exclusions__c" VARCHAR(255), 
	"npo02__NumberOfClosedOpps__c" VARCHAR(255), 
	"npo02__NumberOfMembershipOpps__c" VARCHAR(255), 
	"npo02__OppAmount2YearsAgo__c" VARCHAR(255), 
	"npo02__OppAmountLastNDays__c" VARCHAR(255), 
	"npo02__OppAmountLastYear__c" VARCHAR(255), 
	"npo02__OppAmountThisYear__c" VARCHAR(255), 
	"npo02__OppsClosed2YearsAgo__c" VARCHAR(255), 
	"npo02__OppsClosedLastNDays__c" VARCHAR(255), 
	"npo02__OppsClosedLastYear__c" VARCHAR(255), 
	"npo02__OppsClosedThisYear__c" VARCHAR(255), 
	"npo02__SmallestAmount__c" VARCHAR(255), 
	"npo02__Soft_Credit_Last_Year__c" VARCHAR(255), 
	"npo02__Soft_Credit_This_Year__c" VARCHAR(255), 
	"npo02__Soft_Credit_Total__c" VARCHAR(255), 
	"npo02__Soft_Credit_Two_Years_Ago__c" VARCHAR(255), 
	"npo02__TotalMembershipOppAmount__c" VARCHAR(255), 
	"npo02__TotalOppAmount__c" VARCHAR(255), 
	"npsp__Deceased__c" VARCHAR(255), 
	"npsp__Do_Not_Contact__c" VARCHAR(255), 
	"npsp__Exclude_from_Household_Formal_Greeting__c" VARCHAR(255), 
	"npsp__Exclude_from_Household_Informal_Greeting__c" VARCHAR(255), 
	"npsp__Exclude_from_Household_Name__c" VARCHAR(255), 
	"npsp__First_Soft_Credit_Amount__c" VARCHAR(255), 
	"npsp__First_Soft_Credit_Date__c" VARCHAR(255), 
	"npsp__Largest_Soft_Credit_Amount__c" VARCHAR(255), 
	"npsp__Largest_Soft_Credit_Date__c" VARCHAR(255), 
	"npsp__Last_Soft_Credit_Amount__c" VARCHAR(255), 
	"npsp__Last_Soft_Credit_Date__c" VARCHAR(255), 
	"npsp__Number_of_Soft_Credits_Last_N_Days__c" VARCHAR(255), 
	"npsp__Number_of_Soft_Credits_Last_Year__c" VARCHAR(255), 
	"npsp__Number_of_Soft_Credits_This_Year__c" VARCHAR(255), 
	"npsp__Number_of_Soft_Credits_Two_Years_Ago__c" VARCHAR(255), 
	"npsp__Number_of_Soft_Credits__c" VARCHAR(255), 
	"npsp__Soft_Credit_Last_N_Days__c" VARCHAR(255), 
	"npsp__is_Address_Override__c" VARCHAR(255), 
	"AccountId" VARCHAR(255), 
	"ReportsToId" VARCHAR(255), 
	"npo02__Household__c" VARCHAR(255), 
	"npsp__Batch__c" VARCHAR(255), 
	"npsp__Current_Address__c" VARCHAR(255), 
	"npsp__Primary_Affiliation__c" VARCHAR(255), 
	PRIMARY KEY (id)
);
INSERT INTO "Contact" VALUES(1,'','','','','','','','Active','','','','','','Sometimes attention interesting state city.','','','None','','','Many than age money around whatever. Hour loss win subject during most audience detail. Fight a kid.','True','2011-04-26','','','','Improve politics sit image accept. Treatment win support box.','','','','','In Training','Gordon','False','','','','','','','','Jeffrey','Arrive customer than total level itself. With read way full hour.','Inactive','Client Certification','Boyer, Wang and Fletcher','Volunteer;Team Facilitator','Add.','they','','','','','','','','','','True','Need Renewal','','','','','Hearing Dog','Onboarding','Operations- Financial','','','Academy-Content Creator','','j-gordon81@example.net','jeffrey+gordon1@example.net','Home','Personal','','False','Home','j.gordon1990@example.com','001-983-554-5451','0.0','57797.0','2020','2021-07-15','74934.0','0.0','2022-01-04','0.0','2022-01-01','Still build really else. Hard improve plant statement. Bed whom fight oil all born.','Price rate require simple trouble. Home senior table yeah. Up author behind.','0.0','2021-10-10','2022-03-16','Household__c.Formal_Greeting__c','0.0','0.0','0.0','0.0','0.0','0.0','0.0','0.0','0.0','0.0','0.0','8272.0','43664.0','14249.0','53668.0','0.0','0.0','False','False','True','False','False','69767.0','2021-11-23','81111.0','2021-05-19','51332.0','','52014.0','80525.0','74340.0','83382.0','93831.0','0.0','False','104','','','','','');
INSERT INTO "Contact" VALUES(2,'','','','','','','','Active','','','','','','Service lot ahead center similar strong source.','','','None','','','Result analysis feel PM. Free continue player hit. Game animal wonder drive tax might management. Law scientist reason.','False','2002-11-25','','','','Method if the party throw section me. Teacher brother add least poor up skin. Country yeah finish western rest everyone.','','','','','Suspended','Howe','False','','','','','','','','Latasha','System responsibility laugh. Forward three someone when walk more.','None','Teams Set in Motion Program','Flores-Lowery','Volunteer;Team Facilitator','Final man.','they','','','','','','','','','','False','None','','','','','Hearing Dog','Inactive','Active Projects- Academy','','','Outreach- Clients','','la_howe@example.com','latasha_howe74@example.net','Home','Personal','','False','Other','la-howe1989@example.com','+1-322-428-3446x22411','0.0','98706.0','2022','2021-10-14','85431.0','0.0','2021-10-17','0.0','2022-04-02','Do institution threat affect training. Lead management southern. Six may since teach model any.','Ago bill role between responsibility often. Institution usually hit hundred because those.','0.0','2021-09-28','2021-07-12','Household__c.Name','0.0','0.0','0.0','0.0','0.0','0.0','0.0','0.0','0.0','0.0','0.0','3935.0','84524.0','30590.0','21219.0','0.0','0.0','False','False','False','False','True','48872.0','2022-01-27','35708.0','2022-02-19','56639.0','','8907.0','24698.0','89200.0','51757.0','33353.0','0.0','False','104','','','','','');
INSERT INTO "Contact" VALUES(3,'','','','','','','','Onboarding','','','','','','Plant although hair.','','','None','','','However western necessary network. Expert sure last international street.','True','2000-09-18','','','','Live thank available. Office reality remain mouth tough.','','','','','Onboarding','Craig','False','','','','','','','','Donald','Town challenge eat.','None','Trainer Certification','Turner-Butler','Volunteer;Trainer','Learn.','she','','','','','','','','','','True','Need Renewal','','','','','Epilepsy','Onboarding','Sensitive Info- Trainer','','','Marketing- Advertising','','donald_craig60@example.net','do.craig@example.org','Home','Personal','','False','Work','d.craig94@example.org','8557886718','0.0','42376.0','2019','2021-10-29','49139.0','0.0','2021-10-19','0.0','2021-07-25','Able society later learn try. Hand picture prove response. Expert it live serve three.','Forget develop be white. Different prove information gas.','0.0','2021-06-18','2021-05-27','Household__c.Name','0.0','0.0','0.0','0.0','0.0','0.0','0.0','0.0','0.0','0.0','0.0','70739.0','95069.0','2489.0','22298.0','0.0','0.0','False','False','False','False','True','67240.0','2022-01-21','78552.0','2021-12-03','95413.0','','84708.0','2915.0','51654.0','73029.0','64753.0','0.0','False','104','','','','','');
INSERT INTO "Contact" VALUES(4,'','','','','','','','Onboarding','','','','','','Whatever for operation blood animal leader your decision.','','','Inactive','','','Happy attention them she pay become summer. Sport itself situation why. Me since feeling entire send employee.','True','2008-01-25','','','','Leader become hold fall give. Subject including high give.','','','','','Onboarding','Henderson','False','','','','','','','','Andre','Fish short himself nature phone best. Never region former model in they. Gun fact Democrat build big compare personal.','Inactive','General info/Other','Peters, Cross and Cervantes','Volunteer','Behavior.','he','','','','','','','','','','False','None','','','','','Basic Training','Certified','Active Projects- State Registration','','','Outreach- Diversity','','a-henderson3@example.net','ahenderson@example.org','Home','Personal','','False','Other','a+henderson91@example.com','001-024-620-0621x5262','0.0','39918.0','1977','2022-02-23','24745.0','0.0','2021-05-08','0.0','2021-06-05','Management ago moment. Exist arm federal wonder. Say describe information force.','Easy relate maybe face. Consider analysis together nothing market. Enjoy later individual stand to.','0.0','2022-01-04','2021-04-26','Household__c.Formal_Greeting__c','0.0','0.0','0.0','0.0','0.0','0.0','0.0','0.0','0.0','0.0','0.0','32308.0','45836.0','17689.0','95475.0','0.0','0.0','False','False','True','False','False','81503.0','2021-09-19','76871.0','2022-02-27','51636.0','','73702.0','47472.0','9353.0','10841.0','71674.0','0.0','False','106','','','','','');
INSERT INTO "Contact" VALUES(5,'','','','','','','','None','','','','','','Space room just save require kid miss.','','','Inactive','','','Write behavior worry you. Employee attack those so camera.','False','2014-07-02','','','','Amount marriage do improve single safe performance good. Upon store assume remember impact.','','','','','Inactive','Levine','False','','','','','','','','Christy','Home call computer wife. Attack art growth tell. Wide spend remain this industry lot enter.','None','Assistance Dogs Set in Motion Program','Bartlett LLC','Board Member','Leader.','he','','','','','','','','','','False','In Progress','','','','','Basic Training','Initial Inquiry','Sensitive Info- Board','','','Marketing- Writing','','c+levine@example.net','christy_levine@example.net','Home','Personal','','False','Other','clevine2@example.org','562.320.6267','0.0','76673.0','1977','2022-01-15','12078.0','0.0','2021-11-04','0.0','2022-04-15','She including population.','Next popular standard expect serve.','0.0','2021-07-16','2021-05-25','Household__c.Name','0.0','0.0','0.0','0.0','0.0','0.0','0.0','0.0','0.0','0.0','0.0','20129.0','64097.0','84698.0','21615.0','0.0','0.0','False','False','False','False','True','36614.0','2021-06-14','81445.0','2021-06-23','55410.0','','1866.0','15378.0','53955.0','96571.0','66143.0','0.0','False','106','','','','','');
INSERT INTO "Contact" VALUES(6,'','','','','','','','None','','','','','','Shoulder sing team college food public beyond.','','','In Training','','','Win consider religious lose work. Class attorney always television grow.','False','2012-08-27','','','','Environment buy black hit. Analysis message break worry. Power notice step. Should pretty yourself contain economic usually.','','','','','Onboarding','Leach','False','','','','','','','','Kristopher','Billion speech begin important. Tell staff newspaper age. Security inside decide official various upon kid.','None','Sponsorship/Donations','Chen Group','Trainer;Client','What.','they','','','','','','','','','','False','Need Renewal','','','','','Hearing Dog','In Training','Active Projects- Client Certification','','','Marketing- Video','','kristopher_leach1995@example.net','kristopher.leach2000@example.com','Home','Personal','','False','Work','k+leach1991@example.net','320.028.2839x15884','0.0','1513.0','2003','2021-06-01','78751.0','0.0','2021-09-09','0.0','2021-12-24','Control glass radio develop. Despite answer federal choose really.','Material role anything plan affect where check moment. Head kid or letter among.','0.0','2021-10-05','2021-05-11','Household__c.Informal_Greeting__c','0.0','0.0','0.0','0.0','0.0','0.0','0.0','0.0','0.0','0.0','0.0','28253.0','71497.0','15937.0','6671.0','0.0','0.0','False','False','False','True','False','58119.0','2022-01-08','10707.0','2021-09-12','22261.0','','51522.0','28157.0','69034.0','56629.0','23886.0','0.0','False','106','','','','','');
INSERT INTO "Contact" VALUES(7,'','','','','','','','Onboarding','','','','','','Begin serve give college far.','','','Initial Inquiry','','','Challenge life system church win. Performance agency keep them mouth.','False','2003-09-26','','','','Despite address nor employee necessary side financial. Phone maintain painting allow little. Star model about game prepare mouth.','','','','','Inactive','Paul','False','','','','','','','','Martha','Authority way because writer fly. Often mean hot deal.','Inactive','Assistance Dogs Set in Motion Program','Decker and Sons','Staff','Job hard.','he','','','','','','','','','','False','Up to Date','','','','','Epilepsy','In Training','Active Projects- ADI','','','Academy-Content Creator','','martha.paul1953@example.com','mpaul1990@example.net','Home','Personal','','False','Home','ma_paul@example.com','688-841-7640','0.0','85937.0','1987','2022-03-27','83352.0','0.0','2022-03-06','0.0','2021-07-08','Health site only. Environmental soldier just official heavy manage. Whose why wear author I.','Imagine treatment administration condition. Carry music good reason.','0.0','2021-06-09','2021-05-13','Household__c.Name','0.0','0.0','0.0','0.0','0.0','0.0','0.0','0.0','0.0','0.0','0.0','18071.0','46696.0','9810.0','89028.0','0.0','0.0','False','False','False','False','True','3143.0','2021-09-30','74962.0','2021-11-27','49992.0','','65112.0','34101.0','3401.0','66465.0','71335.0','0.0','False','108','','','','','');
INSERT INTO "Contact" VALUES(8,'','','','','','','','Initial Inquiry','','','','','','Democratic black seek bring together.','','','Onboarding','','','Role hotel executive. Very last total movie. Evening great leader source charge few.','True','2002-03-07','','','','Hour represent face student. Response continue show hundred read couple. Key forget issue within phone lay wife south.','','','','','Onboarding','Becker','False','','','','','','','','Lynn','Note civil close. Fish need why. Grow blue give happen.','Inactive','Team Facilitator Certification','Dean, Coffey and Bond','Staff','Back.','they','','','','','','','','','','True','None','','','','','Basic Training','Initial Inquiry','Sensitive Info- Volunteer and Staff','','','Outreach- Diversity','','ly-becker2010@example.com','l_becker4@example.org','Home','Personal','','False','Home','lbecker9@example.com','001-774-307-2027x89277','0.0','56060.0','1977','2021-11-24','52936.0','0.0','2021-12-02','0.0','2022-04-10','Party personal best son measure represent they.','Before past good. Read cost future sit manager different.','0.0','2021-09-12','2021-06-28','Household__c.Formal_Greeting__c','0.0','0.0','0.0','0.0','0.0','0.0','0.0','0.0','0.0','0.0','0.0','48116.0','76573.0','96685.0','75187.0','0.0','0.0','False','False','True','False','False','5302.0','2022-01-28','58054.0','2022-02-18','68264.0','','69089.0','82405.0','2004.0','48851.0','39697.0','0.0','False','108','','','','','');
INSERT INTO "Contact" VALUES(9,'','','','','','','','Initial Inquiry','','','','','','Assume road attorney person professional.','','','None','','','Here large wish stock these success student court. Represent under consider show six argue.','True','2017-11-03','','','','Weight development between share ten station night. Dinner doctor everyone guess hit perhaps.','','','','','Initial Inquiry','Gates','False','','','','','','','','Hannah','Difficult up reality yard month pull. Forward investment organization sister establish our cultural. Use threat rate least wear born and him.','None','Sponsorship/Donations','Calhoun, Cain and Evans','Client','Involve.','specify','','','','','','','','','','True','Need Renewal','','','','','Basic Training','Inactive','Board - READ ONLY','','','Outreach- Veterinarians','','ha-gates1972@example.org','h+gates1991@example.com','Home','Personal','','False','Work','ha+gates05@example.com','+1-668-113-8365x24935','0.0','88540.0','2014','2022-01-25','53886.0','0.0','2021-08-10','0.0','2022-01-20','State heavy high local light pay wait. Very method president attorney fill space.','Start study character crime. Guess from develop each level window.','0.0','2021-06-19','2022-01-26','Household__c.Name','0.0','0.0','0.0','0.0','0.0','0.0','0.0','0.0','0.0','0.0','0.0','5371.0','88766.0','81162.0','5793.0','0.0','0.0','False','False','False','False','True','2549.0','2021-10-17','48520.0','2021-11-06','27226.0','','60825.0','68928.0','46236.0','32313.0','49753.0','0.0','False','110','','','','','');
INSERT INTO "Contact" VALUES(10,'','','','','','','','Inactive','','','','','','Their your camera stage factor federal child.','','','Inactive','','','With bill little key better item speak. Authority air treat maybe. Actually debate debate single if cut.','True','2000-09-10','','','','Candidate manage age open arm cover range.','','','','','Certified','Kramer','False','','','','','','','','Mindy','Continue pass education should action among teacher quickly. Peace although ok wish more player over. Shake affect push.','None','Sweet Snoopers Training Program','Mccullough, Hays and Preston','Staff','Only late.','they','','','','','','','','','','False','In Progress','','','','','Basic Training','Onboarding','Operations- Trainer','','','Outreach- Medical Providers','','mindy.kramer1976@example.org','mindykramer1980@example.net','Home','Personal','','False','Work','mkramer@example.net','001-772-077-5132','0.0','46615.0','2017','2021-08-09','42995.0','0.0','2021-07-01','0.0','2022-04-13','Standard recently could contain quickly. Find include forward analysis also focus.','Make both sort consider live road vote admit. Again wear wind.','0.0','2022-04-07','2021-06-11','Household__c.Informal_Greeting__c','0.0','0.0','0.0','0.0','0.0','0.0','0.0','0.0','0.0','0.0','0.0','82105.0','23727.0','12260.0','11774.0','0.0','0.0','False','False','False','True','False','61910.0','2021-12-09','9963.0','2021-09-13','20216.0','','23044.0','2052.0','12261.0','59012.0','53054.0','0.0','False','110','','','','','');
INSERT INTO "Contact" VALUES(11,'','','','','','','','Active','','','','','','To protect guy piece break board series mean.','','','In Training','','','Chance condition war without movie source. Community outside western voice popular expect. Energy purpose notice mouth up well.','True','2000-03-02','','','','Growth analysis forget next color. Hear manager ball movie quite near laugh fine. Establish life through.','','','','','Certified','Mayo','False','','','','','','','','Bradley','Little foreign whether very all wrong right appear. Her pay herself room image argue off style.','Active','Volunteering','Cruz-Barry','Team Facilitator','Face.','specify','','','','','','','','','','False','Up to Date','','','','','Eye Dog','Onboarding','Active Projects- Volunteer Recruitment and Retention','','','Marketing- Leadership','','bradley+mayo@example.org','bradley+mayo8@example.org','Home','Personal','','False','Home','bradley-mayo2000@example.net','711-121-4722','0.0','55378.0','1983','2022-02-01','54034.0','0.0','2021-05-30','0.0','2021-08-20','Understand adult newspaper fight vote oil finally. Design factor country bill behavior.','Size scientist drop modern. Rate old finish minute. Choice break affect manage gun sort.','0.0','2021-09-29','2021-08-17','Household__c.Formal_Greeting__c','0.0','0.0','0.0','0.0','0.0','0.0','0.0','0.0','0.0','0.0','0.0','74367.0','37956.0','42620.0','79532.0','0.0','0.0','False','False','True','False','False','25339.0','2021-04-27','67487.0','2021-12-21','8204.0','','1487.0','35353.0','15863.0','68980.0','91837.0','0.0','False','114','','','','','');
INSERT INTO "Contact" VALUES(12,'','','','','','','','','','','','','','','','','','','','','False','','','','','','','','','','','Walsh','False','','','','','','','','Franklin','','','','','Volunteer','','','','','','','','','','','','False','','','','','','','','','','','','','fr_walsh3@example.net','f.walsh@example.net','Home','Personal','Work','False','Other','f_walsh9@example.com','3613305453','0.0','','','','','0.0','','0.0','','','','0.0','','','','0.0','0.0','0.0','0.0','0.0','0.0','0.0','0.0','0.0','0.0','0.0','','','','','0.0','0.0','False','False','False','False','False','','','','','','','','','','','','0.0','False','116','','','','','');
INSERT INTO "Contact" VALUES(13,'','','','','','','','Onboarding','','','','','','Difficult sound with floor enter game evening.','','','Inactive','','','Up finally final program. Name their traditional trade. Music wind few only real set degree write. Common inside religious beautiful thing eat high.','False','2007-01-03','','','','Win ahead catch family when them everyone. Article prevent president design situation.','','','','','In Training','Webster','False','','','','','','','','Barbara','To spend environment smile author factor despite. Hold main I authority career.','None','Teams Set in Motion Program','Pace Ltd','Board Member','Hospital.','she','','','','','','','','','','False','None','','','','','Eye Dog','In Training','Operations- Trainer','','','Academy-Content Editor','','barbara_webster09@example.org','barbarawebster1984@example.net','Home','Personal','','False','Home','bwebster8@example.net','(387)148-1475x6530','0.0','68848.0','1991','2021-08-09','20447.0','0.0','2021-08-09','0.0','2021-08-04','Table guy onto wind almost. Director evidence successful be item up present beat.','Investment middle win. We approach whatever fact lose.','0.0','2022-04-12','2021-11-30','Household__c.Formal_Greeting__c','0.0','0.0','0.0','0.0','0.0','0.0','0.0','0.0','0.0','0.0','0.0','23215.0','10169.0','66141.0','48884.0','0.0','0.0','False','False','True','False','False','51843.0','2021-05-31','64321.0','2021-08-20','41238.0','','85635.0','90686.0','83292.0','2469.0','93466.0','0.0','False','117','','','','','');
INSERT INTO "Contact" VALUES(14,'','','','2022-04-27','','','','Onboarding','','','','','','Like increase break support girl option woman grow.','','','Certified','','','Do adult each radio season reason. President today big yet and.','False','2015-12-09','','','','Care number nature security magazine simple. Charge happen probably free together be. Peace modern three here. Medical simply establish what than.','','','','','Certified','Summers','False','','','','','','','Active','Brian','Raise finish organization born behavior. Fish quite book life table fight move cell. Whole share man act century scene.','Active','Team Facilitator Certification','Durham, Finley and Greer','Volunteer','Like.','specify','','','','','','','','','','False','Up to Date','','','','','Basic Training','In Training','Operations- Master Docs - READ ONLY','','2022-04-27','Marketing- SEO','','b+summers3@example.com','br.summers2@example.net','Home','Personal','','False','Other','b+summers51@example.com','521-160-8721x32102','0.0','92163.0','2019','2021-07-18','82641.0','0.0','2022-03-23','0.0','2021-06-19','Hour case figure hit. Moment affect reach where itself.','Mother treatment note situation. Now one market pass ago significant.','0.0','2021-12-29','2021-10-29','Household__c.Formal_Greeting__c','0.0','0.0','0.0','0.0','0.0','0.0','0.0','0.0','0.0','0.0','0.0','26387.0','14118.0','18649.0','13935.0','0.0','0.0','False','False','True','False','False','30671.0','2022-04-15','76528.0','2022-02-13','36326.0','','13659.0','97576.0','609.0','95848.0','16842.0','0.0','False','94','','','','','');
INSERT INTO "Contact" VALUES(15,'','','','','','','','','','','','','','','','','','','','','False','','','','','','','','','','','Gonzalez','False','','','','','','','','Jo','','','','','Volunteer','','','','','','','','','','','','False','','','','','','','','','','','','','jo_gonzalez@example.org','j+gonzalez06@example.net','Home','Personal','Work','False','Home','jo_gonzalez1977@example.com','001-215-149-5358x0320','0.0','','','','','0.0','','0.0','','','','0.0','','','','0.0','0.0','0.0','0.0','0.0','0.0','0.0','0.0','0.0','0.0','0.0','','','','','0.0','0.0','False','False','False','False','False','','','','','','','','','','','','0.0','False','96','','','','','');
INSERT INTO "Contact" VALUES(16,'','','','','','','','None','','','','','','Writer outside with shake carry fill couple.','','','Onboarding','','','Agent nor fund tell college individual picture. Answer agree project management.','False','2017-07-22','','','','Live prepare kitchen center place skin positive. Sometimes give southern forget week. Investment party walk maintain successful religious.','','','','','Onboarding','Key','False','','','','','','','','Krystal','Simple nice attack kind challenge generation responsibility. Heart audience able like. Law score mention become ok item. Instead discuss pattern hair adult.','Inactive','Team Facilitator Certification','Joseph-Ballard','Team Facilitator Lead','Just gun.','she','','','','','','','','','','False','Need Renewal','','','','','Hearing Dog','In Training','Active Projects- State Registration','','','Outreach- Medical Providers','','kr.key2005@example.com','k.key@example.net','Home','Personal','','False','Work','krystalkey@example.org','+1-783-147-5507x31385','0.0','68649.0','2009','2022-01-15','29297.0','0.0','2021-09-13','0.0','2021-10-28','Choose quickly bag crime price. Visit be success crime rock.','Evidence produce Mrs later truth skin.','0.0','2021-08-01','2022-01-06','Household__c.Formal_Greeting__c','0.0','0.0','0.0','0.0','0.0','0.0','0.0','0.0','0.0','0.0','0.0','82444.0','48008.0','59792.0','90677.0','0.0','0.0','False','False','True','False','False','90565.0','2021-08-19','83683.0','2021-09-28','23348.0','','12258.0','83668.0','83232.0','88759.0','83895.0','0.0','False','97','','','','','');
INSERT INTO "Contact" VALUES(17,'','','','','','','','None','','','','','','Condition brother forget poor behind agency style.','','','Initial Inquiry','','','Cut local during according husband. West already minute such. Education dark national pretty avoid see evening.','False','2021-07-31','','','','Stock play yourself behind must. Enjoy positive yet serious above big.','','','','','In Training','Hahn','False','','','','','','','','Sylvia','Court western at simply him page. Like plant difficult compare. Both manage medical identify hold.','Active','Client Certification','Hutchinson Ltd','Trainer','Blood.','he','','','','','','','','','','True','In Progress','','','','','Basic Training','Onboarding','Active Projects- Dog Availability','','','Marketing- SEO','','s_hahn2@example.net','sylvia-hahn92@example.com','Home','Personal','','False','Home','sylvia+hahn@example.com','776-522-7823','0.0','46419.0','1991','2022-03-30','77702.0','0.0','2022-02-23','0.0','2021-10-11','Five necessary within attention majority home better. Without song book among night model.','Himself center reflect job media near. Cut skin ball guess. Race itself this message use his.','0.0','2021-06-28','2021-10-14','Household__c.Informal_Greeting__c','0.0','0.0','0.0','0.0','0.0','0.0','0.0','0.0','0.0','0.0','0.0','64089.0','34440.0','4252.0','65212.0','0.0','0.0','False','False','False','True','False','48893.0','2021-09-15','59461.0','2021-12-14','90347.0','','25634.0','54833.0','8298.0','45279.0','12227.0','0.0','False','97','','','','','');
INSERT INTO "Contact" VALUES(18,'','','','','','','','Active','','','','','','Man according than control way.','','','None','','','Myself give eight part beat where. Century real current tax shoulder alone agree. Way increase will bank fire themselves week small.','True','2002-09-26','','','','State station executive floor whatever best read. Task recognize officer marriage always. Grow Democrat impact middle sing instead community wind.','','','','','Certified','Todd','False','','','','','','','','Madeline','Book each four my coach. Role speak party hard direction. Strategy maintain usually street bad interview like science.','Active','Assistance Dogs Set in Motion Program','Bryant, Melton and Flowers','Staff','Interview.','specify','','','','','','','','','','False','Up to Date','','','','','Emotional Trauma','Inactive','Operations- Master Docs - READ ONLY','','','Marketing- Advertising','','m-todd@example.org','m_todd7@example.net','Home','Personal','','False','Work','madelinetodd1@example.net','(806)134-6883x218','0.0','43972.0','1996','2022-02-20','62087.0','0.0','2021-12-28','0.0','2021-11-01','Themselves goal possible. Over image particularly month far ahead.','Line television between safe. Water expect production seem.','0.0','2021-04-16','2021-09-03','Household__c.Formal_Greeting__c','0.0','0.0','0.0','0.0','0.0','0.0','0.0','0.0','0.0','0.0','0.0','15133.0','75119.0','3700.0','29070.0','0.0','0.0','False','False','True','False','False','58189.0','2021-06-20','94117.0','2022-04-08','82844.0','','31496.0','86607.0','39862.0','64622.0','31412.0','0.0','False','117','','','','','');
INSERT INTO "Contact" VALUES(19,'','','','','','','','Active','','','','','','Value stage sport anything crime catch local despite.','','','Inactive','','','Occur store standard peace vote. Music just citizen material pass cell. Computer whatever put myself.','True','2015-10-08','','','','Use bar born middle sign executive owner.','','','','','Initial Inquiry','Moreno','False','','','','','','','','Alexandra','Speak design draw performance enough program like. Film woman reveal become since center.','None','Teams Set in Motion Program','Walton, Day and Jimenez','Trainer;Client','List.','they','','','','','','','','','','False','None','','','','','Emotional Trauma','Suspended','Operations- Client','','','Administrative- Volunteer','','al-moreno1942@example.org','alexandra.moreno1944@example.net','Home','Personal','','False','Other','alexandramoreno57@example.com','+1-944-062-1489x758','0.0','35848.0','1995','2022-04-11','21515.0','0.0','2021-04-19','0.0','2021-11-07','Education enough increase benefit. The blood wonder list. Get tax candidate thus.','Idea reason western food.','0.0','2022-02-13','2021-05-05','Household__c.Name','0.0','0.0','0.0','0.0','0.0','0.0','0.0','0.0','0.0','0.0','0.0','70388.0','18617.0','69736.0','81870.0','0.0','0.0','False','False','False','False','True','40249.0','2021-08-31','57774.0','2022-03-31','37955.0','','51228.0','57791.0','60186.0','4505.0','91039.0','0.0','False','117','','','','','');
INSERT INTO "Contact" VALUES(20,'','','','','','','','Inactive','','','','','','Sell rich case material possible guess standard.','','','Onboarding','','','Four already sell box. Soldier trouble training popular next. Watch article investment window success what. Agent thought make resource life.','False','2021-08-26','','','','Speak one issue price against offer. Art professor face seven already. Could accept executive whom.','','','','','Certified','Guerrero','False','','','','','','','','Bridget','Ability other daughter issue group save together drug.','Active','Assistance Dogs Set in Motion Program','Nash, Mcclain and Lowe','Volunteer;Team Facilitator','Cold.','specify','','','','','','','','','','True','None','','','','','Emotional Trauma','Inactive','Active Projects- Dog Availability','','','Administrative- Trainer','','br-guerrero4@example.org','bridget+guerrero@example.org','Home','Personal','','False','Home','br_guerrero1@example.net','843-253-5830x615','0.0','22309.0','2000','2021-11-20','4113.0','0.0','2021-06-08','0.0','2022-02-17','Must subject describe style natural mean move. Glass early skill. Left pattern hold guy.','Whose door play to catch item list. Focus scientist young adult.','0.0','2021-09-18','2022-03-25','Household__c.Name','0.0','0.0','0.0','0.0','0.0','0.0','0.0','0.0','0.0','0.0','0.0','56414.0','44876.0','72583.0','78777.0','0.0','0.0','False','False','False','False','True','1712.0','2022-01-07','66162.0','2022-02-18','58598.0','','93857.0','83508.0','96824.0','89633.0','41228.0','0.0','False','124','','','','','');
INSERT INTO "Contact" VALUES(21,'','','','','','','','Inactive','','','','','','Character agreement value front money television approach.','','','Initial Inquiry','','','Able action hit each ball about Republican. Other class management value become. Create it check series lead hope region.','False','2001-05-20','','','','Fly woman debate change. Account project crime former though author. City week inside down structure attorney.','','','','','Onboarding','Zhang','False','','','','','','','','Derek','Discuss mean just need drop school inside. Threat force writer have sit. Run foreign happy cold where writer.','Inactive','Sponsorship/Donations','Frye-Daniels','Volunteer;Team Facilitator','Price.','he','','','','','','','','','','False','In Progress','','','','','Hearing Dog','Onboarding','Sensitive Info- Volunteer and Staff','','','Marketing- Writing','','d+zhang9@example.net','de+zhang2006@example.org','Home','Personal','','False','Other','derek+zhang@example.net','+1-886-663-7020x73672','0.0','26784.0','1979','2021-10-06','3105.0','0.0','2021-06-11','0.0','2022-03-13','Pattern moment truth someone word high. Kind mother eat.','Allow government including. Quite country guy.','0.0','2021-05-31','2022-01-08','Household__c.Formal_Greeting__c','0.0','0.0','0.0','0.0','0.0','0.0','0.0','0.0','0.0','0.0','0.0','74532.0','96339.0','114.0','17102.0','0.0','0.0','False','False','True','False','False','15483.0','2021-07-27','80925.0','2022-02-18','42409.0','','34840.0','12095.0','16364.0','26743.0','12074.0','0.0','False','126','','','','','');
INSERT INTO "Contact" VALUES(22,'','','','','','','','Inactive','','','','','','Call physical firm hear bank.','','','Onboarding','','','Social party turn. Should television go else long. State evening reach hot foot usually. My particular hour.','True','2014-07-03','','','','Travel both people serve part white brother song. Pressure hundred last indeed structure. Dark us population blood statement young.','','','','','Initial Inquiry','Mckinney','False','','','','','','','','Gail','Some consumer really girl place doctor task. Nice position tonight reduce audience several. Field today positive.','Inactive','Teams Set in Motion Program','Jimenez, Downs and Dean','Volunteer;Client','Question.','he','','','','','','','','','','False','In Progress','','','','','Emotional Trauma','In Training','Active Projects- ADI','','','Administrative- Client','','gamckinney56@example.com','g+mckinney@example.net','Home','Personal','','False','Work','ga-mckinney@example.org','100-984-7362x071','0.0','46987.0','1979','2022-03-19','72951.0','0.0','2021-06-02','0.0','2022-01-20','Because lawyer that everyone natural house network. Life relationship last along.','Yes notice require size quite no. Maintain far generation that leader line your service.','0.0','2022-02-06','2021-05-04','Household__c.Name','0.0','0.0','0.0','0.0','0.0','0.0','0.0','0.0','0.0','0.0','0.0','22894.0','9182.0','34093.0','98450.0','0.0','0.0','False','False','False','False','True','101.0','2021-10-24','96295.0','2021-09-19','38710.0','','46258.0','41983.0','90000.0','77967.0','52061.0','0.0','False','13','','','','','');
INSERT INTO "Contact" VALUES(23,'','','','','','','','Inactive','','','','','','Hear newspaper third dinner.','','','On Hold','','','From over sign miss church. Close close media than customer or.','True','2001-08-26','','','','Material effect choice girl building cut.','','','','','Suspended','Mays','False','','','','','','','','Suzanne','Data recently book town. House care almost give thought program. Pressure discuss single some interview officer.','Active','Assistance Dogs Set in Motion Program','Bowen, Carpenter and Brady','Volunteer;Client','Admit.','she','','','','','','','','','','False','Need Renewal','','','','','Basic Training','Initial Inquiry','Active Projects- Technology Infrastructure','','','Administrative- Volunteer','','suzanne.mays1983@example.org','s+mays1983@example.com','Home','Personal','','False','Other','s-mays09@example.org','727-754-8888','0.0','72788.0','1974','2021-05-02','31671.0','0.0','2021-06-02','0.0','2022-03-18','Song house follow white. Able popular success investment society. Training American person their.','Generation trouble cut down reason movie. They city foreign indicate best community itself.','0.0','2021-10-06','2021-06-05','Household__c.Informal_Greeting__c','0.0','0.0','0.0','0.0','0.0','0.0','0.0','0.0','0.0','0.0','0.0','24269.0','59883.0','43498.0','25183.0','0.0','0.0','False','False','False','True','False','7008.0','2021-12-12','41344.0','2022-02-15','51255.0','','6350.0','83432.0','69526.0','97121.0','14680.0','0.0','False','126','','','','','');
INSERT INTO "Contact" VALUES(24,'','','','','','','','Inactive','','','','','','Call week station it.','','','None','','','Before month cell believe east some. Foot name month send down reveal part.','False','2009-10-21','','','','Number appear enough rather home glass into. Recently share sport find house crime these.','','','','','None','Yates','False','','','','','','','','Isabel','Field move respond.','Inactive','General info/Other','Richards, Mendoza and Patrick','Volunteer;Team Facilitator','Young.','she','','','','','','','','','','True','None','','','','','Emotional Trauma','Initial Inquiry','Active Projects- Trainer Certification','','','Outreach- Medical Providers','','iyates1967@example.com','i+yates2012@example.net','Home','Personal','','False','Home','is_yates@example.com','001-503-660-7028x56688','0.0','76098.0','1992','2021-07-13','93596.0','0.0','2021-10-29','0.0','2021-10-08','Eye their travel here shake heart guess. Use same mind sort. Camera future deal truth.','Outside guy exist. Imagine population try enter. Region box change evening agent to seat.','0.0','2021-09-28','2021-10-03','Household__c.Informal_Greeting__c','0.0','0.0','0.0','0.0','0.0','0.0','0.0','0.0','0.0','0.0','0.0','89368.0','60874.0','99654.0','29385.0','0.0','0.0','False','False','False','True','False','855.0','2021-10-15','97921.0','2021-04-19','30411.0','','51905.0','42847.0','38345.0','33048.0','46770.0','0.0','False','128','','','','','');
INSERT INTO "Contact" VALUES(25,'','','','','','','','Initial Inquiry','','','','','','Heart factor family.','','','Decertified','','','Voice term north eat interview economic. Tough fear gas enter itself guy.','False','2009-12-21','','','','Product into determine sister we most. Way own interest whom. Second surface not arm.','','','','','Initial Inquiry','Diaz','False','','','','','','','','Logan','I alone world beyond perhaps trip. Method know beyond mind. Project young suddenly organization tonight likely than.','Inactive','Client Certification','Hahn-Ingram','Trainer;Client','And kind.','he','','','','','','','','','','False','None','','','','','Eye Dog','Initial Inquiry','Operations- Volunteer and Staff','','','Marketing- Graphic Design','','l-diaz0@example.net','ldiaz2@example.net','Home','Personal','','False','Work','lo+diaz49@example.org','(543)970-9500','0.0','63632.0','2006','2022-02-21','71406.0','0.0','2022-03-18','0.0','2022-04-02','Something east blue that. Then investment body tell money nature address.','Church sing really seem data stay action. Economic yes spring role. Computer project price.','0.0','2021-11-20','2022-01-27','Household__c.Informal_Greeting__c','0.0','0.0','0.0','0.0','0.0','0.0','0.0','0.0','0.0','0.0','0.0','2822.0','63432.0','70802.0','23130.0','0.0','0.0','False','False','False','True','False','81491.0','2022-01-30','20853.0','2021-05-13','18119.0','','88662.0','94158.0','29852.0','16117.0','61622.0','0.0','False','13','','','','','');
INSERT INTO "Contact" VALUES(26,'','','','','','','','Onboarding','','','','','','True eye our above.','','','On Hold','','','Make follow store manage hand. Middle action including exactly effort must. Why modern challenge push factor leg.','True','2003-12-17','','','','Less part change herself stay she. Police parent couple song. Effort chair nor particular.','','','','','Initial Inquiry','Rivers','False','','','','','','','','Jackie','Quickly indeed civil room nice than. Deep pay what pressure their.','None','Sweet Snoopers Training Program','Acosta-Sullivan','Board Member','Main some.','they','','','','','','','','','','False','In Progress','','','','','Emotional Trauma','Certified','Active Projects- Technology Infrastructure','','','Marketing- Leadership','','jackie_rivers62@example.net','j+rivers6@example.com','Home','Personal','','False','Home','ja+rivers7@example.com','(921)964-6290','0.0','17230.0','2020','2021-04-16','67691.0','0.0','2021-06-23','0.0','2021-06-12','Deep modern build teach.','Outside family language information. Seat letter area hour onto study pass he.','0.0','2021-12-12','2022-02-15','Household__c.Formal_Greeting__c','0.0','0.0','0.0','0.0','0.0','0.0','0.0','0.0','0.0','0.0','0.0','9038.0','4358.0','46514.0','57161.0','0.0','0.0','False','False','True','False','False','72153.0','2021-12-19','53272.0','2021-07-10','69332.0','','31384.0','75637.0','11206.0','95686.0','25831.0','0.0','False','130','','','','','');
INSERT INTO "Contact" VALUES(27,'','','','','','','','','','','','','','','','','','','','','False','','','','','','','','','','','Pace','False','','','','','','','','Wanda','','','','','Volunteer','','','','','','','','','','','','False','','','','','','','','','','','','','wa-pace4@example.net','wa.pace9@example.com','Home','Personal','Work','False','Work','wa.pace@example.org','+1-963-294-0453','0.0','','','','','0.0','','0.0','','','','0.0','','','','0.0','0.0','0.0','0.0','0.0','0.0','0.0','0.0','0.0','0.0','0.0','','','','','0.0','0.0','False','False','False','False','False','','','','','','','','','','','','0.0','False','136','','','','','');
INSERT INTO "Contact" VALUES(28,'','','','','','','','Onboarding','','','','','','One know term three ground expert.','','','None','','','Region weight whole because great student leg. Early happen find international road subject particular. Body respond attention cause.','True','2004-12-20','','','','Arrive some but actually along. Since require never probably position simple.','','','','','None','Weber','False','','','','','','','','Christian','Measure read stand. With minute stuff senior. Provide through meet. Defense run them put.','Inactive','Team Facilitator Certification','Gill, Jefferson and Cochran','Trainer','Hour own.','she','','','','','','','','','','True','Need Renewal','','','','','Eye Dog','Suspended','Active Projects- Client Certification','','','Marketing- Writing','','c-weber@example.org','c+weber9@example.net','Home','Personal','','False','Home','c_weber@example.org','964-768-3402','0.0','98422.0','2009','2021-07-22','89046.0','0.0','2021-07-09','0.0','2021-09-22','Turn impact house full speech brother. Before company task hospital affect finish.','Skill around them stage perform personal body message.','0.0','2021-12-19','2021-11-13','Household__c.Informal_Greeting__c','0.0','0.0','0.0','0.0','0.0','0.0','0.0','0.0','0.0','0.0','0.0','78769.0','97214.0','80502.0','98280.0','0.0','0.0','False','False','False','True','False','73056.0','2021-07-07','93681.0','2021-04-18','83809.0','','64815.0','39418.0','21289.0','66861.0','95131.0','0.0','False','130','','','','','');
INSERT INTO "Contact" VALUES(29,'','','','','','','','Active','','','','','','Plant talk girl mean start send hair peace.','','','On Hold','','','Program rock born professional.','False','2020-05-01','','','','General pay concern name sell represent sometimes. We hear step former. Near other world across set bank care. Nature paper the young.','','','','','Certified','Burnett','False','','','','','','','','William','Tell reason small I.','None','Teams Set in Motion Program','Meyer-Reed','Staff','Skill.','she','','','','','','','','','','False','Up to Date','','','','','Emotional Trauma','Initial Inquiry','Active Projects- Academy','','','Administrative- General','','wi_burnett56@example.net','w+burnett10@example.com','Home','Personal','','False','Work','w-burnett1962@example.net','+1-794-784-2265x60698','0.0','83041.0','1980','2022-03-26','68659.0','0.0','2021-04-24','0.0','2022-03-03','Push above least effort teacher. Present take knowledge PM parent fast report.','Order soon dark. East ask talk understand black present.','0.0','2022-01-17','2021-10-26','Household__c.Informal_Greeting__c','0.0','0.0','0.0','0.0','0.0','0.0','0.0','0.0','0.0','0.0','0.0','92431.0','76990.0','90909.0','92956.0','0.0','0.0','False','False','False','True','False','21124.0','2021-07-06','81325.0','2021-09-16','40312.0','','38343.0','63949.0','28700.0','78778.0','68736.0','0.0','False','134','','','','','');
INSERT INTO "Contact" VALUES(30,'','','','','','','','Onboarding','','','','','','As stock less to really head.','','','Onboarding','','','Event green live mind responsibility prepare. Director else former understand attack. White prove film shake second information.','False','2006-12-14','','','','Fine here paper as letter side. Alone difference PM arrive various tax test. Plan alone prevent perhaps statement choose. View sport chair building.','','','','','Initial Inquiry','Brady','False','','','','','','','','Katherine','Color money these on size. System best purpose itself.','None','Volunteering','Ortiz and Sons','Volunteer','Lawyer.','he','','','','','','','','','','False','In Progress','','','','','Basic Training','Suspended','Board','','','Academy-Content Editor','','k.brady1966@example.org','katherine_brady@example.net','Home','Personal','','False','Home','k_brady1@example.org','2626122018','0.0','15981.0','1988','2022-04-16','27615.0','0.0','2021-08-12','0.0','2021-11-12','So purpose describe force college media. Chair debate similar blood where.','Coach now himself determine Mr upon. Very suffer ten level can.','0.0','2022-01-09','2021-12-30','Household__c.Name','0.0','0.0','0.0','0.0','0.0','0.0','0.0','0.0','0.0','0.0','0.0','4335.0','34665.0','70991.0','791.0','0.0','0.0','False','False','False','False','True','25506.0','2022-02-10','99166.0','2021-10-30','35726.0','','41187.0','25083.0','24596.0','40101.0','9115.0','0.0','False','134','','','','','');
INSERT INTO "Contact" VALUES(31,'','','','','','','','Initial Inquiry','','','','','','Best ground card know number.','','','Onboarding','','','Central skill air trip public. Three behavior rest chance maybe cup section. Attack yourself order call return.','False','2011-04-05','','','','Skill suffer region remain man magazine. Notice take fill pull space region eye. Recognize various during machine employee.','','','','','Inactive','Braun','False','','','','','','','','Benjamin','Send education worker sense discussion half inside list. Would executive enough fill enough. Seek ahead skin education mouth throughout fire.','None','Teams Set in Motion Program','Gonzales, Orozco and Baker','Volunteer;Team Facilitator','Chance.','specify','','','','','','','','','','True','Need Renewal','','','','','Eye Dog','Initial Inquiry','Board','','','Outreach- Dogs','','benjamin_braun1963@example.org','b.braun88@example.com','Home','Personal','','False','Other','be_braun@example.com','(973)937-3560x39630','0.0','88351.0','2010','2021-07-13','4340.0','0.0','2021-10-06','0.0','2021-10-16','Head team ground character they never. Where letter decision move the girl.','Under authority international lead page case budget. Feel key agree writer.','0.0','2021-05-29','2021-04-30','Household__c.Name','0.0','0.0','0.0','0.0','0.0','0.0','0.0','0.0','0.0','0.0','0.0','1064.0','49503.0','51518.0','74305.0','0.0','0.0','False','False','False','False','True','21230.0','2021-09-08','48739.0','2021-06-11','7572.0','','88903.0','11959.0','83070.0','38860.0','11844.0','0.0','False','137','','','','','');
INSERT INTO "Contact" VALUES(32,'','','','','','','','Initial Inquiry','','','','','','Point believe always step mind nice.','','','On Hold','','','Order program court treatment view address. Direction single owner respond.','True','2012-07-11','','','','Box fine those teach push. Dog myself price animal mind particularly statement. Reach receive song official risk admit bar.','','','','','In Training','Ware','False','','','','','','','','Jacqueline','Door answer middle trial scientist her region. Mean student national first visit section.','Active','Team Facilitator Certification','Chandler-Stephenson','Team Facilitator','Per.','specify','','','','','','','','','','True','In Progress','','','','','Emotional Trauma','Initial Inquiry','Active Projects- Technology Infrastructure','','','Administrative- Volunteer','','j_ware@example.net','jacqueline-ware67@example.org','Home','Personal','','False','Other','j+ware1956@example.com','224.956.9166x8724','0.0','78972.0','1998','2021-06-28','82430.0','0.0','2021-07-18','0.0','2021-10-16','Letter kid style never another end rate. Door structure official political will.','Nation produce from forget particular however join. Nation even through that officer likely him.','0.0','2021-07-26','2021-09-07','Household__c.Name','0.0','0.0','0.0','0.0','0.0','0.0','0.0','0.0','0.0','0.0','0.0','79404.0','37853.0','90926.0','9755.0','0.0','0.0','False','False','False','False','True','42891.0','2021-05-23','99866.0','2021-05-23','84168.0','','23623.0','52547.0','75360.0','53193.0','13166.0','0.0','False','16','','','','','');
INSERT INTO "Contact" VALUES(33,'','','','','','','','Active','','','','','','Hotel church sound best break present close.','','','Decertified','','','Role tend moment herself opportunity key tonight. We health physical half ok. Explain expert bad create interesting word agreement. Eight nice plan none hospital.','False','2007-10-26','','','','Seek what rather kitchen remember. Air figure order hand project southern significant final.','','','','','Initial Inquiry','Stafford','False','','','','','','','','Mariah','Section mind nature total seek. Section on discover too continue new make. Involve modern line view.','Inactive','General info/Other','Copeland, Lawson and Quinn','Volunteer;Team Facilitator','Live.','specify','','','','','','','','','','True','Need Renewal','','','','','Basic Training','In Training','Operations- Client','','','Marketing- Website','','ma_stafford1970@example.org','mariah.stafford@example.net','Home','Personal','','False','Other','mstafford90@example.net','0091841256','0.0','70114.0','2005','2022-02-17','85055.0','0.0','2021-09-01','0.0','2021-09-08','Range less general draw thank. Into deep difference traditional nothing.','Here white sense beyond professional Mr right. Performance drug find term themselves election.','0.0','2021-04-20','2021-09-14','Household__c.Formal_Greeting__c','0.0','0.0','0.0','0.0','0.0','0.0','0.0','0.0','0.0','0.0','0.0','2191.0','72646.0','71207.0','82943.0','0.0','0.0','False','False','True','False','False','53337.0','2021-10-26','77185.0','2022-03-27','87343.0','','41820.0','79604.0','46388.0','24736.0','12889.0','0.0','False','137','','','','','');
INSERT INTO "Contact" VALUES(34,'','','','','','','','','','','','','','','','','','','','','False','','','','','','','','','','','Mccann','False','','','','','','','','Mindy','','','','','Volunteer','','','','','','','','','','','','False','','','','','','','','','','','','','mindy+mccann12@example.com','mi_mccann9@example.org','Home','Personal','Work','False','Home','mindy+mccann@example.net','001-042-002-2725','0.0','','','','','0.0','','0.0','','','','0.0','','','','0.0','0.0','0.0','0.0','0.0','0.0','0.0','0.0','0.0','0.0','0.0','','','','','0.0','0.0','False','False','False','False','False','','','','','','','','','','','','0.0','False','15','','','','','');
INSERT INTO "Contact" VALUES(35,'','','','','','','','Initial Inquiry','','','','','','Thing admit boy baby time company.','','','On Hold','','','Rise baby heart capital add everybody political. On reduce clear from my. Try enter skin only especially base course.','True','2015-12-04','','','','Common maintain hour conference suddenly. Type set democratic hundred off drug must same.','','','','','Certified','Johns','False','','','','','','','','Mason','Across almost movie. Top project now.','Active','Assistance Dogs Set in Motion Program','Horne, Solomon and Franco','Volunteer;Team Facilitator','Safe.','specify','','','','','','','','','','False','Need Renewal','','','','','Eye Dog','None','Active Projects- ADI','','','Administrative- General','','masonjohns9@example.com','ma-johns71@example.org','Home','Personal','','False','Other','mason+johns1943@example.com','720.973.2196x25711','0.0','76379.0','1989','2021-07-07','96050.0','0.0','2022-01-30','0.0','2022-04-06','Stop season across. Staff his around page. End east forget rule.','Usually across live. Kid popular bill run man. Remain lose exactly successful.','0.0','2021-07-21','2021-09-30','Household__c.Formal_Greeting__c','0.0','0.0','0.0','0.0','0.0','0.0','0.0','0.0','0.0','0.0','0.0','17078.0','13207.0','90965.0','15257.0','0.0','0.0','False','False','True','False','False','13263.0','2022-03-17','12911.0','2021-12-31','42413.0','','26622.0','55934.0','15049.0','6235.0','58853.0','0.0','False','16','','','','','');
INSERT INTO "Contact" VALUES(36,'','','','','','','','Active','','','','','','Economy thought pick.','','','On Hold','','','Also form him everything strong. Policy act customer many agree. Bill study science.','False','2022-02-06','','','','Alone tonight might necessary cup civil again. Who true attention collection none get.','','','','','Suspended','Mcdowell','False','','','','','','','','Henry','Animal onto leg mention billion. Meeting wide wind together national old.','None','Sweet Snoopers Training Program','Foster, Leblanc and Stephenson','Board Member','Cold site.','specify','','','','','','','','','','True','Up to Date','','','','','Emotional Trauma','Suspended','Sensitive Info- Volunteer and Staff','','','Administrative- General','','he-mcdowell69@example.org','h+mcdowell2@example.com','Home','Personal','','False','Home','he.mcdowell62@example.com','7211563534','0.0','57124.0','1996','2022-01-08','77779.0','0.0','2022-03-16','0.0','2021-09-08','Tonight knowledge mission customer investment animal. Place close yes meeting look type weight.','Anyone lose skill particular. As order law brother assume baby. Sea left positive benefit would.','0.0','2022-01-08','2022-03-02','Household__c.Informal_Greeting__c','0.0','0.0','0.0','0.0','0.0','0.0','0.0','0.0','0.0','0.0','0.0','4154.0','47789.0','31445.0','81771.0','0.0','0.0','False','False','False','True','False','68345.0','2021-11-10','99751.0','2021-11-14','18964.0','','57969.0','23886.0','18892.0','12429.0','41778.0','0.0','False','23','','','','','');
INSERT INTO "Contact" VALUES(37,'','','','','','','','Initial Inquiry','','','','','','Individual generation give key ago.','','','Initial Inquiry','','','Push interview nature travel least unit usually. People baby threat job inside during. Wait people reduce beautiful why.','False','2013-03-20','','','','He forget yourself be seven collection serious. Writer most blue whatever street scientist.','','','','','Certified','Mcpherson','False','','','','','','','','Dominic','Science life peace never.','None','Team Facilitator Certification','Serrano LLC','Board Member','Call.','he','','','','','','','','','','False','In Progress','','','','','Emotional Trauma','Inactive','Active Projects- Scholarships','','','Outreach- Dogs','','dominic-mcpherson7@example.com','d+mcpherson8@example.net','Home','Personal','','False','Work','do.mcpherson1965@example.net','+1-698-990-5149x00143','0.0','84788.0','1980','2022-01-10','34914.0','0.0','2021-11-18','0.0','2022-03-01','Instead specific future apply. Century beat thought plant cell partner bed kind. Week lose product.','Response hot arrive see senior manage themselves. Box discuss meeting however list national wrong.','0.0','2021-04-24','2021-07-12','Household__c.Informal_Greeting__c','0.0','0.0','0.0','0.0','0.0','0.0','0.0','0.0','0.0','0.0','0.0','74380.0','7245.0','7285.0','95604.0','0.0','0.0','False','False','False','True','False','61622.0','2022-03-04','91470.0','2021-12-28','67305.0','','64533.0','39600.0','36419.0','65487.0','77733.0','0.0','False','25','','','','','');
INSERT INTO "Contact" VALUES(38,'','','','','','','','None','','','','','','Yes free laugh system imagine hit.','','','None','','','Knowledge learn method worker white thing approach. Attack political land. Seem maintain along some high everything.','False','2014-03-28','','','','One effort word exist. Discussion particularly certain difficult wide. Service politics serve employee listen.','','','','','None','Golden','False','','','','','','','','Jeremy','Think dark home. Run high world majority.','None','Teams Set in Motion Program','Patel, Burgess and Lane','Volunteer;Team Facilitator Lead;Client','The.','they','','','','','','','','','','False','Up to Date','','','','','Hearing Dog','Inactive','Operations- Volunteer and Staff','','','Outreach- Clients','','je-golden@example.com','j.golden2012@example.com','Home','Personal','','False','Work','jgolden2011@example.org','829-517-8620','0.0','84798.0','1974','2021-06-09','92200.0','0.0','2021-07-03','0.0','2021-10-18','Hear available look personal high. System far clearly.','Despite mother challenge herself seek. Still budget memory mission.','0.0','2021-07-27','2021-05-16','Household__c.Informal_Greeting__c','0.0','0.0','0.0','0.0','0.0','0.0','0.0','0.0','0.0','0.0','0.0','60138.0','71637.0','15352.0','97627.0','0.0','0.0','False','False','False','True','False','94582.0','2021-07-26','45331.0','2021-06-25','86814.0','','16478.0','31092.0','55455.0','17088.0','29638.0','0.0','False','23','','','','','');
INSERT INTO "Contact" VALUES(39,'','','','','','','','Initial Inquiry','','','','','','Leg environmental situation despite.','','','Onboarding','','','Her although position particular TV including. Remain manager guy democratic policy provide deep.','False','2019-01-21','','','','Sit book whom significant one financial. Source present charge close. Phone source price total today.','','','','','None','Parsons','False','','','','','','','','Jaime','Speech health until they century hope necessary. Wait much environmental keep more.','Inactive','Trainer Certification','Mathews-Nelson','Volunteer;Team Facilitator','Threat.','specify','','','','','','','','','','False','In Progress','','','','','Hearing Dog','Initial Inquiry','Operations- Client','','','Outreach- Dogs','','ja-parsons11@example.org','japarsons1997@example.com','Home','Personal','','False','Work','japarsons8@example.net','(185)895-5489x4589','0.0','95208.0','1988','2022-01-14','57018.0','0.0','2021-06-15','0.0','2022-03-10','Enough as cup rock it size me. Sound bar campaign box gun peace article.','Political skill better research music prove.','0.0','2021-08-07','2021-07-01','Household__c.Name','0.0','0.0','0.0','0.0','0.0','0.0','0.0','0.0','0.0','0.0','0.0','44334.0','53137.0','3847.0','12602.0','0.0','0.0','False','False','False','False','True','18717.0','2021-06-15','7756.0','2021-08-02','92045.0','','52972.0','47265.0','13965.0','86042.0','77574.0','0.0','False','25','','','','','');
INSERT INTO "Contact" VALUES(40,'','','','','','','','Onboarding','','','','','','Plan after suggest however.','','','On Hold','','','Goal consumer partner crime near. We billion human everyone nor. Job quality state manager effect.','True','2007-09-15','','','','Whom scientist page add during. Could those thus involve theory.','','','','','Onboarding','Escobar','False','','','','','','','','Kara','Often perhaps do feeling. Unit friend animal while response view but.','Active','Team Facilitator Certification','Sheppard, Cobb and Taylor','Volunteer;Team Facilitator','Can know.','they','','','','','','','','','','False','Need Renewal','','','','','Eye Dog','In Training','Sensitive Info- Trainer','','','Marketing- Events','','kaescobar61@example.com','k.escobar64@example.org','Home','Personal','','False','Home','ka+escobar7@example.net','(206)400-1131x3133','0.0','71289.0','1972','2022-01-26','26115.0','0.0','2021-09-21','0.0','2021-11-22','Offer better onto across. Standard of hit day network.','Military price include these recent second agreement. Get wife modern nice soldier hospital.','0.0','2022-02-09','2022-01-18','Household__c.Formal_Greeting__c','0.0','0.0','0.0','0.0','0.0','0.0','0.0','0.0','0.0','0.0','0.0','1490.0','98041.0','38138.0','3284.0','0.0','0.0','False','False','True','False','False','84292.0','2021-04-22','71170.0','2021-10-11','28088.0','','41948.0','26191.0','43059.0','22210.0','77623.0','0.0','False','25','','','','','');
INSERT INTO "Contact" VALUES(41,'','','','','','','','Active','','','','','','Image issue may simply real society.','','','Certified','','','Industry very rich go all rather. Believe plan either cover population.','False','2016-09-19','','','','Rather analysis cover receive nice suffer. Once then listen another culture visit. Serious nation present onto find.','','','','','Inactive','Cantrell','False','','','','','','','','William','Another watch hope class music use sell. Car above wonder stand hundred threat leave. New reach movie five.','None','Assistance Dogs Set in Motion Program','Short-Reid','Trainer;Client','Occur.','he','','','','','','','','','','False','None','','','','','Basic Training','Onboarding','Active Projects- Academy','','','Outreach- Diversity','','w+cantrell5@example.org','wicantrell9@example.org','Home','Personal','','False','Other','w_cantrell1965@example.org','001-957-457-0313','0.0','19124.0','2002','2022-01-31','76909.0','0.0','2021-08-23','0.0','2022-03-21','Live whatever budget. Skill body role item tree. Budget sing institution inside follow.','Style receive of want weight challenge. Adult tough pay action.','0.0','2021-11-13','2022-03-31','Household__c.Name','0.0','0.0','0.0','0.0','0.0','0.0','0.0','0.0','0.0','0.0','0.0','19690.0','93498.0','64652.0','18211.0','0.0','0.0','False','False','False','False','True','19936.0','2021-07-26','19286.0','2022-03-10','38061.0','','71242.0','16567.0','45704.0','81714.0','80734.0','0.0','False','27','','','','','');
INSERT INTO "Contact" VALUES(42,'','','','','','','','None','','','','','','Particular after order television relate while use.','','','Decertified','','','Church beat process discuss.','True','2010-02-07','','','','Consider become learn arrive. Plant miss hard personal large road our.','','','','','In Training','Avery','False','','','','','','','','Bridget','Do parent feel food possible boy example only. Language sense white these use trip resource.','None','General info/Other','Duarte and Sons','Volunteer;Trainer','Section.','specify','','','','','','','','','','False','In Progress','','','','','Eye Dog','Suspended','Active Projects- Governance, Compliance and Operations','','','Academy-Content Creator','','br.avery@example.com','b-avery2011@example.org','Home','Personal','','False','Other','b-avery@example.com','236-734-6488','0.0','34199.0','2001','2022-02-16','42169.0','0.0','2021-04-23','0.0','2021-12-23','Least have work church before place. Themselves spend every fill son.','Grow safe risk significant actually ever. Onto main card top Republican series.','0.0','2021-09-21','2021-08-25','Household__c.Name','0.0','0.0','0.0','0.0','0.0','0.0','0.0','0.0','0.0','0.0','0.0','97375.0','52413.0','62011.0','43626.0','0.0','0.0','False','False','False','False','True','30483.0','2022-01-30','33.0','2021-08-11','68315.0','','42521.0','70947.0','91646.0','18382.0','58344.0','0.0','False','27','','','','','');
INSERT INTO "Contact" VALUES(43,'','','','','','','','Onboarding','','','','','','Although memory before politics region.','','','Onboarding','','','Edge response majority start mission road. Establish threat fight poor.','False','2006-07-13','','','','Consider reality news. Game Mr impact deal sound before.','','','','','Suspended','Jones','False','','','','','','','','Regina','Rule baby health although study purpose. Bill risk television.','Inactive','Sponsorship/Donations','Holder-Ortega','Volunteer','Wish.','she','','','','','','','','','','False','Up to Date','','','','','Basic Training','Inactive','Board','','','Marketing- Events','','rejones1959@example.org','re+jones@example.net','Home','Personal','','False','Work','r_jones58@example.net','077-097-9746x81129','0.0','65466.0','1995','2021-11-27','52343.0','0.0','2021-10-02','0.0','2022-01-20','Continue power nice without. Stop necessary television way stock voice social.','Process authority executive there past dark poor forget. Just green thought society about choice.','0.0','2021-11-26','2022-01-07','Household__c.Formal_Greeting__c','0.0','0.0','0.0','0.0','0.0','0.0','0.0','0.0','0.0','0.0','0.0','32921.0','4522.0','34139.0','94368.0','0.0','0.0','False','False','True','False','False','22411.0','2022-03-30','95245.0','2021-04-25','18808.0','','75867.0','67750.0','81192.0','60062.0','94375.0','0.0','False','27','','','','','');
INSERT INTO "Contact" VALUES(44,'','','','','','','','Inactive','','','','','','Morning we score such war.','','','Onboarding','','','Military matter great future order realize. Article wife for evening data join phone. Guy center author quite hand.','True','2011-01-23','','','','Billion memory song movement. Activity finish never down.','','','','','In Training','Nolan','False','','','','','','','','Edgar','Build bed size use lay he all. Student easy cell system like cold argue financial. Risk system Congress senior method weight. Put key meeting.','Active','Volunteering','English-Lyons','Volunteer;Trainer','For.','they','','','','','','','','','','False','In Progress','','','','','Emotional Trauma','In Training','Active Projects- State Registration','','','Academy-Content Editor','','edgar.nolan1958@example.com','ed.nolan1951@example.org','Home','Personal','','False','Work','edgarnolan3@example.com','001-823-634-4085','0.0','93085.0','1981','2021-05-06','47967.0','0.0','2021-04-30','0.0','2022-01-28','Almost will easy. Television our management animal.','Over moment yeah ability democratic five organization.','0.0','2022-03-06','2021-11-19','Household__c.Informal_Greeting__c','0.0','0.0','0.0','0.0','0.0','0.0','0.0','0.0','0.0','0.0','0.0','80931.0','62610.0','82571.0','19209.0','0.0','0.0','False','False','False','True','False','24701.0','2021-12-28','89399.0','2021-07-14','70790.0','','9974.0','91365.0','22742.0','28919.0','38714.0','0.0','False','29','','','','','');
INSERT INTO "Contact" VALUES(45,'','','','','','','','','','','','','','','','','','','','','False','','','','','','','','','','','Sherman','False','','','','','','','','Billy','','','','','Volunteer','','','','','','','','','','','','False','','','','','','','','','','','','','b-sherman64@example.com','bi.sherman8@example.com','Home','Personal','','False','Work','b_sherman1979@example.com','001-087-738-4650x893','0.0','','','','','0.0','','0.0','','','','0.0','','','','0.0','0.0','0.0','0.0','0.0','0.0','0.0','0.0','0.0','0.0','0.0','','','','','0.0','0.0','False','False','False','False','False','','','','','','','','','','','','0.0','False','44','','','','','');
INSERT INTO "Contact" VALUES(46,'','','','','','','','Initial Inquiry','','','','','','Audience newspaper gas.','','','Certified','','','Spend mother similar cup collection bar suggest. Including hope serious interest. Share explain specific morning fear.','False','2020-08-23','','','','Analysis evidence keep room. Five might happen. Reflect I machine treatment.','','','','','In Training','Irwin','False','','','','','','','','Miranda','Wish money resource early admit. Difficult seem spend yeah. Cover opportunity the admit material Republican send arm. Nor everything agency never power within meeting.','Active','Client Certification','Baird, Good and Branch','Staff','Drug.','they','','','','','','','','','','True','Up to Date','','','','','Eye Dog','In Training','Sensitive Info- Trainer','','','Outreach- Clients','','miranda_irwin@example.com','miranda.irwin98@example.net','Home','Personal','','False','Other','mirandairwin1991@example.org','001-426-809-5337x8163','0.0','8787.0','1981','2021-07-07','34641.0','0.0','2022-01-26','0.0','2021-04-27','Particular floor size quite attention front reflect. Leg face agreement although participant.','Often model me shoulder able ready onto. History dinner stuff civil picture.','0.0','2022-03-19','2021-07-07','Household__c.Name','0.0','0.0','0.0','0.0','0.0','0.0','0.0','0.0','0.0','0.0','0.0','97394.0','65508.0','71075.0','6770.0','0.0','0.0','False','False','False','False','True','55577.0','2022-02-25','30202.0','2021-11-08','35311.0','','77085.0','54043.0','10096.0','32548.0','75837.0','0.0','False','3','','','','','');
INSERT INTO "Contact" VALUES(47,'','','','','','','','None','','','','','','Fine reach professor.','','','On Hold','','','Choose stock page. Eye at drop he Democrat.','True','2016-09-19','','','','Call reflect listen head myself model. Movement full interesting free tax. Popular new enough various next. Information two site listen human anything reduce.','','','','','In Training','Nguyen','False','','','','','','','','Kristopher','Its set sport outside sign. Push expect be letter go. Here become election small often show bit.','Active','Teams Set in Motion Program','Stephenson-Crane','Team Facilitator Lead','Door.','she','','','','','','','','','','False','None','','','','','Epilepsy','None','Active Projects- Research and Development','','','Marketing- Video','','kr_nguyen61@example.com','kr+nguyen7@example.org','Home','Personal','','False','Other','kr_nguyen1976@example.net','+1-004-568-6252x808','0.0','69874.0','1995','2022-03-05','13111.0','0.0','2021-05-01','0.0','2021-04-18','Hold think those probably. Sit author college agency daughter production.','Government live stuff skin big. Forget theory beyond such. Task look drop small spend.','0.0','2021-08-09','2022-02-11','Household__c.Name','0.0','0.0','0.0','0.0','0.0','0.0','0.0','0.0','0.0','0.0','0.0','82828.0','24088.0','63903.0','77333.0','0.0','0.0','False','False','False','False','True','22507.0','2021-04-28','63869.0','2021-08-31','25904.0','','17830.0','94261.0','89635.0','71125.0','37097.0','0.0','False','3','','','','','');
INSERT INTO "Contact" VALUES(48,'','','','','','','','Inactive','','','','','','Something end whole relationship line fear voice.','','','In Training','','','Occur capital why. Right wall Democrat or.','False','2008-02-10','','','','Order six share drive term. Rich voice magazine series after. Choose ever she product interest station. Coach consider eat range want because usually.','','','','','Suspended','Shepherd','False','','','','','','','','Gail','Lawyer cold mention beautiful hope. Finish century return ball meeting. Try head trouble brother.','Active','Assistance Dogs Set in Motion Program','Lara Group','Volunteer;Team Facilitator Lead;Client','Best else.','she','','','','','','','','','','True','Need Renewal','','','','','Epilepsy','Suspended','Operations- Trainer','','','Marketing- Events','','ga_shepherd1988@example.com','g_shepherd@example.org','Home','Personal','','False','Other','g.shepherd@example.net','460.566.3144','0.0','2803.0','2015','2022-03-22','89900.0','0.0','2022-03-20','0.0','2022-01-01','Director catch write without agreement loss. Tv rate administration perform stay need.','Collection performance trial. Everyone line difference someone.','0.0','2021-12-29','2022-02-25','Household__c.Formal_Greeting__c','0.0','0.0','0.0','0.0','0.0','0.0','0.0','0.0','0.0','0.0','0.0','40141.0','17241.0','29331.0','41102.0','0.0','0.0','False','False','True','False','False','19505.0','2021-05-22','6943.0','2021-08-14','23056.0','','51140.0','96744.0','33217.0','74094.0','83260.0','0.0','False','33','','','','','');
INSERT INTO "Contact" VALUES(49,'','','','','','','','Initial Inquiry','','','','','','Point popular hospital will rise.','','','Certified','','','Friend would involve guy audience investment.','False','2009-11-28','','','','Specific just machine service describe. Everybody continue series. Television nation half growth I build put.','','','','','In Training','Waters','False','','','','','','','','Pamela','Executive size nation on voice.','Active','Client Certification','Hill-Carter','Trainer;Client','Water.','she','','','','','','','','','','True','None','','','','','Basic Training','Suspended','Sensitive Info- Volunteer and Staff','','','Marketing- Advertising','','pamelawaters1999@example.com','pwaters@example.com','Home','Personal','','False','Home','pa_waters2001@example.com','2069946847','0.0','76175.0','1974','2021-08-23','26778.0','0.0','2022-02-03','0.0','2021-05-21','Before goal picture news woman school generation. Part state president may learn.','Majority necessary relate page sing live. Operation resource yes friend traditional.','0.0','2021-07-29','2021-05-15','Household__c.Name','0.0','0.0','0.0','0.0','0.0','0.0','0.0','0.0','0.0','0.0','0.0','82598.0','77571.0','1221.0','70985.0','0.0','0.0','False','False','False','False','True','60880.0','2022-02-10','50000.0','2021-08-27','34518.0','','43909.0','99106.0','46571.0','33945.0','21452.0','0.0','False','33','','','','','');
INSERT INTO "Contact" VALUES(50,'','','','','','','','','','','','','','','','','','','','','False','','','','','','','','','','','Scott','False','','','','','','','','Francisco','','','','','Volunteer','','','','','','','','','','','','False','','','','','','','','','','','','','fr+scott00@example.org','fr.scott@example.net','Home','Personal','Work','False','Work','frscott8@example.org','001-127-031-5132x097','0.0','','','','','0.0','','0.0','','','','0.0','','','','0.0','0.0','0.0','0.0','0.0','0.0','0.0','0.0','0.0','0.0','0.0','','','','','0.0','0.0','False','False','False','False','False','','','','','','','','','','','','0.0','False','35','','','','','');
INSERT INTO "Contact" VALUES(51,'','','','','','','','Active','','','','','','Particularly report owner agree.','','','Inactive','','','Window nor station why.','True','2000-06-22','','','','Parent example expert big room dog often visit.','','','','','Onboarding','Gaines','False','','','','','','','','Joshua','Pay including reduce threat way employee. Discussion hear appear work area. Where summer contain lead.','Active','Assistance Dogs Set in Motion Program','Becker-Harrington','Trainer;Client','Still.','he','','','','','','','','','','True','In Progress','','','','','Eye Dog','In Training','Active Projects- Dog Availability','','','Marketing- SEO','','j.gaines7@example.com','joshuagaines5@example.net','Home','Personal','','False','Work','jo.gaines3@example.org','0483039422','0.0','13969.0','1997','2022-03-30','90201.0','0.0','2021-08-07','0.0','2022-01-07','Current agree hand may single wall. Likely according sometimes when stand.','Today human instead machine successful. Everybody serious though effort man can practice.','0.0','2021-05-22','2021-09-22','Household__c.Informal_Greeting__c','0.0','0.0','0.0','0.0','0.0','0.0','0.0','0.0','0.0','0.0','0.0','34803.0','40007.0','46189.0','21196.0','0.0','0.0','False','False','False','True','False','75088.0','2021-06-11','14352.0','2021-10-02','37269.0','','17455.0','96223.0','22809.0','82373.0','19586.0','0.0','False','36','','','','','');
INSERT INTO "Contact" VALUES(52,'','','','','','','','','','','','','','','','','','','','','False','','','','','','','','','','','Webster','False','','','','','','','','George','','','','','Volunteer','','','','','','','','','','','','False','','','','','','','','','','','','','georgewebster85@example.net','gwebster0@example.com','Home','Personal','','False','Work','ge_webster6@example.net','001-999-016-1757','0.0','','','','','0.0','','0.0','','','','0.0','','','','0.0','0.0','0.0','0.0','0.0','0.0','0.0','0.0','0.0','0.0','0.0','','','','','0.0','0.0','False','False','False','False','False','','','','','','','','','','','','0.0','False','44','','','','','');
INSERT INTO "Contact" VALUES(53,'','','','','','','','Inactive','','','','','','Bed red write similar TV.','','','None','','','Those south a cup down her hand record.','True','2019-03-15','','','','Project do truth rise carry investment camera. Could surface property involve senior.','','','','','In Training','Coleman','False','','','','','','','','Cristina','Computer place garden remember paper. His structure outside tend. Can value operation.','None','Sweet Snoopers Training Program','Edwards Inc','Volunteer;Trainer','Provide.','she','','','','','','','','','','True','Need Renewal','','','','','Emotional Trauma','Initial Inquiry','Board - READ ONLY','','','Marketing- Graphic Design','','c-coleman67@example.net','cristinacoleman@example.com','Home','Personal','','False','Home','cristina+coleman5@example.com','164.684.9720','0.0','21241.0','1978','2021-05-17','49242.0','0.0','2022-01-26','0.0','2022-01-14','Morning guy month message. Break party southern indicate writer along.','Particularly what degree population.','0.0','2021-10-08','2021-12-05','Household__c.Name','0.0','0.0','0.0','0.0','0.0','0.0','0.0','0.0','0.0','0.0','0.0','36080.0','2005.0','3878.0','86332.0','0.0','0.0','False','False','False','False','True','81229.0','2022-03-27','3629.0','2021-10-06','84170.0','','68269.0','51349.0','11652.0','5489.0','56190.0','0.0','False','44','','','','','');
INSERT INTO "Contact" VALUES(54,'','','','','','','','Active','','','','','','Year nothing assume lead.','','','Certified','','','Agree what amount training player build experience. Effect all west police begin someone attack. Major both middle fall on live trouble. Writer ready offer public reach.','False','2007-05-04','','','','Population dark economic. With lay such process traditional Mr. Democrat community live human plan ten. Firm writer standard.','','','','','In Training','Mcfarland','False','','','','','','','','Shelly','As friend series beyond at picture past. Improve close style prepare soldier ever. Give common truth professional.','None','Client Certification','Sweeney-Chase','Trainer','Us ground.','specify','','','','','','','','','','True','In Progress','','','','','Hearing Dog','Initial Inquiry','Sensitive Info- Volunteer and Staff','','','Marketing- Events','','shelly.mcfarland@example.com','s.mcfarland73@example.com','Home','Personal','','False','Work','s+mcfarland@example.org','+1-324-255-8844x386','0.0','9356.0','2020','2021-10-28','40167.0','0.0','2022-04-10','0.0','2022-03-14','Less site look chance seek. Yes red laugh sort. Anything bring wrong.','Recently describe police pass. Really on main son bad rock this. Present out affect change.','0.0','2021-07-06','2021-11-06','Household__c.Name','0.0','0.0','0.0','0.0','0.0','0.0','0.0','0.0','0.0','0.0','0.0','92970.0','84265.0','19694.0','24122.0','0.0','0.0','False','False','False','False','True','60455.0','2022-02-18','36593.0','2021-07-27','22119.0','','91698.0','82752.0','92032.0','8823.0','58113.0','0.0','False','44','','','','','');
INSERT INTO "Contact" VALUES(55,'','','','','','','','Onboarding','','','','','','Business movie paper involve education.','','','In Training','','','Few poor community type think sport memory. Shoulder whom fear industry structure then.','False','2012-07-28','','','','Plant population collection nor. Community say my. Probably meet believe employee reality service culture ask. Benefit its draw staff standard keep.','','','','','Initial Inquiry','Waller','False','','','','','','','','Tracy','Often find police his claim. Recent low voice leg material. Major fish technology onto actually bank world. Kitchen thus play her present.','Inactive','General info/Other','Ryan LLC','Trainer','Music.','they','','','','','','','','','','False','In Progress','','','','','Epilepsy','Suspended','Active Projects- Community Outreach and Education','','','Outreach- Clients','','tr_waller@example.com','t_waller97@example.net','Home','Personal','','False','Other','twaller1962@example.net','+1-977-597-9228','0.0','99126.0','1983','2022-01-16','91461.0','0.0','2021-08-21','0.0','2022-01-29','Growth trouble firm guess. Ball change remain personal senior.','Quite audience follow program before just hit home. Bed respond seven spend tonight chair way.','0.0','2021-06-30','2021-08-03','Household__c.Name','0.0','0.0','0.0','0.0','0.0','0.0','0.0','0.0','0.0','0.0','0.0','82805.0','32098.0','68518.0','35917.0','0.0','0.0','False','False','False','False','True','39731.0','2021-08-21','60292.0','2021-10-14','28252.0','','81843.0','23228.0','62502.0','57757.0','92257.0','0.0','False','46','','','','','');
INSERT INTO "Contact" VALUES(56,'','','','','','','','Initial Inquiry','','','','','','Practice go vote television since operation.','','','Initial Inquiry','','','East yard white against above yet. Hear trial truth hit important. Sometimes care begin stay.','True','2020-08-10','','','','Forget career reach recent somebody. Sort social parent seek.','','','','','Inactive','Petersen','False','','','','','','','','Austin','Serious issue main strategy program public into. Social because contain low. Quality prove choice ever.','Inactive','Sweet Snoopers Training Program','Mckenzie-Key','Team Facilitator','Perhaps.','they','','','','','','','','','','False','In Progress','','','','','Basic Training','Onboarding','Active Projects- Research and Development','','','Outreach- Clients','','austin-petersen@example.com','austin_petersen@example.com','Home','Personal','','False','Other','austinpetersen48@example.com','+1-672-019-5737x4794','0.0','74278.0','1995','2021-07-17','82933.0','0.0','2021-09-10','0.0','2022-03-07','Grow trip lead. Number majority never arrive.','Tend people daughter modern worker because. Why case executive benefit everything.','0.0','2021-07-27','2022-02-23','Household__c.Informal_Greeting__c','0.0','0.0','0.0','0.0','0.0','0.0','0.0','0.0','0.0','0.0','0.0','4652.0','52707.0','2134.0','76561.0','0.0','0.0','False','False','False','True','False','49831.0','2021-08-23','10968.0','2022-02-15','15421.0','','82297.0','77835.0','59643.0','9888.0','74909.0','0.0','False','44','','','','','');
INSERT INTO "Contact" VALUES(57,'','','','','','','','','','','','','','','','','','','','','False','','','','','','','','','','','Boyle','False','','','','','','','','Maxwell','','','','','Volunteer','','','','','','','','','','','','False','','','','','','','','','','','','','ma-boyle11@example.org','maxwell_boyle0@example.org','Home','Personal','','False','Work','maxwell-boyle@example.org','0870488509','0.0','','','','','0.0','','0.0','','','','0.0','','','','0.0','0.0','0.0','0.0','0.0','0.0','0.0','0.0','0.0','0.0','0.0','','','','','0.0','0.0','False','False','False','False','False','','','','','','','','','','','','0.0','False','46','','','','','');
INSERT INTO "Contact" VALUES(58,'','','','','','','','','','','','','','','','','','','','','False','','','','','','','','','','','Houston','False','','','','','','','','Taylor','','','','','Volunteer','','','','','','','','','','','','False','','','','','','','','','','','','','t+houston3@example.net','taylor-houston@example.com','Home','Personal','','False','Work','ta_houston78@example.net','6472027724','0.0','','','','','0.0','','0.0','','','','0.0','','','','0.0','0.0','0.0','0.0','0.0','0.0','0.0','0.0','0.0','0.0','0.0','','','','','0.0','0.0','False','False','False','False','False','','','','','','','','','','','','0.0','False','46','','','','','');
INSERT INTO "Contact" VALUES(59,'','','','','','','','','','','','','','','','','','','','','False','','','','','','','','','','','Mcdaniel','False','','','','','','','','Ronald','','','','','Volunteer','','','','','','','','','','','','False','','','','','','','','','','','','','romcdaniel4@example.org','ronaldmcdaniel8@example.com','Home','Personal','','False','Home','ronaldmcdaniel@example.net','+1-856-977-2047','0.0','','','','','0.0','','0.0','','','','0.0','','','','0.0','0.0','0.0','0.0','0.0','0.0','0.0','0.0','0.0','0.0','0.0','','','','','0.0','0.0','False','False','False','False','False','','','','','','','','','','','','0.0','False','48','','','','','');
INSERT INTO "Contact" VALUES(60,'','','','','','','','','','','','','','','','','','','','','False','','','','','','','','','','','Powers','False','','','','','','','','Audrey','','','','','Volunteer','','','','','','','','','','','','False','','','','','','','','','','','','','audrey_powers1944@example.com','audrey_powers@example.org','Home','Personal','','False','Other','audrey+powers@example.com','179-353-2097x858','0.0','','','','','0.0','','0.0','','','','0.0','','','','0.0','0.0','0.0','0.0','0.0','0.0','0.0','0.0','0.0','0.0','0.0','','','','','0.0','0.0','False','False','False','False','False','','','','','','','','','','','','0.0','False','48','','','','','');
INSERT INTO "Contact" VALUES(61,'','','','','','','','','','','','','','','','','','','','','False','','','','','','','','','','','Edwards','False','','','','','','','','Doris','','','','','Volunteer','','','','','','','','','','','','False','','','','','','','','','','','','','do.edwards@example.net','doris+edwards1945@example.org','Home','Personal','','False','Home','doedwards4@example.org','452.831.5736x8795','0.0','','','','','0.0','','0.0','','','','0.0','','','','0.0','0.0','0.0','0.0','0.0','0.0','0.0','0.0','0.0','0.0','0.0','','','','','0.0','0.0','False','False','False','False','False','','','','','','','','','','','','0.0','False','50','','','','','');
INSERT INTO "Contact" VALUES(62,'','','','','','','','Onboarding','','','','','','One to right laugh activity small a.','','','Inactive','','','Anything film do moment. Big but less history always. Fire modern out kid.','True','2000-05-19','','','','Citizen send low hope minute threat.','','','','','In Training','Bender','False','','','','','','','','Megan','Card kind time. Support news last plant.','Active','Team Facilitator Certification','French, Flores and Daniel','Trainer;Client','Kitchen.','they','','','','','','','','','','False','Need Renewal','','','','','Basic Training','Initial Inquiry','Active Projects- ADI','','','Marketing- Website','','m-bender@example.net','mebender58@example.net','Home','Personal','','False','Home','meganbender46@example.com','050.199.3303','0.0','63243.0','1988','2021-10-02','73249.0','0.0','2021-11-16','0.0','2022-01-05','Style right age site environmental program. See notice behavior base marriage company the standard.','South without team most cover. Population sort visit far teacher Republican.','0.0','2021-08-30','2021-10-12','Household__c.Informal_Greeting__c','0.0','0.0','0.0','0.0','0.0','0.0','0.0','0.0','0.0','0.0','0.0','1912.0','82461.0','20318.0','7146.0','0.0','0.0','False','False','False','True','False','96375.0','2021-06-17','72307.0','2021-08-21','55970.0','','60331.0','70473.0','85480.0','5971.0','14134.0','0.0','False','48','','','','','');
INSERT INTO "Contact" VALUES(63,'','','','','','','','Inactive','','','','','','Doctor way across value eight knowledge.','','','Certified','','','Hot statement treat later. Significant wrong man message. Three heart brother. Pattern tough risk soldier meet.','False','2006-06-11','','','','Office possible rise available paper term wish.','','','','','Initial Inquiry','Heath','False','','','','','','','','Savannah','Base whether to home consumer recognize. Response certain crime think activity school. Natural sell education ahead loss.','Active','Team Facilitator Certification','Klein-Wise','Donor','Time.','she','','','','','','','','','','True','None','','','','','Hearing Dog','Initial Inquiry','Active Projects- Client Certification','','','Administrative- Volunteer','','sa+heath@example.org','s_heath82@example.net','Home','Personal','','False','Other','s+heath07@example.net','(294)100-6091','0.0','73957.0','2019','2021-12-05','52895.0','0.0','2021-10-24','0.0','2021-04-24','Agreement area research ago forward. Before detail again central significant third oil.','Air as certain somebody middle clearly.','0.0','2021-06-21','2021-08-27','Household__c.Name','0.0','0.0','0.0','0.0','0.0','0.0','0.0','0.0','0.0','0.0','0.0','61142.0','70081.0','99921.0','13214.0','0.0','0.0','False','False','False','False','True','72118.0','2021-08-04','65114.0','2021-05-27','90098.0','','78950.0','68591.0','75272.0','78523.0','59225.0','0.0','False','48','','','','','');
INSERT INTO "Contact" VALUES(64,'','','','','','','','None','','','','','','Find might suggest school.','','','Certified','','','Choice responsibility require sound though. Section mean area throughout.','True','2007-10-18','','','','Surface have they carry.','','','','','Inactive','Phillips','False','','','','','','','','Tristan','Among fund provide federal admit. Story visit only between such.','Active','Assistance Dogs Set in Motion Program','Holden Group','Donor','Onto.','specify','','','','','','','','','','False','Need Renewal','','','','','Eye Dog','Certified','Active Projects- ADI','','','Outreach- Dogs','','tristanphillips6@example.org','tr-phillips48@example.org','Home','Personal','','False','Home','tr_phillips4@example.com','(581)215-1106','0.0','9209.0','2018','2022-02-08','6061.0','0.0','2022-01-11','0.0','2021-11-15','Wind through already customer left since despite. Over community that try.','Foreign kind matter side close surface center. Election record officer amount.','0.0','2021-10-03','2022-02-18','Household__c.Name','0.0','0.0','0.0','0.0','0.0','0.0','0.0','0.0','0.0','0.0','0.0','87130.0','41970.0','59751.0','13300.0','0.0','0.0','False','False','False','False','True','80844.0','2021-05-09','57436.0','2021-12-05','92786.0','','39338.0','31515.0','10013.0','43889.0','35029.0','0.0','False','5','','','','','');
INSERT INTO "Contact" VALUES(65,'','','','','','','','','','','','','','','','','','','','','False','','','','','','','','','','','Waller','False','','','','','','','','Connor','','','','','Volunteer','','','','','','','','','','','','False','','','','','','','','','','','','','connor_waller1964@example.net','cowaller8@example.org','Home','Personal','','False','Work','connor_waller@example.net','296.409.9816x6204','0.0','','','','','0.0','','0.0','','','','0.0','','','','0.0','0.0','0.0','0.0','0.0','0.0','0.0','0.0','0.0','0.0','0.0','','','','','0.0','0.0','False','False','False','False','False','','','','','','','','','','','','0.0','False','50','','','','','');
INSERT INTO "Contact" VALUES(66,'','','','','','','','','','','','','','','','','','','','','False','','','','','','','','','','','Lindsey','False','','','','','','','','Jimmy','','','','','Volunteer','','','','','','','','','','','','False','','','','','','','','','','','','','jimmy.lindsey77@example.com','jimmy.lindsey@example.com','Home','Personal','','False','Work','j-lindsey6@example.com','+1-723-226-5793x84817','0.0','','','','','0.0','','0.0','','','','0.0','','','','0.0','0.0','0.0','0.0','0.0','0.0','0.0','0.0','0.0','0.0','0.0','','','','','0.0','0.0','False','False','False','False','False','','','','','','','','','','','','0.0','False','54','','','','','');
INSERT INTO "Contact" VALUES(67,'','','','','','','','Inactive','','','','','','Interest international year.','','','Initial Inquiry','','','Common age former again suddenly offer. Provide address usually market remember.','True','2004-12-14','','','','How might year. Give main lawyer commercial see source. Lay represent born condition shoulder per.','','','','','Inactive','Perry','False','','','','','','','','Frances','Home white box. Stand foreign difficult light local.','Inactive','Trainer Certification','Bailey, Sharp and Church','Trainer','Common.','she','','','','','','','','','','True','None','','','','','Basic Training','Certified','Active Projects- Technology Infrastructure','','','Administrative- Volunteer','','fr+perry5@example.net','frances+perry9@example.net','Home','Personal','','False','Other','fr-perry1954@example.com','158-961-2307x3332','0.0','97564.0','1997','2021-08-14','62347.0','0.0','2021-12-22','0.0','2022-01-20','Itself like discover difficult. Training thousand after how author half discuss.','Middle view modern company. Management pick wonder box.','0.0','2021-10-04','2022-03-03','Household__c.Formal_Greeting__c','0.0','0.0','0.0','0.0','0.0','0.0','0.0','0.0','0.0','0.0','0.0','78262.0','97937.0','34985.0','62907.0','0.0','0.0','False','False','True','False','False','76873.0','2021-05-31','84833.0','2022-03-05','42847.0','','1201.0','94573.0','22713.0','6310.0','82583.0','0.0','False','50','','','','','');
INSERT INTO "Contact" VALUES(68,'','','','','','','','None','','','','','','Drive whole despite player live machine car.','','','Inactive','','','Nice religious into yes hundred unit sometimes. Table population pick glass better into tonight speech. Statement source indicate.','True','2003-02-02','','','','Shoulder star ever like pattern condition behind. Thus knowledge whom with boy wear. Focus similar surface once.','','','','','Onboarding','Mcclure','False','','','','','','','','Betty','Including explain town. Skill decade occur style sport. Always picture soldier several.','Active','Sweet Snoopers Training Program','Werner, Kelly and Snow','Volunteer;Team Facilitator Lead;Client','Tax.','he','','','','','','','','','','True','None','','','','','Hearing Dog','Inactive','Active Projects- Community Outreach and Education','','','Marketing- Website','','betty-mcclure5@example.com','bemcclure@example.org','Home','Personal','','False','Other','b-mcclure2008@example.net','001-577-560-9853','0.0','47241.0','1999','2021-06-18','65059.0','0.0','2022-01-06','0.0','2021-12-17','Whether would kind exactly yet official whom. Employee pressure shake network partner.','Itself size responsibility another hard behavior. Book couple fact alone check every budget.','0.0','2022-02-25','2021-05-31','Household__c.Name','0.0','0.0','0.0','0.0','0.0','0.0','0.0','0.0','0.0','0.0','0.0','97390.0','38686.0','76292.0','35678.0','0.0','0.0','False','False','False','False','True','38406.0','2021-06-23','97178.0','2022-01-08','52986.0','','69006.0','14668.0','95282.0','33374.0','33941.0','0.0','False','50','','','','','');
INSERT INTO "Contact" VALUES(69,'','','','','','','','None','','','','','','Almost seat however.','','','Inactive','','','Agreement beyond record some. Top nice partner detail plan.','False','2020-02-17','','','','Security region long key. Task herself system anything. Change language then happy Mr yourself look.','','','','','In Training','Burgess','False','','','','','','','','Erik','Effort particularly center impact three thing agreement. From expect billion main our.','Inactive','Volunteering','Buckley-Blair','Board Member','Perform.','specify','','','','','','','','','','True','In Progress','','','','','Epilepsy','Suspended','Active Projects- Research and Development','','','Marketing- Advertising','','erik_burgess43@example.net','er_burgess1@example.org','Home','Personal','','False','Home','eburgess68@example.org','+1-038-093-8416x09159','0.0','52162.0','2006','2022-02-08','90094.0','0.0','2021-10-19','0.0','2021-06-26','Scene draw else language news some. Key or seem computer.','Ability size large visit present. Near author take future simply.','0.0','2021-06-28','2021-12-05','Household__c.Name','0.0','0.0','0.0','0.0','0.0','0.0','0.0','0.0','0.0','0.0','0.0','182.0','93070.0','83871.0','7559.0','0.0','0.0','False','False','False','False','True','98813.0','2021-05-03','85683.0','2021-10-03','68629.0','','64895.0','29171.0','40570.0','50107.0','44489.0','0.0','False','50','','','','','');
INSERT INTO "Contact" VALUES(70,'','','','','','','','','','','','','','','','','','','','','False','','','','','','','','','','','Koch','False','','','','','','','','Carol','','','','','Volunteer','','','','','','','','','','','','False','','','','','','','','','','','','','ckoch2012@example.com','ca.koch3@example.net','Home','Personal','','False','Home','carol.koch09@example.org','750.656.7892x7226','0.0','','','','','0.0','','0.0','','','','0.0','','','','0.0','0.0','0.0','0.0','0.0','0.0','0.0','0.0','0.0','0.0','0.0','','','','','0.0','0.0','False','False','False','False','False','','','','','','','','','','','','0.0','False','54','','','','','');
INSERT INTO "Contact" VALUES(71,'','','','','','','','Onboarding','','','','','','If she fly citizen.','','','None','','','Himself rather forget open. Because wait even continue successful out your without. Movie summer team return rock method front.','True','2016-10-14','','','','Real before parent my east.','','','','','Initial Inquiry','Montgomery','False','','','','','','','','Brad','Contain of too push maintain important. Chance year look level. Remember account article.','None','Sponsorship/Donations','Mills LLC','Volunteer;Client','Character.','they','','','','','','','','','','True','In Progress','','','','','Hearing Dog','Certified','Active Projects- Team Facilitator Certification','','','Marketing- Leadership','','b_montgomery8@example.com','b.montgomery91@example.org','Home','Personal','','False','Other','b_montgomery93@example.com','620-000-2374','0.0','25639.0','1978','2021-10-14','1422.0','0.0','2021-12-09','0.0','2021-10-27','Believe necessary everybody direction night why. Issue fish your partner decision reduce large.','Stop can she tend. Much play close with his question.','0.0','2021-06-04','2021-12-11','Household__c.Informal_Greeting__c','0.0','0.0','0.0','0.0','0.0','0.0','0.0','0.0','0.0','0.0','0.0','37685.0','78741.0','60219.0','28623.0','0.0','0.0','False','False','False','True','False','60273.0','2021-09-13','3643.0','2021-05-03','3212.0','','75493.0','81855.0','15746.0','16554.0','79610.0','0.0','False','54','','','','','');
INSERT INTO "Contact" VALUES(72,'','','','','','','','','','','','','','','','','','','','','False','','','','','','','','','','','Bartlett','False','','','','','','','','Victor','','','','','Volunteer','','','','','','','','','','','','False','','','','','','','','','','','','','victorbartlett1973@example.org','vbartlett@example.net','Home','Personal','Work','False','Home','victorbartlett98@example.org','5960564414','0.0','','','','','0.0','','0.0','','','','0.0','','','','0.0','0.0','0.0','0.0','0.0','0.0','0.0','0.0','0.0','0.0','0.0','','','','','0.0','0.0','False','False','False','False','False','','','','','','','','','','','','0.0','False','56','','','','','');
INSERT INTO "Contact" VALUES(73,'','','','','','','','','','','','','','','','','','','','','False','','','','','','','','','','','Sandoval','False','','','','','','','','Sheri','','','','','Volunteer','','','','','','','','','','','','False','','','','','','','','','','','','','s+sandoval0@example.net','sh.sandoval@example.org','Home','Personal','','False','Other','s_sandoval1949@example.org','521-882-5093x2527','0.0','','','','','0.0','','0.0','','','','0.0','','','','0.0','0.0','0.0','0.0','0.0','0.0','0.0','0.0','0.0','0.0','0.0','','','','','0.0','0.0','False','False','False','False','False','','','','','','','','','','','','0.0','False','57','','','','','');
INSERT INTO "Contact" VALUES(74,'','','','','','','','','','','','','','','','','','','','','False','','','','','','','','','','','Pace','False','','','','','','','','Curtis','','','','','Volunteer','','','','','','','','','','','','False','','','','','','','','','','','','','curtis.pace1961@example.org','curtispace4@example.com','Home','Personal','','False','Other','c.pace55@example.com','637-542-2681','0.0','','','','','0.0','','0.0','','','','0.0','','','','0.0','0.0','0.0','0.0','0.0','0.0','0.0','0.0','0.0','0.0','0.0','','','','','0.0','0.0','False','False','False','False','False','','','','','','','','','','','','0.0','False','57','','','','','');
INSERT INTO "Contact" VALUES(75,'','','','','','','','Initial Inquiry','','','','','','Environment over guess system seem buy.','','','Certified','','','College police remain claim note home either. Year require measure consumer leg left growth.','False','2005-06-19','','','','Environmental arrive central bar necessary plant. Happen form study region. Newspaper wrong care begin.','','','','','Inactive','Terrell','False','','','','','','','','Sherri','Focus several statement board support. Still issue let painting where actually.','Active','Client Certification','Leonard-Gamble','Client','Expect.','they','','','','','','','','','','True','Up to Date','','','','','Emotional Trauma','None','Board','','','Marketing- Graphic Design','','shterrell7@example.com','sherri_terrell8@example.net','Home','Personal','','False','Work','s+terrell@example.net','(393)083-5825','0.0','57822.0','2013','2021-06-06','41103.0','0.0','2022-04-11','0.0','2021-07-04','Live couple meet yet. Expect painting appear despite present quite too. Tonight full trial decide.','Four sport ready one walk miss despite. The body alone whether use later test. Wife see keep his.','0.0','2021-05-27','2022-01-06','Household__c.Name','0.0','0.0','0.0','0.0','0.0','0.0','0.0','0.0','0.0','0.0','0.0','97301.0','40270.0','91031.0','22856.0','0.0','0.0','False','False','False','False','True','11898.0','2021-10-27','48215.0','2022-01-08','33228.0','','40579.0','90705.0','67433.0','75716.0','53105.0','0.0','False','66','','','','','');
INSERT INTO "Contact" VALUES(76,'','','','','','','','Initial Inquiry','','','','','','Over base art anything writer something.','','','None','','','And southern pattern glass short. Policy despite today yet.','False','2013-04-28','','','','Pull design world understand it think so take. Customer cell always near. Poor behind we compare structure.','','','','','Suspended','Melton','False','','','','','','','','Antonio','Old be can of. Write I identify risk speech until. Task start suggest perhaps election.','None','Sweet Snoopers Training Program','Steele LLC','Volunteer;Client','Nation be.','he','','','','','','','','','','True','None','','','','','Basic Training','Suspended','Operations- Trainer','','','Marketing- SEO','','a+melton1973@example.com','antonio.melton71@example.net','Home','Personal','','False','Home','antoniomelton1974@example.net','(878)845-0690','0.0','93564.0','1989','2021-07-15','1694.0','0.0','2022-03-13','0.0','2021-07-07','Listen executive of. Oil throw final who sure various. Ready trade ten join free.','Kind free watch me information wife between. Consumer middle answer and.','0.0','2021-10-04','2022-02-08','Household__c.Name','0.0','0.0','0.0','0.0','0.0','0.0','0.0','0.0','0.0','0.0','0.0','13867.0','24408.0','77036.0','48096.0','0.0','0.0','False','False','False','False','True','31027.0','2021-12-19','77969.0','2022-03-03','10867.0','','81787.0','33047.0','33750.0','27095.0','29016.0','0.0','False','57','','','','','');
INSERT INTO "Contact" VALUES(77,'','','','','','','','Onboarding','','','','','','Choice save can avoid become.','','','In Training','','','Court check help. Newspaper goal speech result. Page food sit food again behind positive.','False','2002-07-15','','','','Political whole operation bag way concern tree. Kind people rich trouble film sister each. Human child show newspaper push century draw behind.','','','','','Suspended','Howell','False','','','','','','','','Julia','Yes even off shoulder face beat. Piece heart loss move Democrat since affect. Art recently weight character.','None','Sweet Snoopers Training Program','Roy-Gates','Client','Agency.','she','','','','','','','','','','False','In Progress','','','','','Basic Training','Inactive','Sensitive Info- Volunteer and Staff','','','Administrative- General','','ju.howell49@example.com','julia-howell5@example.org','Home','Personal','','False','Work','juliahowell@example.net','+1-355-112-2052x3428','0.0','25479.0','1971','2021-10-02','54283.0','0.0','2022-02-25','0.0','2021-07-08','Prevent picture blood them local us their. Hour thank along seem.','Society interest believe new morning view. Positive away any account.','0.0','2021-05-14','2021-06-03','Household__c.Name','0.0','0.0','0.0','0.0','0.0','0.0','0.0','0.0','0.0','0.0','0.0','99396.0','42467.0','79772.0','67870.0','0.0','0.0','False','False','False','False','True','14960.0','2021-04-21','4916.0','2021-05-30','62239.0','','5363.0','74083.0','78696.0','8572.0','23818.0','0.0','False','64','','','','','');
INSERT INTO "Contact" VALUES(78,'','','','','','','','Inactive','','','','','','Character carry evidence friend final.','','','On Hold','','','Car sport son history piece it. Market compare sister conference. Relationship write hair tonight standard.','False','2001-11-24','','','','Medical main lay there. Big attorney quickly participant yard big lead. Yard fast different material when.','','','','','Initial Inquiry','Shields','False','','','','','','','','Bradley','People paper top result age make behavior. Watch plan but indicate story speech.','Inactive','Sweet Snoopers Training Program','Pacheco-Chen','Trainer','There.','he','','','','','','','','','','False','In Progress','','','','','Basic Training','Initial Inquiry','Active Projects- Academy','','','Academy-Content Creator','','b_shields1958@example.net','br_shields9@example.org','Home','Personal','','False','Work','br-shields2004@example.com','(680)812-2250x490','0.0','57032.0','1970','2021-09-16','43408.0','0.0','2022-03-24','0.0','2022-02-26','Purpose stuff receive fight those read picture. Nothing another program week some attorney can.','Detail school subject program professor represent contain.','0.0','2021-05-03','2021-11-20','Household__c.Name','0.0','0.0','0.0','0.0','0.0','0.0','0.0','0.0','0.0','0.0','0.0','46054.0','67280.0','59856.0','10796.0','0.0','0.0','False','False','False','False','True','61268.0','2021-11-09','63622.0','2022-04-12','98827.0','','88808.0','58454.0','8666.0','7170.0','3916.0','0.0','False','66','','','','','');
INSERT INTO "Contact" VALUES(79,'','','','','','','','Initial Inquiry','','','','','','Strong understand left measure.','','','Decertified','','','Do set small not bad. Could network protect. Democratic through American court fish.','True','2019-08-11','','','','Time tonight plan section human doctor town. Then argue top everybody. Democrat road energy candidate.','','','','','Suspended','Douglas','False','','','','','','','','Sandra','Successful situation leave me. Hotel candidate development produce note benefit nearly.','Active','Team Facilitator Certification','Bailey-Bass','Volunteer','True.','specify','','','','','','','','','','True','Up to Date','','','','','Epilepsy','Initial Inquiry','Active Projects- Team Facilitator Certification','','','Outreach- Clients','','sa-douglas1981@example.com','sdouglas1979@example.org','Home','Personal','','False','Work','sa_douglas1964@example.com','569-435-2998x0534','0.0','97330.0','2004','2021-09-05','5199.0','0.0','2022-01-17','0.0','2021-05-18','Fast fact price eye space. Feel current skill true available bill.','Image approach support build save. Rather responsibility claim difficult professional.','0.0','2021-06-28','2021-08-17','Household__c.Formal_Greeting__c','0.0','0.0','0.0','0.0','0.0','0.0','0.0','0.0','0.0','0.0','0.0','28403.0','25259.0','69769.0','67793.0','0.0','0.0','False','False','True','False','False','44616.0','2022-04-08','90568.0','2022-01-07','82726.0','','31055.0','24078.0','32042.0','41518.0','23895.0','0.0','False','7','','','','','');
INSERT INTO "Contact" VALUES(80,'','','','','','','','Initial Inquiry','','','','','','Eye keep air family.','','','Decertified','','','Democratic sure address watch bank prove. Second its western every in.','False','2021-06-18','','','','Inside medical nothing conference personal some when. Mr if section worry.','','','','','Inactive','Baker','False','','','','','','','','Lawrence','Others professor space. Total food who care purpose.','Inactive','Assistance Dogs Set in Motion Program','Roth Inc','Volunteer;Trainer','Personal.','she','','','','','','','','','','True','Up to Date','','','','','Eye Dog','Certified','Board','','','Marketing- Website','','la.baker7@example.com','l-baker@example.com','Home','Personal','','False','Home','labaker@example.net','(115)682-8740x75742','0.0','7111.0','2014','2022-03-23','53106.0','0.0','2021-06-02','0.0','2021-10-29','Partner information apply game. Program listen know Republican. Although training event century.','Anything year window indeed number. Natural minute authority road hand.','0.0','2021-07-28','2022-01-11','Household__c.Formal_Greeting__c','0.0','0.0','0.0','0.0','0.0','0.0','0.0','0.0','0.0','0.0','0.0','51025.0','6888.0','15925.0','10690.0','0.0','0.0','False','False','True','False','False','33634.0','2021-07-14','38866.0','2021-08-10','82263.0','','57825.0','20254.0','86110.0','82273.0','32607.0','0.0','False','66','','','','','');
INSERT INTO "Contact" VALUES(81,'','','','','','','','Active','','','','','','His southern inside situation institution believe.','','','Certified','','','Glass able man draw back gas role. Choose throw pretty during easy particularly follow.','False','2000-08-07','','','','Some despite child box. Hit good summer end. Last pattern able ever quickly bank.','','','','','None','Sanchez','False','','','','','','','','Rachel','Consumer ahead ready finally capital economic deal red. Do defense forward young common owner thank. Every animal job data without type.','None','General info/Other','Ramirez Ltd','Volunteer;Team Facilitator Lead;Client','Husband.','he','','','','','','','','','','True','In Progress','','','','','Emotional Trauma','Certified','Operations- Trainer','','','Administrative- Client','','rsanchez46@example.org','rachel+sanchez1956@example.com','Home','Personal','','False','Work','rsanchez7@example.net','001-192-614-1211','0.0','67956.0','1986','2021-08-10','24693.0','0.0','2021-05-02','0.0','2021-11-16','Writer he worry. Light society radio behavior heart. Movement yet less. Together center debate.','Tonight item well born lay knowledge manager. Trial central effort effect. Price piece hit power.','0.0','2022-01-22','2021-11-12','Household__c.Name','0.0','0.0','0.0','0.0','0.0','0.0','0.0','0.0','0.0','0.0','0.0','30790.0','18995.0','87900.0','14071.0','0.0','0.0','False','False','False','False','True','66317.0','2021-10-29','88657.0','2021-07-13','22889.0','','24488.0','45446.0','23407.0','2156.0','1268.0','0.0','False','68','','','','','');
INSERT INTO "Contact" VALUES(82,'','','','','','','','None','','','','','','How position music decide.','','','None','','','Season left thought. Whom vote development wait ok government research.','True','2009-03-01','','','','Common market food note success. Reach attack us. Through personal six where.','','','','','Onboarding','Stanton','False','','','','','','','','Peggy','Low bar view consider human add real section. Relationship pretty oil gun set source more pick.','None','Team Facilitator Certification','Cobb Ltd','Trainer','Fight.','they','','','','','','','','','','False','Up to Date','','','','','Eye Dog','In Training','Operations- Client','','','Marketing- Sales','','pe_stanton95@example.org','pe_stanton@example.org','Home','Personal','','False','Other','peggy-stanton2@example.net','+1-183-811-7562x555','0.0','97864.0','2000','2021-07-04','15197.0','0.0','2021-11-12','0.0','2022-03-09','Speech line call life civil daughter.','Pick edge else factor. Rise camera benefit pick sound.','0.0','2021-10-31','2021-11-14','Household__c.Name','0.0','0.0','0.0','0.0','0.0','0.0','0.0','0.0','0.0','0.0','0.0','39248.0','70964.0','17199.0','37307.0','0.0','0.0','False','False','False','False','True','20489.0','2021-07-07','93140.0','2021-12-16','35179.0','','7335.0','76046.0','82963.0','45480.0','56237.0','0.0','False','7','','','','','');
INSERT INTO "Contact" VALUES(83,'','','','','','','','None','','','','','','Science market less candidate government agency.','','','None','','','Present present range stage off marriage. None second game current accept receive.','False','2012-11-04','','','','Bed data college dark control. Customer a last. Score front discussion.','','','','','None','Yu','False','','','','','','','','Michael','Behavior expect clearly foot couple great time. Realize audience out simply pressure if.','None','Client Certification','Nicholson, Christian and Campos','Volunteer;Trainer','Cost.','she','','','','','','','','','','True','Need Renewal','','','','','Emotional Trauma','Certified','Active Projects- Scholarships','','','Marketing- Leadership','','miyu04@example.com','michael+yu44@example.com','Home','Personal','','False','Home','mi-yu@example.org','164.812.0381x354','0.0','51789.0','2003','2021-07-20','52754.0','0.0','2021-10-10','0.0','2021-11-23','Still world fast. Him blue never these seat close.','Throw lay trouble particularly series. Central great take community across.','0.0','2021-10-26','2021-11-12','Household__c.Formal_Greeting__c','0.0','0.0','0.0','0.0','0.0','0.0','0.0','0.0','0.0','0.0','0.0','65079.0','11892.0','36615.0','80117.0','0.0','0.0','False','False','True','False','False','95535.0','2022-01-12','48062.0','2022-03-08','28128.0','','99051.0','52519.0','40463.0','77700.0','67246.0','0.0','False','70','','','','','');
INSERT INTO "Contact" VALUES(84,'','','','','','','','Onboarding','','','','','','Occur ball risk when candidate child morning common.','','','None','','','Reveal law before industry. Ever still difference focus manage son trip.','True','2005-06-28','','','','Ever must community enter. Race treatment key sell identify. Recognize sea measure southern education.','','','','','None','Case','False','','','','','','','','Vicki','Against state yard same feel hour be. Forget it maintain official account everybody PM. So fact center direction main.','None','Team Facilitator Certification','Dawson, Sexton and Lynn','Trainer;Client','General.','she','','','','','','','','','','True','Need Renewal','','','','','Epilepsy','Certified','Active Projects- Dog Availability','','','Administrative- Client','','vicase2@example.com','vicki_case64@example.org','Home','Personal','','False','Work','vicki.case1955@example.com','063.881.9839x5144','0.0','51835.0','1977','2022-03-21','98085.0','0.0','2021-06-26','0.0','2022-04-03','Before loss fast one bit sit. Perform drive maintain movement program order hundred.','Mention next board old thus help. Rest control street house break last live.','0.0','2021-04-30','2022-02-12','Household__c.Formal_Greeting__c','0.0','0.0','0.0','0.0','0.0','0.0','0.0','0.0','0.0','0.0','0.0','24299.0','72746.0','95474.0','17808.0','0.0','0.0','False','False','True','False','False','55746.0','2021-12-04','76457.0','2021-05-11','67363.0','','20099.0','29140.0','8581.0','86583.0','4789.0','0.0','False','57','','','','','');
INSERT INTO "Contact" VALUES(85,'','','','','','','','Initial Inquiry','','','','','','Current central too person win else.','','','In Training','','','Member season factor gas we south especially. View industry what oil agreement message everything.','True','2016-05-12','','','','Between parent degree that. Under plan question day pull moment recently. Arm fact born national. Data prove different six minute.','','','','','Inactive','Bowman','False','','','','','','','','Denise','Start low read less cell it stop life. Effect plan change old. Identify she effect.','Active','Sponsorship/Donations','Ellis-Foley','Trainer;Client','Key.','he','','','','','','','','','','True','Need Renewal','','','','','Epilepsy','Certified','Operations- Financial','','','Marketing- Writing','','de.bowman59@example.net','debowman1967@example.org','Home','Personal','','False','Work','denise_bowman2@example.org','421.757.6802x89473','0.0','77150.0','2021','2022-03-27','86236.0','0.0','2022-01-05','0.0','2021-10-27','Available use movie believe listen. Will will think design.','Support science approach public board.','0.0','2021-09-23','2022-01-22','Household__c.Name','0.0','0.0','0.0','0.0','0.0','0.0','0.0','0.0','0.0','0.0','0.0','80234.0','32037.0','52372.0','96722.0','0.0','0.0','False','False','False','False','True','94418.0','2021-08-31','7681.0','2021-07-05','18492.0','','79403.0','71526.0','82241.0','82957.0','55431.0','0.0','False','74','','','','','');
INSERT INTO "Contact" VALUES(86,'','','','','','','','Onboarding','','','','','','Yet draw relate like close.','','','Inactive','','','Truth owner kitchen participant become. Data heavy suffer. Speak how firm there senior do.','True','2005-05-03','','','','Source discuss hard hair action marriage role out. Development specific gun benefit experience figure. Move ok end especially.','','','','','Suspended','Cummings','False','','','','','','','','Caitlyn','Program them away and. Either require art occur. Boy project impact I watch. Benefit country stand continue move yeah next.','None','Client Certification','Donovan PLC','Volunteer;Team Facilitator','She.','he','','','','','','','','','','True','In Progress','','','','','Eye Dog','Initial Inquiry','Operations- Volunteer and Staff','','','Marketing- SEO','','caitlyn+cummings7@example.com','c-cummings@example.net','Home','Personal','','False','Home','caitlyn_cummings1945@example.com','1785040802','0.0','41146.0','2021','2022-01-20','13659.0','0.0','2021-08-24','0.0','2022-04-09','Begin reduce simple threat first generation behavior. Plant result situation quickly.','Laugh foreign answer great make I. Law maybe become participant report meeting.','0.0','2021-05-27','2021-08-31','Household__c.Informal_Greeting__c','0.0','0.0','0.0','0.0','0.0','0.0','0.0','0.0','0.0','0.0','0.0','39387.0','27146.0','90960.0','55557.0','0.0','0.0','False','False','False','True','False','4371.0','2021-09-06','29687.0','2022-01-12','71627.0','','25081.0','68965.0','94279.0','68177.0','8359.0','0.0','False','70','','','','','');
INSERT INTO "Contact" VALUES(87,'','','','','','','','Active','','','','','','Suggest house participant safe attack.','','','On Hold','','','Laugh catch foot deep. Pay social business article reveal catch activity.','False','2020-05-06','','','','Final financial language career very. Environmental certain ability yet cost later present. Like professor address product growth pull war.','','','','','None','Nguyen','False','','','','','','','','Don','Particularly today education time court under record. Relationship lot impact practice. Others cultural read ability society strong.','Active','Client Certification','Cannon Ltd','Volunteer','Establish.','they','','','','','','','','','','False','Up to Date','','','','','Eye Dog','Inactive','Operations- Trainer','','','Academy-Content Creator','','do.nguyen@example.com','donnguyen7@example.net','Home','Personal','','False','Work','don-nguyen1972@example.com','185.187.8579x9363','0.0','4615.0','2005','2022-04-09','39950.0','0.0','2021-12-21','0.0','2022-04-06','Important score everyone. Age sound base perhaps. Future pay least task including born support.','Organization garden important decade total should. Think event coach eat want.','0.0','2021-07-24','2021-08-28','Household__c.Formal_Greeting__c','0.0','0.0','0.0','0.0','0.0','0.0','0.0','0.0','0.0','0.0','0.0','99019.0','39034.0','18926.0','34251.0','0.0','0.0','False','False','True','False','False','7028.0','2021-08-26','40686.0','2022-01-24','67824.0','','66274.0','21559.0','8616.0','33908.0','57370.0','0.0','False','70','','','','','');
INSERT INTO "Contact" VALUES(88,'','','','','','','','Inactive','','','','','','North teach almost painting station cultural certainly.','','','In Training','','','Identify black country magazine suddenly. City produce close set up control tough. Forget you agency clear west store.','False','2021-03-02','','','','Actually large especially class. Method remember difficult wish adult deal suffer professor. Hard after seek win eight light per.','','','','','In Training','Hickman','False','','','','','','','','Marco','Rise think capital program both see. Role check add office treat toward at. News most idea.','Inactive','Teams Set in Motion Program','Escobar-Montes','Trainer','Time.','he','','','','','','','','','','False','Up to Date','','','','','Emotional Trauma','Certified','Active Projects- Academy','','','Outreach- Disability Orgs','','ma-hickman7@example.org','m-hickman3@example.net','Home','Personal','','False','Work','ma.hickman10@example.net','5874412875','0.0','73118.0','1997','2021-06-30','77262.0','0.0','2021-06-07','0.0','2021-12-27','Travel figure where break. Of relate spring ok. Form behind campaign.','Wall clear center audience apply seem. Suffer state believe provide turn area.','0.0','2021-08-28','2021-04-27','Household__c.Informal_Greeting__c','0.0','0.0','0.0','0.0','0.0','0.0','0.0','0.0','0.0','0.0','0.0','51687.0','95177.0','66467.0','73368.0','0.0','0.0','False','False','False','True','False','21802.0','2021-07-12','9605.0','2021-07-10','39574.0','','19982.0','86518.0','51816.0','70854.0','84938.0','0.0','False','74','','','','','');
INSERT INTO "Contact" VALUES(89,'','','','','','','','Initial Inquiry','','','','','','Significant wind third ask wind teach.','','','Onboarding','','','Term writer visit young art north arrive similar. Cup hit study rate general education. Third candidate life American contain fish edge my.','False','2006-03-30','','','','Top office song call power rise. Nothing letter still difficult when.','','','','','Certified','Duncan','False','','','','','','','','Francis','According join responsibility good see movement. Understand section she development.','Active','Trainer Certification','Small, Cuevas and Kent','Client','Score at.','they','','','','','','','','','','False','Up to Date','','','','','Hearing Dog','Initial Inquiry','Sensitive Info- Volunteer and Staff','','','Academy-Content Creator','','f_duncan@example.org','f.duncan@example.net','Home','Personal','','False','Home','f+duncan09@example.net','870.993.1922x28643','0.0','30802.0','1986','2022-03-17','86726.0','0.0','2022-01-21','0.0','2022-02-24','Receive more seem. Various catch fly contain magazine. Citizen partner off light task.','Knowledge me ask expect floor sure recognize. Stock future either follow hot serve.','0.0','2021-10-10','2021-10-12','Household__c.Formal_Greeting__c','0.0','0.0','0.0','0.0','0.0','0.0','0.0','0.0','0.0','0.0','0.0','20771.0','81680.0','25570.0','90167.0','0.0','0.0','False','False','True','False','False','51464.0','2021-12-01','1627.0','2021-04-20','17745.0','','55248.0','68443.0','74503.0','21442.0','65306.0','0.0','False','77','','','','','');
INSERT INTO "Contact" VALUES(90,'','','','','','','','Inactive','','','','','','Deep western lose enjoy must energy seek.','','','Decertified','','','Commercial when stock explain. City employee realize million matter. Attention represent staff music director enter.','True','2018-12-24','','','','Worker region across item a cost. Major word out ready beat.','','','','','Initial Inquiry','Clarke','False','','','','','','','','Kristin','Capital threat toward address. Seem involve each resource method eight party its. Hear letter family thousand adult less raise article.','Active','Client Certification','Fernandez-Buckley','Donor','These.','specify','','','','','','','','','','False','Up to Date','','','','','Epilepsy','Inactive','Active Projects- Trainer Certification','','','Marketing- Writing','','kr+clarke42@example.org','kristin_clarke1982@example.com','Home','Personal','','False','Other','kristinclarke04@example.org','430-161-9085','0.0','59287.0','2005','2021-07-01','59178.0','0.0','2021-05-23','0.0','2021-05-29','Still these before behind year. Fill relationship star its put base.','Leg short as. Difference tell catch skill soldier suddenly. Democratic off and.','0.0','2022-03-13','2021-10-05','Household__c.Informal_Greeting__c','0.0','0.0','0.0','0.0','0.0','0.0','0.0','0.0','0.0','0.0','0.0','88174.0','74111.0','20176.0','74915.0','0.0','0.0','False','False','False','True','False','76852.0','2021-07-09','87134.0','2022-02-14','95727.0','','77204.0','1977.0','58605.0','51785.0','71183.0','0.0','False','74','','','','','');
INSERT INTO "Contact" VALUES(91,'','','','','','','','','','','','','','','','','','','','','False','','','','','','','','','','','Boyd','False','','','','','','','','Justin','','','','','Volunteer','','','','','','','','','','','','False','','','','','','','','','','','','','ju+boyd45@example.net','jboyd74@example.net','Home','Personal','Work','False','Work','juboyd9@example.net','790-956-1176','0.0','','','','','0.0','','0.0','','','','0.0','','','','0.0','0.0','0.0','0.0','0.0','0.0','0.0','0.0','0.0','0.0','0.0','','','','','0.0','0.0','False','False','False','False','False','','','','','','','','','','','','0.0','False','76','','','','','');
INSERT INTO "Contact" VALUES(92,'','','','','','','','Active','','','','','','Window action so seat dog woman response.','','','Decertified','','','Nor report land stuff specific painting. Guy professor gun upon write practice board. Usually visit cell system type.','True','2001-01-25','','','','Energy little only sit argue. Car himself paper beyond we machine worker.','','','','','Initial Inquiry','Rivas','False','','','','','','','','Latoya','Store thought kind wall difficult. Stand might evening home program interest. Today happy somebody. Yourself quality charge movement.','None','Volunteering','Gamble PLC','Volunteer;Team Facilitator','Head.','she','','','','','','','','','','True','In Progress','','','','','Basic Training','Initial Inquiry','Active Projects- Volunteer Recruitment and Retention','','','Administrative- Technology','','latoya+rivas@example.com','la.rivas@example.net','Home','Personal','','False','Other','latoya+rivas@example.org','524.560.8721','0.0','9856.0','2008','2021-10-01','33268.0','0.0','2022-02-05','0.0','2021-05-19','Bed rate traditional. Police loss set perhaps sure including.','Serious sort movie particularly late. Sign author water off civil.','0.0','2021-10-29','2021-11-30','Household__c.Name','0.0','0.0','0.0','0.0','0.0','0.0','0.0','0.0','0.0','0.0','0.0','13889.0','63342.0','13457.0','1038.0','0.0','0.0','False','False','False','False','True','82535.0','2021-09-11','17292.0','2021-08-01','56437.0','','40292.0','57518.0','54039.0','14697.0','77694.0','0.0','False','77','','','','','');
INSERT INTO "Contact" VALUES(93,'','','','','','','','Initial Inquiry','','','','','','Political quickly people citizen property card.','','','None','','','Probably pressure choose key down. Believe power at power data we. Year choose accept board form.','False','2020-12-02','','','','Those institution trouble stay.','','','','','Certified','Patel','False','','','','','','','','Mathew','Thank yourself speak century song likely. Summer ground degree particularly total whatever.','Inactive','Assistance Dogs Set in Motion Program','Lee Inc','Client','Newspaper.','specify','','','','','','','','','','True','Up to Date','','','','','Hearing Dog','Suspended','Board - READ ONLY','','','Marketing- Advertising','','m.patel2012@example.com','m_patel2@example.org','Home','Personal','','False','Work','mathewpatel@example.com','001-693-078-7186x21110','0.0','88981.0','2016','2021-05-13','31325.0','0.0','2021-06-29','0.0','2021-08-10','Prevent relationship manage degree view look. Book stuff eye Republican.','Safe way me anything. Mean few career car.','0.0','2021-11-02','2021-08-15','Household__c.Name','0.0','0.0','0.0','0.0','0.0','0.0','0.0','0.0','0.0','0.0','0.0','87074.0','73436.0','20698.0','65751.0','0.0','0.0','False','False','False','False','True','27538.0','2021-07-08','20224.0','2021-10-28','53303.0','','7212.0','30640.0','69555.0','56138.0','94986.0','0.0','False','77','','','','','');
INSERT INTO "Contact" VALUES(94,'','','','','','','','Onboarding','','','','','','Beyond life including happen.','','','Onboarding','','','Affect guy simple. Coach wonder why rate. Game tell society minute coach you item.','True','2021-09-22','','','','Fly face rock appear defense edge.','','','','','None','Hamilton','False','','','','','','','','Tamara','Child support success technology hair which. Usually watch capital market exist.','None','Client Certification','Li, Baker and Case','Volunteer','Three.','they','','','','','','','','','','True','Need Renewal','','','','','Eye Dog','None','Active Projects- ADI','','','Outreach- Clients','','t.hamilton@example.org','ta+hamilton9@example.com','Home','Personal','','False','Work','tamara+hamilton7@example.com','366.478.0465','0.0','57629.0','1997','2022-02-22','52205.0','0.0','2021-06-08','0.0','2022-04-08','Student impact tough. Be personal represent party I game black road.','Issue go charge write defense simple if. Century fill white night institution level.','0.0','2022-04-02','2021-10-24','Household__c.Name','0.0','0.0','0.0','0.0','0.0','0.0','0.0','0.0','0.0','0.0','0.0','96313.0','40201.0','81349.0','80900.0','0.0','0.0','False','False','False','False','True','95216.0','2021-10-27','44232.0','2022-01-21','67511.0','','15320.0','29812.0','80609.0','88122.0','59810.0','0.0','False','84','','','','','');
INSERT INTO "Contact" VALUES(95,'','','','','','','','None','','','','','','Tax three which indeed well.','','','Initial Inquiry','','','Several today can Mr at poor. Exist century fight.','False','2014-10-15','','','','Sell number front close protect beat. Study find sea he pattern drive.','','','','','In Training','Duarte','False','','','','','','','','Hannah','Two look wide month. Entire million state just ever.','None','General info/Other','Duncan PLC','Team Facilitator','Mean.','they','','','','','','','','','','False','In Progress','','','','','Eye Dog','Initial Inquiry','Active Projects- State Registration','','','Administrative- Client','','hduarte0@example.org','hannah.duarte@example.com','Home','Personal','','False','Other','ha-duarte2001@example.org','+1-035-669-2522x088','0.0','88476.0','1994','2022-03-19','63641.0','0.0','2022-01-05','0.0','2021-09-07','Book social state until. Mouth beautiful top agent responsibility. Agency about capital.','Food color paper challenge with serious whether. Finally buy ball knowledge must service.','0.0','2022-03-03','2021-06-28','Household__c.Name','0.0','0.0','0.0','0.0','0.0','0.0','0.0','0.0','0.0','0.0','0.0','93209.0','77603.0','81493.0','57751.0','0.0','0.0','False','False','False','False','True','22038.0','2021-12-24','20811.0','2021-09-30','64763.0','','94485.0','98519.0','86765.0','45160.0','73723.0','0.0','False','9','','','','','');
INSERT INTO "Contact" VALUES(96,'','','','','','','','Initial Inquiry','','','','','','Wonder understand sometimes forget.','','','Decertified','','','North health they trouble artist job. Age tend focus by magazine language score. Leave a door various sense. Line attorney black.','True','2012-01-03','','','','Claim first usually likely responsibility offer summer future. Trouble clear tough hotel black near. Game politics even.','','','','','In Training','Warren','False','','','','','','','','Johnathan','Experience cover kid yourself east value. Term relate standard heavy. Though our economy.','Active','Volunteering','Ibarra-Wall','Volunteer;Team Facilitator Lead;Client','Game wait.','she','','','','','','','','','','False','Up to Date','','','','','Epilepsy','Onboarding','Active Projects- Trainer Certification','','','Academy-Content Creator','','j+warren@example.com','jo.warren@example.net','Home','Personal','','False','Work','j+warren01@example.net','(872)662-6674x595','0.0','50528.0','1977','2021-08-12','94225.0','0.0','2022-01-22','0.0','2021-10-15','Firm interesting shoulder dark. Decide piece lawyer. Party note stock.','Hospital system entire and clearly dream staff. Person win bed once.','0.0','2022-03-26','2022-03-25','Household__c.Informal_Greeting__c','0.0','0.0','0.0','0.0','0.0','0.0','0.0','0.0','0.0','0.0','0.0','92647.0','5698.0','71236.0','9045.0','0.0','0.0','False','False','False','True','False','63426.0','2022-03-20','4080.0','2021-07-04','17445.0','','69632.0','75369.0','50107.0','23864.0','20119.0','0.0','False','84','','','','','');
INSERT INTO "Contact" VALUES(97,'','','','','','','','Active','','','','','','Cell prepare child.','','','In Training','','','Fine customer poor each grow no success. The wide feeling blood start pretty what. Year set see cell number war.','False','2008-09-12','','','','Agree coach green. Several choice rock speak.','','','','','Inactive','Barton','False','','','','','','','','Stacy','Tree than subject chair lose break she. Ever glass operation ball way tough about.','Inactive','Volunteering','Roman-Barnett','Board Member','PM.','they','','','','','','','','','','False','Need Renewal','','','','','Basic Training','None','Sensitive Info- Board','','','Outreach- Disability Orgs','','stacybarton1@example.com','s-barton2012@example.com','Home','Personal','','False','Work','sbarton@example.org','094-385-5925x48781','0.0','35147.0','1998','2021-11-16','11343.0','0.0','2022-03-27','0.0','2021-06-30','Soldier option guess.','Particular blue goal plant site wrong heavy. Factor during kind eat car two. Home may small at.','0.0','2021-05-18','2021-08-23','Household__c.Name','0.0','0.0','0.0','0.0','0.0','0.0','0.0','0.0','0.0','0.0','0.0','73849.0','51617.0','53467.0','15826.0','0.0','0.0','False','False','False','False','True','46954.0','2021-04-22','6149.0','2021-12-22','24843.0','','85175.0','16282.0','94750.0','51314.0','88240.0','0.0','False','86','','','','','');
INSERT INTO "Contact" VALUES(98,'','','','','','','','Active','','','','','','Record yes truth pass case also game.','','','Decertified','','','Agreement course everybody partner. Not argue foreign national rich whole sign well. Painting fill defense.','True','2013-03-13','','','','Huge race person rise. Relationship though share. Someone pull rather consumer someone.','','','','','None','Hutchinson','False','','','','','','','','Shelby','Painting again street indeed. Operation project film key research instead. Run situation ago.','Active','Volunteering','Morales, Peters and Novak','Donor','One.','specify','','','','','','','','','','False','Need Renewal','','','','','Hearing Dog','Initial Inquiry','Active Projects- Volunteer Recruitment and Retention','','','Administrative- Volunteer','','shelby-hutchinson69@example.com','shelby.hutchinson@example.org','Home','Personal','','False','Home','s+hutchinson2009@example.com','+1-553-279-8160x443','0.0','96652.0','2013','2022-02-02','82540.0','0.0','2021-07-17','0.0','2021-12-04','Collection century region back. Term product decision.','Tell option me own. Stage with glass meeting. Industry machine sort home often opportunity born.','0.0','2022-02-12','2022-01-01','Household__c.Name','0.0','0.0','0.0','0.0','0.0','0.0','0.0','0.0','0.0','0.0','0.0','35181.0','3904.0','68438.0','18219.0','0.0','0.0','False','False','False','False','True','22372.0','2021-06-12','61681.0','2021-05-09','97256.0','','96087.0','64278.0','20339.0','41033.0','37665.0','0.0','False','88','','','','','');
INSERT INTO "Contact" VALUES(99,'','','','','','','','Inactive','','','','','','Treatment time those special doctor.','','','Certified','','','Head story movement involve the bar agency. Team later foot far author study project record.','True','2014-12-14','','','','History break their guy all name claim. Head unit but accept. Continue bank kitchen career American quite catch.','','','','','Suspended','Barnett','False','','','','','','','','Devin','Situation learn between send try.','None','Team Facilitator Certification','Mata, Faulkner and Todd','Board Member','Security.','they','','','','','','','','','','True','Need Renewal','','','','','Epilepsy','None','Operations- Master Docs - READ ONLY','','','Marketing- Graphic Design','','de.barnett1962@example.org','debarnett94@example.org','Home','Personal','','False','Home','devinbarnett1@example.com','+1-644-788-8822x4483','0.0','44974.0','2015','2021-12-14','17707.0','0.0','2022-02-12','0.0','2021-04-26','Over according almost goal. Animal least rate. Record nature type assume know company.','Night event realize run center race shake behavior.','0.0','2021-04-17','2021-07-06','Household__c.Informal_Greeting__c','0.0','0.0','0.0','0.0','0.0','0.0','0.0','0.0','0.0','0.0','0.0','44907.0','87418.0','23552.0','80905.0','0.0','0.0','False','False','False','True','False','3167.0','2021-09-07','5469.0','2021-08-28','78192.0','','60805.0','1274.0','10500.0','3598.0','6806.0','0.0','False','9','','','','','');
INSERT INTO "Contact" VALUES(100,'','','','','','','','Inactive','','','','','','Take memory kitchen my those number sort.','','','On Hold','','','Hope factor science. Remain glass memory accept interest media. Movie can life century. Bill happen sort.','False','2003-06-18','','','','Really fight enough even opportunity eight police. Student learn know fight peace.','','','','','None','Hebert','False','','','','','','','','Alexandra','Decision dog mother not experience PM. Window school right. Lead more memory risk system employee bag.','Active','Teams Set in Motion Program','Schwartz, Kirk and Palmer','Staff','Rich true.','specify','','','','','','','','','','True','None','','','','','Basic Training','Initial Inquiry','Active Projects- Academy','','','Administrative- Volunteer','','alexandra.hebert3@example.com','alexandra+hebert@example.net','Home','Personal','','False','Work','a_hebert03@example.com','(133)439-7331','0.0','33391.0','2012','2021-11-10','16074.0','0.0','2022-01-30','0.0','2022-03-28','His before face fight world when per. Any election house. Magazine image discover.','Fire get son during about back. Good purpose around.','0.0','2022-01-04','2022-02-06','Household__c.Name','0.0','0.0','0.0','0.0','0.0','0.0','0.0','0.0','0.0','0.0','0.0','8201.0','33652.0','57928.0','51127.0','0.0','0.0','False','False','False','False','True','67610.0','2021-05-13','67954.0','2022-04-16','86512.0','','61443.0','60576.0','19192.0','61839.0','92589.0','0.0','False','9','','','','','');
INSERT INTO "Contact" VALUES(101,'','','','','','','','Inactive','','','','','','Its person wish put game.','','','In Training','','','Watch agreement less pretty central economic. Reduce quickly development interest beautiful. Increase tax determine together provide smile knowledge then.','True','2011-01-05','','','','Determine degree great growth task. Share enjoy goal at plant. Morning wide performance stand around visit.','','','','','Onboarding','Dyer','False','','','','','','','','Allison','Central also event us finish. How available car rate yourself think letter. Total myself cup whom source. Produce media eight white nation western huge.','None','Team Facilitator Certification','Yates Inc','Volunteer;Team Facilitator','Choose.','he','','','','','','','','','','True','Up to Date','','','','','Hearing Dog','None','Active Projects- Fund Development','','','Administrative- Technology','','a.dyer1978@example.net','a+dyer49@example.org','Home','Personal','','False','Home','allisondyer3@example.com','553-985-1611','0.0','56294.0','1990','2021-06-10','55520.0','0.0','2022-03-03','0.0','2021-12-29','Week speech leg listen present small speech. Store former rate man civil government field.','View market theory minute pull catch food listen. Speak friend become summer toward fly cell join.','0.0','2022-01-05','2021-08-08','Household__c.Formal_Greeting__c','0.0','0.0','0.0','0.0','0.0','0.0','0.0','0.0','0.0','0.0','0.0','10894.0','71295.0','13030.0','83012.0','0.0','0.0','False','False','True','False','False','84990.0','2021-11-12','72830.0','2022-01-18','97791.0','','52130.0','35620.0','9837.0','8582.0','65378.0','0.0','False','90','','','','','');
INSERT INTO "Contact" VALUES(102,'','','','','','','','Inactive','','','','','','Require agency their as.','','','Decertified','','','Something make left office relate size recognize. American owner particular build voice oil suddenly. Throw between door two thing rule.','False','2014-06-27','','','','Mission very agent pressure particularly whose. Admit memory why.','','','','','Suspended','Benjamin','False','','','','','','','','Jasmine','Support number increase especially. Another daughter difficult lawyer.','None','Client Certification','Robles-Jordan','Volunteer;Trainer','Sure.','she','','','','','','','','','','False','In Progress','','','','','Epilepsy','Initial Inquiry','Active Projects- Community Outreach and Education','','','Outreach- Clients','','ja_benjamin1@example.net','ja-benjamin5@example.com','Home','Personal','','False','Work','jasmine.benjamin1965@example.org','479.637.7420','0.0','84044.0','2010','2021-08-03','66308.0','0.0','2021-07-28','0.0','2022-02-15','Budget painting anyone agency. Medical magazine sort simple.','Thank maintain trip purpose establish. Skin worry born.','0.0','2021-09-11','2021-07-30','Household__c.Informal_Greeting__c','0.0','0.0','0.0','0.0','0.0','0.0','0.0','0.0','0.0','0.0','0.0','46821.0','18677.0','53690.0','65127.0','0.0','0.0','False','False','False','True','False','150.0','2021-11-04','13821.0','2021-12-08','41999.0','','30691.0','46719.0','47883.0','92920.0','13668.0','0.0','False','90','','','','','');
INSERT INTO "Contact" VALUES(103,'','','','','','','','Onboarding','','','','','','Attorney mind although skill forward little.','','','Decertified','','','Must between star suggest join. Southern shoulder center themselves education discussion color traditional.','False','2007-07-27','','','','Middle wonder his thought environmental purpose wear. Choice front send research. Series along one serve game. Source guy technology morning rest Mrs hard.','','','','','Suspended','Holmes','False','','','','','','','','Jane','Later where relationship choose present. Chair body what my.','Inactive','Trainer Certification','Gill-Case','Board Member','Player.','she','','','','','','','','','','False','None','','','','','Basic Training','Certified','Active Projects- Fund Development','','','Marketing- Photo','','jaholmes75@example.com','jane.holmes1966@example.org','Home','Personal','','False','Work','ja.holmes7@example.org','001-129-932-1632x900','0.0','983.0','2020','2021-12-19','76377.0','0.0','2021-10-14','0.0','2021-06-19','Few figure huge music image director. Decade president candidate.','Task result edge would red summer. Morning along follow direction paper fact type.','0.0','2021-10-02','2021-05-15','Household__c.Informal_Greeting__c','0.0','0.0','0.0','0.0','0.0','0.0','0.0','0.0','0.0','0.0','0.0','85277.0','80217.0','44847.0','21618.0','0.0','0.0','False','False','False','True','False','57550.0','2022-02-23','4142.0','2021-08-11','52478.0','','71656.0','18689.0','28325.0','58717.0','8226.0','0.0','False','90','','','','','');
INSERT INTO "Contact" VALUES(104,'','','','','','','','Onboarding','','','','','','Deep or challenge know.','','','On Hold','','','Staff my until. Analysis candidate enjoy term.','False','2014-01-30','','','','Others final once explain. Unit prove central also action find. Foot true indicate explain enough test.','','','','','In Training','Harrison','False','','','','','','','Onboarding','Miranda','Find nothing certainly despite feel may. About save seat hand goal authority rock food. Paper require life.','None','General info/Other','Rosario Group','Volunteer;Team Facilitator Lead;Client','Identify.','specify','','','','','','','','','','True','In Progress','','','','','Eye Dog','Certified','Active Projects- Community Outreach and Education','','','Outreach- Clients','','m+harrison@example.net','miranda+harrison9@example.com','Home','Personal','','False','Home','m+harrison1@example.com','(627)856-2029x7326','0.0','27604.0','1982','2021-07-02','75265.0','0.0','2021-11-16','0.0','2022-01-02','Range loss learn writer late want travel out. Bank actually herself city citizen.','Individual on understand pick job decade. Century probably that note however better affect chance.','0.0','2021-05-05','2021-08-14','Household__c.Formal_Greeting__c','0.0','0.0','0.0','0.0','0.0','0.0','0.0','0.0','0.0','0.0','0.0','27169.0','27972.0','91334.0','11666.0','0.0','0.0','False','False','True','False','False','5413.0','2021-12-03','11289.0','2022-02-12','86999.0','','25608.0','18879.0','81244.0','76815.0','50537.0','0.0','False','94','','','','','');
INSERT INTO "Contact" VALUES(105,'','','','','','','','None','','','','','','Face hundred list money admit including.','','','None','','','Easy establish north own stuff at miss. Doctor expert happen mention over into. Owner industry maintain clear add total quite.','False','2002-01-21','','','','Still big college next receive door hot. Country low fly party. Participant report campaign start church south.','','','','','Certified','Nash','False','','','','','','','','Brady','Former bill answer spring hotel draw although type. Standard pattern draw note. Hard high perform artist.','None','Trainer Certification','Melton-Simon','Trainer','Sister.','specify','','','','','','','','','','False','In Progress','','','','','Epilepsy','Certified','Active Projects- Academy','','','Marketing- Sales','','br.nash@example.org','b.nash93@example.org','Home','Personal','','False','Work','brady+nash@example.com','481.535.8552','0.0','4601.0','1980','2022-02-25','38200.0','0.0','2022-02-07','0.0','2021-10-15','World yourself stop hand resource. Fast other sit right unit ago school have. Anyone window I out.','Better staff side hot glass others.','0.0','2021-12-21','2021-09-12','Household__c.Formal_Greeting__c','0.0','0.0','0.0','0.0','0.0','0.0','0.0','0.0','0.0','0.0','0.0','87202.0','98245.0','71180.0','55342.0','0.0','0.0','False','False','True','False','False','71904.0','2021-10-23','44803.0','2021-11-06','60984.0','','9418.0','51710.0','37513.0','67656.0','65686.0','0.0','False','94','','','','','');
CREATE TABLE "ContinuingEducationUnit__c" (
	id INTEGER NOT NULL, 
	"AuthorityOther__c" VARCHAR(255), 
	"Authority__c" VARCHAR(255), 
	"Comments__c" VARCHAR(255), 
	"DateCompleted__c" VARCHAR(255), 
	"DateSubmitted__c" VARCHAR(255), 
	"Name" VARCHAR(255), 
	"ProgramDate__c" VARCHAR(255), 
	"ProgramHours__c" VARCHAR(255), 
	"ProgramTitle__c" VARCHAR(255), 
	"Quantity__c" VARCHAR(255), 
	"Role__c" VARCHAR(255), 
	"Status__c" VARCHAR(255), 
	"Trainer__c" VARCHAR(255), 
	PRIMARY KEY (id)
);
INSERT INTO "ContinuingEducationUnit__c" VALUES(1,'Oliver-Copeland','CBCC','Continue someone arm people conference.','2010-05-13','2003-09-11','Expanded attitude-oriented circuit','2007-05-03','241.0','Business-focused holistic parallelism','4.0','Attendee','Pending','24');
INSERT INTO "ContinuingEducationUnit__c" VALUES(2,'Lucero-Dodson','Atlas','Traditional more close difficult board.','2021-11-16','2021-11-03','Integrated object-oriented budgetary management','2013-01-27','861.0','Exclusive upward-trending Graphical User Interface','12.0','Attendee','Approved','60');
INSERT INTO "ContinuingEducationUnit__c" VALUES(3,'Clarke, Price and Bright','KPA','Sister summer information thing arm window process authority.','2010-05-26','2002-12-23','Innovative modular support','2005-03-31','1426.0','Down-sized human-resource portal','8.0','Presenter','Denied','43');
INSERT INTO "ContinuingEducationUnit__c" VALUES(4,'Melton Inc','CCPDT','Same early threat walk school.','2017-09-05','2011-09-25','Secured multi-tasking project','2010-06-14','106.0','Customizable uniform leverage','9.0','Attendee','Approved','81');
INSERT INTO "ContinuingEducationUnit__c" VALUES(5,'Hale Group','CBCC','Night side that wonder road yard open.','2022-01-11','2019-08-27','Cross-group bifurcated paradigm','2013-09-10','1608.0','Function-based holistic definition','7.0','Attendee','Pending','98');
INSERT INTO "ContinuingEducationUnit__c" VALUES(6,'Strong, Floyd and York','Other','Sister rock remain over.','2020-06-11','2016-09-06','Networked object-oriented customer loyalty','2003-02-19','1292.0','Versatile solution-oriented interface','3.0','Attendee','Approved','8');
INSERT INTO "ContinuingEducationUnit__c" VALUES(7,'Sanchez Ltd','IAABC','Film statement medical rather room suggest not successful.','2018-08-01','2015-05-19','Reverse-engineered heuristic function','2021-10-22','841.0','Cross-platform fresh-thinking artificial intelligence','16.0','Attendee','Approved','79');
CREATE TABLE "DogRelationship__c" (
	id INTEGER NOT NULL, 
	"Type__c" VARCHAR(255), 
	"Contact__c" VARCHAR(255), 
	"Dog__c" VARCHAR(255), 
	PRIMARY KEY (id)
);
INSERT INTO "DogRelationship__c" VALUES(1,'Handler','24','3');
INSERT INTO "DogRelationship__c" VALUES(2,'Client','26','3');
INSERT INTO "DogRelationship__c" VALUES(3,'Owner','29','3');
INSERT INTO "DogRelationship__c" VALUES(4,'Veterinarian','27','3');
INSERT INTO "DogRelationship__c" VALUES(5,'Facilitator','99','4');
INSERT INTO "DogRelationship__c" VALUES(6,'Client','25','4');
INSERT INTO "DogRelationship__c" VALUES(7,'Owner','22','4');
INSERT INTO "DogRelationship__c" VALUES(8,'Veterinarian','34','4');
INSERT INTO "DogRelationship__c" VALUES(9,'Owner','65','6');
INSERT INTO "DogRelationship__c" VALUES(10,'Owner','41','5');
INSERT INTO "DogRelationship__c" VALUES(11,'Client','42','5');
INSERT INTO "DogRelationship__c" VALUES(12,'Breeder','43','5');
INSERT INTO "DogRelationship__c" VALUES(13,'Veterinarian','50','5');
INSERT INTO "DogRelationship__c" VALUES(14,'Veterinarian','72','6');
INSERT INTO "DogRelationship__c" VALUES(15,'Facilitator','75','7');
INSERT INTO "DogRelationship__c" VALUES(16,'Client','80','7');
INSERT INTO "DogRelationship__c" VALUES(17,'Owner','85','7');
INSERT INTO "DogRelationship__c" VALUES(18,'Veterinarian','91','7');
INSERT INTO "DogRelationship__c" VALUES(19,'Owner','94','1');
INSERT INTO "DogRelationship__c" VALUES(20,'Client','94','1');
INSERT INTO "DogRelationship__c" VALUES(21,'Handler','96','1');
INSERT INTO "DogRelationship__c" VALUES(22,'Veterinarian','15','1');
INSERT INTO "DogRelationship__c" VALUES(23,'Client','56','6');
INSERT INTO "DogRelationship__c" VALUES(24,'Client','6','2');
INSERT INTO "DogRelationship__c" VALUES(25,'Owner','8','2');
INSERT INTO "DogRelationship__c" VALUES(26,'Handler','8','2');
INSERT INTO "DogRelationship__c" VALUES(27,'Veterinarian','12','2');
INSERT INTO "DogRelationship__c" VALUES(28,'Client','58','6');
CREATE TABLE "Dog__c" (
	id INTEGER NOT NULL, 
	"ActivationDate__c" VARCHAR(255), 
	"Birthdate__c" VARCHAR(255), 
	"Breed__c" VARCHAR(255), 
	"Gender__c" VARCHAR(255), 
	"LatestPhysicalExamOutcome__c" VARCHAR(255), 
	"MicrochipNumber__c" VARCHAR(255), 
	"Name" VARCHAR(255), 
	"Notes__c" VARCHAR(255), 
	"PhysicalExamDue__c" VARCHAR(255), 
	"Picture__c" VARCHAR(255), 
	"Program__c" VARCHAR(255), 
	"SpayedNeutered__c" VARCHAR(255), 
	"Status__c" VARCHAR(255), 
	"VaccineDueDistemper__c" VARCHAR(255), 
	"VaccineDueHepatitis__c" VARCHAR(255), 
	"VaccineDueParainfluenza__c" VARCHAR(255), 
	"VaccineDueParvovirus__c" VARCHAR(255), 
	"VaccineDueRabies__c" VARCHAR(255), 
	"VetClinic__c" VARCHAR(255), 
	PRIMARY KEY (id)
);
INSERT INTO "Dog__c" VALUES(1,'2017-08-28','2004-04-24','Samoyed','Male','Fail','0-9736473-7-X','Hunter','Avoid light TV. Themselves upon little story article yes environment. Night however hard family.','2022-12-21','https://dummyimage.com/60x60','Assistance Dogs Set In Motion','True','Certified','2022-04-04','2022-01-15','2023-01-06','2022-07-01','2021-06-13','96');
INSERT INTO "Dog__c" VALUES(2,'2011-04-02','2007-12-20','Havanese','Male','Fail','1-889920-87-8','Dexter','Size mean affect natural establish kitchen. Soon everyone along education. Military whole student more after.','2021-08-13','https://picsum.photos/60/60','Assistance Dogs Set In Motion','False','In Training','2022-07-04','2021-12-01','2022-08-28','2021-03-29','2021-04-30','116');
INSERT INTO "Dog__c" VALUES(3,'2014-11-26','2003-11-18','French Bulldog','Female','Pass','0-00-892611-5','Lucy','Protect thank reduce actually each move. Teach degree term while service less produce. Role reach fine bar young along.','2022-12-08','https://placekitten.com/60/60','Assistance Dogs Set In Motion','True','None','2022-06-21','2022-09-20','2022-03-04','2022-12-21','2019-06-16','136');
INSERT INTO "Dog__c" VALUES(4,'2018-10-30','2002-03-09','Saint Bernard','Male','Fail','0-686-58116-4','Scooter','Help wide majority college purpose. Choice traditional radio pick civil hard. Lawyer notice feeling military.','2022-02-17','https://placeimg.com/60/60/any','Assistance Dogs Set In Motion','False','Certified','2022-07-04','2022-09-06','2022-09-11','2022-06-18','2020-05-13','15');
INSERT INTO "Dog__c" VALUES(5,'2010-12-19','2003-11-11','Pomeranian','Female','Pass','1-4740-3316-4','Lulu','Others couple order become. Care protect most table.','2021-10-07','https://picsum.photos/60/60','Assistance Dogs Set In Motion','True','None','2022-09-25','2021-06-26','2021-08-29','2022-08-19','2022-03-31','35');
INSERT INTO "Dog__c" VALUES(6,'2001-01-03','2017-05-10','Corgi','Male','Pass','0-299-49714-3','Benji','They discover practice military find consumer strategy. Yes seat determine. Service discover peace scene why. Stage produce sure why especially your.','2022-07-28','https://placeimg.com/60/60/any','Team Certification','True','None','2020-05-26','2022-09-23','2021-06-30','2022-08-18','2023-02-24','56');
INSERT INTO "Dog__c" VALUES(7,'2018-04-15','2018-02-06','Poodle','Female','Pass','1-84552-759-3','Roxy','Degree Mrs first major task daughter medical. Body rate something instead.','2022-04-01','https://dummyimage.com/60x60','Assistance Dogs Set In Motion','True','None','2021-12-06','2022-10-05','2022-04-28','2022-09-13','2018-08-04','76');
CREATE TABLE "Lead" (
	id INTEGER NOT NULL, 
	"City" VARCHAR(255), 
	"Company" VARCHAR(255), 
	"Country" VARCHAR(255), 
	"Email" VARCHAR(255), 
	"FirstName" VARCHAR(255), 
	"GW_Volunteers__Volunteer_Availability__c" VARCHAR(255), 
	"GW_Volunteers__Volunteer_Notes__c" VARCHAR(255), 
	"GW_Volunteers__Volunteer_Skills__c" VARCHAR(255), 
	"GW_Volunteers__Volunteer_Status__c" VARCHAR(255), 
	"IsConverted" VARCHAR(255), 
	"IsUnreadByOwner" VARCHAR(255), 
	"LastName" VARCHAR(255), 
	"LeadInterest__c" VARCHAR(255), 
	"LeadSource" VARCHAR(255), 
	"LeadSourceOther__c" VARCHAR(255), 
	"MobilePhone" VARCHAR(255), 
	"Phone" VARCHAR(255), 
	"PostalCode" VARCHAR(255), 
	"PronounOther__c" VARCHAR(255), 
	"Pronoun__c" VARCHAR(255), 
	"State" VARCHAR(255), 
	"Status" VARCHAR(255), 
	"Street" VARCHAR(255), 
	"npe01__Preferred_Email__c" VARCHAR(255), 
	"npe01__Preferred_Phone__c" VARCHAR(255), 
	"npsp__CompanyCity__c" VARCHAR(255), 
	"npsp__CompanyCountry__c" VARCHAR(255), 
	"npsp__CompanyPostalCode__c" VARCHAR(255), 
	"npsp__CompanyState__c" VARCHAR(255), 
	"npsp__CompanyStreet__c" VARCHAR(255), 
	"npsp__Batch__c" VARCHAR(255), 
	PRIMARY KEY (id)
);
INSERT INTO "Lead" VALUES(1,'Blackwellland','N/A','Turkmenistan','nina63@example.com','Susan','','','','','False','True','Riley','Sponsorship/Donations','Other','','+1-670-453-4258x0337','363.440.9207x382','06688','Less as.','they','Alabama','Working - Contacted','942 Preston Burg Apt. 792','Work','Work','','','','','','');
INSERT INTO "Lead" VALUES(2,'Devonborough','N/A','Luxembourg','haynesrickey@example.org','Raven','','','','','False','True','Woodard','Trainer Certification','Instagram','','043-352-4892','001-690-098-1828','23916','Political.','he','Washington','Working - Contacted','4691 Larry Hill Apt. 842','Personal','Home','','','','','','');
INSERT INTO "Lead" VALUES(3,'Yorkmouth','N/A','American Samoa','lesterjody@example.com','Victor','','','','','False','True','Williams','Sweet Snoopers Training Program','Health Provider','','(382)182-7131x92547','233-082-7677x853','39224','Character.','they','Montana','Working - Contacted','5949 Diaz Roads Suite 180','Work','Other','','','','','','');
INSERT INTO "Lead" VALUES(4,'Kristenborough','N/A','Guadeloupe','bcherry@example.com','Natasha','','','','','False','True','Harris','Sweet Snoopers Training Program','Website','','+1-031-861-0703x273','567.443.8700x632','12359','Will long.','specify','Washington','Working - Contacted','19238 Kidd Island Suite 391','Alternate','Work','','','','','','');
INSERT INTO "Lead" VALUES(5,'Wernerburgh','N/A','Hungary','stuart87@example.net','Donna','','','','','False','True','Lopez','Sponsorship/Donations','Other','','595.877.1835','4379099821','32905','Mission.','they','Indiana','Open - Not Contacted','79070 Dalton Plaza','Work','Other','','','','','','');
INSERT INTO "Lead" VALUES(6,'East Kevinmouth','N/A','Faroe Islands','joelgoodwin@example.org','Shannon','','','','','False','True','Boyd','Volunteering','Other','','+1-527-031-3036','247-897-7938x174','33572','My turn.','she','Michigan','Open - Not Contacted','8375 Sweeney Curve Suite 519','Personal','Work','','','','','','');
INSERT INTO "Lead" VALUES(7,'Lake Soniashire','N/A','Haiti','george80@example.com','Glen','','','','','False','True','Meza','Trainer Certification','Search Engine','','114.088.6128','779.374.9079x540','62350','Interview.','specify','Wisconsin','Working - Contacted','9712 Karen Gateway Suite 757','Work','Other','','','','','','');
CREATE TABLE "Log__c" (
	id INTEGER NOT NULL, 
	"ClientHours__c" VARCHAR(255), 
	"ClientStress__c" VARCHAR(255), 
	"Date__c" VARCHAR(255), 
	"Details__c" VARCHAR(255), 
	"Handler__c" VARCHAR(255), 
	"OtherHours__c" VARCHAR(255), 
	"PublicAccessHours__c" VARCHAR(255), 
	"RecordTypeId" VARCHAR(255), 
	"RequestSupportFromAtlas__c" VARCHAR(255), 
	"RequestSupportFromTeam__c" VARCHAR(255), 
	"Satisfaction__c" VARCHAR(255), 
	"SessionType__c" VARCHAR(255), 
	"Stress__c" VARCHAR(255), 
	"SupportDetails__c" VARCHAR(255), 
	"Type__c" VARCHAR(255), 
	"Client__c" VARCHAR(255), 
	"Dog__c" VARCHAR(255), 
	"Facilitator__c" VARCHAR(255), 
	"Submitter__c" VARCHAR(255), 
	PRIMARY KEY (id)
);
INSERT INTO "Log__c" VALUES(1,'68.0','Rather much','2016-04-06','These ever indicate discover. Feel whether picture room far.','Tara','5.0','75.0','','True','True','Some enjoyment','In Person','Rather much','Talk foreign participant skill. Front rock stop month real that. Begin card from gun physical everything outside fall.','Client','15','1','104','16');
INSERT INTO "Log__c" VALUES(2,'42.0','Not at all','2018-10-30','Interest everybody evening government material together million. In herself both truth often view.','Kyle','35.0','23.0','','False','True','A little enjoyment','Virtual','Only a little','Add prevent popular data money. Minute sometimes result card stage skin number. Show house very agreement quickly memory organization into.','Facilitator','15','1','17','14');
INSERT INTO "Log__c" VALUES(3,'72.0','To some extent','2021-04-23','Training poor expect when consider the. Pick enter media rock office.','Greg','41.0','7.0','','False','True','No enjoyment','In Person','Very much','Read social idea question house air. Baby serve defense war. Nothing maintain happen more deep.','Facilitator','16','1','104','96');
INSERT INTO "Log__c" VALUES(4,'99.0','Very much','2018-07-25','Number understand meeting. New surface treat daughter so court.','Ryan','73.0','23.0','','True','False','Extreme amount of enjoyment','Virtual','Rather much','Tv accept other education physical. Market great including indeed term. Or impact well father address fund.','Facilitator','17','1','98','102');
INSERT INTO "Log__c" VALUES(5,'34.0','To some extent','2020-07-03','Finally group himself by bit one card. Mother ground list win cover public soon. Around idea by itself decade some they.','Ronald','45.0','34.0','','True','False','No enjoyment','In Person','To some extent','Bring listen enough baby. Deal choice be amount black. Kind yes camera suffer as.','Client','52','6','68','59');
INSERT INTO "Log__c" VALUES(6,'60.0','To some extent','2017-07-28','Military degree help that remain. Wish day including health far.','Stephanie','51.0','86.0','','False','False','A little enjoyment','Virtual','Not at all','Apply need difference son buy be. Guess become stay board position accept.','Facilitator','54','6','67','72');
INSERT INTO "Log__c" VALUES(7,'62.0','Rather much','2015-02-28','Type nearly reveal eat better law seem. Writer visit not may. Cultural knowledge security reduce.','Marcus','80.0','32.0','','False','True','Some enjoyment','In Person','Rather much','To know opportunity authority factor. Trip pressure million yard nice reduce for.','Client','54','6','52','66');
INSERT INTO "Log__c" VALUES(8,'91.0','Rather much','2019-09-11','Blue image film surface. Under really manage example word bed. Chance better even safe. Nice reduce street cup blood herself although.','Marcus','47.0','85.0','','True','False','No enjoyment','Virtual','Only a little','Early more institution guy front recently. Officer against top imagine house several check fight.','Client','54','6','58','60');
INSERT INTO "Log__c" VALUES(9,'86.0','To some extent','2016-10-06','Sense eye long it page until. Idea particular support specific. Rise may whole receive offer debate evening.','Gordon','82.0','71.0','','False','False','Some enjoyment','In Person','Only a little','News surface others despite. Never major computer success step. Cover page throw down billion stock morning firm.','Client','82','4','32','47');
INSERT INTO "Log__c" VALUES(10,'33.0','Very much','2015-05-20','Poor for attorney them lead gas. Economic yet painting statement event ground represent. Tonight thank unit through present call wonder.','Sydney','66.0','87.0','','False','False','Some enjoyment','Virtual','Only a little','Call hot notice. Appear like your report fill. Son listen old fight.','Client','82','4','79','22');
INSERT INTO "Log__c" VALUES(11,'46.0','Only a little','2015-04-24','Build vote ok. Close hand finally clear.','Maria','69.0','5.0','','True','True','No enjoyment','Virtual','Not at all','Participant magazine white team although pay. Learn mind pressure we attack.','Facilitator','82','4','79','46');
INSERT INTO "Log__c" VALUES(12,'59.0','Only a little','2016-01-07','Tough now course example certain. Hour member claim hold.','Jaime','82.0','85.0','','False','False','Rather much enjoyment','Virtual','Very much','Sell ahead unit office day. Yard second morning research. Soldier control they fire will just. Serve treat month though.','Facilitator','62','6','56','67');
INSERT INTO "Log__c" VALUES(13,'92.0','Only a little','2021-08-27','Century any seat each suggest. Three many democratic.','Kevin','26.0','77.0','','False','True','A little enjoyment','In Person','To some extent','Commercial down believe back finally court popular especially. Finish religious southern door compare learn. Several other material answer threat. Sometimes entire pattern analysis far road.','Client','40','5','40','41');
INSERT INTO "Log__c" VALUES(14,'3.0','Not at all','2022-03-05','Treatment by public claim. Material body small court. Could office set lead responsibility official fight.','Peggy','1.0','44.0','','False','True','A little enjoyment','Virtual','Very much','Society east fine debate reality effort join. Into gun position first. How east generation help see.','Client','40','5','50','36');
INSERT INTO "Log__c" VALUES(15,'17.0','Very much','2019-03-08','Grow evening deep remain. Movie draw away democratic east trial.','Madeline','2.0','4.0','','True','True','Rather much enjoyment','In Person','Not at all','Difficult blue chance strategy. Argue middle few me safe machine let. Type group ever north.','Facilitator','37','5','40','40');
INSERT INTO "Log__c" VALUES(16,'67.0','Rather much','2019-11-16','Base they alone must anything like strategy. Yourself parent require inside.','Jacqueline','8.0','49.0','','True','False','No enjoyment','Virtual','Only a little','Start anything chair turn long. Receive level deal hundred skin. Few remember within ready third. Very election consumer sense recently market.','Facilitator','37','5','40','44');
INSERT INTO "Log__c" VALUES(17,'63.0','To some extent','2021-06-18','With mind fish which. Door can enjoy though what.','Diana','11.0','82.0','','True','False','A little enjoyment','Virtual','Only a little','Throw available get near. Your let back pressure. Subject law team class ball.','Client','37','5','37','42');
INSERT INTO "Log__c" VALUES(18,'5.0','Rather much','2020-09-02','Movement town modern control want same political foot. Despite opportunity debate kitchen computer bank protect.','Brittany','5.0','26.0','','True','True','Extreme amount of enjoyment','In Person','Rather much','Several fire air allow woman question firm movement. Help sign reach property get face. Economic economy girl interview level station quality.','Facilitator','37','5','37','44');
INSERT INTO "Log__c" VALUES(19,'76.0','To some extent','2016-11-19','Necessary window go end physical buy.','Frank','34.0','34.0','','True','True','No enjoyment','In Person','Not at all','Reflect choice recently small. Should perform which base rule. Ever win enough report hear wall.','Facilitator','37','5','42','39');
INSERT INTO "Log__c" VALUES(20,'83.0','To some extent','2017-01-03','Us provide voice standard. Mission lead lead market. New while safe career.','Ronald','71.0','47.0','','True','False','Rather much enjoyment','In Person','Only a little','Speech tend answer. Town standard raise for budget.','Facilitator','43','5','36','37');
INSERT INTO "Log__c" VALUES(21,'30.0','Not at all','2018-07-28','Author big share site development method quite. Fish firm chance student stuff. Natural find group specific hit. Suggest board seat first tax.','Nathaniel','38.0','30.0','','True','True','Rather much enjoyment','In Person','Very much','Finish pressure look have fine different. Budget instead million day Republican.','Client','43','5','37','51');
INSERT INTO "Log__c" VALUES(22,'88.0','Rather much','2015-06-21','Nor add best report drop. Leg produce best reality world prevent main.','Warren','49.0','9.0','','False','False','A little enjoyment','Virtual','Not at all','Treatment continue develop collection woman. Important no develop once.','Client','43','5','44','49');
INSERT INTO "Log__c" VALUES(23,'89.0','Very much','2019-08-29','Mission wish industry. Agree recognize rich big training.','Stefanie','2.0','17.0','','True','False','A little enjoyment','Virtual','To some extent','Mean one base catch happy item. Property task either. Site decide clearly reason skill.','Facilitator','43','5','49','51');
INSERT INTO "Log__c" VALUES(24,'62.0','Only a little','2020-08-18','History produce instead toward manager. Physical open realize type report. Learn everybody scientist mother attorney magazine.','Suzanne','78.0','37.0','','False','False','No enjoyment','In Person','To some extent','Stock nature as box together toward. Science situation if beyond rate. Smile individual really wrong close.','Facilitator','66','6','76','56');
INSERT INTO "Log__c" VALUES(25,'74.0','Rather much','2015-07-20','Newspaper anyone loss work attack though.','Jody','72.0','35.0','','False','True','Rather much enjoyment','In Person','Only a little','Ever field suddenly anything. Such address room account ask land again surface. Land consumer face star prove American choose.','Client','72','6','67','62');
INSERT INTO "Log__c" VALUES(26,'9.0','To some extent','2016-04-01','Risk artist future hit movement white life. Few visit hospital relationship it enter way. Weight deep spend.','Peter','97.0','32.0','','True','True','No enjoyment','Virtual','Very much','Community option write rich. Series really ahead news role two.','Client','73','6','66','65');
INSERT INTO "Log__c" VALUES(27,'37.0','Rather much','2022-01-14','Account into stuff matter evening or star. Consider between now accept.','Vickie','17.0','54.0','','False','False','Rather much enjoyment','In Person','To some extent','Music discussion property certainly pay clearly quickly.','Facilitator','73','6','66','56');
INSERT INTO "Log__c" VALUES(28,'85.0','Not at all','2019-04-21','Radio who book. Player read whole scientist might baby run off. Party company political drive.','Sara','50.0','19.0','','True','True','A little enjoyment','Virtual','Only a little','Girl station major job free report. Provide strong company accept laugh everything.','Client','74','6','69','76');
INSERT INTO "Log__c" VALUES(29,'7.0','Rather much','2018-11-20','Already clearly move property movie bed.','Lawrence','87.0','90.0','','True','False','Extreme amount of enjoyment','Virtual','Rather much','High race Mr bad experience include various chair. Capital instead reason mission computer. Include live bank.','Facilitator','84','6','67','54');
INSERT INTO "Log__c" VALUES(30,'25.0','Very much','2018-05-25','Question term senior coach low claim know. Occur hospital success challenge. Listen indeed almost range man will drop.','April','68.0','75.0','','False','False','No enjoyment','In Person','Very much','Exactly tonight father time skill. Example significant finish hour kitchen. Ok issue much heart generation.','Client','84','6','66','68');
INSERT INTO "Log__c" VALUES(31,'43.0','Only a little','2020-11-08','For manage establish.','Gary','29.0','43.0','','True','False','Rather much enjoyment','Virtual','Only a little','Let a including too operation magazine. Security against bring. Event approach whatever rise left use college.','Facilitator','77','7','92','83');
INSERT INTO "Log__c" VALUES(32,'32.0','Rather much','2019-10-19','Major leave difference beyond standard international stop. Material political those sound foreign. Politics activity throw military.','Damon','4.0','21.0','','False','False','A little enjoyment','Virtual','To some extent','Woman interesting middle. Camera south maybe them goal player.','Client','78','7','75','81');
INSERT INTO "Log__c" VALUES(33,'81.0','Rather much','2015-07-03','Professional my available bar participant think.','Sandra','43.0','85.0','','False','True','Extreme amount of enjoyment','In Person','To some extent','Easy agreement owner rule step check. Good while government me inside contain.','Facilitator','78','7','87','90');
INSERT INTO "Log__c" VALUES(34,'76.0','Very much','2017-01-24','Long tough Congress stuff get rest. Arrive claim speak bag.','Theresa','1.0','96.0','','False','True','Some enjoyment','Virtual','Very much','Feel true none level small. Huge beat generation treatment laugh dinner.','Facilitator','48','5','42','51');
INSERT INTO "Log__c" VALUES(35,'47.0','Not at all','2018-06-30','Life vote dream guess hard heart. Him mouth near everybody it. Close because watch before.','Audrey','97.0','44.0','','False','True','Rather much enjoyment','Virtual','Not at all','Animal toward save. Especially my item car nature.','Client','48','5','49','51');
INSERT INTO "Log__c" VALUES(36,'100.0','Not at all','2015-06-30','Majority present business name majority customer brother.','Veronica','81.0','23.0','','True','True','Some enjoyment','In Person','Very much','Down no course candidate guy partner executive.','Client','49','5','39','37');
INSERT INTO "Log__c" VALUES(37,'9.0','Very much','2019-09-23','Although less prevent few they figure. Natural improve rule cell tell.','Mia','14.0','31.0','','True','True','A little enjoyment','Virtual','Only a little','Affect admit whatever trip add actually stop. Mean note civil represent purpose car law.','Facilitator','51','5','36','38');
INSERT INTO "Log__c" VALUES(38,'20.0','Very much','2020-08-22','Church international half decade difference. Let general training really adult city near talk. Process do million loss want.','Regina','74.0','5.0','','False','False','No enjoyment','In Person','Very much','Region anyone president plan our standard everything born. Writer wonder each ask offer road option feel.','Facilitator','51','5','38','43');
INSERT INTO "Log__c" VALUES(39,'41.0','Only a little','2017-02-12','Rule inside within article far middle. Might production product use baby her employee.','Carlos','20.0','65.0','','True','True','No enjoyment','Virtual','To some extent','He power true tend modern at. See record final form its. Federal research policy get care hear including.','Facilitator','51','5','37','41');
INSERT INTO "Log__c" VALUES(40,'46.0','Rather much','2020-09-14','Attack drug fast seem.','Corey','45.0','14.0','','True','True','Extreme amount of enjoyment','Virtual','Only a little','Drug debate nor would use area make. Send message student spend.','Client','63','6','52','71');
INSERT INTO "Log__c" VALUES(41,'70.0','To some extent','2019-09-13','Another none loss design computer nor free. Join detail control per country.','Alan','46.0','98.0','','True','False','Rather much enjoyment','In Person','To some extent','Option worker culture force. Attention well although hot hundred three pull.','Client','85','7','88','92');
INSERT INTO "Log__c" VALUES(42,'56.0','Rather much','2017-01-20','Also drive official take. Much now organization fast upon.','Cassandra','82.0','0.0','','False','False','Extreme amount of enjoyment','Virtual','To some extent','National probably baby face professional across on. Court career like matter as choice. Contain standard performance pass on charge indeed.','Facilitator','85','7','93','75');
INSERT INTO "Log__c" VALUES(43,'27.0','Rather much','2015-01-27','Trial head especially no kind million. Send likely pull lot. Garden high expect bit behind. Her marriage magazine physical.','Sally','47.0','48.0','','False','True','No enjoyment','In Person','Only a little','Former subject economic its on care. Strong system everyone general watch material. End mission north early animal help suddenly within. To figure detail indeed movie month direction.','Client','91','7','80','89');
INSERT INTO "Log__c" VALUES(44,'73.0','Not at all','2016-02-28','At rock rise recent.','Brittney','15.0','57.0','','False','False','No enjoyment','Virtual','Not at all','Get seat reason expect institution. Specific feeling nothing movie attack wife dark.','Client','47','4','79','25');
INSERT INTO "Log__c" VALUES(45,'92.0','Very much','2021-12-31','Agency reflect during language. Office economic author ready report more likely.','Marco','95.0','2.0','','False','True','A little enjoyment','Virtual','Only a little','Apply involve word thank condition least wear best. Color mean hard miss research board.','Client','92','7','93','89');
INSERT INTO "Log__c" VALUES(46,'7.0','Only a little','2016-06-08','East light economy. Nature realize water city lay senior. Yeah action effect us cause.','Lindsay','43.0','36.0','','True','True','Rather much enjoyment','In Person','Very much','Become student kind senior.','Client','89','7','78','77');
INSERT INTO "Log__c" VALUES(47,'23.0','Not at all','2017-04-17','Line see goal media once wonder garden. Entire first experience someone risk practice difficult.','Carl','73.0','3.0','','True','True','Extreme amount of enjoyment','Virtual','Only a little','Clearly list whole try century. Allow despite pattern check. My art agreement beautiful professional part become.','Facilitator','89','7','88','91');
INSERT INTO "Log__c" VALUES(48,'66.0','Very much','2017-11-07','Nice find difficult pull ever much summer. Seat total position move deep protect federal.','Kaitlin','49.0','19.0','','True','True','No enjoyment','In Person','To some extent','Indicate interview among life foot nothing. Value get cell personal.','Client','93','7','91','86');
INSERT INTO "Log__c" VALUES(49,'67.0','To some extent','2020-08-07','Management system agency above later spend hot. Prevent page account analysis sometimes media threat. Food career power list. Scientist must quality young get explain its.','Anne','60.0','97.0','','True','True','Some enjoyment','In Person','Very much','Ready today small Mrs.','Facilitator','93','7','93','80');
INSERT INTO "Log__c" VALUES(50,'16.0','Very much','2016-05-02','How evening maintain true cold mention statement school. Ago six future per voice present task.','Ricky','38.0','68.0','','False','True','Rather much enjoyment','In Person','Very much','Land reduce city think. Leader amount culture time a. Here rather operation Republican appear get. Stuff senior simple since.','Facilitator','94','1','104','16');
INSERT INTO "Log__c" VALUES(51,'82.0','Not at all','2020-04-14','Find identify green forward.','Samuel','29.0','54.0','','True','False','Extreme amount of enjoyment','Virtual','Not at all','Return long fact why home.','Facilitator','96','1','15','105');
INSERT INTO "Log__c" VALUES(52,'81.0','Only a little','2017-03-07','Industry style word tough memory. Pm each consumer good sea.','Steve','46.0','74.0','','False','True','Some enjoyment','In Person','Only a little','Way available central whether almost loss either. Clearly range lawyer cultural. Drop future purpose success.','Facilitator','96','1','16','16');
INSERT INTO "Log__c" VALUES(53,'29.0','Very much','2015-12-21','Hot military Mr order agree help science name. Trial many evidence I.','Jerry','68.0','14.0','','True','True','A little enjoyment','In Person','Rather much','Including father scientist development. Street travel model use site range. Cut well society kid.','Client','97','1','98','103');
INSERT INTO "Log__c" VALUES(54,'43.0','To some extent','2015-02-09','Enjoy through treat trouble herself sister. Benefit want successful increase note skill. Various pressure issue citizen individual charge if.','Isabella','47.0','42.0','','True','True','A little enjoyment','In Person','Very much','No religious call PM standard space prove. Modern play subject itself game admit. Behind cost very later city will.','Facilitator','97','1','104','104');
INSERT INTO "Log__c" VALUES(55,'55.0','Very much','2016-10-22','Data yourself on foreign character human seat. Only capital effect. Loss occur theory power bar.','Sherry','31.0','81.0','','False','False','Some enjoyment','In Person','Very much','Civil take move care local.','Facilitator','101','1','102','105');
INSERT INTO "Log__c" VALUES(56,'1.0','Very much','2021-12-30','Election magazine morning gun drive television type. Apply institution movement. Job impact focus keep.','Julia','65.0','42.0','','False','True','Rather much enjoyment','In Person','Not at all','Amount training him myself finally. Detail probably bring arrive yes.','Facilitator','102','1','94','97');
INSERT INTO "Log__c" VALUES(57,'84.0','Only a little','2015-08-05','Guess Democrat sound always response boy. Decade evening material part example quickly people. Ask above that claim.','Jessica','42.0','5.0','','False','False','No enjoyment','In Person','Only a little','Last cut special record key hospital stuff. Design get anything Congress protect.','Client','78','7','85','92');
INSERT INTO "Log__c" VALUES(58,'93.0','Very much','2018-05-01','Quality stop conference upon. Economic model under color town strong.','Selena','48.0','93.0','','False','True','A little enjoyment','In Person','Rather much','All itself interesting different control central I.','Client','78','7','93','87');
INSERT INTO "Log__c" VALUES(59,'97.0','Very much','2016-09-21','Half material official social. Enough maintain far.','Sheryl','44.0','53.0','','False','True','Extreme amount of enjoyment','In Person','Very much','Drug charge shoulder sound debate expect budget. Religious certainly stop wish.','Client','46','4','46','99');
INSERT INTO "Log__c" VALUES(60,'52.0','Rather much','2017-01-26','Herself north either particularly age success. From blood name technology future modern.','Glenn','6.0','80.0','','False','False','Extreme amount of enjoyment','In Person','Rather much','Manager air skill magazine manager. Heavy meeting as room off.','Client','46','4','82','82');
INSERT INTO "Log__c" VALUES(61,'72.0','Rather much','2020-05-11','Budget affect true management not moment. Dark most learn responsibility guess through meeting.','Cody','38.0','53.0','','False','True','Extreme amount of enjoyment','In Person','Very much','Training choice field go official cell. Also shoulder weight before blood this consider major.','Facilitator','75','7','86','77');
INSERT INTO "Log__c" VALUES(62,'34.0','Rather much','2017-12-26','Interview people miss tax crime rich significant issue. Mother result will maintain many. Yeah drive way seat huge. Child cost say vote land exactly.','Tammie','5.0','18.0','','True','False','Some enjoyment','Virtual','Not at all','Information entire million development offer. Company these particular movement technology including third.','Client','75','7','87','75');
INSERT INTO "Log__c" VALUES(63,'28.0','Not at all','2020-10-03','Manager cold begin deal cold usually. Court write soon improve.','Gabriella','15.0','44.0','','True','True','Extreme amount of enjoyment','In Person','Rather much','Arm pressure either college expert.','Facilitator','75','7','90','80');
INSERT INTO "Log__c" VALUES(64,'16.0','Not at all','2015-02-17','Throw story speech air ahead forget.','Sophia','92.0','67.0','','False','False','A little enjoyment','Virtual','To some extent','Score owner window ok especially. Keep toward now they. Company remember always popular you area any report.','Facilitator','80','7','78','81');
INSERT INTO "Log__c" VALUES(65,'62.0','Only a little','2017-06-22','Notice wife summer off. Herself run cost produce concern street. Blue buy trial manage.','Priscilla','53.0','55.0','','False','False','No enjoyment','In Person','Very much','Assume appear article speech interview. Hour few draw world surface second prove.','Facilitator','80','7','88','78');
INSERT INTO "Log__c" VALUES(66,'9.0','Very much','2019-02-11','Continue picture action charge accept. West song chance ability. These language yet check focus world.','Terry','44.0','51.0','','False','False','No enjoyment','Virtual','Rather much','Garden trade everyone wonder fine factor process. Develop everything treatment production.','Facilitator','81','7','90','90');
INSERT INTO "Log__c" VALUES(67,'77.0','To some extent','2016-10-26','White network board relationship.','Ronald','94.0','90.0','','False','True','Rather much enjoyment','In Person','Only a little','Unit seem tend shake important letter source. Follow network mouth boy. Source himself current since analysis.','Facilitator','86','7','91','80');
INSERT INTO "Log__c" VALUES(68,'24.0','Rather much','2016-10-26','Bad dream natural possible data indeed far. Care defense hit two season two. Begin return paper full me.','Carrie','54.0','87.0','','False','True','A little enjoyment','Virtual','Rather much','Executive receive game force. While threat stop decide assume them sing operation. Seem foreign condition.','Client','18','2','5','9');
INSERT INTO "Log__c" VALUES(69,'16.0','Rather much','2019-09-03','Role debate huge ahead analysis character financial even. Practice hotel same ask. Note sign senior wonder.','Glenn','28.0','27.0','','True','False','Rather much enjoyment','In Person','To some extent','Western hotel financial knowledge often my. Others college bar movement.','Facilitator','18','2','11','19');
INSERT INTO "Log__c" VALUES(70,'39.0','Not at all','2018-10-14','Trouble consider lawyer task throughout.','Marissa','35.0','66.0','','True','True','Rather much enjoyment','In Person','Only a little','Couple reduce particularly much road take not. Direction million sure become.','Facilitator','55','6','63','74');
INSERT INTO "Log__c" VALUES(71,'74.0','Not at all','2017-06-01','Your clear these hair tax.','Emma','78.0','20.0','','False','True','Extreme amount of enjoyment','Virtual','To some extent','General kitchen scene among top alone store hair. Bed eight another Congress Congress baby. Chance economy mind factor fall recognize.','Facilitator','55','6','76','67');
INSERT INTO "Log__c" VALUES(72,'32.0','Rather much','2016-06-11','Civil end garden. Example year police race.','Corey','56.0','54.0','','True','False','Some enjoyment','In Person','Not at all','But contain whole great. White fish stage message.','Facilitator','20','3','23','33');
INSERT INTO "Log__c" VALUES(73,'81.0','To some extent','2019-03-27','Because matter understand. Tough Congress spend agency enjoy new. Series anyone wide range.','Daniel','79.0','20.0','','True','True','Some enjoyment','In Person','Only a little','Skin risk sister team. Back common little seat company throw seem. Foot great discover both argue owner American.','Facilitator','20','3','27','30');
INSERT INTO "Log__c" VALUES(74,'23.0','Only a little','2018-04-02','Policy another assume Congress increase painting somebody. Every during statement seem toward.','Tracy','58.0','100.0','','True','True','Some enjoyment','In Person','Very much','Black fly money such. Design piece reason right.','Facilitator','20','3','33','29');
INSERT INTO "Log__c" VALUES(75,'99.0','Rather much','2016-10-15','Charge onto finish across forward. Human expert reveal if truth assume. Decide subject discuss rich.','Paige','20.0','30.0','','False','True','No enjoyment','Virtual','Very much','Either standard money baby consumer sign. Bag nor letter social thus everything.','Client','11','2','4','6');
INSERT INTO "Log__c" VALUES(76,'86.0','Only a little','2021-10-12','Participant candidate movement body my. Fear rest say despite cause itself. Police stock political cold admit quickly.','Shirley','76.0','34.0','','False','False','No enjoyment','In Person','Not at all','West before company offer. View half morning. Minute step movie song.','Client','13','2','11','4');
INSERT INTO "Log__c" VALUES(77,'43.0','To some extent','2019-06-26','Of well economic do. West play worry sport baby thus.','Tracie','6.0','38.0','','False','True','Some enjoyment','In Person','Rather much','Think station someone indeed song teacher floor. Action ball full others reach yourself. Key plant cause almost recent. Decade affect same to day arm.','Client','99','4','95','99');
INSERT INTO "Log__c" VALUES(78,'6.0','To some extent','2015-05-25','Serve finish fire little most. Spend fact home value they amount. Goal firm black behavior western wonder. Let pattern day choice outside throughout.','Terri','94.0','4.0','','False','False','No enjoyment','In Person','Rather much','Listen and space peace easy tonight hundred. Region time low skill way performance. Size what author evidence. Tonight difference town.','Client','99','4','22','99');
INSERT INTO "Log__c" VALUES(79,'23.0','Rather much','2018-04-18','Election team parent. Health line explain price car among special national.','Melvin','9.0','99.0','','False','False','Rather much enjoyment','Virtual','Very much','Send seem usually great.','Facilitator','100','4','35','35');
INSERT INTO "Log__c" VALUES(80,'26.0','Only a little','2018-05-07','If water enjoy leg middle. Fast crime ability.','Erika','68.0','45.0','','True','True','Rather much enjoyment','In Person','Very much','Clear necessary should project responsibility today lose make. Article stock drug commercial weight number protect nearly. Business notice central arm senior everything respond.','Client','22','4','95','100');
INSERT INTO "Log__c" VALUES(81,'19.0','Only a little','2015-04-28','Resource oil another between. Foot organization guy maybe could.','Madeline','12.0','18.0','','True','True','Some enjoyment','In Person','To some extent','Pattern spend plant chance body from seek. However during describe customer attorney. Different important too really study. Wait despite four as town middle.','Client','22','4','25','34');
INSERT INTO "Log__c" VALUES(82,'22.0','Rather much','2022-02-06','Doctor summer law edge Congress today sure able. Skill Mr often pay himself in point. For them song quite street have senior however.','Ariana','11.0','22.0','','True','True','Extreme amount of enjoyment','In Person','Not at all','Reveal nearly can create trip factor. Special while step reveal guess increase send. As local capital company security than.','Facilitator','34','4','99','79');
INSERT INTO "Log__c" VALUES(83,'64.0','Very much','2017-04-22','Wear lawyer attention face likely two professor. Hold radio career enjoy get mother. Give pretty manage resource might eight player knowledge.','John','49.0','4.0','','True','False','No enjoyment','Virtual','Only a little','Choose add role can most.','Facilitator','60','6','63','52');
INSERT INTO "Log__c" VALUES(84,'9.0','Only a little','2015-12-22','Goal develop range player.','Troy','46.0','33.0','','False','False','No enjoyment','Virtual','Very much','Since important scientist democratic first individual involve.','Facilitator','60','6','72','52');
INSERT INTO "Log__c" VALUES(85,'1.0','Not at all','2015-01-23','Break mother father company. Season son trip many. Health generation hand soldier state.','Max','10.0','97.0','','True','True','Extreme amount of enjoyment','In Person','Not at all','Give expect election radio case teach system. Organization growth standard. Arm another wear.','Facilitator','32','4','95','22');
INSERT INTO "Log__c" VALUES(86,'23.0','To some extent','2016-08-10','Whole idea send majority. Learn result suddenly.','Morgan','0.0','88.0','','True','True','Rather much enjoyment','Virtual','Very much','Occur painting face rock price. Bill what decision property. Girl along hair hard clearly particularly authority figure.','Facilitator','32','4','32','32');
INSERT INTO "Log__c" VALUES(87,'36.0','Not at all','2015-09-19','Mother social dark. If reduce seem your analysis grow.','Candice','34.0','96.0','','False','False','Extreme amount of enjoyment','In Person','Not at all','Collection trade though more. Process need major live.','Facilitator','69','6','71','62');
INSERT INTO "Log__c" VALUES(88,'2.0','Not at all','2015-09-09','Now glass effect least. Free bed discuss base executive. Teach hundred put use reach.','Heather','7.0','60.0','','True','False','A little enjoyment','Virtual','Not at all','Move article middle perform. Course dream up yes.','Facilitator','38','5','40','51');
INSERT INTO "Log__c" VALUES(89,'99.0','Not at all','2015-01-31','Stage stock smile affect.','Clifford','3.0','55.0','','False','True','No enjoyment','Virtual','To some extent','Interesting base listen.','Client','38','5','43','37');
INSERT INTO "Log__c" VALUES(90,'46.0','Very much','2019-10-04','Worry phone daughter. Leave red matter laugh decade nor. Successful indicate anyone. Attention upon floor serve her success prevent.','Rodney','64.0','37.0','','False','False','Extreme amount of enjoyment','In Person','Very much','Early friend beautiful experience trade. Term concern draw news ability value. Agree strong analysis attention Mr.','Client','39','5','48','40');
INSERT INTO "Log__c" VALUES(91,'28.0','To some extent','2017-03-24','Heart always social remain drop gas. Music meet focus. Anyone various rich field chance degree affect east. Free few player medical mention.','Frederick','86.0','58.0','','False','True','Rather much enjoyment','Virtual','Rather much','Among make most design. Business capital hit science career cell prevent.','Facilitator','62','6','63','69');
INSERT INTO "Log__c" VALUES(92,'2.0','Only a little','2019-11-04','Price sing view people evidence.','Fernando','85.0','95.0','','True','True','Extreme amount of enjoyment','In Person','Very much','Quality say trade pressure purpose drug. Live charge together produce drug. Seem accept whether above family within.','Client','62','6','71','63');
INSERT INTO "Log__c" VALUES(93,'100.0','Not at all','2019-04-28','In up meet central wish. Answer likely us miss. Wind where operation live member.','Philip','36.0','48.0','','False','True','Extreme amount of enjoyment','In Person','Rather much','Discussion few hear ability quickly.','Client','1','2','3','6');
INSERT INTO "Log__c" VALUES(94,'23.0','Very much','2017-05-05','Mrs several card tax up amount.','Maria','91.0','11.0','','False','True','Extreme amount of enjoyment','Virtual','Not at all','Allow water around. Summer allow machine quality quality. Poor race who animal significant level whose.','Client','3','2','13','6');
INSERT INTO "Log__c" VALUES(95,'22.0','Not at all','2017-06-17','Reach off study very either. Believe even stuff however inside hour take open.','Mikayla','50.0','51.0','','False','False','Extreme amount of enjoyment','In Person','Not at all','Central put minute prove top.','Facilitator','4','2','8','2');
INSERT INTO "Log__c" VALUES(96,'29.0','Not at all','2018-02-24','Only physical past material nice. However anyone check partner.','Jimmy','16.0','96.0','','False','True','Extreme amount of enjoyment','In Person','Rather much','Table machine some much.','Client','4','2','12','11');
INSERT INTO "Log__c" VALUES(97,'41.0','Rather much','2019-05-11','Significant space need eight.','Fernando','65.0','68.0','','True','False','A little enjoyment','Virtual','Only a little','You fine response watch. Popular value along memory level senior citizen.','Facilitator','4','2','18','6');
INSERT INTO "Log__c" VALUES(98,'94.0','To some extent','2022-01-04','Bar article partner have condition. Along purpose war. Lawyer believe start hair involve thing result. Stuff career power fly station.','Zachary','98.0','73.0','','True','True','Extreme amount of enjoyment','In Person','Rather much','Instead important news shake hundred better daughter throughout. Half stay speak.','Client','5','2','5','2');
INSERT INTO "Log__c" VALUES(99,'0.0','Not at all','2020-05-19','War near data friend model. Buy drug answer resource effort. Tough rather left kitchen education husband.','Becky','94.0','18.0','','False','False','A little enjoyment','Virtual','To some extent','Main social yourself glass everybody pay over.','Client','5','2','6','3');
INSERT INTO "Log__c" VALUES(100,'79.0','Rather much','2017-05-03','Congress police home cold success. Stand team series after ask alone how own. Western loss financial easy natural too.','Lonnie','92.0','84.0','','True','True','Rather much enjoyment','In Person','Only a little','Low benefit article thousand defense reason state decision. Citizen maintain stay up garden without center.','Facilitator','7','2','10','5');
INSERT INTO "Log__c" VALUES(101,'23.0','To some extent','2019-05-24','Include data movie model. Lose provide might off music. Activity arm structure seek toward.','Dalton','35.0','17.0','','False','True','Some enjoyment','Virtual','Not at all','Yourself put very ask. Almost ability imagine senior no.','Client','7','2','12','3');
INSERT INTO "Log__c" VALUES(102,'44.0','To some extent','2018-12-28','Where fact pressure tend hard. Raise national reach alone full.','Drew','27.0','61.0','','False','False','No enjoyment','In Person','To some extent','Clear better generation else. Daughter computer once. Need fund crime analysis important dream fire.','Facilitator','9','2','3','1');
INSERT INTO "Log__c" VALUES(103,'45.0','Very much','2019-01-22','First meet however rule realize consider market close. Early change everybody add prove beat well entire.','Raymond','7.0','77.0','','True','False','Some enjoyment','Virtual','Only a little','Time beat activity age west across. Candidate entire before industry point parent. Institution attack ability hold or final.','Facilitator','9','2','7','1');
INSERT INTO "Log__c" VALUES(104,'16.0','Not at all','2019-11-16','Thank generation successful throw image security civil. Floor mother article. What born thing sea camera doctor.','Jason','89.0','10.0','','True','False','Rather much enjoyment','In Person','Not at all','Decide state choose participant only full.','Facilitator','9','2','9','13');
INSERT INTO "Log__c" VALUES(105,'81.0','Very much','2020-03-20','Company again Congress every ball. Under society be think perform.','Amanda','28.0','55.0','','False','False','Extreme amount of enjoyment','Virtual','Not at all','Total myself significant because finish certain of. Brother whom box.','Facilitator','79','4','79','47');
INSERT INTO "Log__c" VALUES(106,'97.0','Not at all','2019-08-05','Top main each usually after. Action risk look people throw. Professor candidate reason improve yet force. Admit oil unit agreement compare participant impact local.','Briana','87.0','80.0','','False','False','Extreme amount of enjoyment','Virtual','Rather much','Decade she authority half hundred parent oil.','Client','10','2','7','9');
INSERT INTO "Log__c" VALUES(107,'24.0','Very much','2019-07-25','Clear choice space black today baby attorney. Similar what director rest. Money spend through environment activity.','Ruben','79.0','59.0','','False','True','Extreme amount of enjoyment','Virtual','Rather much','Station nearly second today watch generation.','Client','11','2','1','2');
INSERT INTO "Log__c" VALUES(108,'33.0','Not at all','2019-08-09','Area not start. Major in present race. Player nature medical himself keep.','Yvonne','16.0','93.0','','True','False','A little enjoyment','Virtual','Only a little','Fact boy order several. Memory call life hospital where ground onto forward. Data trouble physical reality goal.','Client','11','2','3','13');
INSERT INTO "Log__c" VALUES(109,'56.0','Not at all','2019-02-05','Career size future rich. Interest someone capital when. Mean surface out positive she.','Curtis','49.0','93.0','','False','False','A little enjoyment','In Person','Only a little','Pm brother wall couple picture but nothing. Wonder event others picture.','Client','3','2','6','18');
INSERT INTO "Log__c" VALUES(110,'16.0','To some extent','2017-03-21','My tax suffer feel race image fish like. Good rise rise instead all. Country spring fly option situation eye value.','Justin','83.0','96.0','','False','True','Some enjoyment','Virtual','Very much','Alone north century list lose vote stay born. Blood century something help. Tree lay wish travel.','Facilitator','102','1','102','96');
INSERT INTO "Log__c" VALUES(111,'7.0','Very much','2020-07-29','Organization include both husband state. Too difficult no order. Operation suddenly trouble big side similar.','Caitlyn','58.0','7.0','','False','True','No enjoyment','Virtual','To some extent','Drive throughout individual memory cut impact. Appear store player south car actually. Reason see thank hope individual people. Huge prepare according win total position.','Facilitator','102','1','17','16');
INSERT INTO "Log__c" VALUES(112,'3.0','Only a little','2021-12-09','Because cultural main although human child avoid. Collection candidate need space turn. Call name campaign shoulder might down prove.','Thomas','8.0','74.0','','True','False','Some enjoyment','In Person','To some extent','Game road media citizen. Degree film personal consider peace have with. Record travel measure available politics happy list information.','Client','103','1','94','98');
INSERT INTO "Log__c" VALUES(113,'10.0','To some extent','2018-12-21','Five into study. Political admit exist tend single class sea.','Brandy','3.0','27.0','','False','True','Rather much enjoyment','Virtual','To some extent','During ability safe live. Within several general quite hour thus partner mission. Early consider safe.','Client','64','4','25','35');
INSERT INTO "Log__c" VALUES(114,'7.0','Rather much','2015-10-23','Letter make that involve bar themselves lead. Government house investment case. Late top subject most pay.','Chase','60.0','21.0','','True','True','A little enjoyment','Virtual','Rather much','Admit institution question through. Woman wear more structure might. Glass name statement any relationship.','Facilitator','105','1','103','105');
INSERT INTO "Log__c" VALUES(115,'62.0','Rather much','2021-10-14','Member officer even always time medical south. Power take develop piece source let watch best. Public could around perhaps thank protect floor above.','William','56.0','99.0','','True','False','A little enjoyment','Virtual','Only a little','Look hospital television by various. Understand scientist imagine group president each let. Teacher hair collection range tax become.','Client','105','1','15','16');
INSERT INTO "Log__c" VALUES(116,'74.0','Very much','2020-12-02','Report natural truth democratic bit economy see. Happy lead sort book key feel address. Member some see among school who best.','Tricia','97.0','67.0','','True','True','Extreme amount of enjoyment','Virtual','Not at all','Early third skill common. Reach great face. Free be later just benefit you.','Client','14','1','101','103');
INSERT INTO "Log__c" VALUES(117,'28.0','Very much','2015-07-28','Kid set later appear owner travel home. Former coach experience him. Wrong statement environmental east.','Angela','26.0','15.0','','False','False','A little enjoyment','In Person','To some extent','Full from whether. Effort read trade example word peace. Myself process head community spring save yeah.','Facilitator','14','1','104','104');
INSERT INTO "Log__c" VALUES(118,'59.0','Not at all','2015-02-16','Mouth edge many production business admit chair him.','Alec','57.0','92.0','','True','False','Rather much enjoyment','Virtual','Rather much','Forget defense public. Alone leg area west across.','Facilitator','14','1','105','101');
INSERT INTO "Log__c" VALUES(119,'47.0','Only a little','2017-08-13','Send why arm how enough soldier scientist. South against help relate. Offer evening police table attack.','Levi','100.0','49.0','','False','True','No enjoyment','In Person','Rather much','Office TV hand they cost price. Probably major hit. Anyone admit he Mr.','Facilitator','14','1','17','101');
INSERT INTO "Log__c" VALUES(120,'19.0','Very much','2020-04-28','Dog single finally wait. Artist present deal instead mission rise. Become father us crime clear head far parent.','Peggy','93.0','25.0','','True','False','No enjoyment','In Person','Not at all','Effort choice forward beautiful. Understand ask your top best community. Represent his point throw think conference section.','Facilitator','28','3','29','26');
INSERT INTO "Log__c" VALUES(121,'61.0','Very much','2018-03-17','Place Republican consumer little. Our official TV energy best politics. Call though miss movie bring keep health.','Janice','20.0','63.0','','True','True','Rather much enjoyment','In Person','To some extent','Book church yard black movement. Bar wrong least sense. Inside public talk medical lawyer size more lay.','Client','28','3','27','20');
INSERT INTO "Log__c" VALUES(122,'90.0','Very much','2016-11-09','Practice six dog image important special. Whose reveal forget material nice really.','Roy','52.0','35.0','','False','True','No enjoyment','Virtual','Rather much','Scene authority mission development point.','Facilitator','27','3','33','28');
INSERT INTO "Log__c" VALUES(123,'27.0','To some extent','2019-06-06','Anyone follow news begin democratic police treat fact. Stay song cause hospital draw weight.','Jaclyn','75.0','54.0','','False','False','No enjoyment','In Person','Rather much','Political nothing trial worry policy. Scientist model reflect heavy available season wish simple. Claim tonight again stay later PM.','Facilitator','31','3','21','30');
INSERT INTO "Log__c" VALUES(124,'37.0','To some extent','2020-09-26','Final there policy later light best professional. Any half my last rate current. Road rich mother seven.','Donna','19.0','18.0','','True','False','Extreme amount of enjoyment','In Person','Not at all','Car forget several outside key. Staff whole summer least campaign blood. Others recently treat while government affect.','Facilitator','31','3','26','28');
INSERT INTO "Log__c" VALUES(125,'89.0','Very much','2020-01-14','Hit old table sound economic moment husband. Sign particularly admit her black room.','Yvette','38.0','59.0','','False','False','Rather much enjoyment','In Person','Very much','Score enjoy effect size issue. Follow easy fast of yeah beyond.','Client','31','3','26','27');
INSERT INTO "Log__c" VALUES(126,'95.0','Not at all','2019-09-15','Cup want single everyone push chair concern across. Name police put network another technology. Next color better production.','Tracey','3.0','87.0','','False','True','Some enjoyment','In Person','Only a little','Little hundred life later inside leave time.','Facilitator','33','3','29','24');
INSERT INTO "Log__c" VALUES(127,'80.0','Rather much','2015-06-09','School tough expect much peace civil always policy. Successful line moment among within change. Author tonight class night coach.','Helen','71.0','25.0','','False','False','Rather much enjoyment','In Person','Not at all','Any field various cold or place kind. Any themselves politics mention fill. Time they cell address position important. Blue black industry involve turn.','Facilitator','95','4','99','100');
INSERT INTO "Log__c" VALUES(128,'11.0','Not at all','2021-07-04','Organization foreign note up long.','Nichole','54.0','57.0','','True','True','Rather much enjoyment','In Person','Only a little','Forward anything street possible performance service name. East field four. Everything on be different no himself success education.','Facilitator','95','4','32','99');
INSERT INTO "Log__c" VALUES(129,'98.0','Not at all','2017-04-03','Quality benefit attorney medical. Evening student important say defense various. Kitchen particular health easy listen white both.','Colleen','9.0','46.0','','True','True','Rather much enjoyment','In Person','To some extent','Against decade address guess section account. Two strong despite and have recently from likely.','Facilitator','95','4','46','35');
INSERT INTO "Log__c" VALUES(130,'12.0','Rather much','2015-02-25','Small something civil positive generation. Create local would moment exist between morning.','Jim','82.0','50.0','','True','True','Rather much enjoyment','Virtual','Not at all','Without keep quite suffer college. Against staff heavy history key. Enough against concern environmental change concern article. Door little relate garden about.','Facilitator','95','4','47','99');
INSERT INTO "Log__c" VALUES(131,'23.0','Rather much','2021-08-30','Condition run after environmental book popular. Morning only bar response author economic outside.','Riley','74.0','93.0','','False','True','Extreme amount of enjoyment','Virtual','Only a little','Stop box from institution its international technology determine. Than mouth among ground for.','Client','23','3','31','29');
INSERT INTO "Log__c" VALUES(132,'62.0','Rather much','2016-04-11','Fine rock much drop book machine nice set. Bank young simple country.','Caroline','57.0','25.0','','True','True','A little enjoyment','In Person','To some extent','Moment season quality top. Yeah around offer brother save knowledge. Drive look force receive wish set hope.','Facilitator','24','3','21','33');
INSERT INTO "Log__c" VALUES(133,'75.0','Rather much','2021-01-04','Whose structure suddenly experience both well. Road loss time focus whom three. Listen guy they allow card machine.','Philip','57.0','2.0','','False','False','Rather much enjoyment','In Person','Rather much','Team pattern hot any country everything. Issue subject media view soldier. Seem need lead.','Client','24','3','30','24');
INSERT INTO "Log__c" VALUES(134,'34.0','Very much','2019-03-27','Method once individual recognize woman. Week dream cause budget.','Derrick','19.0','77.0','','False','True','Extreme amount of enjoyment','Virtual','Very much','Rest start cover court. Still issue message high region network pick. True what throughout much region computer employee them.','Facilitator','26','3','21','20');
INSERT INTO "Log__c" VALUES(135,'57.0','Not at all','2018-03-16','Such oil support offer experience. Owner all experience design thought section.','Parker','41.0','30.0','','True','True','Some enjoyment','In Person','Not at all','Apply than among we. Whom ground daughter institution rise current enter lead.','Facilitator','26','3','28','30');
INSERT INTO "Log__c" VALUES(136,'65.0','Rather much','2017-09-17','Order discussion bad foreign man. Politics fear improve nice yard sometimes.','Lucas','83.0','35.0','','True','False','Rather much enjoyment','In Person','To some extent','Whether song when newspaper. Team two evidence activity with material per Democrat. Sure expert alone trial possible all.','Client','26','3','20','30');
INSERT INTO "Log__c" VALUES(137,'56.0','To some extent','2016-03-22','Debate material concern head certainly. Town what science case else standard indeed.','Stanley','80.0','18.0','','False','True','A little enjoyment','In Person','To some extent','Population energy example music. Easy let teacher building imagine avoid.','Facilitator','30','3','26','30');
INSERT INTO "Log__c" VALUES(138,'36.0','Rather much','2018-02-14','That physical send customer bad amount sit event. Single behavior themselves include. Energy still old card hospital scientist prepare.','Brandon','97.0','82.0','','True','True','No enjoyment','Virtual','Not at all','Newspaper mission relate best better history yard without. Power food enough already keep high wrong.','Client','30','3','29','20');
INSERT INTO "Log__c" VALUES(139,'75.0','Rather much','2018-02-12','Space them have. Free bit anything image. Address finish our.','Lorraine','62.0','1.0','','False','False','Some enjoyment','Virtual','Not at all','Me accept here bill threat experience. Point film best technology evening. Picture family house.','Client','29','3','24','20');
INSERT INTO "Log__c" VALUES(140,'66.0','Only a little','2015-01-18','Style kid amount recent chance note parent glass. His else list else name. Turn piece writer nature.','Alison','47.0','17.0','','False','True','Extreme amount of enjoyment','In Person','Only a little','Stage water he create. Quality school prepare better analysis.','Facilitator','29','3','29','31');
CREATE TABLE "Log__c_rt_mapping" (
	record_type_id VARCHAR(18) NOT NULL, 
	developer_name VARCHAR(255), 
	PRIMARY KEY (record_type_id)
);
INSERT INTO "Log__c_rt_mapping" VALUES('012J0000004laDQIAY','Client');
INSERT INTO "Log__c_rt_mapping" VALUES('012J0000004laDRIAY','TeamFacilitator');
CREATE TABLE "ProgramAssignment__c" (
	id INTEGER NOT NULL, 
	"AssignedDate__c" VARCHAR(255), 
	"CompletionDate__c" VARCHAR(255), 
	"ExpectedCompletion__c" VARCHAR(255), 
	"Status__c" VARCHAR(255), 
	"Contact__c" VARCHAR(255), 
	"Program2__c" VARCHAR(255), 
	PRIMARY KEY (id)
);
INSERT INTO "ProgramAssignment__c" VALUES(1,'2016-10-29','2019-05-16','2020-06-13','Completed','28','');
INSERT INTO "ProgramAssignment__c" VALUES(2,'2021-01-17','2021-04-19','2021-07-31','In progress','100','');
INSERT INTO "ProgramAssignment__c" VALUES(3,'2019-10-10','2020-03-13','2021-07-31','In progress','69','');
INSERT INTO "ProgramAssignment__c" VALUES(4,'2016-05-31','2020-10-11','2021-03-05','Completed','44','');
INSERT INTO "ProgramAssignment__c" VALUES(5,'2016-12-26','2019-10-03','2017-08-05','In progress','87','');
INSERT INTO "ProgramAssignment__c" VALUES(6,'2020-08-24','2020-10-26','2021-03-27','In progress','103','');
INSERT INTO "ProgramAssignment__c" VALUES(7,'2016-05-27','2021-02-11','2022-01-14','Completed','10','');
INSERT INTO "ProgramAssignment__c" VALUES(8,'2022-03-02','','2022-08-29','Discontinued','104','');
INSERT INTO "ProgramAssignment__c" VALUES(9,'2021-03-28','2022-03-27','2022-03-27','Completed','104','');
CREATE TABLE "Program__c" (
	id INTEGER NOT NULL, 
	"CEU__c" VARCHAR(255), 
	"Current__c" VARCHAR(255), 
	"Months__c" VARCHAR(255), 
	"Name" VARCHAR(255), 
	"Reminder__c" VARCHAR(255), 
	PRIMARY KEY (id)
);
INSERT INTO "Program__c" VALUES(1,'False','True','6.0','Client','30.0');
INSERT INTO "Program__c" VALUES(2,'False','True','1.0','Mobility Disability','');
INSERT INTO "Program__c" VALUES(3,'False','True','9.0','Trainer','30.0');
INSERT INTO "Program__c" VALUES(4,'True','True','4.0','Service Dog Training Bundle','');
INSERT INTO "Program__c" VALUES(5,'False','True','6.0','Teams Set in Motion Client','');
INSERT INTO "Program__c" VALUES(6,'True','True','1.5','Fitness CEU','');
INSERT INTO "Program__c" VALUES(7,'True','True','1.5','Psychiatric Disability [CEU]','');
INSERT INTO "Program__c" VALUES(8,'True','True','1.5','Service Dogs Foundations [CEU]','');
INSERT INTO "Program__c" VALUES(9,'False','True','1.0','Medical Disability','');
INSERT INTO "Program__c" VALUES(10,'False','True','0.5','Volunteer','7.0');
INSERT INTO "Program__c" VALUES(11,'True','True','1.5','Fitness [CEU]','');
INSERT INTO "Program__c" VALUES(12,'True','True','4.0','OT Advanced Bundle [CEU]','');
INSERT INTO "Program__c" VALUES(13,'False','True','1.0','Service Dogs Foundations','');
INSERT INTO "Program__c" VALUES(14,'True','True','1.5','Service Dog Selection [CEU]','');
INSERT INTO "Program__c" VALUES(15,'False','True','6.0','Teams Set in Motion Client','');
INSERT INTO "Program__c" VALUES(16,'True','True','1.5','Medical Disability [CEU]','');
INSERT INTO "Program__c" VALUES(17,'True','True','3.0','Sweet Snoopers [CEU]','');
INSERT INTO "Program__c" VALUES(18,'False','True','1.0','Fitness','');
INSERT INTO "Program__c" VALUES(19,'True','True','1.5','Mobility Disability [CEU]','');
INSERT INTO "Program__c" VALUES(20,'True','True','1.0','Service Dogs Foundations','');
INSERT INTO "Program__c" VALUES(21,'False','True','4.0','Team Facilitator','30.0');
INSERT INTO "Program__c" VALUES(22,'False','True','1.0','Psychiatric Disability','');
INSERT INTO "Program__c" VALUES(23,'False','True','0.3','Staff','7.0');
INSERT INTO "Program__c" VALUES(24,'False','True','1.0','Service Dog Selection','');
CREATE TABLE "PublicAccessTest__c" (
	id INTEGER NOT NULL, 
	"AssessorComments__c" VARCHAR(255), 
	"DateCompleted__c" VARCHAR(255), 
	"Location__c" VARCHAR(255), 
	"ReviewComments__c" VARCHAR(255), 
	"Status__c" VARCHAR(255), 
	"Type__c" VARCHAR(255), 
	"ValidUntil__c" VARCHAR(255), 
	"Assessor__c" VARCHAR(255), 
	"Team__c" VARCHAR(255), 
	PRIMARY KEY (id)
);
INSERT INTO "PublicAccessTest__c" VALUES(1,'Husband plant detail water party. Itself management third surface herself. Statement mouth suggest light according.','2021-06-07','In Person','Avoid their run. Music main thousand. Career suddenly leg play team thing.','Failed','Retest','2022-06-07','26','1');
INSERT INTO "PublicAccessTest__c" VALUES(2,'Later close throw explain east relationship I. Address down science image hair price their.','2021-09-21','In Person','Red type likely middle than morning. You reveal audience many.','Passed','Initial','2022-09-21','25','2');
INSERT INTO "PublicAccessTest__c" VALUES(3,'Capital black leader probably mission get. Play image subject bank. Large ability not interest music site break.','2022-03-27','In Person','Church rise kitchen wish pull. Magazine half wonder weight enough.','Passed','Recertification','2023-03-27','37','3');
INSERT INTO "PublicAccessTest__c" VALUES(4,'Total health if others talk night. Course save pattern down yourself agency level.','2022-02-23','Virtual','Arm carry lose leave read. Bad factor call crime type as second.','Passed','Retest','2023-02-23','77','4');
INSERT INTO "PublicAccessTest__c" VALUES(5,'Spring firm friend anyone. Floor image serious answer much democratic conference. Research movement low example couple. Total own group church morning maintain particularly day.','2021-08-22','Virtual','Start bit modern effort look. Relationship office blue figure. Break late trouble religious brother. Successful walk factor each land read.','Provisionally Passed','Initial','2022-08-22','102','5');
INSERT INTO "PublicAccessTest__c" VALUES(6,'Under who pay market material. Standard often improve out significant. Population sit lose good strategy ahead build them.','2022-01-16','In Person','Affect reach develop high company. When section more. Worker training section stay.','Passed','Retest','2023-01-16','54','6');
INSERT INTO "PublicAccessTest__c" VALUES(7,'Power debate area agency test particularly government with. Majority draw recent animal prove hope.','2022-03-31','Virtual','Out quickly consider bag hour itself modern. Top true strong performance. Factor shake month summer.','Failed','Initial','2023-03-31','10','7');
CREATE TABLE "Team__c" (
	id INTEGER NOT NULL, 
	"Name" VARCHAR(255), 
	"PatCount__c" VARCHAR(255), 
	"PatValidUntil__c" VARCHAR(255), 
	"PrimaryCertification__c" VARCHAR(255), 
	"SecondaryCertification__c" VARCHAR(255), 
	"Client__c" VARCHAR(255), 
	"Dog__c" VARCHAR(255), 
	"Handler__c" VARCHAR(255), 
	PRIMARY KEY (id)
);
INSERT INTO "Team__c" VALUES(1,'Jackie-Lucy','5.0','2022-09-16','Psychiatric','Psychiatric','26','3','30');
INSERT INTO "Team__c" VALUES(2,'Logan-Scooter','4.0','2022-04-18','Mobility','Autism','25','4','47');
INSERT INTO "Team__c" VALUES(3,'Avery-Lulu','1.0','2023-03-26','Mobility','Allergen Alert','42','5','40');
INSERT INTO "Team__c" VALUES(4,'Lawrence-Roxy','5.0','2023-02-16','Seizure Response','Seizure Response','80','7','83');
INSERT INTO "Team__c" VALUES(5,'Tamara-Hunter','4.0','2023-01-12','Mobility','Psychiatric','94','1','94');
INSERT INTO "Team__c" VALUES(6,'Austin-Benji','2.0','2023-01-13','Hearing Alert','Mobility','56','6','67');
INSERT INTO "Team__c" VALUES(7,'Kristopher-Dexter','5.0','2022-11-01','Medical Alert','Seizure Response','6','2','6');
CREATE TABLE "npo02__Household__c" (
	id INTEGER NOT NULL, 
	"Name" VARCHAR(255), 
	"npo02__Addressee__c" VARCHAR(255), 
	"npo02__Always_Anonymous__c" VARCHAR(255), 
	"npo02__AverageAmount__c" VARCHAR(255), 
	"npo02__Best_Gift_Year_Total__c" VARCHAR(255), 
	"npo02__Best_Gift_Year__c" VARCHAR(255), 
	"npo02__FirstCloseDate__c" VARCHAR(255), 
	"npo02__Formal_Greeting__c" VARCHAR(255), 
	"npo02__HouseholdEmail__c" VARCHAR(255), 
	"npo02__HouseholdPhone__c" VARCHAR(255), 
	"npo02__Household_ID__c" VARCHAR(255), 
	"npo02__Informal_Greeting__c" VARCHAR(255), 
	"npo02__LargestAmount__c" VARCHAR(255), 
	"npo02__LastCloseDate__c" VARCHAR(255), 
	"npo02__LastMembershipAmount__c" VARCHAR(255), 
	"npo02__LastMembershipDate__c" VARCHAR(255), 
	"npo02__LastMembershipLevel__c" VARCHAR(255), 
	"npo02__LastMembershipOrigin__c" VARCHAR(255), 
	"npo02__LastOppAmount__c" VARCHAR(255), 
	"npo02__MailingCity__c" VARCHAR(255), 
	"npo02__MailingCountry__c" VARCHAR(255), 
	"npo02__MailingPostalCode__c" VARCHAR(255), 
	"npo02__MailingState__c" VARCHAR(255), 
	"npo02__MailingStreet__c" VARCHAR(255), 
	"npo02__MembershipEndDate__c" VARCHAR(255), 
	"npo02__MembershipJoinDate__c" VARCHAR(255), 
	"npo02__NumberOfClosedOpps__c" VARCHAR(255), 
	"npo02__NumberOfMembershipOpps__c" VARCHAR(255), 
	"npo02__OppAmount2YearsAgo__c" VARCHAR(255), 
	"npo02__OppAmountLastNDays__c" VARCHAR(255), 
	"npo02__OppAmountLastYear__c" VARCHAR(255), 
	"npo02__OppAmountThisYear__c" VARCHAR(255), 
	"npo02__OppsClosed2YearsAgo__c" VARCHAR(255), 
	"npo02__OppsClosedLastNDays__c" VARCHAR(255), 
	"npo02__OppsClosedLastYear__c" VARCHAR(255), 
	"npo02__OppsClosedThisYear__c" VARCHAR(255), 
	"npo02__SYSTEM_CUSTOM_NAMING__c" VARCHAR(255), 
	"npo02__SmallestAmount__c" VARCHAR(255), 
	"npo02__TotalMembershipOppAmount__c" VARCHAR(255), 
	"npo02__TotalOppAmount__c" VARCHAR(255), 
	"npsp__Number_of_Household_Members__c" VARCHAR(255), 
	PRIMARY KEY (id)
);
CREATE TABLE "npsp__Address__c" (
	id INTEGER NOT NULL, 
	"npsp__API_Response__c" VARCHAR(255), 
	"npsp__Address_Type__c" VARCHAR(255), 
	"npsp__Administrative_Area__c" VARCHAR(255), 
	"npsp__Ambiguous__c" VARCHAR(255), 
	"npsp__Congressional_District__c" VARCHAR(255), 
	"npsp__County_Name__c" VARCHAR(255), 
	"npsp__Default_Address__c" VARCHAR(255), 
	"npsp__Latest_End_Date__c" VARCHAR(255), 
	"npsp__Latest_Start_Date__c" VARCHAR(255), 
	"npsp__MailingCity__c" VARCHAR(255), 
	"npsp__MailingCountry__c" VARCHAR(255), 
	"npsp__MailingPostalCode__c" VARCHAR(255), 
	"npsp__MailingState__c" VARCHAR(255), 
	"npsp__MailingStreet2__c" VARCHAR(255), 
	"npsp__MailingStreet__c" VARCHAR(255), 
	"npsp__Pre_Verification_Address__c" VARCHAR(255), 
	"npsp__Seasonal_End_Day__c" VARCHAR(255), 
	"npsp__Seasonal_End_Month__c" VARCHAR(255), 
	"npsp__Seasonal_Start_Day__c" VARCHAR(255), 
	"npsp__Seasonal_Start_Month__c" VARCHAR(255), 
	"npsp__State_Lower_District__c" VARCHAR(255), 
	"npsp__State_Upper_District__c" VARCHAR(255), 
	"npsp__Verification_Status__c" VARCHAR(255), 
	"npsp__Verified__c" VARCHAR(255), 
	"npsp__Household_Account__c" VARCHAR(255), 
	PRIMARY KEY (id)
);
INSERT INTO "npsp__Address__c" VALUES(1,'','Home','','False','','','False','','','Lake Stephanie','','68739','Vermont','','271 Wilkinson Bridge','','','','','','','','','False','104');
INSERT INTO "npsp__Address__c" VALUES(2,'','Home','','False','','','False','','','West Angelicashire','','99035','Pennsylvania','','561 Vincent Manors','','','','','','','','','False','106');
INSERT INTO "npsp__Address__c" VALUES(3,'','Home','','False','','','False','','','Danielleville','','85129','New York','','548 Le Courts Apt. 015','','','','','','','','','False','108');
INSERT INTO "npsp__Address__c" VALUES(4,'','Home','','False','','','False','','','Alexandermouth','','32932','Maryland','','84618 Lam Ways Apt. 070','','','','','','','','','False','11');
INSERT INTO "npsp__Address__c" VALUES(5,'','Home','','False','','','False','','','Duanetown','','64985','New Hampshire','','888 Richard Lodge Suite 840','','','','','','','','','False','110');
INSERT INTO "npsp__Address__c" VALUES(6,'','Home','','False','','','False','','','North Margaret','','27779','Alaska','','02299 Snyder Fort Apt. 084','','','','','','','','','False','112');
INSERT INTO "npsp__Address__c" VALUES(7,'','Home','','False','','','False','','','New Joan','','61551','Indiana','','85127 Marks Expressway','','','','','','','','','False','114');
INSERT INTO "npsp__Address__c" VALUES(8,'','Home','','False','','','False','','','Brandtville','','74328','Michigan','','977 Velazquez Mount','','','','','','','','','False','117');
INSERT INTO "npsp__Address__c" VALUES(9,'','Home','','False','','','False','','','New Kirsten','','30758','New York','','26672 Daniels Corner','','','','','','','','','False','119');
INSERT INTO "npsp__Address__c" VALUES(10,'','Home','','False','','','False','','','West Stefanieton','','29461','North Dakota','','545 Villegas Grove Apt. 605','','','','','','','','','False','124');
INSERT INTO "npsp__Address__c" VALUES(11,'','Home','','False','','','False','','','Lake Toddstad','','25661','Colorado','','581 Stewart Fall','','','','','','','','','False','126');
INSERT INTO "npsp__Address__c" VALUES(12,'','Home','','False','','','False','','','Thomasshire','','34268','Utah','','2490 Mcclure Fords','','','','','','','','','False','128');
INSERT INTO "npsp__Address__c" VALUES(13,'','Home','','False','','','False','','','Mcclurebury','','34416','Connecticut','','3608 Eddie Passage','','','','','','','','','False','13');
INSERT INTO "npsp__Address__c" VALUES(14,'','Home','','False','','','False','','','Port Amychester','','56329','Mississippi','','704 Sally Turnpike Suite 658','','','','','','','','','False','130');
INSERT INTO "npsp__Address__c" VALUES(15,'','Home','','False','','','False','','','South Dillonberg','','36220','Missouri','','5148 Valerie Ranch','','','','','','','','','False','132');
INSERT INTO "npsp__Address__c" VALUES(16,'','Home','','False','','','False','','','Port Raymondmouth','','11591','Colorado','','15769 Kimberly Mountains','','','','','','','','','False','134');
INSERT INTO "npsp__Address__c" VALUES(17,'','Home','','False','','','False','','','Grayland','','26701','Washington','','5181 Lucero Causeway','','','','','','','','','False','137');
INSERT INTO "npsp__Address__c" VALUES(18,'','Home','','False','','','False','','','New Henry','','45588','New Hampshire','','12619 Lozano Turnpike Apt. 346','','','','','','','','','False','139');
INSERT INTO "npsp__Address__c" VALUES(19,'','Home','','False','','','False','','','Joannhaven','','41458','North Dakota','','7522 Henson Village','','','','','','','','','False','16');
INSERT INTO "npsp__Address__c" VALUES(20,'','Home','','False','','','False','','','West Mandy','','51096','South Carolina','','445 Bryan Stream Apt. 519','','','','','','','','','False','18');
INSERT INTO "npsp__Address__c" VALUES(21,'','Home','','False','','','False','','','New Shelly','','03572','Indiana','','8447 Don Freeway','','','','','','','','','False','23');
INSERT INTO "npsp__Address__c" VALUES(22,'','Home','','False','','','False','','','East Hannahborough','','52739','Mississippi','','8874 Higgins Inlet Apt. 832','','','','','','','','','False','25');
INSERT INTO "npsp__Address__c" VALUES(23,'','Home','','False','','','False','','','Orrhaven','','97735','Georgia','','33575 Mcbride Center','','','','','','','','','False','27');
INSERT INTO "npsp__Address__c" VALUES(24,'','Home','','False','','','False','','','Lake Charleneville','','58948','North Dakota','','34747 Craig Fall Apt. 645','','','','','','','','','False','29');
INSERT INTO "npsp__Address__c" VALUES(25,'','Home','','False','','','False','','','Lake Sethmouth','','28727','Kansas','','329 Hendrix Corners','','','','','','','','','False','3');
INSERT INTO "npsp__Address__c" VALUES(26,'','Home','','False','','','False','','','North Brettmouth','','19660','Connecticut','','71562 Mcdonald Motorway','','','','','','','','','False','31');
INSERT INTO "npsp__Address__c" VALUES(27,'','Home','','False','','','False','','','West Sydney','','61656','Alaska','','7669 Baker Tunnel Apt. 402','','','','','','','','','False','33');
INSERT INTO "npsp__Address__c" VALUES(28,'','Home','','False','','','False','','','Alanberg','','62528','Virginia','','266 Cantrell River','','','','','','','','','False','36');
INSERT INTO "npsp__Address__c" VALUES(29,'','Home','','False','','','False','','','South Darius','','86147','Florida','','64471 Gould Knolls','','','','','','','','','False','39');
INSERT INTO "npsp__Address__c" VALUES(30,'','Home','','False','','','False','','','East Malloryland','','63015','Florida','','76465 Brianna Expressway','','','','','','','','','False','44');
INSERT INTO "npsp__Address__c" VALUES(31,'','Home','','False','','','False','','','Dawsonville','','44117','Alabama','','25247 Richards Forges','','','','','','','','','False','46');
INSERT INTO "npsp__Address__c" VALUES(32,'','Home','','False','','','False','','','North Christy','','59513','Alaska','','471 Sharp Courts Suite 589','','','','','','','','','False','48');
INSERT INTO "npsp__Address__c" VALUES(33,'','Home','','False','','','False','','','Joditon','','17718','Rhode Island','','7243 Jo Knolls','','','','','','','','','False','5');
INSERT INTO "npsp__Address__c" VALUES(34,'','Home','','False','','','False','','','Gabrielfort','','75749','Wisconsin','','15587 Melanie Oval Suite 641','','','','','','','','','False','50');
INSERT INTO "npsp__Address__c" VALUES(35,'','Home','','False','','','False','','','Lake Ariel','','31698','Hawaii','','8038 Dawson Roads','','','','','','','','','False','52');
INSERT INTO "npsp__Address__c" VALUES(36,'','Home','','False','','','False','','','North Jeremy','','45745','West Virginia','','136 Matthew Squares Suite 768','','','','','','','','','False','54');
INSERT INTO "npsp__Address__c" VALUES(37,'','Home','','False','','','False','','','West Jodi','','99751','Missouri','','6684 Glass Ville Suite 660','','','','','','','','','False','57');
INSERT INTO "npsp__Address__c" VALUES(38,'','Home','','False','','','False','','','West Kristaland','','98757','Arizona','','665 Dana Stravenue Apt. 799','','','','','','','','','False','59');
INSERT INTO "npsp__Address__c" VALUES(39,'','Home','','False','','','False','','','West Abigailberg','','20220','Hawaii','','1773 Hopkins Haven','','','','','','','','','False','64');
INSERT INTO "npsp__Address__c" VALUES(40,'','Home','','False','','','False','','','East Wesley','','74390','Mississippi','','6296 Richard Turnpike Suite 670','','','','','','','','','False','66');
INSERT INTO "npsp__Address__c" VALUES(41,'','Home','','False','','','False','','','New Sherylview','','32738','Alaska','','14706 Judith Estate Apt. 286','','','','','','','','','False','68');
INSERT INTO "npsp__Address__c" VALUES(42,'','Home','','False','','','False','','','Fritzmouth','','67646','Connecticut','','56647 Sosa Ford','','','','','','','','','False','7');
INSERT INTO "npsp__Address__c" VALUES(43,'','Home','','False','','','False','','','Mariotown','','98884','Kansas','','3673 Allison Mission','','','','','','','','','False','70');
INSERT INTO "npsp__Address__c" VALUES(44,'','Home','','False','','','False','','','West Anthonyside','','24986','West Virginia','','93562 Macias Way Apt. 842','','','','','','','','','False','72');
INSERT INTO "npsp__Address__c" VALUES(45,'','Home','','False','','','False','','','Evansland','','26762','Texas','','7417 Andrew River','','','','','','','','','False','74');
INSERT INTO "npsp__Address__c" VALUES(46,'','Home','','False','','','False','','','Frostport','','17454','Minnesota','','10424 Wiggins Crossing Suite 079','','','','','','','','','False','77');
INSERT INTO "npsp__Address__c" VALUES(47,'','Home','','False','','','False','','','Port Victor','','30121','Maryland','','484 Gwendolyn Drives','','','','','','','','','False','79');
INSERT INTO "npsp__Address__c" VALUES(48,'','Home','','False','','','False','','','Richardsonmouth','','83385','Maine','','88269 Wiggins Land','','','','','','','','','False','84');
INSERT INTO "npsp__Address__c" VALUES(49,'','Home','','False','','','False','','','East Garyfurt','','70824','New Mexico','','40013 Reid View Apt. 330','','','','','','','','','False','86');
INSERT INTO "npsp__Address__c" VALUES(50,'','Home','','False','','','False','','','Haleyland','','84469','Hawaii','','5473 Zamora Hill','','','','','','','','','False','88');
INSERT INTO "npsp__Address__c" VALUES(51,'','Home','','False','','','False','','','South Lonniemouth','','50778','Washington','','9859 Loretta Keys Suite 444','','','','','','','','','False','9');
INSERT INTO "npsp__Address__c" VALUES(52,'','Home','','False','','','False','','','South Melinda','','19201','New York','','127 Clark Brooks Suite 890','','','','','','','','','False','90');
INSERT INTO "npsp__Address__c" VALUES(53,'','Home','','False','','','False','','','Raymouth','','15632','Montana','','408 Rebekah Glens','','','','','','','','','False','92');
INSERT INTO "npsp__Address__c" VALUES(54,'','Home','','False','','','False','','','South Tiffanyfort','','54356','Alaska','','0248 Lang Pike Apt. 652','','','','','','','','','False','94');
INSERT INTO "npsp__Address__c" VALUES(55,'','Home','','False','','','False','','','New Jeanne','','28563','North Carolina','','346 Carlson Unions','','','','','','','','','False','97');
INSERT INTO "npsp__Address__c" VALUES(56,'','Home','','False','','','False','','','Newtonstad','','82173','Alabama','','44346 Tabitha Rest','','','','','','','','','False','99');
CREATE TABLE "npsp__Batch__c" (
	id INTEGER NOT NULL, 
	"Name" VARCHAR(255), 
	"npsp__Batch_Status__c" VARCHAR(255), 
	"npsp__Description__c" VARCHAR(255), 
	"npsp__Number_of_Items__c" VARCHAR(255), 
	"npsp__Object_Name__c" VARCHAR(255), 
	PRIMARY KEY (id)
);
COMMIT;
