BEGIN TRANSACTION;
CREATE TABLE "Account" (
	id INTEGER NOT NULL, 
	"Email__c" VARCHAR(255), 
	"Name" VARCHAR(255), 
	"RecordTypeId" VARCHAR(255), 
	"npe01__SYSTEMIsIndividual__c" VARCHAR(255), 
	"npe01__SYSTEM_AccountType__c" VARCHAR(255), 
	"npo02__AverageAmount__c" VARCHAR(255), 
	"npo02__Best_Gift_Year_Total__c" VARCHAR(255), 
	"npo02__Best_Gift_Year__c" VARCHAR(255), 
	"npo02__FirstCloseDate__c" VARCHAR(255), 
	"npo02__Formal_Greeting__c" VARCHAR(255), 
	"npo02__HouseholdPhone__c" VARCHAR(255), 
	"npo02__Informal_Greeting__c" VARCHAR(255), 
	"npo02__LargestAmount__c" VARCHAR(255), 
	"npo02__LastCloseDate__c" VARCHAR(255), 
	"npo02__LastMembershipAmount__c" VARCHAR(255), 
	"npo02__LastMembershipDate__c" VARCHAR(255), 
	"npo02__LastMembershipLevel__c" VARCHAR(255), 
	"npo02__LastMembershipOrigin__c" VARCHAR(255), 
	"npo02__LastOppAmount__c" VARCHAR(255), 
	"npo02__MembershipEndDate__c" VARCHAR(255), 
	"npo02__MembershipJoinDate__c" VARCHAR(255), 
	"npo02__NumberOfClosedOpps__c" VARCHAR(255), 
	"npo02__NumberOfMembershipOpps__c" VARCHAR(255), 
	"npo02__OppAmount2YearsAgo__c" VARCHAR(255), 
	"npo02__OppAmountLastNDays__c" VARCHAR(255), 
	"npo02__OppAmountLastYear__c" VARCHAR(255), 
	"npo02__OppAmountThisYear__c" VARCHAR(255), 
	"npo02__OppsClosed2YearsAgo__c" VARCHAR(255), 
	"npo02__OppsClosedLastNDays__c" VARCHAR(255), 
	"npo02__OppsClosedLastYear__c" VARCHAR(255), 
	"npo02__OppsClosedThisYear__c" VARCHAR(255), 
	"npo02__SYSTEM_CUSTOM_NAMING__c" VARCHAR(255), 
	"npo02__SmallestAmount__c" VARCHAR(255), 
	"npo02__TotalMembershipOppAmount__c" VARCHAR(255), 
	"npo02__TotalOppAmount__c" VARCHAR(255), 
	"npsp__Funding_Focus__c" VARCHAR(255), 
	"npsp__Grantmaker__c" VARCHAR(255), 
	"npsp__Matching_Gift_Administrator_Name__c" VARCHAR(255), 
	"npsp__Matching_Gift_Amount_Max__c" VARCHAR(255), 
	"npsp__Matching_Gift_Amount_Min__c" VARCHAR(255), 
	"npsp__Matching_Gift_Annual_Employee_Max__c" VARCHAR(255), 
	"npsp__Matching_Gift_Comments__c" VARCHAR(255), 
	"npsp__Matching_Gift_Company__c" VARCHAR(255), 
	"npsp__Matching_Gift_Email__c" VARCHAR(255), 
	"npsp__Matching_Gift_Info_Updated__c" VARCHAR(255), 
	"npsp__Matching_Gift_Percent__c" VARCHAR(255), 
	"npsp__Matching_Gift_Phone__c" VARCHAR(255), 
	"npsp__Matching_Gift_Request_Deadline__c" VARCHAR(255), 
	"npsp__Number_of_Household_Members__c" VARCHAR(255), 
	"ParentId" VARCHAR(255), 
	"npe01__One2OneContact__c" VARCHAR(255), 
	"npsp__Batch__c" VARCHAR(255), 
	PRIMARY KEY (id)
);
INSERT INTO "Account" VALUES(1,'','The Household','012DK000001EtKNYA0','True','Household Account','0.0','','','','','','','0.0','','0.0','','','','0.0','','','0.0','0.0','0.0','0.0','0.0','0.0','0.0','0.0','0.0','0.0','','0.0','0.0','0.0','','False','','','','','','False','','','','','','','','','');
INSERT INTO "Account" VALUES(2,'','Cox-Daugherty','012DK000001EtKOYA0','False','','0.0','','','','','','','0.0','','0.0','','','','0.0','','','0.0','0.0','0.0','0.0','0.0','0.0','0.0','0.0','0.0','0.0','','0.0','0.0','0.0','','False','','','','','','False','','','','','','','','','');
INSERT INTO "Account" VALUES(3,'','Rose, Marshall and Bennett','012DK000001EtKNYA0','True','Household Account','0.0','','','','','','','0.0','','0.0','','','','0.0','','','0.0','0.0','0.0','0.0','0.0','0.0','0.0','0.0','0.0','0.0','','0.0','0.0','0.0','','False','','','','','','False','','','','','','','','','');
INSERT INTO "Account" VALUES(4,'','Dudley','012DK000001EtKOYA0','False','','0.0','','','','','','','0.0','','0.0','','','','0.0','','','0.0','0.0','0.0','0.0','0.0','0.0','0.0','0.0','0.0','0.0','','0.0','0.0','0.0','','False','','','','','','False','','','','','','','','','');
INSERT INTO "Account" VALUES(5,'','Fletcher-Christensen','012DK000001EtKOYA0','False','Them huge stand space enter. It information structure piece do race.','0.0','22480.0','2000','2022-10-24','Hotel simply have together.','+1-061-884-0566x548','Police sort out wind physical fast note. Position peace memory.','0.0','2022-11-26','0.0','2022-05-25','Best continue yard program discussion.','Wife unit series herself business idea. Own trial save war.','0.0','2021-12-27','2022-02-24','0.0','0.0','0.0','0.0','0.0','0.0','0.0','0.0','0.0','0.0','Informal_Greeting__c','0.0','0.0','0.0','Health Services','False','Anne Blake','15146.0','32426.0','69004.0','Than realize manager feel couple. Whole simply vote read want describe.','False','palmerdrew@example.org','2022-11-04','69.0','559.893.1802x3206','Participant maintain which reduce. Hundred billion it professor my price.','17261.0','','','');
INSERT INTO "Account" VALUES(6,'','Weaver, Duane and Kara Household','012DK000001EtKNYA0','True','Household Account','0.0','','','','Mr. Dennis Weaver, Prof. Shelby Willis, Simpson Duane and Esparza Kara','','Shelby, Simpson and Esparza','0.0','','0.0','','','','0.0','','','0.0','0.0','0.0','0.0','0.0','0.0','0.0','0.0','0.0','0.0','','0.0','0.0','0.0','','False','','','','','','False','','','','','','4.0','','37','');
INSERT INTO "Account" VALUES(7,'','Richard, Hurley and Torres','012DK000001EtKOYA0','False','','0.0','','','','','','','0.0','','0.0','','','','0.0','','','0.0','0.0','0.0','0.0','0.0','0.0','0.0','0.0','0.0','0.0','','0.0','0.0','0.0','','False','','','','','','False','','','','','','','','','');
INSERT INTO "Account" VALUES(8,'','Koch, Estes, Crane, Evan and Sharon Household','012DK000001EtKNYA0','True','Household Account','0.0','','','','Dr. Terri Koch, Prof. Neil Estes, Dr. Loretta Crane, Jenkins Evan and Campos Sharon','','Jenkins and Campos','0.0','','0.0','','','','0.0','','','0.0','0.0','0.0','0.0','0.0','0.0','0.0','0.0','0.0','0.0','','0.0','0.0','0.0','','False','','','','','','False','','','','','','5.0','','70','');
INSERT INTO "Account" VALUES(9,'','Butler-Cooley','012DK000001EtKOYA0','False','','0.0','','','','','','','0.0','','0.0','','','','0.0','','','0.0','0.0','0.0','0.0','0.0','0.0','0.0','0.0','0.0','0.0','','0.0','0.0','0.0','','False','','','','','','False','','','','','','','','','');
INSERT INTO "Account" VALUES(10,'','Vaughan, Olivia and Bethany Household','012DK000001EtKNYA0','True','Household Account','0.0','','','','Prof. Hailey Vaughan, Stein Olivia and Waters Bethany','','Stein and Waters','0.0','','0.0','','','','0.0','','','0.0','0.0','0.0','0.0','0.0','0.0','0.0','0.0','0.0','0.0','','0.0','0.0','0.0','','False','','','','','','False','','','','','','3.0','','73','');
INSERT INTO "Account" VALUES(11,'','Robles and Sons','012DK000001EtKOYA0','False','','0.0','','','','','','','0.0','','0.0','','','','0.0','','','0.0','0.0','0.0','0.0','0.0','0.0','0.0','0.0','0.0','0.0','','0.0','0.0','0.0','','False','','','','','','False','','','','','','','','','');
INSERT INTO "Account" VALUES(12,'','Diamond and Kiara Household','012DK000001EtKNYA0','True','Household Account','0.0','','','','Dr. John Gentry, Mullen Diamond and Marks Kiara','','John, Mullen and Marks','0.0','','0.0','','','','0.0','','','0.0','0.0','0.0','0.0','0.0','0.0','0.0','0.0','0.0','0.0','','0.0','0.0','0.0','','False','','','','','','False','','','','','','3.0','','76','');
INSERT INTO "Account" VALUES(13,'','Horn Group','012DK000001EtKOYA0','False','','0.0','','','','','','','0.0','','0.0','','','','0.0','','','0.0','0.0','0.0','0.0','0.0','0.0','0.0','0.0','0.0','0.0','','0.0','0.0','0.0','','False','','','','','','False','','','','','','','','','');
INSERT INTO "Account" VALUES(14,'','The Household','012DK000001EtKNYA0','True','Household Account','0.0','','','','','','','0.0','','0.0','','','','0.0','','','0.0','0.0','0.0','0.0','0.0','0.0','0.0','0.0','0.0','0.0','','0.0','0.0','0.0','','False','','','','','','False','','','','','','','','','');
INSERT INTO "Account" VALUES(15,'','Frye, Snow and Stone','012DK000001EtKOYA0','False','','0.0','','','','','','','0.0','','0.0','','','','0.0','','','0.0','0.0','0.0','0.0','0.0','0.0','0.0','0.0','0.0','0.0','','0.0','0.0','0.0','','False','','','','','','False','','','','','','','','','');
INSERT INTO "Account" VALUES(16,'','Hooper, Graham, Miguel and Perry Household','012DK000001EtKNYA0','True','Household Account','0.0','','','','Mrs. Mikayla Johns, Mr. Francis Graham, Ford Miguel and Dodson Perry','','Mikayla, Logan, Ford and Dodson','0.0','','0.0','','','','0.0','','','0.0','0.0','0.0','0.0','0.0','0.0','0.0','0.0','0.0','0.0','','0.0','0.0','0.0','','False','','','','','','False','','','','','','5.0','','81','');
INSERT INTO "Account" VALUES(17,'','Knapp, Fuller and Jacobson','012DK000001EtKOYA0','False','','0.0','','','','','','','0.0','','0.0','','','','0.0','','','0.0','0.0','0.0','0.0','0.0','0.0','0.0','0.0','0.0','0.0','','0.0','0.0','0.0','','False','','','','','','False','','','','','','','','','');
INSERT INTO "Account" VALUES(18,'','Carroll-Garner','012DK000001EtKOYA0','False','','0.0','','','','','','','0.0','','0.0','','','','0.0','','','0.0','0.0','0.0','0.0','0.0','0.0','0.0','0.0','0.0','0.0','','0.0','0.0','0.0','','False','','','','','','False','','','','','','','','','');
INSERT INTO "Account" VALUES(19,'','Wise, Kline, Jasmine and Blake Household','012DK000001EtKNYA0','True','Household Account','0.0','','','','Dr. Sonia Glenn, Prof. Alyssa Kline, Avila Jasmine and Snow Blake','','Sonia, Mallory, Avila and Snow','0.0','','0.0','','','','0.0','','','0.0','0.0','0.0','0.0','0.0','0.0','0.0','0.0','0.0','0.0','','0.0','0.0','0.0','','False','','','','','','False','','','','','','5.0','','87','');
INSERT INTO "Account" VALUES(20,'','Flores-Neal','012DK000001EtKOYA0','False','','0.0','','','','','','','0.0','','0.0','','','','0.0','','','0.0','0.0','0.0','0.0','0.0','0.0','0.0','0.0','0.0','0.0','','0.0','0.0','0.0','','False','','','','','','False','','','','','','','','','');
INSERT INTO "Account" VALUES(21,'','The Household','012DK000001EtKNYA0','True','Household Account','0.0','','','','','','','0.0','','0.0','','','','0.0','','','0.0','0.0','0.0','0.0','0.0','0.0','0.0','0.0','0.0','0.0','','0.0','0.0','0.0','','False','','','','','','False','','','','','','','','','');
INSERT INTO "Account" VALUES(22,'','Deleon-Lozano','012DK000001EtKOYA0','False','','0.0','','','','','','','0.0','','0.0','','','','0.0','','','0.0','0.0','0.0','0.0','0.0','0.0','0.0','0.0','0.0','0.0','','0.0','0.0','0.0','','False','','','','','','False','','','','','','','','','');
INSERT INTO "Account" VALUES(23,'','Phillips PLC','012DK000001EtKNYA0','True','Household Account','0.0','','','','','','','0.0','','0.0','','','','0.0','','','0.0','0.0','0.0','0.0','0.0','0.0','0.0','0.0','0.0','0.0','','0.0','0.0','0.0','','False','','','','','','False','','','','','','','','','');
INSERT INTO "Account" VALUES(24,'','Carr','012DK000001EtKOYA0','False','','0.0','','','','','','','0.0','','0.0','','','','0.0','','','0.0','0.0','0.0','0.0','0.0','0.0','0.0','0.0','0.0','0.0','','0.0','0.0','0.0','','False','','','','','','False','','','','','','','','','');
INSERT INTO "Account" VALUES(25,'','Vaughn, Pitts and Rush','012DK000001EtKOYA0','False','General physical pressure. Spring air once road admit base ground.','0.0','75346.0','1986','2022-03-06','Relate nor election daughter. Away miss whom number hope pay. Threat try bar myself much season.','5139015236','Data yourself officer rather none. Security have himself himself expert.','0.0','2022-12-02','0.0','2022-03-28','Fish thus mission part discover PM.','Wrong natural decade as head memory.','0.0','2022-07-23','2022-09-21','0.0','0.0','0.0','0.0','0.0','0.0','0.0','0.0','0.0','0.0','Informal_Greeting__c','0.0','0.0','0.0','Education','False','Mrs. Cynthia Weber DVM','10219.0','91178.0','91616.0','Top develop figure recognize cold summer. Third own deep trial.','False','walterduane@example.org','2022-03-03','41.0','152.376.4338x8462','Seat while final eight. Professor government arm bill amount. Ball toward large I appear of suffer.','56241.0','','','');
INSERT INTO "Account" VALUES(26,'','Gordon, Nicole and Tammie Household','012DK000001EtKNYA0','True','Household Account','0.0','','','','Mrs. Diane Waters, Mr. Ivan Gordon, Pham Nicole and Morgan Tammie','','Diane, Pham and Morgan','0.0','','0.0','','','','0.0','','','0.0','0.0','0.0','0.0','0.0','0.0','0.0','0.0','0.0','0.0','','0.0','0.0','0.0','','False','','','','','','False','','','','','','4.0','','91','');
INSERT INTO "Account" VALUES(27,'','Wolfe Ltd','012DK000001EtKOYA0','False','','0.0','','','','','','','0.0','','0.0','','','','0.0','','','0.0','0.0','0.0','0.0','0.0','0.0','0.0','0.0','0.0','0.0','','0.0','0.0','0.0','','False','','','','','','False','','','','','','','','','');
INSERT INTO "Account" VALUES(28,'','Roach, Robinson, Mckenzie and Sandra Household','012DK000001EtKNYA0','True','Household Account','0.0','','','','Mr. Holly Rice, Ms. Mackenzie Robinson, Cohen Mckenzie and Mullins Sandra','','Holly, Sheri, Cohen and Mullins','0.0','','0.0','','','','0.0','','','0.0','0.0','0.0','0.0','0.0','0.0','0.0','0.0','0.0','0.0','','0.0','0.0','0.0','','False','','','','','','False','','','','','','5.0','','96','');
INSERT INTO "Account" VALUES(29,'','Garza, Kirk and Morse','012DK000001EtKOYA0','False','','0.0','','','','','','','0.0','','0.0','','','','0.0','','','0.0','0.0','0.0','0.0','0.0','0.0','0.0','0.0','0.0','0.0','','0.0','0.0','0.0','','False','','','','','','False','','','','','','','','','');
INSERT INTO "Account" VALUES(30,'','Whitney, Wade, Deborah and Tabitha Household','012DK000001EtKNYA0','True','Household Account','0.0','','','','Prof. Angela Whitney, Lewis Deborah and Clayton Tabitha','','Jeanne, Lewis and Clayton','0.0','','0.0','','','','0.0','','','0.0','0.0','0.0','0.0','0.0','0.0','0.0','0.0','0.0','0.0','','0.0','0.0','0.0','','False','','','','','','False','','','','','','4.0','','100','');
INSERT INTO "Account" VALUES(31,'','Maxwell-Hopkins','012DK000001EtKOYA0','False','','0.0','','','','','','','0.0','','0.0','','','','0.0','','','0.0','0.0','0.0','0.0','0.0','0.0','0.0','0.0','0.0','0.0','','0.0','0.0','0.0','','False','','','','','','False','','','','','','','','','');
INSERT INTO "Account" VALUES(32,'','Brooks, Randolph, Hill, Keith and Brian Household','012DK000001EtKNYA0','True','Household Account','0.0','','','','Dr. Ashley Brooks, Dr. Christina Hill, Park Keith and Pope Brian','','Claire, Park and Pope','0.0','','0.0','','','','0.0','','','0.0','0.0','0.0','0.0','0.0','0.0','0.0','0.0','0.0','0.0','','0.0','0.0','0.0','','False','','','','','','False','','','','','','5.0','','105','');
INSERT INTO "Account" VALUES(33,'','Foster Group','012DK000001EtKOYA0','False','','0.0','','','','','','','0.0','','0.0','','','','0.0','','','0.0','0.0','0.0','0.0','0.0','0.0','0.0','0.0','0.0','0.0','','0.0','0.0','0.0','','False','','','','','','False','','','','','','','','','');
INSERT INTO "Account" VALUES(34,'','The Household','012DK000001EtKNYA0','True','Household Account','0.0','','','','','','','0.0','','0.0','','','','0.0','','','0.0','0.0','0.0','0.0','0.0','0.0','0.0','0.0','0.0','0.0','','0.0','0.0','0.0','','False','','','','','','False','','','','','','','','','');
INSERT INTO "Account" VALUES(35,'','Atkinson Ltd','012DK000001EtKOYA0','False','','0.0','','','','','','','0.0','','0.0','','','','0.0','','','0.0','0.0','0.0','0.0','0.0','0.0','0.0','0.0','0.0','0.0','','0.0','0.0','0.0','','False','','','','','','False','','','','','','','','','');
INSERT INTO "Account" VALUES(36,'','Tony and Colton Household','012DK000001EtKNYA0','True','Household Account','0.0','','','','Ms. Parker Chandler, Mr. Marcus Zamora, Odonnell Tony and Sellers Colton','','Parker, Marcus, Odonnell and Sellers','0.0','','0.0','','','','0.0','','','0.0','0.0','0.0','0.0','0.0','0.0','0.0','0.0','0.0','0.0','','0.0','0.0','0.0','','False','','','','','','False','','','','','','4.0','','107','');
INSERT INTO "Account" VALUES(37,'','Lyons, Rich and Richard','012DK000001EtKOYA0','False','','0.0','','','','','','','0.0','','0.0','','','','0.0','','','0.0','0.0','0.0','0.0','0.0','0.0','0.0','0.0','0.0','0.0','','0.0','0.0','0.0','','False','','','','','','False','','','','','','','','','');
INSERT INTO "Account" VALUES(38,'','Leblanc, Haley and Roman','012DK000001EtKOYA0','False','','0.0','','','','','','','0.0','','0.0','','','','0.0','','','0.0','0.0','0.0','0.0','0.0','0.0','0.0','0.0','0.0','0.0','','0.0','0.0','0.0','','False','','','','','','False','','','','','','','','','');
INSERT INTO "Account" VALUES(39,'','Braun, Dunlap, Briana and Lisa Household','012DK000001EtKNYA0','True','Household Account','0.0','','','','Prof. Ivan Chang, Mr. Lindsay Dunlap, Orr Briana and Craig Lisa','','Ivan, Seth, Orr and Craig','0.0','','0.0','','','','0.0','','','0.0','0.0','0.0','0.0','0.0','0.0','0.0','0.0','0.0','0.0','','0.0','0.0','0.0','','False','','','','','','False','','','','','','5.0','','8','');
INSERT INTO "Account" VALUES(40,'','Ortiz-Montgomery','012DK000001EtKOYA0','False','','0.0','','','','','','','0.0','','0.0','','','','0.0','','','0.0','0.0','0.0','0.0','0.0','0.0','0.0','0.0','0.0','0.0','','0.0','0.0','0.0','','False','','','','','','False','','','','','','','','','');
INSERT INTO "Account" VALUES(41,'','The Household','012DK000001EtKNYA0','True','Household Account','0.0','','','','','','','0.0','','0.0','','','','0.0','','','0.0','0.0','0.0','0.0','0.0','0.0','0.0','0.0','0.0','0.0','','0.0','0.0','0.0','','False','','','','','','False','','','','','','','','','');
INSERT INTO "Account" VALUES(42,'','Barber-Paul','012DK000001EtKOYA0','False','','0.0','','','','','','','0.0','','0.0','','','','0.0','','','0.0','0.0','0.0','0.0','0.0','0.0','0.0','0.0','0.0','0.0','','0.0','0.0','0.0','','False','','','','','','False','','','','','','','','','');
INSERT INTO "Account" VALUES(43,'','Mcgee, Ochoa and Garrett','012DK000001EtKNYA0','True','Household Account','0.0','','','','','','','0.0','','0.0','','','','0.0','','','0.0','0.0','0.0','0.0','0.0','0.0','0.0','0.0','0.0','0.0','','0.0','0.0','0.0','','False','','','','','','False','','','','','','','','','');
INSERT INTO "Account" VALUES(44,'','Hines','012DK000001EtKOYA0','False','','0.0','','','','','','','0.0','','0.0','','','','0.0','','','0.0','0.0','0.0','0.0','0.0','0.0','0.0','0.0','0.0','0.0','','0.0','0.0','0.0','','False','','','','','','False','','','','','','','','','');
INSERT INTO "Account" VALUES(45,'','Estrada Ltd','012DK000001EtKOYA0','False','Short three me firm energy. Full reduce increase wall. Describe game require heavy begin.','0.0','6637.0','2002','2022-01-28','Person wrong south report he. Special study mention. Hour along trouble machine language forget.','(321)038-3758','Stage officer last grow call. Concern create skill war claim. Quality mean section between money.','0.0','2022-08-02','0.0','2022-06-18','Project night Democrat fast instead. See hope economy audience.','Public including hot face. Different change threat find team.','0.0','2022-11-13','2022-10-08','0.0','0.0','0.0','0.0','0.0','0.0','0.0','0.0','0.0','0.0','Informal_Greeting__c','0.0','0.0','0.0','Environmental','False','Miss Audrey Mccoy DVM','31182.0','48490.0','6830.0','Either while might American ball at listen choose. I leave inside customer position.','False','faulknerchristine@example.com','2022-03-02','51.0','+1-259-381-6772x783','Continue politics few show reason major fall.','67135.0','','','');
INSERT INTO "Account" VALUES(46,'','Parker, Dorsey, Kaitlyn and Bradley Household','012DK000001EtKNYA0','True','Household Account','0.0','','','','Ms. Dakota Parker, Prof. Kyle Dorsey, Harvey Kaitlyn and Massey Bradley','','Harvey and Massey','0.0','','0.0','','','','0.0','','','0.0','0.0','0.0','0.0','0.0','0.0','0.0','0.0','0.0','0.0','','0.0','0.0','0.0','','False','','','','','','False','','','','','','4.0','','12','');
INSERT INTO "Account" VALUES(47,'','Mann, Perry and Delgado','012DK000001EtKOYA0','False','','0.0','','','','','','','0.0','','0.0','','','','0.0','','','0.0','0.0','0.0','0.0','0.0','0.0','0.0','0.0','0.0','0.0','','0.0','0.0','0.0','','False','','','','','','False','','','','','','','','','');
INSERT INTO "Account" VALUES(48,'','Sanford, Bonnie and Carl Household','012DK000001EtKNYA0','True','Household Account','0.0','','','','Mrs. Noah Henderson, Prof. Bobby Sanford, Mr. Darin Olsen, Wilcox Bonnie and Collins Carl','','Noah, Darin, Wilcox and Collins','0.0','','0.0','','','','0.0','','','0.0','0.0','0.0','0.0','0.0','0.0','0.0','0.0','0.0','0.0','','0.0','0.0','0.0','','False','','','','','','False','','','','','','5.0','','17','');
INSERT INTO "Account" VALUES(49,'','Orr-Hanson','012DK000001EtKOYA0','False','','0.0','','','','','','','0.0','','0.0','','','','0.0','','','0.0','0.0','0.0','0.0','0.0','0.0','0.0','0.0','0.0','0.0','','0.0','0.0','0.0','','False','','','','','','False','','','','','','','','','');
INSERT INTO "Account" VALUES(50,'','Roger and Harold Household','012DK000001EtKNYA0','True','Household Account','0.0','','','','Dr. Katie Delgado, Li Roger and Huber Harold','','Katie, Li and Huber','0.0','','0.0','','','','0.0','','','0.0','0.0','0.0','0.0','0.0','0.0','0.0','0.0','0.0','0.0','','0.0','0.0','0.0','','False','','','','','','False','','','','','','3.0','','20','');
INSERT INTO "Account" VALUES(51,'','Mullen PLC','012DK000001EtKOYA0','False','','0.0','','','','','','','0.0','','0.0','','','','0.0','','','0.0','0.0','0.0','0.0','0.0','0.0','0.0','0.0','0.0','0.0','','0.0','0.0','0.0','','False','','','','','','False','','','','','','','','','');
INSERT INTO "Account" VALUES(52,'','Arroyo, Dennis, Watts, Leah and Alison Household','012DK000001EtKNYA0','True','Household Account','0.0','','','','Prof. Dominique Arroyo, Mrs. Kerry Dennis, Quinn Leah and Potts Alison','','Guy, Quinn and Potts','0.0','','0.0','','','','0.0','','','0.0','0.0','0.0','0.0','0.0','0.0','0.0','0.0','0.0','0.0','','0.0','0.0','0.0','','False','','','','','','False','','','','','','5.0','','25','');
INSERT INTO "Account" VALUES(53,'','Warren Group','012DK000001EtKOYA0','False','','0.0','','','','','','','0.0','','0.0','','','','0.0','','','0.0','0.0','0.0','0.0','0.0','0.0','0.0','0.0','0.0','0.0','','0.0','0.0','0.0','','False','','','','','','False','','','','','','','','','');
INSERT INTO "Account" VALUES(54,'','The Household','012DK000001EtKNYA0','True','Household Account','0.0','','','','','','','0.0','','0.0','','','','0.0','','','0.0','0.0','0.0','0.0','0.0','0.0','0.0','0.0','0.0','0.0','','0.0','0.0','0.0','','False','','','','','','False','','','','','','','','','');
INSERT INTO "Account" VALUES(55,'','Montoya-Brewer','012DK000001EtKOYA0','False','','0.0','','','','','','','0.0','','0.0','','','','0.0','','','0.0','0.0','0.0','0.0','0.0','0.0','0.0','0.0','0.0','0.0','','0.0','0.0','0.0','','False','','','','','','False','','','','','','','','','');
INSERT INTO "Account" VALUES(56,'','Meadows, Page, Norman and Mercedes Household','012DK000001EtKNYA0','True','Household Account','0.0','','','','Christensen Norman and Baker Mercedes','','Kara, Marcia, Christensen and Baker','0.0','','0.0','','','','0.0','','','0.0','0.0','0.0','0.0','0.0','0.0','0.0','0.0','0.0','0.0','','0.0','0.0','0.0','','False','','','','','','False','','','','','','4.0','','29','');
INSERT INTO "Account" VALUES(57,'','Berry PLC','012DK000001EtKOYA0','False','','0.0','','','','','','','0.0','','0.0','','','','0.0','','','0.0','0.0','0.0','0.0','0.0','0.0','0.0','0.0','0.0','0.0','','0.0','0.0','0.0','','False','','','','','','False','','','','','','','','','');
INSERT INTO "Account" VALUES(58,'','Petty, Bishop and Flores','012DK000001EtKOYA0','False','','0.0','','','','','','','0.0','','0.0','','','','0.0','','','0.0','0.0','0.0','0.0','0.0','0.0','0.0','0.0','0.0','0.0','','0.0','0.0','0.0','','False','','','','','','False','','','','','','','','','');
INSERT INTO "Account" VALUES(59,'','Walter, William and Roberto Household','012DK000001EtKNYA0','True','Household Account','0.0','','','','Stuart William and Davidson Roberto','','Martin, Stuart and Davidson','0.0','','0.0','','','','0.0','','','0.0','0.0','0.0','0.0','0.0','0.0','0.0','0.0','0.0','0.0','','0.0','0.0','0.0','','False','','','','','','False','','','','','','3.0','','33','');
INSERT INTO "Account" VALUES(60,'','Velazquez Ltd','012DK000001EtKOYA0','False','','0.0','','','','','','','0.0','','0.0','','','','0.0','','','0.0','0.0','0.0','0.0','0.0','0.0','0.0','0.0','0.0','0.0','','0.0','0.0','0.0','','False','','','','','','False','','','','','','','','','');
INSERT INTO "Account" VALUES(61,'','The Household','012DK000001EtKNYA0','True','Household Account','0.0','','','','','','','0.0','','0.0','','','','0.0','','','0.0','0.0','0.0','0.0','0.0','0.0','0.0','0.0','0.0','0.0','','0.0','0.0','0.0','','False','','','','','','False','','','','','','','','','');
INSERT INTO "Account" VALUES(62,'','Krause, Harrell and Ashley','012DK000001EtKOYA0','False','','0.0','','','','','','','0.0','','0.0','','','','0.0','','','0.0','0.0','0.0','0.0','0.0','0.0','0.0','0.0','0.0','0.0','','0.0','0.0','0.0','','False','','','','','','False','','','','','','','','','');
INSERT INTO "Account" VALUES(63,'','Little, Huerta and Travis','012DK000001EtKNYA0','True','Household Account','0.0','','','','','','','0.0','','0.0','','','','0.0','','','0.0','0.0','0.0','0.0','0.0','0.0','0.0','0.0','0.0','0.0','','0.0','0.0','0.0','','False','','','','','','False','','','','','','','','','');
INSERT INTO "Account" VALUES(64,'','Bush','012DK000001EtKOYA0','False','','0.0','','','','','','','0.0','','0.0','','','','0.0','','','0.0','0.0','0.0','0.0','0.0','0.0','0.0','0.0','0.0','0.0','','0.0','0.0','0.0','','False','','','','','','False','','','','','','','','','');
INSERT INTO "Account" VALUES(65,'','Boone, Buck and Christensen','012DK000001EtKOYA0','False','Sort carry guess develop measure watch. Economic nor each budget enough whatever describe.','0.0','69538.0','2017','2022-11-27','Son create throw lose. Collection current technology main. Hospital contain majority recognize art.','1602290276','Rise type represent community suddenly training gun.','0.0','2022-01-01','0.0','2021-12-18','Necessary follow those police something to simple left. Public finally stock especially how lose.','Also leave sometimes day election fish easy phone.','0.0','2022-11-27','2022-03-01','0.0','0.0','0.0','0.0','0.0','0.0','0.0','0.0','0.0','0.0','Informal_Greeting__c','0.0','0.0','0.0','Human Services','False','Levi Torres','86701.0','69717.0','60122.0','Leg yet word year here close finally. Suddenly argue probably floor.','False','gilbertfinley@example.com','2022-03-03','93.0','001-889-196-1919x6704','Wide any teacher large training cell. Rich rich bit serious indeed physical history.','81757.0','','','');
INSERT INTO "Account" VALUES(66,'','Swanson, Rangel, Joan and Melinda Household','012DK000001EtKNYA0','True','Household Account','0.0','','','','Mr. Alexis Swanson, Cruz Joan and Townsend Melinda','','Courtney, Cruz and Townsend','0.0','','0.0','','','','0.0','','','0.0','0.0','0.0','0.0','0.0','0.0','0.0','0.0','0.0','0.0','','0.0','0.0','0.0','','False','','','','','','False','','','','','','4.0','','41','');
INSERT INTO "Account" VALUES(67,'','Rubio-Holmes','012DK000001EtKOYA0','False','','0.0','','','','','','','0.0','','0.0','','','','0.0','','','0.0','0.0','0.0','0.0','0.0','0.0','0.0','0.0','0.0','0.0','','0.0','0.0','0.0','','False','','','','','','False','','','','','','','','','');
INSERT INTO "Account" VALUES(68,'','Gross, Harding, Krista and Miranda Household','012DK000001EtKNYA0','True','Household Account','0.0','','','','Perez Krista and Merritt Miranda','','Willie, Chad, Perez and Merritt','0.0','','0.0','','','','0.0','','','0.0','0.0','0.0','0.0','0.0','0.0','0.0','0.0','0.0','0.0','','0.0','0.0','0.0','','False','','','','','','False','','','','','','4.0','','45','');
INSERT INTO "Account" VALUES(69,'','Andrews, Malone and Yates','012DK000001EtKOYA0','False','','0.0','','','','','','','0.0','','0.0','','','','0.0','','','0.0','0.0','0.0','0.0','0.0','0.0','0.0','0.0','0.0','0.0','','0.0','0.0','0.0','','False','','','','','','False','','','','','','','','','');
INSERT INTO "Account" VALUES(70,'','Schultz, Tran, Stanley, Leslie and Tanner Household','012DK000001EtKNYA0','True','Household Account','0.0','','','','Ms. Jasmin Stanley, Bruce Leslie and Blanchard Tanner','','Marco, Carmen, Bruce and Blanchard','0.0','','0.0','','','','0.0','','','0.0','0.0','0.0','0.0','0.0','0.0','0.0','0.0','0.0','0.0','','0.0','0.0','0.0','','False','','','','','','False','','','','','','5.0','','50','');
INSERT INTO "Account" VALUES(71,'','Wong, Bates and Mata','012DK000001EtKOYA0','False','','0.0','','','','','','','0.0','','0.0','','','','0.0','','','0.0','0.0','0.0','0.0','0.0','0.0','0.0','0.0','0.0','0.0','','0.0','0.0','0.0','','False','','','','','','False','','','','','','','','','');
INSERT INTO "Account" VALUES(72,'','Marsh, Jordan and Margaret Household','012DK000001EtKNYA0','True','Household Account','0.0','','','','Dr. Mindy Marsh, Mrs. Manuel Garrett, Prof. Leonard Carney, Conrad Jordan and Rosales Margaret','','Manuel, Leonard, Conrad and Rosales','0.0','','0.0','','','','0.0','','','0.0','0.0','0.0','0.0','0.0','0.0','0.0','0.0','0.0','0.0','','0.0','0.0','0.0','','False','','','','','','False','','','','','','5.0','','55','');
INSERT INTO "Account" VALUES(73,'','Frazier-Dickerson','012DK000001EtKOYA0','False','','0.0','','','','','','','0.0','','0.0','','','','0.0','','','0.0','0.0','0.0','0.0','0.0','0.0','0.0','0.0','0.0','0.0','','0.0','0.0','0.0','','False','','','','','','False','','','','','','','','','');
INSERT INTO "Account" VALUES(74,'','The Household','012DK000001EtKNYA0','True','Household Account','0.0','','','','','','','0.0','','0.0','','','','0.0','','','0.0','0.0','0.0','0.0','0.0','0.0','0.0','0.0','0.0','0.0','','0.0','0.0','0.0','','False','','','','','','False','','','','','','','','','');
INSERT INTO "Account" VALUES(75,'','Kennedy-Joseph','012DK000001EtKOYA0','False','','0.0','','','','','','','0.0','','0.0','','','','0.0','','','0.0','0.0','0.0','0.0','0.0','0.0','0.0','0.0','0.0','0.0','','0.0','0.0','0.0','','False','','','','','','False','','','','','','','','','');
INSERT INTO "Account" VALUES(76,'','Olsen, Lee and Maria Household','012DK000001EtKNYA0','True','Household Account','0.0','','','','Prof. Devon Watkins, Everett Lee and Duncan Maria','','Devon, Angie, Everett and Duncan','0.0','','0.0','','','','0.0','','','0.0','0.0','0.0','0.0','0.0','0.0','0.0','0.0','0.0','0.0','','0.0','0.0','0.0','','False','','','','','','False','','','','','','4.0','','59','');
INSERT INTO "Account" VALUES(77,'','Long, Brown and Dillon','012DK000001EtKOYA0','False','','0.0','','','','','','','0.0','','0.0','','','','0.0','','','0.0','0.0','0.0','0.0','0.0','0.0','0.0','0.0','0.0','0.0','','0.0','0.0','0.0','','False','','','','','','False','','','','','','','','','');
INSERT INTO "Account" VALUES(78,'','Ware Group','012DK000001EtKOYA0','False','','0.0','','','','','','','0.0','','0.0','','','','0.0','','','0.0','0.0','0.0','0.0','0.0','0.0','0.0','0.0','0.0','0.0','','0.0','0.0','0.0','','False','','','','','','False','','','','','','','','','');
INSERT INTO "Account" VALUES(79,'','Ayers, Sampson, Frank, Karina and Priscilla Household','012DK000001EtKNYA0','True','Household Account','0.0','','','','Mr. Jenny Sampson, Mrs. Derek Frank, Duncan Karina and Stark Priscilla','','Allison, Duncan and Stark','0.0','','0.0','','','','0.0','','','0.0','0.0','0.0','0.0','0.0','0.0','0.0','0.0','0.0','0.0','','0.0','0.0','0.0','','False','','','','','','False','','','','','','5.0','','65','');
INSERT INTO "Account" VALUES(80,'','Hogan-Norman','012DK000001EtKOYA0','False','','0.0','','','','','','','0.0','','0.0','','','','0.0','','','0.0','0.0','0.0','0.0','0.0','0.0','0.0','0.0','0.0','0.0','','0.0','0.0','0.0','','False','','','','','','False','','','','','','','','','');
CREATE TABLE "Account_rt_mapping" (
	record_type_id VARCHAR(18) NOT NULL, 
	developer_name VARCHAR(255), 
	PRIMARY KEY (record_type_id)
);
INSERT INTO "Account_rt_mapping" VALUES('012DK000001EtG5YAK','Default');
INSERT INTO "Account_rt_mapping" VALUES('012DK000001EtKNYA0','HH_Account');
INSERT INTO "Account_rt_mapping" VALUES('012DK000001EtKOYA0','Organization');
CREATE TABLE "BackgroundCheck__c" (
	id INTEGER NOT NULL, 
	"Date__c" VARCHAR(255), 
	"Notes__c" VARCHAR(255), 
	"Status__c" VARCHAR(255), 
	"Contact__c" VARCHAR(255), 
	PRIMARY KEY (id)
);
INSERT INTO "BackgroundCheck__c" VALUES(1,'2015-01-19','Whether PM this despite watch determine including. Staff argue clearly national nature agent.','Pass','89');
INSERT INTO "BackgroundCheck__c" VALUES(2,'2017-03-12','Hear join agree gas should standard. Sing under serious this help college soldier. What consider role look help.','Pending','69');
INSERT INTO "BackgroundCheck__c" VALUES(3,'2017-07-22','Article second than cell. Represent evening always part. Treatment party image history. Future expert radio red president.','Pass','14');
INSERT INTO "BackgroundCheck__c" VALUES(4,'2021-07-08','Trip teacher case once style listen. Teacher day decide be case. Claim rate American six.','Pass','42');
CREATE TABLE "Campaign" (
	id INTEGER NOT NULL, 
	"Name" VARCHAR(255), 
	PRIMARY KEY (id)
);
INSERT INTO "Campaign" VALUES(1,'The Campaign');
INSERT INTO "Campaign" VALUES(2,'The Campaign');
CREATE TABLE "Contact" (
	id INTEGER NOT NULL, 
	"ADSiMApplicationReceived__c" VARCHAR(255), 
	"ADSiMPreApplicationReceived__c" VARCHAR(255), 
	"ADSiMProgAgreementReceived__c" VARCHAR(255), 
	"BoardAgreementReceived__c" VARCHAR(255), 
	"BoardApplicationReceived__c" VARCHAR(255), 
	"BoardCoIReceived__c" VARCHAR(255), 
	"BoardMemberAcceptedDate__c" VARCHAR(255), 
	"BoardMemberStatus__c" VARCHAR(255), 
	"BoardResumeReceived__c" VARCHAR(255), 
	"BoardToNReceived__c" VARCHAR(255), 
	"CanvasSisId__c" VARCHAR(255), 
	"ClientApplicationReceived__c" VARCHAR(255), 
	"ClientCertAgreementReceived__c" VARCHAR(255), 
	"ClientLOMIReceived__c" VARCHAR(255), 
	"ClientMedicalDevices__c" VARCHAR(255), 
	"ClientPreApplicationReceived__c" VARCHAR(255), 
	"ClientProgAgreementReceived__c" VARCHAR(255), 
	"ClientStatus__c" VARCHAR(255), 
	"ClientSurveyReceived__c" VARCHAR(255), 
	"ClientVAPWReceived__c" VARCHAR(255), 
	"CriminalConviction__c" VARCHAR(255), 
	"DateStarted__c" VARCHAR(255), 
	"Email" VARCHAR(255), 
	"FacilitatorApplicationReceived__c" VARCHAR(255), 
	"FacilitatorCertAgreementReceived__c" VARCHAR(255), 
	"FacilitatorInfrNoticeReceived__c" VARCHAR(255), 
	"FacilitatorPracticumReceived__c" VARCHAR(255), 
	"FacilitatorProfGrowthPlanReceived__c" VARCHAR(255), 
	"FacilitatorProgAgreementReceived__c" VARCHAR(255), 
	"FacilitatorReferenceReceived__c" VARCHAR(255), 
	"FacilitatorStatus__c" VARCHAR(255), 
	"FirstName" VARCHAR(255), 
	"GW_Volunteers__Volunteer_Auto_Reminder_Email_Opt_Out__c" VARCHAR(255), 
	"GW_Volunteers__Volunteer_Availability__c" VARCHAR(255), 
	"GW_Volunteers__Volunteer_Last_Web_Signup_Date__c" VARCHAR(255), 
	"GW_Volunteers__Volunteer_Manager_Notes__c" VARCHAR(255), 
	"GW_Volunteers__Volunteer_Notes__c" VARCHAR(255), 
	"GW_Volunteers__Volunteer_Organization__c" VARCHAR(255), 
	"GW_Volunteers__Volunteer_Skills__c" VARCHAR(255), 
	"GW_Volunteers__Volunteer_Status__c" VARCHAR(255), 
	"Language__c" VARCHAR(255), 
	"LastName" VARCHAR(255), 
	"LeadFacilitatorStatus__c" VARCHAR(255), 
	"LeadInterest__c" VARCHAR(255), 
	"LeadSourceOther__c" VARCHAR(255), 
	"OtherLanguages__c" VARCHAR(255), 
	"Phone" VARCHAR(255), 
	"Positions__c" VARCHAR(255), 
	"PronounOther__c" VARCHAR(255), 
	"Pronoun__c" VARCHAR(255), 
	"PuppyApplicationReceived__c" VARCHAR(255), 
	"PuppyCertAgreementReceived__c" VARCHAR(255), 
	"PuppyInfrNoticeReceived__c" VARCHAR(255), 
	"PuppyProgAgreementReceived__c" VARCHAR(255), 
	"PuppyRaiserStatus__c" VARCHAR(255), 
	"PuppyReferenceReceived__c" VARCHAR(255), 
	"StaffAgreementReceived__c" VARCHAR(255), 
	"StaffApplicationReceived__c" VARCHAR(255), 
	"StaffI9Received__c" VARCHAR(255), 
	"StaffOfferReceived__c" VARCHAR(255), 
	"StaffResumeReceived__c" VARCHAR(255), 
	"StaffW4Received__c" VARCHAR(255), 
	"TrainerApplicationReceived__c" VARCHAR(255), 
	"TrainerBoardTrain__c" VARCHAR(255), 
	"TrainerCertAgreementReceived__c" VARCHAR(255), 
	"TrainerInfrNoticeReceived__c" VARCHAR(255), 
	"TrainerProgAgreementReceived__c" VARCHAR(255), 
	"TrainerReferenceReceived__c" VARCHAR(255), 
	"TrainerSpecialties__c" VARCHAR(255), 
	"TrainerStatus__c" VARCHAR(255), 
	"VolunteerAccess__c" VARCHAR(255), 
	"VolunteerAgreementReceived__c" VARCHAR(255), 
	"VolunteerApplicationReceived__c" VARCHAR(255), 
	"VolunteerFocus__c" VARCHAR(255), 
	"VolunteerResumeReceived__c" VARCHAR(255), 
	"npe01__AlternateEmail__c" VARCHAR(255), 
	"npe01__HomeEmail__c" VARCHAR(255), 
	"npe01__PreferredPhone__c" VARCHAR(255), 
	"npe01__Preferred_Email__c" VARCHAR(255), 
	"npe01__Primary_Address_Type__c" VARCHAR(255), 
	"npe01__Private__c" VARCHAR(255), 
	"npe01__Secondary_Address_Type__c" VARCHAR(255), 
	"npe01__WorkEmail__c" VARCHAR(255), 
	"npe01__WorkPhone__c" VARCHAR(255), 
	"npo02__AverageAmount__c" VARCHAR(255), 
	"npo02__Best_Gift_Year_Total__c" VARCHAR(255), 
	"npo02__Best_Gift_Year__c" VARCHAR(255), 
	"npo02__FirstCloseDate__c" VARCHAR(255), 
	"npo02__Household_Naming_Order__c" VARCHAR(255), 
	"npo02__LargestAmount__c" VARCHAR(255), 
	"npo02__LastCloseDate__c" VARCHAR(255), 
	"npo02__LastMembershipAmount__c" VARCHAR(255), 
	"npo02__LastMembershipDate__c" VARCHAR(255), 
	"npo02__LastMembershipLevel__c" VARCHAR(255), 
	"npo02__LastMembershipOrigin__c" VARCHAR(255), 
	"npo02__LastOppAmount__c" VARCHAR(255), 
	"npo02__MembershipEndDate__c" VARCHAR(255), 
	"npo02__MembershipJoinDate__c" VARCHAR(255), 
	"npo02__Naming_Exclusions__c" VARCHAR(255), 
	"npo02__NumberOfClosedOpps__c" VARCHAR(255), 
	"npo02__NumberOfMembershipOpps__c" VARCHAR(255), 
	"npo02__OppAmount2YearsAgo__c" VARCHAR(255), 
	"npo02__OppAmountLastNDays__c" VARCHAR(255), 
	"npo02__OppAmountLastYear__c" VARCHAR(255), 
	"npo02__OppAmountThisYear__c" VARCHAR(255), 
	"npo02__OppsClosed2YearsAgo__c" VARCHAR(255), 
	"npo02__OppsClosedLastNDays__c" VARCHAR(255), 
	"npo02__OppsClosedLastYear__c" VARCHAR(255), 
	"npo02__OppsClosedThisYear__c" VARCHAR(255), 
	"npo02__SmallestAmount__c" VARCHAR(255), 
	"npo02__Soft_Credit_Last_Year__c" VARCHAR(255), 
	"npo02__Soft_Credit_This_Year__c" VARCHAR(255), 
	"npo02__Soft_Credit_Total__c" VARCHAR(255), 
	"npo02__Soft_Credit_Two_Years_Ago__c" VARCHAR(255), 
	"npo02__TotalMembershipOppAmount__c" VARCHAR(255), 
	"npo02__TotalOppAmount__c" VARCHAR(255), 
	"npsp__Deceased__c" VARCHAR(255), 
	"npsp__Do_Not_Contact__c" VARCHAR(255), 
	"npsp__Exclude_from_Household_Formal_Greeting__c" VARCHAR(255), 
	"npsp__Exclude_from_Household_Informal_Greeting__c" VARCHAR(255), 
	"npsp__Exclude_from_Household_Name__c" VARCHAR(255), 
	"npsp__First_Soft_Credit_Amount__c" VARCHAR(255), 
	"npsp__First_Soft_Credit_Date__c" VARCHAR(255), 
	"npsp__Largest_Soft_Credit_Amount__c" VARCHAR(255), 
	"npsp__Largest_Soft_Credit_Date__c" VARCHAR(255), 
	"npsp__Last_Soft_Credit_Amount__c" VARCHAR(255), 
	"npsp__Last_Soft_Credit_Date__c" VARCHAR(255), 
	"npsp__Number_of_Soft_Credits_Last_N_Days__c" VARCHAR(255), 
	"npsp__Number_of_Soft_Credits_Last_Year__c" VARCHAR(255), 
	"npsp__Number_of_Soft_Credits_This_Year__c" VARCHAR(255), 
	"npsp__Number_of_Soft_Credits_Two_Years_Ago__c" VARCHAR(255), 
	"npsp__Number_of_Soft_Credits__c" VARCHAR(255), 
	"npsp__Soft_Credit_Last_N_Days__c" VARCHAR(255), 
	"npsp__is_Address_Override__c" VARCHAR(255), 
	"AccountId" VARCHAR(255), 
	"ReportsToId" VARCHAR(255), 
	"npo02__Household__c" VARCHAR(255), 
	"npsp__Batch__c" VARCHAR(255), 
	"npsp__Current_Address__c" VARCHAR(255), 
	"npsp__Primary_Affiliation__c" VARCHAR(255), 
	PRIMARY KEY (id)
);
INSERT INTO "Contact" VALUES(1,'','','','','','','','Onboarding','','','EGNSNG57','','','','Her feel however consider cover boy after among.','','','Discontinued','','','True','2019-05-22','parkerchandler5@example.com','','','','','','','','Certified-Active','Parker','False','','','','Beat decade recently summer worker effect. Friend sing over attorney put relationship.','','Financial/Bookkeeping','Active','English','Chandler','Active','General info/Other','Morris-Johnston','Spanish','7935504701','Volunteer;Team Facilitator Lead;Client','Apply.','Prefer to self-describe','','','','','None','','','','','','','','','False','','','','','Diabetes Alert','None','Active Projects- Volunteer Recruitment and Retention','','','','','p-chandler70@example.org','parkerchandler5@example.com','Home','Personal','Home','False','Work','pa.chandler@example.org','863.517.7093','0.0','19200.0','2021','2022-11-17','82924.0','0.0','2022-02-03','0.0','2022-01-08','Ball language affect space language two. Including interesting some under join.','As job everybody follow.','0.0','2022-10-29','2022-06-24','Household__c.Name','0.0','0.0','0.0','0.0','0.0','0.0','0.0','0.0','0.0','0.0','0.0','32830.0','67829.0','45775.0','34814.0','0.0','0.0','False','False','False','False','True','718.0','2022-02-10','59061.0','2022-09-05','54428.0','','70632.0','48620.0','15178.0','18920.0','35466.0','0.0','False','36','','','','13','');
INSERT INTO "Contact" VALUES(2,'','','','','','','','None','','','2AUHQ5WZ','','','','Research beat movement I within early fund.','','','None','','','False','2009-09-13','marcus-zamora95@example.org','','','','','','','','In Training','Marcus','False','','','','Operation property miss time impact. Read system everything agree those.','','Social Media','None','English','Zamora','Inactive','Sweet Snoopers Training Program','Keller, Goodwin and Greene','French','515.418.1609','Team Facilitator Lead','Name hope.','Prefer not to answer','','','','','None','','','','','','','','','True','','','','','Autism','None','Board - READ ONLY','','','','','marcus.zamora98@example.net','marcus-zamora95@example.org','Home','Personal','Home','False','Work','ma.zamora4@example.org','+1-513-741-2097','0.0','13137.0','2016','2022-07-04','86343.0','0.0','2022-09-08','0.0','2021-12-23','Idea feel spend daughter away oil son follow. Involve whom catch.','Party high forget care family area. Center probably home hour personal oil east.','0.0','2022-04-08','2022-10-31','Household__c.Name','0.0','0.0','0.0','0.0','0.0','0.0','0.0','0.0','0.0','0.0','0.0','74393.0','43924.0','26268.0','44849.0','0.0','0.0','False','False','False','False','True','76089.0','2022-10-05','89237.0','2022-05-01','14334.0','','64180.0','46028.0','28994.0','87352.0','16584.0','0.0','False','36','','','','13','');
INSERT INTO "Contact" VALUES(3,'','','','','','','','','','','','','','','','','','None','','','False','','bi_mendoza8@example.org','','','','','','','','None','Mendoza','False','','','','','','','','','Bianca','','','','','546.128.8443x7125','','','','','','','','None','','','','','','','','','False','','','','','','None','','','','','','bi+mendoza2@example.org','bmendoza0@example.org','Home','Personal','Work','False','Other','bianca+mendoza84@example.org','+1-050-504-7179','0.0','','','','','0.0','','0.0','','','','0.0','','','','0.0','0.0','0.0','0.0','0.0','0.0','0.0','0.0','0.0','0.0','0.0','','','','','0.0','0.0','False','False','False','False','False','','','','','','','','','','','','0.0','False','38','','','','','');
INSERT INTO "Contact" VALUES(4,'','','','','','','','','','','','','','','','','','None','','','False','','brorr59@example.net','','','','','','','','None','Orr','False','','','','','','','','','Briana','','','','','(174)442-1362x38966','','','','','','','','None','','','','','','','','','False','','','','','','None','','','','','','b_orr67@example.com','brorr59@example.net','Home','Personal','','False','Home','b_orr9@example.com','233.555.3067x78481','0.0','','','','','0.0','','0.0','','','','0.0','','','','0.0','0.0','0.0','0.0','0.0','0.0','0.0','0.0','0.0','0.0','0.0','','','','','0.0','0.0','False','False','False','False','False','','','','','','','','','','','','0.0','False','39','','','','','');
INSERT INTO "Contact" VALUES(5,'','','','','','','','','','','','','','','','','','None','','','False','','l_craig1984@example.net','','','','','','','','None','Craig','False','','','','','','','','','Lisa','','','','','087-635-4083x4867','','','','','','','','None','','','','','','','','','False','','','','','','None','','','','','','li_craig49@example.com','l_craig1984@example.net','Home','Personal','','False','Work','licraig3@example.com','675-220-3200x20515','0.0','','','','','0.0','','0.0','','','','0.0','','','','0.0','0.0','0.0','0.0','0.0','0.0','0.0','0.0','0.0','0.0','0.0','','','','','0.0','0.0','False','False','False','False','False','','','','','','','','','','','','0.0','False','39','','','','','');
INSERT INTO "Contact" VALUES(6,'','','','','','','','Onboarding','','','GDH94657','','','','Too point place.','','','None','','','False','2012-06-23','l-dunlap8@example.com','','','','','','','','None','Lindsay','False','','','','Sing leader there face. Blood least occur surface.','','Fundraising/Grants','Onboarding','English','Dunlap','None','General info/Other','Harrington Group','Korean','(001)331-6445','Volunteer','Serious.','He/Him','','','','','None','','','','','','','','','False','','','','','Autism','None','Operations- Volunteer and Staff','','','','','lidunlap@example.com','l-dunlap8@example.com','Home','Personal','Home','False','Other','lindsaydunlap@example.net','200.875.5314','0.0','78322.0','1975','2022-04-03','79427.0','0.0','2022-01-16','0.0','2022-09-10','Ever course head too wall. Move use bar weight. Red hit air. Similar draw check.','May while painting road. Whom medical travel myself add. Pull and allow eight.','0.0','2022-03-25','2022-09-13','Household__c.Informal_Greeting__c','0.0','0.0','0.0','0.0','0.0','0.0','0.0','0.0','0.0','0.0','0.0','23597.0','37646.0','882.0','42944.0','0.0','0.0','False','False','False','True','False','67746.0','2022-06-05','93889.0','2022-02-25','4569.0','','56908.0','88353.0','6688.0','86019.0','25532.0','0.0','False','39','','','','14','');
INSERT INTO "Contact" VALUES(7,'','','','','','','','None','','','42Q3SK77','','','','Inside several after nice pay.','','','None','','','True','2007-12-27','s-braun9@example.org','','','','','','','','None','Seth','False','','','','Leader science officer. Strong pick within offer if tree necessary.','','Legal','None','English','Braun','None','Sponsorship/Donations','Douglas-Dalton','Cantonese','+1-206-702-1260x673','Donor','Computer.','Prefer not to answer','','','','','None','','','','','','','','','False','','','','','Mobility','None','Active Projects- State Registration','','','','','s_braun2@example.org','s-braun9@example.org','Home','Personal','Home','False','Home','se.braun3@example.net','(037)394-8872x231','0.0','64766.0','1973','2022-11-08','43347.0','0.0','2022-06-02','0.0','2022-08-17','Almost skill whether from. Between main see economy.','It perform hear environment. Where student never know while.','0.0','2022-07-22','2022-03-02','Household__c.Formal_Greeting__c','0.0','0.0','0.0','0.0','0.0','0.0','0.0','0.0','0.0','0.0','0.0','36166.0','80525.0','17929.0','11030.0','0.0','0.0','False','False','True','False','False','60665.0','2022-07-04','22886.0','2021-12-16','51955.0','','79317.0','18636.0','66920.0','90758.0','37092.0','0.0','False','39','','','','14','');
INSERT INTO "Contact" VALUES(8,'','','','','','','','None','','','41JMKXEJ','','','','Down woman approach note.','','','None','','','False','2012-01-31','ivanchang1943@example.org','','','','','','','','Suspended','Ivan','False','','','','Bill recent family thought source pretty brother represent. Son PM why parent reality.','','Graphic Design','Initial Inquiry','Tagalog','Chang','None','Teams Set in Motion Program','Carr-Howe','Portuguese','404.042.6071x43099','Team Facilitator','Spend fly.','They/Them','','','','','None','','','','','','','','','True','','','','','Diabetes Alert','None','Active Projects- Trainer Certification','','','','','i.chang88@example.com','ivanchang1943@example.org','Home','Personal','Home','False','Work','i_chang94@example.org','358-605-7770x58059','0.0','6947.0','1986','2022-09-30','15162.0','0.0','2022-11-14','0.0','2022-04-19','Understand common trade finish should power. Common energy affect play. Might offer practice large.','Television public maybe always specific. However door push range.','0.0','2022-04-07','2022-01-12','Household__c.Name','0.0','0.0','0.0','0.0','0.0','0.0','0.0','0.0','0.0','0.0','0.0','56975.0','2832.0','33003.0','38859.0','0.0','0.0','False','False','False','False','True','99119.0','2022-04-29','33861.0','2022-02-07','4859.0','','60940.0','55328.0','97058.0','46500.0','36322.0','0.0','False','39','','','','14','');
INSERT INTO "Contact" VALUES(9,'','','','','','','','','','','','','','','','','','None','','','False','','kharvey@example.org','','','','','','','','None','Harvey','False','','','','','','','','','Kaitlyn','','','','','076-249-8194','','','','','','','','None','','','','','','','','','False','','','','','','None','','','','','','kaitlyn.harvey1965@example.org','kharvey@example.org','Home','Personal','','False','Work','kaitlyn.harvey@example.net','001-457-625-4740','0.0','','','','','0.0','','0.0','','','','0.0','','','','0.0','0.0','0.0','0.0','0.0','0.0','0.0','0.0','0.0','0.0','0.0','','','','','0.0','0.0','False','False','False','False','False','','','','','','','','','','','','0.0','False','46','','','','','');
INSERT INTO "Contact" VALUES(10,'','','','','','','','','','','','','','','','','','None','','','False','','bmassey99@example.com','','','','','','','','None','Massey','False','','','','','','','','','Bradley','','','','','+1-736-643-3898x6168','','','','','','','','None','','','','','','','','','False','','','','','','None','','','','','','br+massey1975@example.net','bmassey99@example.com','Home','Personal','','False','Home','bradley+massey1983@example.org','757.933.1546x35432','0.0','','','','','0.0','','0.0','','','','0.0','','','','0.0','0.0','0.0','0.0','0.0','0.0','0.0','0.0','0.0','0.0','0.0','','','','','0.0','0.0','False','False','False','False','False','','','','','','','','','','','','0.0','False','46','','','','','');
INSERT INTO "Contact" VALUES(11,'','','','','','','','Inactive','','','AO2M7SXV','','','','Back enjoy same century voice especially.','','','Discontinued','','','False','2021-05-11','kyle-dorsey0@example.org','','','','','','','','Suspended','Kyle','False','','','','Car public budget team middle pass treat. Factor enjoy outside end bit.','','Nonprofit Leadership','Active','Mandarin','Dorsey','Inactive','Sponsorship/Donations','Atkins LLC','Arabic','642.340.7565x09964','Volunteer;Team Facilitator Lead;Client','Everybody.','They/Them','','','','','None','','','','','','','','','True','','','','','Hearing Alert','None','Operations- Financial','','','','','kdorsey@example.net','kyle-dorsey0@example.org','Home','Personal','Home','False','Home','ky+dorsey0@example.net','+1-432-246-9611','0.0','78189.0','1978','2022-02-02','62017.0','0.0','2022-05-23','0.0','2022-01-29','Quickly media someone present at half. Know want clearly professional whole important imagine.','Less full concern quickly plant push music. Data born benefit.','0.0','2022-10-19','2022-10-10','Household__c.Informal_Greeting__c','0.0','0.0','0.0','0.0','0.0','0.0','0.0','0.0','0.0','0.0','0.0','46722.0','6963.0','72121.0','70211.0','0.0','0.0','False','False','False','True','False','97497.0','2022-05-19','31174.0','2022-01-12','67127.0','','25371.0','24095.0','40171.0','42994.0','47927.0','0.0','False','46','','','','16','');
INSERT INTO "Contact" VALUES(12,'','','','','','','','Active','','','DL5VT1BV','','','','Hair TV certainly common site ability natural.','','','None','','','False','2002-06-09','d+parker@example.com','','','','','','','','Discontinued','Dakota','False','','','','Write trip media claim. Finish simple view key throw. Court sound laugh phone.','','Nonprofit Leadership','Initial Inquiry','English','Parker','None','Sweet Snoopers Training Program','Mcguire, Friedman and Key','Spanish','961.561.2582x2697','Volunteer;Team Facilitator','Very in.','She/Her','','','','','None','','','','','','','','','False','','','','','Mobility;Autism','None','Active Projects- Technology Infrastructure','','','','','dakota.parker@example.com','d+parker@example.com','Home','Personal','Home','False','Work','dakota.parker53@example.org','(423)025-5853x512','0.0','46968.0','1970','2022-08-03','61518.0','0.0','2022-12-04','0.0','2022-01-12','Whose if range Congress. Stage result his dream available ability. Because pick skill project.','Analysis lose thank consider. Culture dog example could feel range.','0.0','2022-10-09','2022-08-21','Household__c.Informal_Greeting__c','0.0','0.0','0.0','0.0','0.0','0.0','0.0','0.0','0.0','0.0','0.0','8110.0','55697.0','76691.0','36825.0','0.0','0.0','False','False','False','True','False','32654.0','2022-10-04','9390.0','2022-05-03','37102.0','','4121.0','94256.0','43826.0','6508.0','80801.0','0.0','False','46','','','','16','');
INSERT INTO "Contact" VALUES(13,'','','','','','','','','','','','','','','','','','None','','','False','','bonnie.wilcox64@example.net','','','','','','','','None','Wilcox','False','','','','','','','','','Bonnie','','','','','5121598657','','','','','','','','None','','','','','','','','','False','','','','','','None','','','','','','b-wilcox@example.com','bonnie.wilcox64@example.net','Home','Personal','','False','Other','bonnie+wilcox1977@example.org','(151)779-8717x8278','0.0','','','','','0.0','','0.0','','','','0.0','','','','0.0','0.0','0.0','0.0','0.0','0.0','0.0','0.0','0.0','0.0','0.0','','','','','0.0','0.0','False','False','False','False','False','','','','','','','','','','','','0.0','False','48','','','','','');
INSERT INTO "Contact" VALUES(14,'','','','','','','','','','','','','','','','','','None','','','False','','ca_collins1972@example.net','','','','','','','','None','Collins','False','','','','','','','','','Carl','','','','','0732603365','','','','','','','','None','','','','','','','','','False','','','','','','None','','','','','','ca+collins5@example.org','ca_collins1972@example.net','Home','Personal','','False','Work','cacollins@example.com','001-750-950-3696','0.0','','','','','0.0','','0.0','','','','0.0','','','','0.0','0.0','0.0','0.0','0.0','0.0','0.0','0.0','0.0','0.0','0.0','','','','','0.0','0.0','False','False','False','False','False','','','','','','','','','','','','0.0','False','48','','','','','');
INSERT INTO "Contact" VALUES(15,'','','','','','','','Active','','','5JO5OK5F','','','','Face board catch player.','','','In Training','','','True','2012-06-11','da+olsen@example.net','','','','','','','','None','Darin','False','','','','Agency fish sister total section ball. Trial product forward no option nothing there. Pick there prevent.','','SEO','Inactive','English','Olsen','None','Trainer Certification','Costa Group','English','3317178672','Client','Certain.','Prefer to self-describe','','','','','None','','','','','','','','','True','','','','','Hearing Alert','None','Active Projects- Volunteer Recruitment and Retention','','','','','da+olsen1986@example.org','da+olsen@example.net','Home','Personal','Home','False','Other','da.olsen89@example.com','080-068-8833','0.0','72729.0','2017','2022-09-29','55583.0','0.0','2022-12-11','0.0','2022-06-18','State machine public. Individual consider response chair ask among. To land evidence hair force.','Hold nothing statement. Address human bill peace each miss. Prove interest trip exactly wide.','0.0','2021-12-23','2022-07-05','Household__c.Name','0.0','0.0','0.0','0.0','0.0','0.0','0.0','0.0','0.0','0.0','0.0','55770.0','30099.0','15837.0','15155.0','0.0','0.0','False','False','False','False','True','42185.0','2022-03-30','55610.0','2022-10-01','98839.0','','69899.0','29160.0','90922.0','86793.0','86939.0','0.0','False','48','','','','17','');
INSERT INTO "Contact" VALUES(16,'','','','','','','','Initial Inquiry','','','EGNSNNUZ','','','','Imagine line assume sign information.','','','In ADSiM','','','True','2005-01-31','no.henderson53@example.net','','','','','','','','None','Noah','False','','','','Notice environment country stay practice every southern. Hundred peace health dog region why. Best but open expect successful visit.','','Graphic Design','Onboarding','English','Henderson','None','Sponsorship/Donations','Lang Ltd','Mandarin','+1-367-275-7664x0235','Volunteer;Client','Local not.','Prefer to self-describe','','','','','None','','','','','','','','','False','','','','','Psychiatric;Autism','None','Active Projects- Client Certification','','','','','n+henderson@example.com','no.henderson53@example.net','Home','Personal','Home','False','Home','nohenderson56@example.org','(131)885-7792','0.0','55902.0','2021','2022-04-10','13857.0','0.0','2022-05-05','0.0','2022-08-25','Pay him read world. Reduce machine western purpose rock like have.','Perhaps alone there. Space leg situation. Dark speech beat land yourself season girl.','0.0','2022-11-11','2022-06-16','Household__c.Name','0.0','0.0','0.0','0.0','0.0','0.0','0.0','0.0','0.0','0.0','0.0','38691.0','29599.0','49755.0','79622.0','0.0','0.0','False','False','False','False','True','85085.0','2022-06-14','84876.0','2022-07-19','35362.0','','50228.0','30405.0','35362.0','14235.0','28428.0','0.0','False','48','','','','17','');
INSERT INTO "Contact" VALUES(17,'','','','','','','','Inactive','','','2AUHPY77','','','','None someone authority voice whom clear which.','','','None','','','False','2004-06-21','b_sanford49@example.net','','','','','','','','Certified-Active','Bobby','False','','','','Bill wear agreement set product visit room. Else head become huge. Authority something matter because.','','Website development','Active','English','Sanford','Active','Teams Set in Motion Program','Leonard, Hobbs and Gilbert','Portuguese','348.064.4171x658','Team Facilitator Lead','Beyond.','He/Him','','','','','None','','','','','','','','','True','','','','','Psychiatric;Autism','None','Active Projects- Volunteer Recruitment and Retention','','','','','bobbysanford1957@example.net','b_sanford49@example.net','Home','Personal','Home','False','Work','bo.sanford7@example.org','+1-768-735-4196x9449','0.0','41666.0','1978','2022-06-19','27378.0','0.0','2022-07-07','0.0','2021-12-29','Social way together evening something husband course than. Left computer design news.','Region later now play instead into forward.','0.0','2022-11-30','2022-11-10','Household__c.Informal_Greeting__c','0.0','0.0','0.0','0.0','0.0','0.0','0.0','0.0','0.0','0.0','0.0','12997.0','60354.0','76082.0','96180.0','0.0','0.0','False','False','False','True','False','17086.0','2022-10-18','95738.0','2022-07-04','84465.0','','88519.0','8653.0','70110.0','41228.0','31933.0','0.0','False','48','','','','17','');
INSERT INTO "Contact" VALUES(18,'','','','','','','','','','','','','','','','','','None','','','False','','r.li1988@example.net','','','','','','','','None','Li','False','','','','','','','','','Roger','','','','','825.017.6718','','','','','','','','None','','','','','','','','','False','','','','','','None','','','','','','roger-li82@example.org','r.li1988@example.net','Home','Personal','','False','Other','r.li3@example.com','001-831-394-2381x16675','0.0','','','','','0.0','','0.0','','','','0.0','','','','0.0','0.0','0.0','0.0','0.0','0.0','0.0','0.0','0.0','0.0','0.0','','','','','0.0','0.0','False','False','False','False','False','','','','','','','','','','','','0.0','False','50','','','','','');
INSERT INTO "Contact" VALUES(19,'','','','','','','','','','','','','','','','','','None','','','False','','ha.huber1@example.net','','','','','','','','None','Huber','False','','','','','','','','','Harold','','','','','3431234670','','','','','','','','None','','','','','','','','','False','','','','','','None','','','','','','hahuber@example.org','ha.huber1@example.net','Home','Personal','','False','Home','harold+huber3@example.net','+1-033-011-9877x05809','0.0','','','','','0.0','','0.0','','','','0.0','','','','0.0','0.0','0.0','0.0','0.0','0.0','0.0','0.0','0.0','0.0','0.0','','','','','0.0','0.0','False','False','False','False','False','','','','','','','','','','','','0.0','False','50','','','','','');
INSERT INTO "Contact" VALUES(20,'','','','','','','','Initial Inquiry','','','GDH93YFF','','','','American customer everybody staff none.','','','None','','','True','2011-08-02','katie_delgado@example.net','','','','','','','','None','Katie','False','','','','Way raise economic tonight charge. Hour huge consumer cup only collection ten.','','Fundraising/Grants','Onboarding','English','Delgado','None','General info/Other','Villanueva, Edwards and Russell','Portuguese','527.529.7858','Volunteer;Trainer','Born.','They/Them','','','','','None','','','','','','','','','False','','','','','Seizure Response','In Training','Active Projects- Academy','','','','','k-delgado@example.com','katie_delgado@example.net','Home','Personal','Home','False','Work','ka-delgado60@example.net','001-161-083-9025x4517','0.0','87033.0','1991','2022-03-28','67454.0','0.0','2022-07-14','0.0','2022-08-18','Tax according tough film as consider. Above test bar teach treat either believe as.','Mr minute get sea. Several identify foot next become. Sort join born network sister best.','0.0','2022-01-30','2022-06-26','Household__c.Name','0.0','0.0','0.0','0.0','0.0','0.0','0.0','0.0','0.0','0.0','0.0','2228.0','5404.0','25914.0','36953.0','0.0','0.0','False','False','False','False','True','98474.0','2022-10-25','10672.0','2022-04-21','9345.0','','8008.0','85701.0','2594.0','32763.0','70829.0','0.0','False','50','','','','18','');
INSERT INTO "Contact" VALUES(21,'','','','','','','','','','','','','','','','','','None','','','False','','le+quinn8@example.org','','','','','','','','None','Quinn','False','','','','','','','','','Leah','','','','','728-955-4593x1563','','','','','','','','None','','','','','','','','','False','','','','','','None','','','','','','l+quinn86@example.org','le+quinn8@example.org','Home','Personal','','False','Work','lequinn2@example.org','108-387-9889','0.0','','','','','0.0','','0.0','','','','0.0','','','','0.0','0.0','0.0','0.0','0.0','0.0','0.0','0.0','0.0','0.0','0.0','','','','','0.0','0.0','False','False','False','False','False','','','','','','','','','','','','0.0','False','52','','','','','');
INSERT INTO "Contact" VALUES(22,'','','','','','','','','','','','','','','','','','None','','','False','','alpotts@example.com','','','','','','','','None','Potts','False','','','','','','','','','Alison','','','','','001-117-196-2235x82827','','','','','','','','None','','','','','','','','','False','','','','','','None','','','','','','al.potts1971@example.org','alpotts@example.com','Home','Personal','','False','Other','apotts@example.net','877.141.6259x154','0.0','','','','','0.0','','0.0','','','','0.0','','','','0.0','0.0','0.0','0.0','0.0','0.0','0.0','0.0','0.0','0.0','0.0','','','','','0.0','0.0','False','False','False','False','False','','','','','','','','','','','','0.0','False','52','','','','','');
INSERT INTO "Contact" VALUES(23,'','','','','','','','Active','','','42Q3SCHF','','','','Send all first.','','','None','','','False','2020-06-20','gu+watts76@example.org','','','','','','','','None','Guy','False','','','','Agreement always will recently seem want writer. Above hear half along. Generation support bed current decide institution. Hear eat instead south region.','','SEO','Inactive','Spanish','Watts','None','Teams Set in Motion Program','Lawson-Malone','Spanish;French','+1-310-557-7641','Volunteer;Trainer','Process.','They/Them','','','','','None','','','','','','','','','True','','','','','Seizure Response','In Training','Sensitive Info- Volunteer and Staff','','','','','g+watts8@example.net','gu+watts76@example.org','Home','Personal','Home','False','Home','gwatts1969@example.org','+1-881-621-0421x196','0.0','39407.0','1991','2021-12-15','69652.0','0.0','2022-01-29','0.0','2022-04-18','Big may stand west. Not letter lawyer artist force set good.','Occur if example process ready somebody. Civil scientist write. Learn toward social set much.','0.0','2022-12-13','2022-12-01','Household__c.Formal_Greeting__c','0.0','0.0','0.0','0.0','0.0','0.0','0.0','0.0','0.0','0.0','0.0','57383.0','73587.0','34784.0','15308.0','0.0','0.0','False','False','True','False','False','81415.0','2022-02-17','57028.0','2022-04-03','44529.0','','35181.0','5992.0','20159.0','94745.0','73629.0','0.0','False','52','','','','19','');
INSERT INTO "Contact" VALUES(24,'','','','','','','','Onboarding','','','41JML54B','','','','Laugh center participant everybody work stage detail.','','','In ADSiM','','','True','2022-02-03','d+arroyo@example.com','','','','','','','','None','Dominique','False','','','','Military customer and artist. Owner space manager there toward system memory. Head have husband media these like.','','Fundraising/Grants','None','English','Arroyo','None','Trainer Certification','Boyle-Hooper','German','+1-059-495-3858x061','Client','Above.','He/Him','','','','','None','','','','','','','','','False','','','','','Psychiatric;Autism','None','Board - READ ONLY','','','','','dominiquearroyo3@example.net','d+arroyo@example.com','Home','Personal','Home','False','Work','d+arroyo7@example.net','771-264-0610x0756','0.0','89576.0','1999','2022-05-23','3901.0','0.0','2022-04-02','0.0','2022-03-05','High campaign push police discussion. Service exist live really almost. Age change thank former if.','Forget hard pick leader man. Operation act write side.','0.0','2022-01-15','2022-10-17','Household__c.Informal_Greeting__c','0.0','0.0','0.0','0.0','0.0','0.0','0.0','0.0','0.0','0.0','0.0','79986.0','6872.0','37158.0','70708.0','0.0','0.0','False','False','False','True','False','21881.0','2022-08-20','79343.0','2022-12-13','28087.0','','53231.0','78875.0','55391.0','36768.0','58272.0','0.0','False','52','','','','19','');
INSERT INTO "Contact" VALUES(25,'','','','','','','','Onboarding','','','AO2M80NN','','','','Leader sound your later system vote.','','','None','','','True','2021-12-31','k+dennis1947@example.com','','','','','','','','None','Kerry','False','','','','Then different very late total price four.','','Legal','Inactive','English','Dennis','None','Trainer Certification','Meyer-Palmer','Cantonese','001-863-533-1372x3992','Donor','Kitchen.','She/Her','','','','','None','','','','','','','','','False','','','','','Psychiatric','None','Active Projects- Scholarships','','','','','k-dennis1965@example.com','k+dennis1947@example.com','Home','Personal','Home','False','Home','kerry_dennis74@example.net','673-285-7009','0.0','85279.0','1974','2022-10-30','32472.0','0.0','2022-03-14','0.0','2022-02-26','Option just upon deal religious leader. Everything could guy tough article middle official.','Name television really mention check sit.','0.0','2022-01-20','2022-03-16','Household__c.Informal_Greeting__c','0.0','0.0','0.0','0.0','0.0','0.0','0.0','0.0','0.0','0.0','0.0','62780.0','59803.0','57598.0','7547.0','0.0','0.0','False','False','False','True','False','14446.0','2022-11-18','78178.0','2022-11-05','15580.0','','83089.0','72541.0','12090.0','34125.0','12498.0','0.0','False','52','','','','19','');
INSERT INTO "Contact" VALUES(26,'','','','','','','','','','','','','','','','','','None','','','False','','n_christensen1965@example.org','','','','','','','','None','Christensen','False','','','','','','','','','Norman','','','','','(248)077-1382x3643','','','','','','','','None','','','','','','','','','False','','','','','','None','','','','','','n_christensen49@example.com','n_christensen1965@example.org','Home','Personal','','False','Home','n_christensen1986@example.org','001-697-327-9636x0770','0.0','','','','','0.0','','0.0','','','','0.0','','','','0.0','0.0','0.0','0.0','0.0','0.0','0.0','0.0','0.0','0.0','0.0','','','','','0.0','0.0','False','False','False','False','False','','','','','','','','','','','','0.0','False','56','','','','','');
INSERT INTO "Contact" VALUES(27,'','','','','','','','','','','','','','','','','','None','','','False','','me-baker97@example.net','','','','','','','','None','Baker','False','','','','','','','','','Mercedes','','','','','(635)778-2513','','','','','','','','None','','','','','','','','','False','','','','','','None','','','','','','mercedesbaker59@example.com','me-baker97@example.net','Home','Personal','','False','Work','mercedes_baker54@example.org','001-575-659-1206x59713','0.0','','','','','0.0','','0.0','','','','0.0','','','','0.0','0.0','0.0','0.0','0.0','0.0','0.0','0.0','0.0','0.0','0.0','','','','','0.0','0.0','False','False','False','False','False','','','','','','','','','','','','0.0','False','56','','','','','');
INSERT INTO "Contact" VALUES(28,'','','','','','','','Active','','','DL5VSTM3','','','','Make modern how strong.','','','None','','','False','2005-12-02','karameadows@example.net','','','','','','','','None','Kara','False','','','','Ten anyone performance TV fill treat together establish.','','Education/Course Development','Inactive','Spanish','Meadows','None','Assistance Dogs Set in Motion Program','Cooper, Mack and Contreras','Spanish;French','919-446-8441x29824','Volunteer;Puppy Raiser','Reality.','He/Him','','','','','Initial Inquiry','','','','','','','','','False','','','','','Autism','None','Active Projects- Scholarships','','','','','ka_meadows77@example.com','karameadows@example.net','Home','Personal','Home','False','Other','kameadows@example.net','470-414-7567x10985','0.0','62357.0','2019','2022-01-04','38080.0','0.0','2022-04-18','0.0','2022-02-14','Together white paper through moment mean. Lose quality rate. Show model number here major degree.','Mean military south dark memory. Health star provide. Live question seven get. Tough likely rule.','0.0','2022-03-15','2022-10-22','Household__c.Formal_Greeting__c','0.0','0.0','0.0','0.0','0.0','0.0','0.0','0.0','0.0','0.0','0.0','67945.0','64784.0','20296.0','18846.0','0.0','0.0','False','False','True','False','False','3675.0','2022-03-16','37275.0','2022-05-12','45606.0','','73258.0','32056.0','73659.0','2159.0','73750.0','0.0','False','56','','','','21','');
INSERT INTO "Contact" VALUES(29,'','','','','','','','Onboarding','','','5JO5OCFN','','','','Enter firm perhaps recently actually place.','','','None','','','False','2008-11-05','ma.page@example.com','','','','','','','','Certified-Active','Marcia','False','','','','Us west outside hot with really but. Bring likely stand series sometimes many food. Serve million approach deal anything project couple stock.','','Social Media','Active','English','Page','Active','General info/Other','Love, Harrell and Love','Cantonese','(208)428-5152x193','Team Facilitator Lead','Brother.','She/Her','','','','','None','','','','','','','','','False','','','','','Psychiatric','None','Active Projects- Fund Development','','','','','m.page0@example.com','ma.page@example.com','Home','Personal','Home','False','Home','m_page@example.net','325-242-7173x66839','0.0','72019.0','1991','2022-03-30','97090.0','0.0','2022-08-05','0.0','2022-08-01','Three light build young. Really attention cause challenge.','Conference culture whether. Interesting five receive station sign issue.','0.0','2022-06-06','2022-01-12','Household__c.Formal_Greeting__c','0.0','0.0','0.0','0.0','0.0','0.0','0.0','0.0','0.0','0.0','0.0','46107.0','35307.0','15010.0','30924.0','0.0','0.0','False','False','True','False','False','74720.0','2022-10-07','99841.0','2022-08-13','68881.0','','84458.0','63579.0','1786.0','74118.0','82308.0','0.0','False','56','','','','21','');
INSERT INTO "Contact" VALUES(30,'','','','','','','','','','','','','','','','','','None','','','False','','jo.lewis@example.com','','','','','','','','None','Lewis','False','','','','','','','','','Jorge','','','','','914.731.2385x424','','','','','','','','None','','','','','','','','','False','','','','','','None','','','','','','jolewis9@example.org','jorge-lewis50@example.net','Home','Personal','Work','False','Work','j.lewis1990@example.com','+1-393-723-7950x68318','0.0','','','','','0.0','','0.0','','','','0.0','','','','0.0','0.0','0.0','0.0','0.0','0.0','0.0','0.0','0.0','0.0','0.0','','','','','0.0','0.0','False','False','False','False','False','','','','','','','','','','','','0.0','False','58','','','','','');
INSERT INTO "Contact" VALUES(31,'','','','','','','','','','','','','','','','','','None','','','False','','w-stuart1979@example.org','','','','','','','','None','Stuart','False','','','','','','','','','William','','','','','968.824.0404','','','','','','','','None','','','','','','','','','False','','','','','','None','','','','','','w-stuart8@example.org','w-stuart1979@example.org','Home','Personal','','False','Other','wi.stuart@example.net','600-296-2950x793','0.0','','','','','0.0','','0.0','','','','0.0','','','','0.0','0.0','0.0','0.0','0.0','0.0','0.0','0.0','0.0','0.0','0.0','','','','','0.0','0.0','False','False','False','False','False','','','','','','','','','','','','0.0','False','59','','','','','');
INSERT INTO "Contact" VALUES(32,'','','','','','','','','','','','','','','','','','None','','','False','','ro.davidson5@example.com','','','','','','','','None','Davidson','False','','','','','','','','','Roberto','','','','','+1-763-144-3157x167','','','','','','','','None','','','','','','','','','False','','','','','','None','','','','','','roberto.davidson2010@example.com','ro.davidson5@example.com','Home','Personal','','False','Home','ro.davidson03@example.org','(912)805-3543','0.0','','','','','0.0','','0.0','','','','0.0','','','','0.0','0.0','0.0','0.0','0.0','0.0','0.0','0.0','0.0','0.0','0.0','','','','','0.0','0.0','False','False','False','False','False','','','','','','','','','','','','0.0','False','59','','','','','');
INSERT INTO "Contact" VALUES(33,'','','','','','','','Initial Inquiry','','','EGNSN0PN','','','','Hour process apply energy across standard technology interview.','','','Discontinued','','','True','2010-05-12','ma.walter2@example.org','','','','','','','','None','Martin','False','','','','Best such with city allow need. Clear three want design. Sound far return quickly another most.','','Website development','Active','English','Walter','None','Sweet Snoopers Training Program','Francis Ltd','Arabic','773-697-9600x3910','Trainer;Client','Fire.','She/Her','','','','','None','','','','','','','','','True','','','','','Medical Incident Assist','Initial Inquiry','Active Projects- Fund Development','','','','','martin_walter3@example.net','ma.walter2@example.org','Home','Personal','Home','False','Other','martin-walter@example.org','001-387-444-1725','0.0','21061.0','1972','2022-06-25','48619.0','0.0','2022-04-16','0.0','2022-04-24','Police wind design rock ten yes. Southern no own industry office.','Mouth agency art child. Common issue room be involve PM off.','0.0','2022-01-22','2022-01-09','Household__c.Formal_Greeting__c','0.0','0.0','0.0','0.0','0.0','0.0','0.0','0.0','0.0','0.0','0.0','24164.0','39661.0','20477.0','89221.0','0.0','0.0','False','False','True','False','False','73372.0','2022-12-15','43140.0','2022-03-18','41408.0','','688.0','31007.0','19895.0','39589.0','85055.0','0.0','False','59','','','','22','');
INSERT INTO "Contact" VALUES(34,'','','','','','','','','','','','','','','','','','None','','','False','','dsimpson@example.net','','','','','','','','None','Simpson','False','','','','','','','','','Duane','','','','','(340)560-5114','','','','','','','','None','','','','','','','','','False','','','','','','None','','','','','','du_simpson0@example.com','dsimpson@example.net','Home','Personal','','False','Work','d-simpson49@example.net','(486)419-0433x42598','0.0','','','','','0.0','','0.0','','','','0.0','','','','0.0','0.0','0.0','0.0','0.0','0.0','0.0','0.0','0.0','0.0','0.0','','','','','0.0','0.0','False','False','False','False','False','','','','','','','','','','','','0.0','False','6','','','','','');
INSERT INTO "Contact" VALUES(35,'','','','','','','','','','','','','','','','','','None','','','False','','kara_esparza5@example.net','','','','','','','','None','Esparza','False','','','','','','','','','Kara','','','','','(691)389-3011x36839','','','','','','','','None','','','','','','','','','False','','','','','','None','','','','','','karaesparza66@example.com','kara_esparza5@example.net','Home','Personal','','False','Work','kesparza@example.org','042-693-7248','0.0','','','','','0.0','','0.0','','','','0.0','','','','0.0','0.0','0.0','0.0','0.0','0.0','0.0','0.0','0.0','0.0','0.0','','','','','0.0','0.0','False','False','False','False','False','','','','','','','','','','','','0.0','False','6','','','','','');
INSERT INTO "Contact" VALUES(36,'','','','','','','','Initial Inquiry','','','2AUHHSZN','','','','Might building talk enjoy science close world federal.','','','None','','','False','2010-06-24','sh-willis54@example.net','','','','','','','','None','Shelby','False','','','','Decision star education may value clearly stock it. Indeed to standard trade late.','','Graphic Design','Onboarding','English','Willis','None','Trainer Certification','Ellis, Lambert and Benton','French','469-788-8747x7331','Volunteer','Since.','Prefer not to answer','','','','','None','','','','','','','','','False','','','','','Diabetes Alert','None','Active Projects- Community Outreach and Education','','','','','swillis10@example.com','sh-willis54@example.net','Home','Personal','Home','False','Home','shelbywillis87@example.com','0789919496','0.0','2596.0','1975','2022-10-18','68531.0','0.0','2022-11-09','0.0','2022-02-21','Discuss fall market value.','Determine weight design three message. Just human close.','0.0','2022-04-24','2022-08-11','Household__c.Name','0.0','0.0','0.0','0.0','0.0','0.0','0.0','0.0','0.0','0.0','0.0','81751.0','35350.0','60964.0','71932.0','0.0','0.0','False','False','False','False','True','24599.0','2022-07-09','54595.0','2022-02-16','99117.0','','22148.0','35698.0','98469.0','7663.0','28307.0','0.0','False','6','','','','23','');
INSERT INTO "Contact" VALUES(37,'','','','','','','','Inactive','','','GDH9OYLN','','','','Certainly get concern however available.','','','Initial Inquiry','','','True','2001-03-18','dennis-weaver05@example.com','','','','','','','','None','Dennis','False','','','','Major hit economic man final. Trial film radio professional but. Grow turn sense notice prove director.','','Administration','Onboarding','Italian','Weaver','None','Teams Set in Motion Program','Joyce Inc','Italian','001-417-603-3659x92451','Trainer;Client','Agency.','He/Him','','','','','None','','','','','','','','','True','','','','','Psychiatric','Certified-Active','Active Projects- Volunteer Recruitment and Retention','','','','','dennis-weaver1952@example.org','dennis-weaver05@example.com','Home','Personal','Home','False','Other','dennis.weaver94@example.net','001-590-739-9338x15313','0.0','15938.0','2015','2022-07-17','16481.0','0.0','2022-04-21','0.0','2022-06-20','Discussion garden traditional choose not system study. Thank east rather quality cover such.','Difference activity bed toward book. Able still process expect these. Expert impact add up shake.','0.0','2022-11-15','2022-07-27','Household__c.Informal_Greeting__c','0.0','0.0','0.0','0.0','0.0','0.0','0.0','0.0','0.0','0.0','0.0','58337.0','2149.0','19022.0','75386.0','0.0','0.0','False','False','False','True','False','47652.0','2022-11-05','27759.0','2022-01-26','9505.0','','68042.0','47575.0','81031.0','77461.0','77004.0','0.0','False','6','','','','23','');
INSERT INTO "Contact" VALUES(38,'','','','','','','','','','','','','','','','','','None','','','False','','joan.cruz7@example.org','','','','','','','','None','Cruz','False','','','','','','','','','Joan','','','','','(896)772-9391x092','','','','','','','','None','','','','','','','','','False','','','','','','None','','','','','','j.cruz6@example.org','joan.cruz7@example.org','Home','Personal','','False','Work','jocruz1992@example.com','231.676.9084','0.0','','','','','0.0','','0.0','','','','0.0','','','','0.0','0.0','0.0','0.0','0.0','0.0','0.0','0.0','0.0','0.0','0.0','','','','','0.0','0.0','False','False','False','False','False','','','','','','','','','','','','0.0','False','66','','','','','');
INSERT INTO "Contact" VALUES(39,'','','','','','','','','','','','','','','','','','None','','','False','','melinda.townsend44@example.com','','','','','','','','None','Townsend','False','','','','','','','','','Melinda','','','','','001-193-555-5958','','','','','','','','None','','','','','','','','','False','','','','','','None','','','','','','me.townsend1950@example.net','melinda.townsend44@example.com','Home','Personal','','False','Other','m+townsend2007@example.net','+1-028-191-8836x45891','0.0','','','','','0.0','','0.0','','','','0.0','','','','0.0','0.0','0.0','0.0','0.0','0.0','0.0','0.0','0.0','0.0','0.0','','','','','0.0','0.0','False','False','False','False','False','','','','','','','','','','','','0.0','False','66','','','','','');
INSERT INTO "Contact" VALUES(40,'','','','','','','','None','','','2AUHPQHF','','','','Win resource reveal serve hope major treatment.','','','None','','','False','2001-04-09','courtney-rangel1960@example.org','','','','','','','','None','Courtney','False','','','','Early skill similar talk do listen campaign. Decision money check word human he night.','','Administration','Initial Inquiry','English','Rangel','None','Trainer Certification','Love Group','Cantonese','807.343.7190x232','Trainer','Both grow.','She/Her','','','','','None','','','','','','','','','True','','','','','Hearing Alert','Suspended','Sensitive Info- Board','','','','','co_rangel53@example.org','courtney-rangel1960@example.org','Home','Personal','Home','False','Home','co.rangel92@example.com','+1-247-374-4216x728','0.0','7409.0','2019','2022-06-06','60666.0','0.0','2021-12-24','0.0','2022-08-03','Keep we particular sea serious. Single though mouth bring argue nice development.','Responsibility the picture tend discuss.','0.0','2022-11-07','2022-03-01','Household__c.Formal_Greeting__c','0.0','0.0','0.0','0.0','0.0','0.0','0.0','0.0','0.0','0.0','0.0','42404.0','84777.0','35164.0','1152.0','0.0','0.0','False','False','True','False','False','54458.0','2022-06-25','17801.0','2022-12-08','11728.0','','79633.0','77786.0','49327.0','64574.0','38315.0','0.0','False','66','','','','25','');
INSERT INTO "Contact" VALUES(41,'','','','','','','','None','','','GDH93QPN','','','','Its main strong common parent realize Congress.','','','None','','','False','2011-05-15','a.swanson@example.net','','','','','','','','None','Alexis','False','','','','Job beyond determine huge talk doctor. Since reason else whose mention night. Dream art hand allow discussion class.','','Education/Course Development','Inactive','English','Swanson','None','General info/Other','Ruiz-Mullen','American Sign Language','(630)270-7968x78268','Staff','Concern.','Prefer not to answer','','','','','None','','','','','','','','','True','','','','','Hearing Alert','None','Active Projects- Dog Availability','','','','','alexis_swanson02@example.com','a.swanson@example.net','Home','Personal','Home','False','Other','a.swanson2@example.org','786-210-9282','0.0','31402.0','1989','2022-05-12','8457.0','0.0','2022-11-03','0.0','2022-11-12','Somebody evidence spend he. Candidate federal future alone. Camera attorney hope crime language.','Record enough fill first. Moment himself young important cup practice.','0.0','2022-09-20','2022-07-18','Household__c.Informal_Greeting__c','0.0','0.0','0.0','0.0','0.0','0.0','0.0','0.0','0.0','0.0','0.0','85732.0','45934.0','56351.0','34374.0','0.0','0.0','False','False','False','True','False','26386.0','2022-11-21','17529.0','2022-02-25','5882.0','','43607.0','37887.0','113.0','60580.0','54962.0','0.0','False','66','','','','25','');
INSERT INTO "Contact" VALUES(42,'','','','','','','','','','','','','','','','','','None','','','False','','krista-perez8@example.net','','','','','','','','None','Perez','False','','','','','','','','','Krista','','','','','(683)280-4063x25293','','','','','','','','None','','','','','','','','','False','','','','','','None','','','','','','kr.perez1969@example.org','krista-perez8@example.net','Home','Personal','','False','Other','kr.perez78@example.org','(368)212-0430x552','0.0','','','','','0.0','','0.0','','','','0.0','','','','0.0','0.0','0.0','0.0','0.0','0.0','0.0','0.0','0.0','0.0','0.0','','','','','0.0','0.0','False','False','False','False','False','','','','','','','','','','','','0.0','False','68','','','','','');
INSERT INTO "Contact" VALUES(43,'','','','','','','','','','','','','','','','','','None','','','False','','mirandamerritt88@example.net','','','','','','','','None','Merritt','False','','','','','','','','','Miranda','','','','','(049)941-5877x91131','','','','','','','','None','','','','','','','','','False','','','','','','None','','','','','','mmerritt9@example.org','mirandamerritt88@example.net','Home','Personal','','False','Work','mmerritt@example.org','712-300-4899x9201','0.0','','','','','0.0','','0.0','','','','0.0','','','','0.0','0.0','0.0','0.0','0.0','0.0','0.0','0.0','0.0','0.0','0.0','','','','','0.0','0.0','False','False','False','False','False','','','','','','','','','','','','0.0','False','68','','','','','');
INSERT INTO "Contact" VALUES(44,'','','','','','','','Onboarding','','','42Q3S4RN','','','','Budget training step bed various conference ever prove.','','','In ADSiM','','','False','2014-09-30','willie+gross1944@example.com','','','','','','','','None','Willie','False','','','','Military appear animal manager activity. During defense camera.','','Outreach/Networking','Onboarding','English','Gross','None','Sweet Snoopers Training Program','Green-Ward','Spanish','033-303-6964','Trainer;Client','Political.','Prefer to self-describe','','','','','None','','','','','','','','','True','','','','','Mobility;Autism','In Training','Operations- Trainer','','','','','wi+gross53@example.org','willie+gross1944@example.com','Home','Personal','Home','False','Work','willie-gross@example.org','+1-042-685-7128','0.0','9670.0','1981','2022-10-16','34254.0','0.0','2022-12-03','0.0','2022-04-16','Data war drug program thought behavior toward. No member near avoid while by. Effort think purpose.','Surface middle response travel. Unit course produce. Else east education represent.','0.0','2022-08-26','2022-04-05','Household__c.Formal_Greeting__c','0.0','0.0','0.0','0.0','0.0','0.0','0.0','0.0','0.0','0.0','0.0','435.0','52473.0','68569.0','37055.0','0.0','0.0','False','False','True','False','False','2403.0','2022-02-03','69820.0','2022-08-08','68364.0','','93064.0','97107.0','92898.0','41644.0','43758.0','0.0','False','68','','','','26','');
INSERT INTO "Contact" VALUES(45,'','','','','','','','Inactive','','','41JMKHYZ','','','','Create her hour condition price.','','','None','','','True','2018-03-31','chad-harding1967@example.org','','','','','','','','None','Chad','False','','','','Try trip police customer.','','Writing/Communications','Onboarding','English','Harding','None','Sweet Snoopers Training Program','Manning-Holder','Portuguese','+1-284-095-5223x78668','Volunteer;Puppy Raiser','Others.','They/Them','','','','','Initial Inquiry','','','','','','','','','False','','','','','Seizure Response','None','Active Projects- Research and Development','','','','','ch-harding6@example.org','chad-harding1967@example.org','Home','Personal','Home','False','Work','chad_harding65@example.org','(549)703-9117x6754','0.0','9692.0','1989','2022-01-02','65151.0','0.0','2022-08-29','0.0','2022-05-11','Save sign any law shake interest care official.','Care buy whose. Guess car begin enough. Order before professional common family their word meeting.','0.0','2022-08-22','2022-06-26','Household__c.Formal_Greeting__c','0.0','0.0','0.0','0.0','0.0','0.0','0.0','0.0','0.0','0.0','0.0','44817.0','65036.0','50381.0','86826.0','0.0','0.0','False','False','True','False','False','84169.0','2022-05-26','54699.0','2022-11-15','58175.0','','2720.0','87910.0','33446.0','46697.0','19581.0','0.0','False','68','','','','26','');
INSERT INTO "Contact" VALUES(46,'','','','','','','','','','','','','','','','','','None','','','False','','l.bruce6@example.org','','','','','','','','None','Bruce','False','','','','','','','','','Leslie','','','','','(813)198-7580','','','','','','','','None','','','','','','','','','False','','','','','','None','','','','','','leslie+bruce@example.com','l.bruce6@example.org','Home','Personal','','False','Work','leslie.bruce@example.com','680-210-4810x911','0.0','','','','','0.0','','0.0','','','','0.0','','','','0.0','0.0','0.0','0.0','0.0','0.0','0.0','0.0','0.0','0.0','0.0','','','','','0.0','0.0','False','False','False','False','False','','','','','','','','','','','','0.0','False','70','','','','','');
INSERT INTO "Contact" VALUES(47,'','','','','','','','','','','','','','','','','','None','','','False','','tannerblanchard82@example.net','','','','','','','','None','Blanchard','False','','','','','','','','','Tanner','','','','','5633063839','','','','','','','','None','','','','','','','','','False','','','','','','None','','','','','','t+blanchard73@example.com','tannerblanchard82@example.net','Home','Personal','','False','Home','ta-blanchard@example.net','742-160-6880','0.0','','','','','0.0','','0.0','','','','0.0','','','','0.0','0.0','0.0','0.0','0.0','0.0','0.0','0.0','0.0','0.0','0.0','','','','','0.0','0.0','False','False','False','False','False','','','','','','','','','','','','0.0','False','70','','','','','');
INSERT INTO "Contact" VALUES(48,'','','','','','','','Active','','','AO2M7DIB','','','','Seven wrong charge win fear.','','','None','','','False','2018-03-30','carmen+tran2009@example.net','','','','','','','','In Training','Carmen','False','','','','Card I hope reality. Father eight international film phone.','','Website development','Onboarding','English','Tran','None','Sweet Snoopers Training Program','Watson and Sons','Spanish','+1-763-024-0814x5925','Volunteer;Team Facilitator','Area.','Prefer to self-describe','','','','','None','','','','','','','','','False','','','','','Psychiatric','None','Sensitive Info- Trainer','','','','','ca+tran@example.com','carmen+tran2009@example.net','Home','Personal','Home','False','Home','carmen_tran@example.org','+1-932-723-3316','0.0','46289.0','2021','2022-05-14','38422.0','0.0','2022-06-17','0.0','2022-12-10','Free effort boy. Deal charge different difference own bring voice.','Join leave source collection. Hand throughout at and that.','0.0','2022-02-13','2022-06-18','Household__c.Formal_Greeting__c','0.0','0.0','0.0','0.0','0.0','0.0','0.0','0.0','0.0','0.0','0.0','33680.0','95403.0','56425.0','49827.0','0.0','0.0','False','False','True','False','False','35237.0','2022-10-22','26056.0','2022-03-25','55839.0','','93835.0','75165.0','62815.0','45045.0','34370.0','0.0','False','70','','','','27','');
INSERT INTO "Contact" VALUES(49,'','','','','','','','Initial Inquiry','','','DL5VSLWB','','','','American far whom process protect.','','','None','','','False','2002-09-16','jasmin_stanley5@example.com','','','','','','','','None','Jasmin','False','','','','Reduce door the also particularly. Oil determine management.','','Outreach/Networking','None','Spanish','Stanley','None','Sweet Snoopers Training Program','Chaney, Irwin and Marsh','Arabic','3099177086','Volunteer','Really.','They/Them','','','','','None','','','','','','','','','True','','','','','Psychiatric','None','Active Projects- Fund Development','','','','','jasminstanley90@example.org','jasmin_stanley5@example.com','Home','Personal','Home','False','Work','j_stanley1986@example.org','+1-368-057-9088x3885','0.0','9410.0','1995','2021-12-28','58265.0','0.0','2022-08-11','0.0','2022-06-15','Against whole practice where cover line piece.','Civil outside him voice stuff. Politics all before mother bill past.','0.0','2021-12-17','2022-11-26','Household__c.Informal_Greeting__c','0.0','0.0','0.0','0.0','0.0','0.0','0.0','0.0','0.0','0.0','0.0','15640.0','70182.0','2198.0','27327.0','0.0','0.0','False','False','False','True','False','82436.0','2022-02-12','51954.0','2022-03-23','79990.0','','78093.0','76821.0','6021.0','47305.0','62412.0','0.0','False','70','','','','27','');
INSERT INTO "Contact" VALUES(50,'','','','','','','','Inactive','','','5JO5OZKZ','','','','Play single benefit.','','','None','','','True','2021-12-04','mschultz1976@example.com','','','','','','','','None','Marco','False','','','','Decade behavior beyond peace quite performance would. Try open know often door design including three. City study left long behavior course.','','Graphic Design','Inactive','Portuguese','Schultz','None','General info/Other','Dean-Barrera','Arabic','001-263-177-4013','Volunteer','Sense.','Prefer not to answer','','','','','None','','','','','','','','','False','','','','','Psychiatric;Autism','None','Board','','','','','ma+schultz1952@example.net','mschultz1976@example.com','Home','Personal','Home','False','Home','ma-schultz@example.net','(865)382-3218','0.0','74.0','1987','2022-11-07','13733.0','0.0','2022-09-29','0.0','2022-03-10','Design reality party. Can central daughter parent. See animal today.','You attack choose. Food degree human agree return behind fast. Foreign fall walk economy central.','0.0','2022-03-19','2022-09-04','Household__c.Formal_Greeting__c','0.0','0.0','0.0','0.0','0.0','0.0','0.0','0.0','0.0','0.0','0.0','45977.0','93149.0','23073.0','4820.0','0.0','0.0','False','False','True','False','False','71385.0','2022-03-29','37919.0','2022-09-25','80893.0','','78408.0','21131.0','76345.0','47964.0','76699.0','0.0','False','70','','','','27','');
INSERT INTO "Contact" VALUES(51,'','','','','','','','','','','','','','','','','','None','','','False','','j_conrad@example.org','','','','','','','','None','Conrad','False','','','','','','','','','Jordan','','','','','353.957.8001','','','','','','','','None','','','','','','','','','False','','','','','','None','','','','','','j+conrad1975@example.net','j_conrad@example.org','Home','Personal','','False','Other','j.conrad@example.org','+1-237-660-6962x33746','0.0','','','','','0.0','','0.0','','','','0.0','','','','0.0','0.0','0.0','0.0','0.0','0.0','0.0','0.0','0.0','0.0','0.0','','','','','0.0','0.0','False','False','False','False','False','','','','','','','','','','','','0.0','False','72','','','','','');
INSERT INTO "Contact" VALUES(52,'','','','','','','','','','','','','','','','','','None','','','False','','m.rosales1967@example.com','','','','','','','','None','Rosales','False','','','','','','','','','Margaret','','','','','001-843-676-7762','','','','','','','','None','','','','','','','','','False','','','','','','None','','','','','','m+rosales84@example.com','m.rosales1967@example.com','Home','Personal','','False','Other','margaret_rosales@example.org','+1-962-584-1523','0.0','','','','','0.0','','0.0','','','','0.0','','','','0.0','0.0','0.0','0.0','0.0','0.0','0.0','0.0','0.0','0.0','0.0','','','','','0.0','0.0','False','False','False','False','False','','','','','','','','','','','','0.0','False','72','','','','','');
INSERT INTO "Contact" VALUES(53,'','','','','','','','Inactive','','','EGNSN8FF','','','','Together style now stock.','','','Decertified','','','True','2006-10-21','m.garrett1981@example.net','','','','','','','','None','Manuel','False','','','','Suggest Democrat old collection affect and. Always total poor board. Nothing kid often them only out.','','Technology/Infrastructure','Initial Inquiry','English','Garrett','None','Team Facilitator Certification','Bonilla, Gonzalez and Charles','Spanish','001-391-307-0918x4202','Volunteer;Client','Why.','Prefer to self-describe','','','','','None','','','','','','','','','True','','','','','Autism','None','Active Projects- Client Certification','','','','','m.garrett1956@example.net','m.garrett1981@example.net','Home','Personal','Home','False','Home','ma-garrett@example.net','786.649.8213x384','0.0','45087.0','1983','2022-07-04','71845.0','0.0','2022-01-26','0.0','2021-12-24','National black threat trial report environmental perhaps. Good out sort task certainly.','Play I surface high movement decide public. Become see box send institution nature.','0.0','2021-12-22','2022-04-05','Household__c.Name','0.0','0.0','0.0','0.0','0.0','0.0','0.0','0.0','0.0','0.0','0.0','78386.0','19543.0','45004.0','84851.0','0.0','0.0','False','False','False','False','True','1420.0','2022-01-19','51344.0','2022-03-03','71499.0','','75078.0','36551.0','30674.0','36463.0','35893.0','0.0','False','72','','','','28','');
INSERT INTO "Contact" VALUES(54,'','','','','','','','Onboarding','','','2AUHPIRN','','','','Understand capital yeah themselves.','','','Decertified','','','False','2017-10-20','m.marsh6@example.net','','','','','','','','Onboarding','Mindy','False','','','','Particularly ready model various explain.','','Sales','Inactive','Spanish','Marsh','Active','Assistance Dogs Set in Motion Program','Flores Inc','English','412-706-9652x00273','Volunteer;Team Facilitator Lead;Client','History.','She/Her','','','','','None','','','','','','','','','True','','','','','Mobility;Autism','None','Board - READ ONLY','','','','','m-marsh2006@example.org','m.marsh6@example.net','Home','Personal','Home','False','Other','mi_marsh1989@example.org','153.225.1278x8650','0.0','58559.0','1985','2022-03-03','37198.0','0.0','2022-05-20','0.0','2022-11-19','Identify safe series may bring. World dog its view. Thought lay similar.','Political piece another fact service have. Son color first condition change some serious.','0.0','2022-11-01','2021-12-23','Household__c.Informal_Greeting__c','0.0','0.0','0.0','0.0','0.0','0.0','0.0','0.0','0.0','0.0','0.0','25150.0','72468.0','20464.0','41714.0','0.0','0.0','False','False','False','True','False','63701.0','2022-04-18','59833.0','2022-07-27','88105.0','','37926.0','23140.0','30791.0','83905.0','62150.0','0.0','False','72','','','','28','');
INSERT INTO "Contact" VALUES(55,'','','','','','','','Onboarding','','','GDH93IZV','','','','Back perform attack see.','','','None','','','True','2016-10-21','l-carney77@example.com','','','','','','','','None','Leonard','False','','','','Window budget prepare human home high. Leader alone foot read majority event.','','Social Media','None','Spanish','Carney','None','General info/Other','Jones-Cameron','American Sign Language','001-501-471-8370x6973','Puppy Raiser','Start.','He/Him','','','','','Onboarding','','','','','','','','','False','','','','','Narcolepsy Alert','None','Operations- Master Docs - READ ONLY','','','','','l_carney5@example.com','l-carney77@example.com','Home','Personal','Home','False','Home','leonardcarney@example.org','976.582.2292x5352','0.0','67142.0','1994','2022-02-15','77585.0','0.0','2022-06-11','0.0','2021-12-26','Range behind must detail line. Wish nature black close water.','Billion above office item bit first guy from. Western well fine mission.','0.0','2022-03-08','2022-01-29','Household__c.Name','0.0','0.0','0.0','0.0','0.0','0.0','0.0','0.0','0.0','0.0','0.0','3159.0','27385.0','75622.0','56962.0','0.0','0.0','False','False','False','False','True','24433.0','2022-11-25','80454.0','2022-09-09','65390.0','','78212.0','4422.0','85376.0','95650.0','81695.0','0.0','False','72','','','','28','');
INSERT INTO "Contact" VALUES(56,'','','','','','','','','','','','','','','','','','None','','','False','','l_everett1989@example.com','','','','','','','','None','Everett','False','','','','','','','','','Lee','','','','','016.922.4705','','','','','','','','None','','','','','','','','','False','','','','','','None','','','','','','l+everett@example.com','l_everett1989@example.com','Home','Personal','','False','Home','l.everett2006@example.com','748.286.9165x935','0.0','','','','','0.0','','0.0','','','','0.0','','','','0.0','0.0','0.0','0.0','0.0','0.0','0.0','0.0','0.0','0.0','0.0','','','','','0.0','0.0','False','False','False','False','False','','','','','','','','','','','','0.0','False','76','','','','','');
INSERT INTO "Contact" VALUES(57,'','','','','','','','','','','','','','','','','','None','','','False','','m+duncan2004@example.org','','','','','','','','None','Duncan','False','','','','','','','','','Maria','','','','','001-789-674-7700x56746','','','','','','','','None','','','','','','','','','False','','','','','','None','','','','','','m_duncan44@example.net','m+duncan2004@example.org','Home','Personal','','False','Other','ma_duncan3@example.com','001-072-172-7428x1966','0.0','','','','','0.0','','0.0','','','','0.0','','','','0.0','0.0','0.0','0.0','0.0','0.0','0.0','0.0','0.0','0.0','0.0','','','','','0.0','0.0','False','False','False','False','False','','','','','','','','','','','','0.0','False','76','','','','','');
INSERT INTO "Contact" VALUES(58,'','','','','','','','Inactive','','','42Q3RX1V','','','','Try government under American might now modern.','','','None','','','True','2000-05-05','devon_watkins1990@example.org','','','','','','','','None','Devon','False','','','','Or main near stock recently sometimes history. Low figure like the nation three call.','','Graphic Design','Active','English','Watkins','None','Sponsorship/Donations','Chung-Lowe','English','001-674-334-9661x772','Volunteer','He wrong.','Prefer to self-describe','','','','','None','','','','','','','','','True','','','','','Autism','None','Sensitive Info- Board','','','','','dwatkins1967@example.org','devon_watkins1990@example.org','Home','Personal','Home','False','Work','devon-watkins@example.org','589-751-7638','0.0','54014.0','2007','2022-09-02','73611.0','0.0','2022-12-12','0.0','2022-06-27','Defense son admit laugh. Teacher can national site argue drop example. Short attention expect most.','Book we ever. While know dark goal. Imagine write necessary to.','0.0','2022-08-18','2022-06-12','Household__c.Name','0.0','0.0','0.0','0.0','0.0','0.0','0.0','0.0','0.0','0.0','0.0','29376.0','74913.0','57383.0','54734.0','0.0','0.0','False','False','False','False','True','81401.0','2022-12-10','23244.0','2022-08-18','6957.0','','57562.0','36273.0','68042.0','40062.0','96971.0','0.0','False','76','','','','30','');
INSERT INTO "Contact" VALUES(59,'','','','','','','','None','','','41JMKPOR','','','','Left executive product fall base.','','','None','','','False','2013-08-30','anolsen92@example.org','','','','','','','','None','Angie','False','','','','Check technology all matter decision billion team.','','Nonprofit Leadership','None','English','Olsen','None','Assistance Dogs Set in Motion Program','Bennett PLC','Italian','819-087-6571','Volunteer','Billion.','Prefer to self-describe','','','','','None','','','','','','','','','True','','','','','Psychiatric;Autism','None','Active Projects- Trainer Certification','','','','','angie_olsen@example.com','anolsen92@example.org','Home','Personal','Home','False','Other','a+olsen1959@example.com','849-827-1743x87199','0.0','49285.0','1981','2022-05-11','81748.0','0.0','2022-06-05','0.0','2022-02-12','Significant think husband. Within walk really month heavy nor painting.','Than tell vote no best. Phone what various one participant entire.','0.0','2022-04-27','2022-11-11','Household__c.Formal_Greeting__c','0.0','0.0','0.0','0.0','0.0','0.0','0.0','0.0','0.0','0.0','0.0','28397.0','32347.0','39041.0','61171.0','0.0','0.0','False','False','True','False','False','6408.0','2021-12-17','66115.0','2022-12-11','77389.0','','10037.0','19577.0','29734.0','32404.0','88635.0','0.0','False','76','','','','30','');
INSERT INTO "Contact" VALUES(60,'','','','','','','','','','','','','','','','','','None','','','False','','b_lara2000@example.org','','','','','','','','None','Lara','False','','','','','','','','','Betty','','','','','+1-810-145-5206x88799','','','','','','','','None','','','','','','','','','False','','','','','','None','','','','','','b+lara1971@example.com','b+lara@example.org','Home','Personal','Work','False','Home','bettylara1955@example.com','625.790.1971x358','0.0','','','','','0.0','','0.0','','','','0.0','','','','0.0','0.0','0.0','0.0','0.0','0.0','0.0','0.0','0.0','0.0','0.0','','','','','0.0','0.0','False','False','False','False','False','','','','','','','','','','','','0.0','False','78','','','','','');
INSERT INTO "Contact" VALUES(61,'','','','','','','','','','','','','','','','','','None','','','False','','kduncan@example.com','','','','','','','','None','Duncan','False','','','','','','','','','Karina','','','','','+1-835-546-9066x134','','','','','','','','None','','','','','','','','','False','','','','','','None','','','','','','k.duncan9@example.net','kduncan@example.com','Home','Personal','','False','Work','k.duncan1963@example.com','+1-120-998-8126x6731','0.0','','','','','0.0','','0.0','','','','0.0','','','','0.0','0.0','0.0','0.0','0.0','0.0','0.0','0.0','0.0','0.0','0.0','','','','','0.0','0.0','False','False','False','False','False','','','','','','','','','','','','0.0','False','79','','','','','');
INSERT INTO "Contact" VALUES(62,'','','','','','','','','','','','','','','','','','None','','','False','','p-stark@example.com','','','','','','','','None','Stark','False','','','','','','','','','Priscilla','','','','','356.531.4874x933','','','','','','','','None','','','','','','','','','False','','','','','','None','','','','','','pr_stark1954@example.com','p-stark@example.com','Home','Personal','','False','Work','p-stark2@example.com','396.579.2246x73514','0.0','','','','','0.0','','0.0','','','','0.0','','','','0.0','0.0','0.0','0.0','0.0','0.0','0.0','0.0','0.0','0.0','0.0','','','','','0.0','0.0','False','False','False','False','False','','','','','','','','','','','','0.0','False','79','','','','','');
INSERT INTO "Contact" VALUES(63,'','','','','','','','None','','','AO2M7L83','','','','Big way professional coach build.','','','None','','','False','2016-09-26','a+ayers1995@example.net','','','','','','','','Certified-Active','Allison','False','','','','Computer common girl sound item late over. Although trouble husband husband. Sport Republican cell guy.','','Sales','Inactive','English','Ayers','None','Trainer Certification','Cantu-Patterson','Russian','462.628.0850','Volunteer;Team Facilitator','Vote up.','They/Them','','','','','None','','','','','','','','','True','','','','','Psychiatric;Autism','None','Operations- Trainer','','','','','a-ayers2@example.net','a+ayers1995@example.net','Home','Personal','Home','False','Home','allison-ayers2009@example.net','(923)527-0857','0.0','51380.0','1980','2022-05-24','9848.0','0.0','2022-06-07','0.0','2022-04-21','Carry information attorney station form everybody night. Agreement same although finally.','Leader tough program contain food dinner. Many media hour. Trip experience add court himself.','0.0','2022-01-09','2022-06-21','Household__c.Formal_Greeting__c','0.0','0.0','0.0','0.0','0.0','0.0','0.0','0.0','0.0','0.0','0.0','63544.0','14351.0','89908.0','59646.0','0.0','0.0','False','False','True','False','False','3595.0','2022-07-11','11912.0','2022-10-31','63155.0','','67397.0','86903.0','36681.0','81383.0','27663.0','0.0','False','79','','','','31','');
INSERT INTO "Contact" VALUES(64,'','','','','','','','None','','','DL5VSE6J','','','','Research material already protect.','','','None','','','True','2016-09-27','de.frank87@example.net','','','','','','','','None','Derek','False','','','','Husband determine sell adult participant sport international. Risk because difference education spend official.','','Outreach/Networking','Initial Inquiry','English','Frank','None','Assistance Dogs Set in Motion Program','Huff, Mcbride and Beltran','Russian','+1-236-269-4688x57988','Volunteer','Speech.','Prefer to self-describe','','','','','None','','','','','','','','','True','','','','','Mobility;Autism','None','Sensitive Info- Trainer','','','','','de.frank1968@example.net','de.frank87@example.net','Home','Personal','Home','False','Work','derek+frank57@example.com','836.232.7507x75677','0.0','53479.0','2018','2022-10-30','70300.0','0.0','2022-09-06','0.0','2022-04-01','Manage word system. Face word effort billion add into. Whose on response teacher spend listen lose.','East seem common present. He she seek individual. Family leg film whole.','0.0','2022-12-07','2022-05-31','Household__c.Informal_Greeting__c','0.0','0.0','0.0','0.0','0.0','0.0','0.0','0.0','0.0','0.0','0.0','55400.0','99391.0','88604.0','88416.0','0.0','0.0','False','False','False','True','False','85799.0','2022-08-31','30400.0','2022-03-21','22515.0','','68612.0','2019.0','34775.0','94120.0','63952.0','0.0','False','79','','','','31','');
INSERT INTO "Contact" VALUES(65,'','','','','','','','Inactive','','','5JO5ORV7','','','','Daughter Mrs budget player sound born manager.','','','None','','','True','2000-10-03','j-sampson08@example.org','','','','','','','','Suspended','Jenny','False','','','','Front our light final expect travel teacher. Least skin important fill think. Power something politics we move approach worry.','','Legal','None','English','Sampson','None','Teams Set in Motion Program','Baxter-Savage','Spanish','001-256-471-7826x3661','Team Facilitator','Work.','Prefer to self-describe','','','','','None','','','','','','','','','False','','','','','Medical Incident Assist','None','Operations- Financial','','','','','jenny+sampson@example.net','j-sampson08@example.org','Home','Personal','Home','False','Other','je_sampson6@example.net','001-855-963-2845','0.0','37955.0','1977','2022-02-07','13522.0','0.0','2022-07-18','0.0','2022-04-04','Wrong back word bag. Free resource degree ask point stand hair.','Check help population yard. Maintain at for full check.','0.0','2022-04-02','2022-01-04','Household__c.Informal_Greeting__c','0.0','0.0','0.0','0.0','0.0','0.0','0.0','0.0','0.0','0.0','0.0','58986.0','87370.0','5327.0','82719.0','0.0','0.0','False','False','False','True','False','62212.0','2022-01-17','57285.0','2022-05-28','26420.0','','90495.0','63814.0','60649.0','39185.0','78381.0','0.0','False','79','','','','31','');
INSERT INTO "Contact" VALUES(66,'','','','','','','','','','','','','','','','','','None','','','False','','ev_jenkins1982@example.org','','','','','','','','None','Jenkins','False','','','','','','','','','Evan','','','','','409-507-6401','','','','','','','','None','','','','','','','','','False','','','','','','None','','','','','','evanjenkins1953@example.net','ev_jenkins1982@example.org','Home','Personal','','False','Work','evan+jenkins@example.net','522-533-6310x75770','0.0','','','','','0.0','','0.0','','','','0.0','','','','0.0','0.0','0.0','0.0','0.0','0.0','0.0','0.0','0.0','0.0','0.0','','','','','0.0','0.0','False','False','False','False','False','','','','','','','','','','','','0.0','False','8','','','','','');
INSERT INTO "Contact" VALUES(67,'','','','','','','','','','','','','','','','','','None','','','False','','shcampos3@example.org','','','','','','','','None','Campos','False','','','','','','','','','Sharon','','','','','+1-927-483-2462x864','','','','','','','','None','','','','','','','','','False','','','','','','None','','','','','','sharon_campos11@example.org','shcampos3@example.org','Home','Personal','','False','Home','sh.campos@example.com','+1-122-595-0284x0061','0.0','','','','','0.0','','0.0','','','','0.0','','','','0.0','0.0','0.0','0.0','0.0','0.0','0.0','0.0','0.0','0.0','0.0','','','','','0.0','0.0','False','False','False','False','False','','','','','','','','','','','','0.0','False','8','','','','','');
INSERT INTO "Contact" VALUES(68,'','','','','','','','Initial Inquiry','','','42Q3XX3N','','','','Ten cover drive administration identify.','','','In Training','','','True','2019-01-04','loretta-crane@example.org','','','','','','','','Onboarding','Loretta','False','','','','Stay network line old let tend both. From break government public. Different amount forward across apply home.','','Sales','None','English','Crane','Inactive','Client Certification','Valencia-Stark','Italian','001-784-324-1450x53414','Volunteer;Team Facilitator Lead;Client','Stock.','She/Her','','','','','None','','','','','','','','','True','','','','','Narcolepsy Alert','None','Active Projects- Technology Infrastructure','','','','','loretta.crane78@example.com','loretta-crane@example.org','Home','Personal','Home','False','Home','loretta-crane1957@example.com','633.749.5386x87635','0.0','45486.0','1993','2022-11-24','73850.0','0.0','2022-01-11','0.0','2022-09-10','Carry tree at system raise left charge. Difference side answer manage finally huge.','Tax marriage yet north. Car car gas somebody stage different.','0.0','2022-09-02','2022-05-30','Household__c.Informal_Greeting__c','0.0','0.0','0.0','0.0','0.0','0.0','0.0','0.0','0.0','0.0','0.0','27151.0','51596.0','15921.0','72808.0','0.0','0.0','False','False','False','True','False','15488.0','2022-01-22','74256.0','2022-09-04','31097.0','','97398.0','86127.0','64348.0','54016.0','90885.0','0.0','False','8','','','','32','');
INSERT INTO "Contact" VALUES(69,'','','','','','','','Onboarding','','','41JLZA2Z','','','','Government water bad.','','','None','','','True','2017-06-23','nestes1994@example.com','','','','','','','','None','Neil','False','','','','Majority live indicate give give social.','','Disability Advocacy','Onboarding','English','Estes','None','Client Certification','House Ltd','Cantonese','6174582315','Puppy Raiser','Although.','She/Her','','','','','Inactive','','','','','','','','','False','','','','','Mobility;Autism','None','Active Projects- Team Facilitator Certification','','','','','nestes0@example.net','nestes1994@example.com','Home','Personal','Home','False','Work','neil-estes1956@example.com','(156)440-4043x36180','0.0','62579.0','2012','2022-11-16','63864.0','0.0','2022-04-29','0.0','2022-11-06','Our apply ten so avoid decade. Son push produce heart.','Soon truth technology along own. Assume need rest military financial.','0.0','2022-09-17','2022-04-02','Household__c.Informal_Greeting__c','0.0','0.0','0.0','0.0','0.0','0.0','0.0','0.0','0.0','0.0','0.0','70534.0','75569.0','76424.0','71957.0','0.0','0.0','False','False','False','True','False','84334.0','2022-01-09','84912.0','2022-06-15','42783.0','','43134.0','87298.0','63561.0','91084.0','9012.0','0.0','False','8','','','','32','');
INSERT INTO "Contact" VALUES(70,'','','','','','','','Active','','','AO2MFB03','','','','Player life indicate keep.','','','None','','','True','2016-12-19','terri+koch1995@example.org','','','','','','','','None','Terri','False','','','','Out chair man. What strong bar actually.','','Legal','Inactive','English','Koch','None','Team Facilitator Certification','Hebert, Mccullough and Landry','Spanish;French','001-554-494-4165x5234','Trainer','Behind.','She/Her','','','','','None','','','','','','','','','False','','','','','Medical Incident Assist','Certified-Active','Active Projects- Academy','','','','','t+koch1@example.org','terri+koch1995@example.org','Home','Personal','Home','False','Work','te-koch4@example.com','(130)723-0243','0.0','94569.0','1996','2022-11-04','53454.0','0.0','2021-12-23','0.0','2022-01-12','If through throughout cost. Long whether item price billion can.','Computer market pick how look dog ready. Activity enough nature action listen.','0.0','2022-11-08','2022-01-20','Household__c.Informal_Greeting__c','0.0','0.0','0.0','0.0','0.0','0.0','0.0','0.0','0.0','0.0','0.0','29530.0','12499.0','31971.0','49806.0','0.0','0.0','False','False','False','True','False','83868.0','2022-02-19','25474.0','2022-05-09','76754.0','','28275.0','71097.0','93564.0','21705.0','87021.0','0.0','False','8','','','','32','');
INSERT INTO "Contact" VALUES(71,'','','','','','','','','','','','','','','','','','None','','','False','','oliviastein1957@example.com','','','','','','','','None','Stein','False','','','','','','','','','Olivia','','','','','012.683.1628x28772','','','','','','','','None','','','','','','','','','False','','','','','','None','','','','','','ol-stein0@example.org','oliviastein1957@example.com','Home','Personal','','False','Work','oliviastein1960@example.com','587.487.8784x2071','0.0','','','','','0.0','','0.0','','','','0.0','','','','0.0','0.0','0.0','0.0','0.0','0.0','0.0','0.0','0.0','0.0','0.0','','','','','0.0','0.0','False','False','False','False','False','','','','','','','','','','','','0.0','False','10','','','','','');
INSERT INTO "Contact" VALUES(72,'','','','','','','','','','','','','','','','','','None','','','False','','b-waters1946@example.com','','','','','','','','None','Waters','False','','','','','','','','','Bethany','','','','','001-505-255-3655x005','','','','','','','','None','','','','','','','','','False','','','','','','None','','','','','','be+waters6@example.com','b-waters1946@example.com','Home','Personal','','False','Work','bwaters0@example.org','2545281749','0.0','','','','','0.0','','0.0','','','','0.0','','','','0.0','0.0','0.0','0.0','0.0','0.0','0.0','0.0','0.0','0.0','0.0','','','','','0.0','0.0','False','False','False','False','False','','','','','','','','','','','','0.0','False','10','','','','','');
INSERT INTO "Contact" VALUES(73,'','','','','','','','Active','','','DL5V6YKR','','','','Mouth sort improve.','','','None','','','False','2000-01-22','ha.vaughan@example.net','','','','','','','','Inactive','Hailey','False','','','','Military education seem remain agreement. Game turn really born no cold. Issue car possible adult Congress nearly hair.','','Education/Course Development','Inactive','English','Vaughan','None','Team Facilitator Certification','Le Ltd','Mandarin','298-716-0835','Team Facilitator','Machine.','She/Her','','','','','None','','','','','','','','','True','','','','','Seizure Response','None','Active Projects- Governance, Compliance and Operations','','','','','ha.vaughan0@example.net','ha.vaughan@example.net','Home','Personal','Home','False','Home','ha.vaughan0@example.org','(132)203-0906','0.0','43303.0','2020','2022-03-22','80083.0','0.0','2022-01-10','0.0','2022-10-25','Treatment become together low become one. Difficult four method produce personal fall.','Its behavior science approach although set. Newspaper visit myself civil. Trip my far five ahead.','0.0','2022-03-16','2022-09-12','Household__c.Informal_Greeting__c','0.0','0.0','0.0','0.0','0.0','0.0','0.0','0.0','0.0','0.0','0.0','53982.0','34417.0','7730.0','44130.0','0.0','0.0','False','False','False','True','False','6132.0','2022-06-08','77368.0','2022-12-12','8428.0','','3421.0','88790.0','87910.0','11616.0','11453.0','0.0','False','10','','','','2','');
INSERT INTO "Contact" VALUES(74,'','','','','','','','','','','','','','','','','','None','','','False','','di-mullen@example.org','','','','','','','','None','Mullen','False','','','','','','','','','Diamond','','','','','(714)324-2996x820','','','','','','','','None','','','','','','','','','False','','','','','','None','','','','','','d_mullen1978@example.com','di-mullen@example.org','Home','Personal','','False','Work','d-mullen@example.com','(271)389-4784x55649','0.0','','','','','0.0','','0.0','','','','0.0','','','','0.0','0.0','0.0','0.0','0.0','0.0','0.0','0.0','0.0','0.0','0.0','','','','','0.0','0.0','False','False','False','False','False','','','','','','','','','','','','0.0','False','12','','','','','');
INSERT INTO "Contact" VALUES(75,'','','','','','','','','','','','','','','','','','None','','','False','','k.marks1943@example.org','','','','','','','','None','Marks','False','','','','','','','','','Kiara','','','','','684-333-4659x55993','','','','','','','','None','','','','','','','','','False','','','','','','None','','','','','','ki+marks@example.org','k.marks1943@example.org','Home','Personal','','False','Home','k+marks78@example.net','110-986-9121x5424','0.0','','','','','0.0','','0.0','','','','0.0','','','','0.0','0.0','0.0','0.0','0.0','0.0','0.0','0.0','0.0','0.0','0.0','','','','','0.0','0.0','False','False','False','False','False','','','','','','','','','','','','0.0','False','12','','','','','');
INSERT INTO "Contact" VALUES(76,'','','','','','','','Onboarding','','','5JO551ZN','','','','Defense same build top.','','','In Training','','','True','2004-07-26','john+gentry@example.net','','','','','','','','Certified-Active','John','False','','','','Here fish American agreement modern majority. Drop pattern finally.','','Social Media','None','English','Gentry','Inactive','General info/Other','Tyler, Harrington and Edwards','Arabic','434-172-3696x23457','Volunteer;Team Facilitator Lead;Client','Couple.','Prefer to self-describe','','','','','None','','','','','','','','','False','','','','','Seizure Response','None','Active Projects- Volunteer Recruitment and Retention','','','','','jo_gentry8@example.org','john+gentry@example.net','Home','Personal','Home','False','Home','jo_gentry@example.org','001-588-877-8804x314','0.0','21187.0','2011','2022-09-30','70778.0','0.0','2022-07-05','0.0','2022-10-01','Really as himself nice record clear keep. Turn defense government. Position result moment.','Sea amount coach station home. Challenge end many test stuff.','0.0','2022-06-28','2022-10-24','Household__c.Name','0.0','0.0','0.0','0.0','0.0','0.0','0.0','0.0','0.0','0.0','0.0','99330.0','1441.0','66878.0','28599.0','0.0','0.0','False','False','False','False','True','30933.0','2022-08-04','3928.0','2022-10-25','79134.0','','94415.0','48319.0','56221.0','79824.0','92580.0','0.0','False','12','','','','3','');
INSERT INTO "Contact" VALUES(77,'','','','','','','','','','','','','','','','','','None','','','False','','mford0@example.org','','','','','','','','None','Ford','False','','','','','','','','','Miguel','','','','','(207)159-4489','','','','','','','','None','','','','','','','','','False','','','','','','None','','','','','','miford@example.com','mford0@example.org','Home','Personal','','False','Other','m+ford1989@example.org','891-607-6543x307','0.0','','','','','0.0','','0.0','','','','0.0','','','','0.0','0.0','0.0','0.0','0.0','0.0','0.0','0.0','0.0','0.0','0.0','','','','','0.0','0.0','False','False','False','False','False','','','','','','','','','','','','0.0','False','16','','','','','');
INSERT INTO "Contact" VALUES(78,'','','','','','','','','','','','','','','','','','None','','','False','','pdodson1992@example.com','','','','','','','','None','Dodson','False','','','','','','','','','Perry','','','','','+1-277-647-1344x5977','','','','','','','','None','','','','','','','','','False','','','','','','None','','','','','','pe_dodson1993@example.com','pdodson1992@example.com','Home','Personal','','False','Other','pe_dodson@example.net','(136)458-3453','0.0','','','','','0.0','','0.0','','','','0.0','','','','0.0','0.0','0.0','0.0','0.0','0.0','0.0','0.0','0.0','0.0','0.0','','','','','0.0','0.0','False','False','False','False','False','','','','','','','','','','','','0.0','False','16','','','','','');
INSERT INTO "Contact" VALUES(79,'','','','','','','','Initial Inquiry','','','EGNS15OB','','','','Late inside short send simple various weight.','','','None','','','False','2008-11-07','francis+graham1989@example.org','','','','','','','','None','Francis','False','','','','Teach wait help its kind effect. Think home send stock right management everybody. Assume notice time carry whom.','','Website development','Initial Inquiry','English','Graham','None','Client Certification','Holland Ltd','Mandarin','(338)256-5616x6309','Trainer','Practice.','She/Her','','','','','None','','','','','','','','','False','','','','','Hearing Alert','Initial Inquiry','Operations- Volunteer and Staff','','','','','f-graham@example.com','francis+graham1989@example.org','Home','Personal','Home','False','Other','f-graham1@example.com','752.591.2176','0.0','19611.0','1983','2022-07-02','99529.0','0.0','2022-11-15','0.0','2022-08-23','Our sell hold middle huge close. Number fine few too between bed beautiful. Easy spend win.','Light lot project miss away feel. Across employee investment different.','0.0','2022-11-27','2022-07-05','Household__c.Informal_Greeting__c','0.0','0.0','0.0','0.0','0.0','0.0','0.0','0.0','0.0','0.0','0.0','28546.0','47724.0','69236.0','31793.0','0.0','0.0','False','False','False','True','False','42914.0','2022-10-07','4183.0','2022-09-06','80701.0','','41197.0','53655.0','3760.0','54279.0','26419.0','0.0','False','16','','','','5','');
INSERT INTO "Contact" VALUES(80,'','','','','','','','Inactive','','','2AUHOG6R','','','','Ago involve toward most ago return year itself.','','','None','','','False','2001-05-27','l_hooper98@example.net','','','','','','','','None','Logan','False','','','','Go international I quickly.','','Legal','Inactive','English','Hooper','None','Client Certification','Hayes-Khan','Spanish','001-172-494-7835x19908','Volunteer;Puppy Raiser','Certain.','She/Her','','','','','Certified-Active','','','','','','','','','True','','','','','Medical Incident Assist','None','Active Projects- Team Facilitator Certification','','','','','lo.hooper1980@example.net','l_hooper98@example.net','Home','Personal','Home','False','Work','lo+hooper1951@example.com','005-756-4370x2372','0.0','18080.0','2012','2022-08-17','72262.0','0.0','2022-08-13','0.0','2022-05-21','Bar least station real contain ahead reason. Cold value appear rich region Mrs.','Director rich part wide wonder. Idea certain onto truth. Understand knowledge probably sit under.','0.0','2022-01-07','2022-07-30','Household__c.Formal_Greeting__c','0.0','0.0','0.0','0.0','0.0','0.0','0.0','0.0','0.0','0.0','0.0','31254.0','82698.0','88244.0','42923.0','0.0','0.0','False','False','True','False','False','65332.0','2022-05-07','6494.0','2022-01-03','51548.0','','5838.0','45371.0','20954.0','39856.0','91051.0','0.0','False','16','','','','5','');
INSERT INTO "Contact" VALUES(81,'','','','','','','','Onboarding','','','GDH9TW2J','','','','Environmental worker Congress into ability hundred.','','','None','','','True','2006-04-29','m_johns@example.com','','','','','','','','None','Mikayla','False','','','','Pattern fill whom issue property financial future. Politics kid plan born agent accept.','','Outreach/Networking','Active','English','Johns','None','Volunteering','Gutierrez-Allen','Vietnamese','4724435372','Volunteer','Us one.','Prefer not to answer','','','','','None','','','','','','','','','False','','','','','Psychiatric;Autism','None','Sensitive Info- Trainer','','','','','mikayla_johns1998@example.org','m_johns@example.com','Home','Personal','Home','False','Work','mikaylajohns4@example.org','4517829020','0.0','92047.0','1990','2022-04-22','981.0','0.0','2022-08-10','0.0','2022-07-09','Open wind present light them sister again. Difference radio view.','Way happen time step. Her specific think itself garden share board.','0.0','2022-07-14','2021-12-23','Household__c.Name','0.0','0.0','0.0','0.0','0.0','0.0','0.0','0.0','0.0','0.0','0.0','38339.0','90857.0','52402.0','9773.0','0.0','0.0','False','False','False','False','True','80434.0','2021-12-18','23668.0','2022-12-15','86442.0','','85213.0','99202.0','68788.0','67631.0','67435.0','0.0','False','16','','','','5','');
INSERT INTO "Contact" VALUES(82,'','','','','','','','','','','','','','','','','','None','','','False','','kristen_sims9@example.org','','','','','','','','None','Sims','False','','','','','','','','','Kristen','','','','','(223)211-8148','','','','','','','','None','','','','','','','','','False','','','','','','None','','','','','','ksims1947@example.org','kristen-sims@example.com','Home','Personal','Work','False','Work','kristen_sims9@example.net','001-508-164-2291','0.0','','','','','0.0','','0.0','','','','0.0','','','','0.0','0.0','0.0','0.0','0.0','0.0','0.0','0.0','0.0','0.0','0.0','','','','','0.0','0.0','False','False','False','False','False','','','','','','','','','','','','0.0','False','18','','','','','');
INSERT INTO "Contact" VALUES(83,'','','','','','','','','','','','','','','','','','None','','','False','','jasmine.avila5@example.net','','','','','','','','None','Avila','False','','','','','','','','','Jasmine','','','','','330-753-5216x052','','','','','','','','None','','','','','','','','','False','','','','','','None','','','','','','jasmine_avila@example.com','jasmine.avila5@example.net','Home','Personal','','False','Other','j.avila68@example.org','237.767.8027x0704','0.0','','','','','0.0','','0.0','','','','0.0','','','','0.0','0.0','0.0','0.0','0.0','0.0','0.0','0.0','0.0','0.0','0.0','','','','','0.0','0.0','False','False','False','False','False','','','','','','','','','','','','0.0','False','19','','','','','');
INSERT INTO "Contact" VALUES(84,'','','','','','','','','','','','','','','','','','None','','','False','','blake.snow@example.com','','','','','','','','None','Snow','False','','','','','','','','','Blake','','','','','(879)070-7175','','','','','','','','None','','','','','','','','','False','','','','','','None','','','','','','bl_snow@example.net','blake.snow@example.com','Home','Personal','','False','Other','bl-snow@example.org','298-725-9947x773','0.0','','','','','0.0','','0.0','','','','0.0','','','','0.0','0.0','0.0','0.0','0.0','0.0','0.0','0.0','0.0','0.0','0.0','','','','','0.0','0.0','False','False','False','False','False','','','','','','','','','','','','0.0','False','19','','','','','');
INSERT INTO "Contact" VALUES(85,'','','','','','','','Active','','','42Q3XPDV','','','','Water teacher home approach know make.','','','None','','','False','2019-05-05','al-kline@example.com','','','','','','','','None','Alyssa','False','','','','Prove direction tree more their provide. Remain movie including forget staff product.','','Administration','Inactive','English','Kline','None','Teams Set in Motion Program','Calhoun-Raymond','Cantonese','001-783-184-3861x871','Volunteer','Though.','Prefer not to answer','','','','','None','','','','','','','','','True','','','','','Psychiatric','None','Board - READ ONLY','','','','','a+kline73@example.net','al-kline@example.com','Home','Personal','Home','False','Work','alyssa.kline1986@example.net','001-183-765-9722x485','0.0','3077.0','1970','2022-10-14','93365.0','0.0','2022-09-08','0.0','2022-04-14','Red source same meeting scientist.','Dream do meeting entire brother enough require.','0.0','2022-02-17','2022-09-20','Household__c.Informal_Greeting__c','0.0','0.0','0.0','0.0','0.0','0.0','0.0','0.0','0.0','0.0','0.0','55844.0','44174.0','467.0','92621.0','0.0','0.0','False','False','False','True','False','881.0','2022-01-31','68143.0','2022-05-19','1859.0','','48160.0','4899.0','48181.0','4201.0','44680.0','0.0','False','19','','','','6','');
INSERT INTO "Contact" VALUES(86,'','','','','','','','Initial Inquiry','','','41JM5HUJ','','','','Usually behavior major product.','','','None','','','True','2000-04-24','s-glenn87@example.org','','','','','','','','None','Sonia','False','','','','Rather admit six pretty ok middle. Customer life up really analysis senior. Husband occur different leg lawyer.','','Writing/Communications','Onboarding','English','Glenn','None','Sponsorship/Donations','Ramos, Larson and Fisher','English','+1-437-444-3687x83882','Volunteer;Trainer','Culture.','Prefer not to answer','','','','','None','','','','','','','','','True','','','','','Medical Incident Assist','Onboarding','Operations- Volunteer and Staff','','','','','so_glenn1967@example.com','s-glenn87@example.org','Home','Personal','Home','False','Home','sonia+glenn1@example.org','(536)062-9729x67280','0.0','67507.0','2020','2022-01-29','3101.0','0.0','2022-04-16','0.0','2022-08-04','Call movie page beautiful act bar argue. Growth three out condition sister run keep.','Lawyer fire personal.','0.0','2022-10-01','2022-08-30','Household__c.Name','0.0','0.0','0.0','0.0','0.0','0.0','0.0','0.0','0.0','0.0','0.0','54077.0','30486.0','27061.0','64625.0','0.0','0.0','False','False','False','False','True','38985.0','2022-10-28','76927.0','2022-10-17','81449.0','','59611.0','16430.0','69819.0','8529.0','85092.0','0.0','False','19','','','','6','');
INSERT INTO "Contact" VALUES(87,'','','','','','','','None','','','AO2MGDKZ','','','','Morning third build strong land hospital reach property.','','','Certified','','','False','2005-06-06','mwise46@example.org','','','','','','','','None','Mallory','False','','','','Traditional event whole fight continue. Concern subject wait ten fast kid those environment.','','Financial/Bookkeeping','Initial Inquiry','English','Wise','None','Assistance Dogs Set in Motion Program','Kelley Ltd','Cantonese','001-145-482-0641x65603','Client','Next.','She/Her','','','','','None','','','','','','','','','True','','','','','Autism','None','Sensitive Info- Volunteer and Staff','','','','','mallorywise3@example.com','mwise46@example.org','Home','Personal','Home','False','Work','mallory.wise@example.net','500.480.2141','0.0','19360.0','2020','2022-02-19','77392.0','0.0','2022-11-08','0.0','2022-03-14','Response husband without charge language campaign positive. Home owner go clearly little room.','Toward peace student continue simple teacher site. Fund sign learn their.','0.0','2022-03-24','2022-02-03','Household__c.Formal_Greeting__c','0.0','0.0','0.0','0.0','0.0','0.0','0.0','0.0','0.0','0.0','0.0','82058.0','57904.0','23206.0','8676.0','0.0','0.0','False','False','True','False','False','44918.0','2022-10-25','47108.0','2022-11-17','64149.0','','82264.0','12842.0','91401.0','21790.0','63006.0','0.0','False','19','','','','6','');
INSERT INTO "Contact" VALUES(88,'','','','','','','','','','','','','','','','','','None','','','False','','ni+pham1943@example.net','','','','','','','','None','Pham','False','','','','','','','','','Nicole','','','','','464-315-7485x814','','','','','','','','None','','','','','','','','','False','','','','','','None','','','','','','n-pham@example.com','ni+pham1943@example.net','Home','Personal','','False','Home','ni.pham8@example.org','+1-843-735-2522','0.0','','','','','0.0','','0.0','','','','0.0','','','','0.0','0.0','0.0','0.0','0.0','0.0','0.0','0.0','0.0','0.0','0.0','','','','','0.0','0.0','False','False','False','False','False','','','','','','','','','','','','0.0','False','26','','','','','');
INSERT INTO "Contact" VALUES(89,'','','','','','','','','','','','','','','','','','None','','','False','','t-morgan1945@example.com','','','','','','','','None','Morgan','False','','','','','','','','','Tammie','','','','','(542)715-0920','','','','','','','','None','','','','','','','','','False','','','','','','None','','','','','','tamorgan6@example.net','t-morgan1945@example.com','Home','Personal','','False','Other','tammie-morgan1986@example.net','(648)164-8918x6252','0.0','','','','','0.0','','0.0','','','','0.0','','','','0.0','0.0','0.0','0.0','0.0','0.0','0.0','0.0','0.0','0.0','0.0','','','','','0.0','0.0','False','False','False','False','False','','','','','','','','','','','','0.0','False','26','','','','','');
INSERT INTO "Contact" VALUES(90,'','','','','','','','Onboarding','','','DL5VDLRV','','','','Staff appear magazine let happen center husband.','','','Onboarding','','','True','2013-04-13','di-waters1983@example.net','','','','','','','','None','Diane','False','','','','Government look magazine start physical. Writer drop many unit easy attention.','','Education/Course Development','Onboarding','Russian','Waters','None','General info/Other','Brown-Escobar','Spanish','602.272.5406x49161','Client;Puppy Raiser','Customer.','She/Her','','','','','Discontinued','','','','','','','','','False','','','','','Diabetes Alert','None','Active Projects- Technology Infrastructure','','','','','diane_waters81@example.org','di-waters1983@example.net','Home','Personal','Home','False','Work','diane+waters1983@example.com','+1-793-473-3663x76070','0.0','8916.0','1979','2022-03-11','31525.0','0.0','2022-04-16','0.0','2022-05-20','Deep cost rest eight source. Significant personal compare government political agency.','Choice smile sure population rise. Land deep age expert. State international over three energy.','0.0','2022-02-01','2022-10-06','Household__c.Name','0.0','0.0','0.0','0.0','0.0','0.0','0.0','0.0','0.0','0.0','0.0','64788.0','34815.0','65386.0','1869.0','0.0','0.0','False','False','False','False','True','1705.0','2022-02-13','19115.0','2022-02-15','18742.0','','53777.0','55441.0','6447.0','44582.0','57395.0','0.0','False','26','','','','8','');
INSERT INTO "Contact" VALUES(91,'','','','','','','','None','','','5JO55P4Z','','','','West cup really our throw media full.','','','None','','','False','2000-06-30','ivan-gordon1951@example.org','','','','','','','','None','Ivan','False','','','','Religious personal of popular break. Speak think none very production car course.','','Technology/Infrastructure','Inactive','English','Gordon','None','General info/Other','Hurley Ltd','Italian','(455)334-2952x3665','Puppy Raiser','Ground.','Prefer not to answer','','','','','Initial Inquiry','','','','','','','','','False','','','','','Narcolepsy Alert','None','Active Projects- Trainer Certification','','','','','ivan-gordon2002@example.com','ivan-gordon1951@example.org','Home','Personal','Home','False','Home','ivan-gordon1994@example.org','312.818.4230','0.0','61070.0','2009','2022-06-10','86623.0','0.0','2022-04-11','0.0','2022-06-21','System represent prove network.','Inside still it live matter class. Explain move mouth five view. Trouble moment manage.','0.0','2022-07-19','2022-07-23','Household__c.Informal_Greeting__c','0.0','0.0','0.0','0.0','0.0','0.0','0.0','0.0','0.0','0.0','0.0','68805.0','19705.0','1256.0','39721.0','0.0','0.0','False','False','False','True','False','53967.0','2022-08-29','92220.0','2022-03-13','91261.0','','10177.0','67287.0','75905.0','90616.0','711.0','0.0','False','26','','','','8','');
INSERT INTO "Contact" VALUES(92,'','','','','','','','','','','','','','','','','','None','','','False','','mc.cohen1@example.org','','','','','','','','None','Cohen','False','','','','','','','','','Mckenzie','','','','','(822)748-5042','','','','','','','','None','','','','','','','','','False','','','','','','None','','','','','','mcohen7@example.org','mc.cohen1@example.org','Home','Personal','','False','Home','mc+cohen76@example.net','624.780.8344x339','0.0','','','','','0.0','','0.0','','','','0.0','','','','0.0','0.0','0.0','0.0','0.0','0.0','0.0','0.0','0.0','0.0','0.0','','','','','0.0','0.0','False','False','False','False','False','','','','','','','','','','','','0.0','False','28','','','','','');
INSERT INTO "Contact" VALUES(93,'','','','','','','','','','','','','','','','','','None','','','False','','sandramullins63@example.com','','','','','','','','None','Mullins','False','','','','','','','','','Sandra','','','','','001-137-895-2329x5123','','','','','','','','None','','','','','','','','','False','','','','','','None','','','','','','sandramullins1974@example.com','sandramullins63@example.com','Home','Personal','','False','Other','s-mullins@example.com','784.210.0318','0.0','','','','','0.0','','0.0','','','','0.0','','','','0.0','0.0','0.0','0.0','0.0','0.0','0.0','0.0','0.0','0.0','0.0','','','','','0.0','0.0','False','False','False','False','False','','','','','','','','','','','','0.0','False','28','','','','','');
INSERT INTO "Contact" VALUES(94,'','','','','','','','Active','','','EGNS1DE3','','','','Shoulder compare market exactly.','','','None','','','True','2011-09-14','m_robinson@example.net','','','','','','','','None','Mackenzie','False','','','','Care window strategy success both price. Case stop area turn news possible.','','Graphic Design','Onboarding','English','Robinson','None','Sponsorship/Donations','Waller, Hess and Pineda','Vietnamese','534-872-9705x513','Volunteer;Puppy Raiser','Hard miss.','He/Him','','','','','In Training','','','','','','','','','False','','','','','Diabetes Alert','None','Active Projects- Academy','','','','','mrobinson1982@example.net','m_robinson@example.net','Home','Personal','Home','False','Home','ma_robinson2002@example.net','001-992-516-8652x165','0.0','91673.0','2000','2022-11-01','91882.0','0.0','2022-06-25','0.0','2022-07-07','Table middle yard important. Morning glass network lose carry.','Show hundred kid thank end mission. Magazine character idea two. Measure decision tax sense.','0.0','2022-11-13','2022-04-02','Household__c.Informal_Greeting__c','0.0','0.0','0.0','0.0','0.0','0.0','0.0','0.0','0.0','0.0','0.0','36055.0','76772.0','45570.0','38030.0','0.0','0.0','False','False','False','True','False','83991.0','2022-01-30','55005.0','2021-12-27','85659.0','','27704.0','24341.0','89688.0','98873.0','8908.0','0.0','False','28','','','','9','');
INSERT INTO "Contact" VALUES(95,'','','','','','','','Onboarding','','','2AUHO8GZ','','','','Project before special billion seem seven may lawyer.','','','In Training','','','True','2003-04-18','s-roach61@example.net','','','','','','','','None','Sheri','False','','','','Great factor stay yard. During key hand feel. Member billion ever far away easy culture.','','Fundraising/Grants','None','English','Roach','None','Teams Set in Motion Program','Peters Group','Portuguese','+1-754-725-6733','Client;Puppy Raiser','Election.','They/Them','','','','','In Training','','','','','','','','','True','','','','','Mobility;Autism','None','Active Projects- Governance, Compliance and Operations','','','','','sheri.roach08@example.net','s-roach61@example.net','Home','Personal','Home','False','Other','shroach@example.com','826.397.6708x851','0.0','86705.0','1994','2021-12-23','80315.0','0.0','2022-09-27','0.0','2022-09-11','Daughter relate recently try. Thing produce piece future weight raise remember.','Quite artist despite cup situation much. Likely general pick. Allow simply north to performance.','0.0','2022-03-15','2022-02-08','Household__c.Formal_Greeting__c','0.0','0.0','0.0','0.0','0.0','0.0','0.0','0.0','0.0','0.0','0.0','32903.0','67001.0','38016.0','80877.0','0.0','0.0','False','False','True','False','False','60378.0','2022-03-27','1200.0','2022-07-27','86411.0','','80526.0','37944.0','93772.0','45394.0','53942.0','0.0','False','28','','','','9','');
INSERT INTO "Contact" VALUES(96,'','','','','','','','Initial Inquiry','','','GDH9TOCR','','','','Writer speech less sell myself security require.','','','None','','','False','2009-04-03','h_rice1949@example.net','','','','','','','','None','Holly','False','','','','Several hair society. Individual create front professor.','','Administration','None','English','Rice','None','Volunteering','Romero, Moon and Marquez','French','(654)974-0322','Volunteer;Trainer','Moment.','They/Them','','','','','None','','','','','','','','','False','','','','','Seizure Response','Inactive','Operations- Volunteer and Staff','','','','','ho-rice1985@example.net','h_rice1949@example.net','Home','Personal','Home','False','Other','h_rice1987@example.com','001-236-855-1959','0.0','29024.0','1986','2022-07-23','18828.0','0.0','2022-03-13','0.0','2022-11-07','Catch thing toward check easy. About instead job reduce worry about admit oil.','Town letter decision sell much. Chair though science down. Baby change investment while reach.','0.0','2022-11-14','2022-04-07','Household__c.Name','0.0','0.0','0.0','0.0','0.0','0.0','0.0','0.0','0.0','0.0','0.0','51204.0','77296.0','52998.0','75242.0','0.0','0.0','False','False','False','False','True','47177.0','2022-08-05','88831.0','2022-03-27','9907.0','','21885.0','5621.0','53558.0','17961.0','32782.0','0.0','False','28','','','','9','');
INSERT INTO "Contact" VALUES(97,'','','','','','','','','','','','','','','','','','None','','','False','','d_lewis@example.org','','','','','','','','None','Lewis','False','','','','','','','','','Deborah','','','','','337.427.8449','','','','','','','','None','','','','','','','','','False','','','','','','None','','','','','','deborah-lewis60@example.com','d_lewis@example.org','Home','Personal','','False','Work','dlewis@example.com','001-070-898-8611x437','0.0','','','','','0.0','','0.0','','','','0.0','','','','0.0','0.0','0.0','0.0','0.0','0.0','0.0','0.0','0.0','0.0','0.0','','','','','0.0','0.0','False','False','False','False','False','','','','','','','','','','','','0.0','False','30','','','','','');
INSERT INTO "Contact" VALUES(98,'','','','','','','','','','','','','','','','','','None','','','False','','tabitha-clayton1@example.net','','','','','','','','None','Clayton','False','','','','','','','','','Tabitha','','','','','+1-226-942-6740x108','','','','','','','','None','','','','','','','','','False','','','','','','None','','','','','','t.clayton1@example.net','tabitha-clayton1@example.net','Home','Personal','','False','Home','ta_clayton1972@example.com','693.772.9691x03928','0.0','','','','','0.0','','0.0','','','','0.0','','','','0.0','0.0','0.0','0.0','0.0','0.0','0.0','0.0','0.0','0.0','0.0','','','','','0.0','0.0','False','False','False','False','False','','','','','','','','','','','','0.0','False','30','','','','','');
INSERT INTO "Contact" VALUES(99,'','','','','','','','Active','','','42Q3XHO3','','','','Pick parent safe.','','','None','','','True','2022-09-24','an-whitney88@example.net','','','','','','','','None','Angela','False','','','','Against during who better better question. Pay physical Republican concern floor list management common.','','Nonprofit Leadership','Active','English','Whitney','None','Sweet Snoopers Training Program','Fritz-Schmidt','Mandarin','001-138-559-4959','Staff','Light.','He/Him','','','','','None','','','','','','','','','False','','','','','Medical Incident Assist','None','Active Projects- Community Outreach and Education','','','','','awhitney93@example.com','an-whitney88@example.net','Home','Personal','Home','False','Home','an+whitney@example.net','001-274-779-6338x6094','0.0','50585.0','1993','2022-12-14','65591.0','0.0','2022-04-03','0.0','2022-07-16','Well name present agent tree pressure. Discussion specific push high play culture.','Response safe trip three support. Never war place Republican rule.','0.0','2022-05-15','2022-10-30','Household__c.Informal_Greeting__c','0.0','0.0','0.0','0.0','0.0','0.0','0.0','0.0','0.0','0.0','0.0','84326.0','84717.0','70127.0','31.0','0.0','0.0','False','False','False','True','False','85051.0','2022-06-21','56526.0','2022-05-21','65487.0','','32457.0','43937.0','36398.0','11705.0','46679.0','0.0','False','30','','','','10','');
INSERT INTO "Contact" VALUES(100,'','','','','','','','Initial Inquiry','','','41JM5PKB','','','','House have shoulder machine gas station set.','','','None','','','False','2009-09-24','j_wade1969@example.org','','','','','','','','None','Jeanne','False','','','','Nothing notice no probably sound. Example this him consumer.','','Project/Program Management','None','English','Wade','None','Client Certification','Jimenez, Deleon and Berry','Italian','+1-810-644-7777x92862','Volunteer;Trainer','Laugh.','He/Him','','','','','None','','','','','','','','','True','','','','','Mobility;Autism','Discontinued','Active Projects- Trainer Certification','','','','','jeanne+wade2003@example.net','j_wade1969@example.org','Home','Personal','Home','False','Home','je+wade73@example.com','001-092-623-2867x74889','0.0','81956.0','1975','2022-07-14','99754.0','0.0','2022-07-11','0.0','2022-09-04','Politics learn sometimes this. High each would without.','Method fine central through. Read stay here ability key yourself. Still and finally.','0.0','2022-04-01','2022-11-24','Household__c.Formal_Greeting__c','0.0','0.0','0.0','0.0','0.0','0.0','0.0','0.0','0.0','0.0','0.0','32568.0','77084.0','38691.0','56089.0','0.0','0.0','False','False','True','False','False','75282.0','2022-07-01','26376.0','2022-12-05','8199.0','','13335.0','43619.0','41914.0','44073.0','67918.0','0.0','False','30','','','','10','');
INSERT INTO "Contact" VALUES(101,'','','','','','','','','','','','','','','','','','None','','','False','','kpark2@example.net','','','','','','','','None','Park','False','','','','','','','','','Keith','','','','','+1-466-374-8392x92304','','','','','','','','None','','','','','','','','','False','','','','','','None','','','','','','kpark@example.net','kpark2@example.net','Home','Personal','','False','Home','kpark01@example.org','(090)840-4516x7955','0.0','','','','','0.0','','0.0','','','','0.0','','','','0.0','0.0','0.0','0.0','0.0','0.0','0.0','0.0','0.0','0.0','0.0','','','','','0.0','0.0','False','False','False','False','False','','','','','','','','','','','','0.0','False','32','','','','','');
INSERT INTO "Contact" VALUES(102,'','','','','','','','','','','','','','','','','','None','','','False','','brianpope1981@example.org','','','','','','','','None','Pope','False','','','','','','','','','Brian','','','','','001-054-860-8816x29743','','','','','','','','None','','','','','','','','','False','','','','','','None','','','','','','br_pope2002@example.org','brianpope1981@example.org','Home','Personal','','False','Home','brian_pope3@example.com','001-784-657-7766x90886','0.0','','','','','0.0','','0.0','','','','0.0','','','','0.0','0.0','0.0','0.0','0.0','0.0','0.0','0.0','0.0','0.0','0.0','','','','','0.0','0.0','False','False','False','False','False','','','','','','','','','','','','0.0','False','32','','','','','');
INSERT INTO "Contact" VALUES(103,'','','','','','','','Initial Inquiry','','','AO2MGLAR','','','','Whose far act western.','','','None','','','False','2015-02-10','as+brooks1995@example.net','','','','','','','','None','Ashley','False','','','','Suddenly sound face. Instead onto sound art practice political able. Require still yes involve weight fund.','','Technology/Infrastructure','None','English','Brooks','None','Sweet Snoopers Training Program','Hayes-Jordan','Japanese','904-209-9179','Puppy Raiser','Discover.','Prefer to self-describe','','','','','In Training','','','','','','','','','False','','','','','Diabetes Alert','None','Active Projects- Research and Development','','','','','ashley.brooks1974@example.com','as+brooks1995@example.net','Home','Personal','Home','False','Home','ashley_brooks2@example.org','842-112-5078','0.0','13960.0','1974','2022-10-28','7866.0','0.0','2022-10-11','0.0','2022-03-12','Agree imagine ability catch nation truth. Whole base white order key culture.','Remain race job rate perhaps hour. Quickly production while for ball share.','0.0','2022-04-21','2022-07-22','Household__c.Informal_Greeting__c','0.0','0.0','0.0','0.0','0.0','0.0','0.0','0.0','0.0','0.0','0.0','3647.0','16136.0','67610.0','20446.0','0.0','0.0','False','False','False','True','False','43655.0','2022-03-18','81998.0','2022-11-12','25511.0','','38286.0','69720.0','47142.0','8857.0','32341.0','0.0','False','32','','','','11','');
INSERT INTO "Contact" VALUES(104,'','','','','','','','Initial Inquiry','','','DL5VDE23','','','','During response along read financial keep.','','','None','','','False','2010-09-29','claire_randolph90@example.com','','','','','','','','None','Claire','False','','','','Member use sure contain available choice. Hospital community trial degree return resource event send. Market debate system able.','','Administration','Inactive','English','Randolph','None','Team Facilitator Certification','Wilkinson, Pratt and Park','Tagalog','001-298-830-5547','Volunteer','College.','She/Her','','','','','None','','','','','','','','','False','','','','','Narcolepsy Alert','None','Active Projects- State Registration','','','','','claire.randolph67@example.org','claire_randolph90@example.com','Home','Personal','Home','False','Work','clrandolph9@example.com','+1-106-933-8083x995','0.0','7683.0','1982','2022-01-09','65053.0','0.0','2022-05-14','0.0','2022-01-24','Bill word describe detail treatment. Play answer life you use central use.','Wrong trip family sort. Back security form behavior answer certainly.','0.0','2022-09-07','2022-11-01','Household__c.Formal_Greeting__c','0.0','0.0','0.0','0.0','0.0','0.0','0.0','0.0','0.0','0.0','0.0','26309.0','87032.0','90108.0','42693.0','0.0','0.0','False','False','True','False','False','21842.0','2022-04-11','44358.0','2022-11-22','33090.0','','89056.0','78516.0','98653.0','98013.0','27542.0','0.0','False','32','','','','11','');
INSERT INTO "Contact" VALUES(105,'','','','','','','','Initial Inquiry','','','5JO55HF7','','','','There consider fight hotel since.','','','None','','','False','2019-04-08','christina.hill50@example.com','','','','','','','','In Training','Christina','False','','','','Eye military film then among over piece. Task feel agent election around full.','','Sales','Inactive','English','Hill','None','Assistance Dogs Set in Motion Program','Morris LLC','Portuguese','(890)700-0268','Team Facilitator','Share we.','They/Them','','','','','None','','','','','','','','','False','','','','','Autism','None','Active Projects- Technology Infrastructure','','','','','c-hill0@example.org','christina.hill50@example.com','Home','Personal','Home','False','Other','christina.hill9@example.com','857-016-6940x5855','0.0','59315.0','2007','2021-12-15','85148.0','0.0','2022-04-02','0.0','2022-01-22','Than meet side free enjoy rich. Quite power available skin event. Occur style organization.','Mouth be question play level. Involve put effort lay environment law.','0.0','2022-10-28','2022-03-17','Household__c.Informal_Greeting__c','0.0','0.0','0.0','0.0','0.0','0.0','0.0','0.0','0.0','0.0','0.0','96957.0','87926.0','68572.0','16294.0','0.0','0.0','False','False','False','True','False','71076.0','2022-09-29','77170.0','2022-03-04','52354.0','','92453.0','65178.0','52908.0','30909.0','18917.0','0.0','False','32','','','','11','');
INSERT INTO "Contact" VALUES(106,'','','','','','','','','','','','','','','','','','None','','','False','','colton-sellers1@example.net','','','','','','','','None','Sellers','False','','','','','','','','','Colton','','','','','986.232.1959','','','','','','','','None','','','','','','','','','False','','','','','','None','','','','','','coltonsellers04@example.org','colton-sellers1@example.net','Home','Personal','','False','Other','csellers0@example.com','213.486.3191','0.0','','','','','0.0','','0.0','','','','0.0','','','','0.0','0.0','0.0','0.0','0.0','0.0','0.0','0.0','0.0','0.0','0.0','','','','','0.0','0.0','False','False','False','False','False','','','','','','','','','','','','0.0','False','36','','','','','');
INSERT INTO "Contact" VALUES(107,'','','','','','','','','','','','','','','','','','None','','','False','','t_odonnell@example.org','','','','','','','','None','Odonnell','False','','','','','','','','','Tony','','','','','(579)504-5377x62693','','','','','','','','None','','','','','','','','','False','','','','','','None','','','','','','tonyodonnell98@example.org','t_odonnell@example.org','Home','Personal','','False','Work','tony-odonnell3@example.org','953-083-6185x180','0.0','','','','','0.0','','0.0','','','','0.0','','','','0.0','0.0','0.0','0.0','0.0','0.0','0.0','0.0','0.0','0.0','0.0','','','','','0.0','0.0','False','False','False','False','False','','','','','','','','','','','','0.0','False','36','','','','','');
CREATE TABLE "ContinuingEducationUnit__c" (
	id INTEGER NOT NULL, 
	"AuthorityOther__c" VARCHAR(255), 
	"Authority__c" VARCHAR(255), 
	"Comments__c" VARCHAR(255), 
	"DateCompleted__c" VARCHAR(255), 
	"DateSubmitted__c" VARCHAR(255), 
	"Name" VARCHAR(255), 
	"ProgramDate__c" VARCHAR(255), 
	"ProgramHours__c" VARCHAR(255), 
	"ProgramTitle__c" VARCHAR(255), 
	"Quantity__c" VARCHAR(255), 
	"Role__c" VARCHAR(255), 
	"Status__c" VARCHAR(255), 
	"Trainer__c" VARCHAR(255), 
	PRIMARY KEY (id)
);
INSERT INTO "ContinuingEducationUnit__c" VALUES(1,'Lynn Ltd','IAABC','Nation news raise tree man old career first.','2012-07-25','2004-11-20','Vision-oriented coherent superstructure','2012-03-15','1022.0','Total client-driven core','16.0','Attendee','Pending','72');
INSERT INTO "ContinuingEducationUnit__c" VALUES(2,'Middleton-Rollins','CCPDT','Fast everybody region health two.','2007-11-25','2006-03-16','Versatile directional budgetary management','2020-01-23','1329.0','Mandatory executive Graphic Interface','3.0','Presenter','Approved','98');
INSERT INTO "ContinuingEducationUnit__c" VALUES(3,'Mccoy-Holder','CCPDT','Last gas television tell exactly owner.','2008-08-06','2005-08-04','Mandatory foreground time-frame','2004-10-17','651.0','Cross-platform fresh-thinking model','14.0','Attendee','Pending','19');
INSERT INTO "ContinuingEducationUnit__c" VALUES(4,'Silva Group','CBCC','World step lay glass.','2019-11-07','2019-10-11','Balanced cohesive emulation','2011-05-25','1959.0','Decentralized radical approach','19.0','Presenter','Pending','47');
CREATE TABLE "DogRelationship__c" (
	id INTEGER NOT NULL, 
	"Type__c" VARCHAR(255), 
	"Contact__c" VARCHAR(255), 
	"Dog__c" VARCHAR(255), 
	PRIMARY KEY (id)
);
INSERT INTO "DogRelationship__c" VALUES(1,'Client','57','4');
INSERT INTO "DogRelationship__c" VALUES(2,'Veterinarian','60','4');
INSERT INTO "DogRelationship__c" VALUES(3,'Client','80','1');
INSERT INTO "DogRelationship__c" VALUES(4,'Client','81','1');
INSERT INTO "DogRelationship__c" VALUES(5,'Owner','82','1');
INSERT INTO "DogRelationship__c" VALUES(6,'Veterinarian','82','1');
INSERT INTO "DogRelationship__c" VALUES(7,'Breeder','91','2');
INSERT INTO "DogRelationship__c" VALUES(8,'Owner','92','2');
INSERT INTO "DogRelationship__c" VALUES(9,'Client','99','2');
INSERT INTO "DogRelationship__c" VALUES(10,'Veterinarian','3','2');
INSERT INTO "DogRelationship__c" VALUES(11,'Client','16','3');
INSERT INTO "DogRelationship__c" VALUES(12,'Breeder','16','3');
INSERT INTO "DogRelationship__c" VALUES(13,'Owner','27','3');
INSERT INTO "DogRelationship__c" VALUES(14,'Veterinarian','30','3');
INSERT INTO "DogRelationship__c" VALUES(15,'Owner','39','4');
INSERT INTO "DogRelationship__c" VALUES(16,'Facilitator','52','4');
CREATE TABLE "Dog__c" (
	id INTEGER NOT NULL, 
	"ActivationDate__c" VARCHAR(255), 
	"Birthdate__c" VARCHAR(255), 
	"Breed__c" VARCHAR(255), 
	"Gender__c" VARCHAR(255), 
	"HealthFormReceived__c" VARCHAR(255), 
	"LatestPhysicalExamOutcome__c" VARCHAR(255), 
	"MicrochipNumber__c" VARCHAR(255), 
	"Name" VARCHAR(255), 
	"Notes__c" VARCHAR(255), 
	"PhysicalExamDue__c" VARCHAR(255), 
	"Picture__c" VARCHAR(255), 
	"Program__c" VARCHAR(255), 
	"SpayedNeutered__c" VARCHAR(255), 
	"Status__c" VARCHAR(255), 
	"VacExamsReceived__c" VARCHAR(255), 
	"VaccineDueDA2PP__c" VARCHAR(255), 
	"VaccineDueRabies__c" VARCHAR(255), 
	"XrayReceived__c" VARCHAR(255), 
	"VetClinic__c" VARCHAR(255), 
	PRIMARY KEY (id)
);
INSERT INTO "Dog__c" VALUES(1,'2018-04-05','2018-09-02','Great Dane','Male','','Pass','0-447-73619-1','Shadow','School loss attention ready. Another strategy step security father quickly. Memory century article thank. Voice on into ready any particularly.','2023-05-26','https://picsum.photos/60/60','Assistance Dogs Set In Motion','True','Certified','','','2019-03-01','','18');
INSERT INTO "Dog__c" VALUES(2,'2009-08-05','2017-06-07','Pug','Male','','Pass','1-9996899-1-7','Max','Nearly prevent when project among. Study hold give agreement fall end. Amount news order thing present movement might. Paper save politics thousand hard.','2023-12-08','https://picsum.photos/60/60','Team Certification','True','Decertified','','','2025-06-16','','38');
INSERT INTO "Dog__c" VALUES(3,'2015-07-03','2003-07-07','Husky','Male','','Pass','1-02-329789-2','Hunter','Fire according firm production require compare easy. Section pattern control share eight general hard usually. Although here way build.','2022-05-08','https://dummyimage.com/60x60','Assistance Dogs Set In Motion','False','In Training','','','2020-09-07','','58');
INSERT INTO "Dog__c" VALUES(4,'2020-06-15','2018-02-09','Doberman Pinscher','Female','','Fail','1-936768-67-4','Sophie','Look everyone director. Establish career floor list visit. Apply space against thousand smile law responsibility mind.','2023-11-16','https://placekitten.com/60/60','Assistance Dogs Set In Motion','True','Certified','','','2023-01-28','','78');
CREATE TABLE "GW_Volunteers__Volunteer_Job__c" (
	id INTEGER NOT NULL, 
	"GW_Volunteers__Description__c" VARCHAR(255), 
	"GW_Volunteers__Skills_Needed__c" VARCHAR(255), 
	"GW_Volunteers__Ongoing__c" VARCHAR(255), 
	"Name" VARCHAR(255), 
	"GW_Volunteers__Campaign__c" VARCHAR(255), 
	PRIMARY KEY (id)
);
INSERT INTO "GW_Volunteers__Volunteer_Job__c" VALUES(1,'Technology Infrastructure','Technology/Infrastructure','True','Technology Infrastructure','1');
INSERT INTO "GW_Volunteers__Volunteer_Job__c" VALUES(2,'Trainer Certification','Dog Training/Behavior/Veterinary','True','Trainer Certification','1');
INSERT INTO "GW_Volunteers__Volunteer_Job__c" VALUES(3,'Volunteer and Staff Operations','Administration','True','Volunteer and Staff Operations','1');
INSERT INTO "GW_Volunteers__Volunteer_Job__c" VALUES(4,'Volunteer Recruitment and Retention','Outreach/Networking','True','Volunteer Recruitment and Retention','1');
INSERT INTO "GW_Volunteers__Volunteer_Job__c" VALUES(5,'Academy-Content Creator','Education/Course Development','True','Academy-Content Creator','1');
INSERT INTO "GW_Volunteers__Volunteer_Job__c" VALUES(6,'Academy-Content Editor','Education/Course Development','True','Academy-Content Editor','1');
INSERT INTO "GW_Volunteers__Volunteer_Job__c" VALUES(7,'Marketing- Graphic Design','Graphic Design','True','Marketing- Graphic Design','1');
INSERT INTO "GW_Volunteers__Volunteer_Job__c" VALUES(8,'Marketing- Video','Photography/Videography','True','Marketing- Video','1');
INSERT INTO "GW_Volunteers__Volunteer_Job__c" VALUES(9,'Marketing- Photo','Photography/Videography','True','Marketing- Photo','1');
INSERT INTO "GW_Volunteers__Volunteer_Job__c" VALUES(10,'Marketing- Writing','Writing/Communications','True','Marketing- Writing','1');
INSERT INTO "GW_Volunteers__Volunteer_Job__c" VALUES(11,'Marketing- Leadership','Marketing and Branding','True','Marketing- Leadership','1');
INSERT INTO "GW_Volunteers__Volunteer_Job__c" VALUES(12,'Marketing- SEO','SEO','True','Marketing- SEO','1');
INSERT INTO "GW_Volunteers__Volunteer_Job__c" VALUES(13,'Marketing- Website','Website development','True','Marketing- Website','1');
INSERT INTO "GW_Volunteers__Volunteer_Job__c" VALUES(14,'Marketing- Sales','Sales','True','Marketing- Sales','1');
INSERT INTO "GW_Volunteers__Volunteer_Job__c" VALUES(15,'Marketing- Advertising','Marketing and Branding','True','Marketing- Advertising','1');
INSERT INTO "GW_Volunteers__Volunteer_Job__c" VALUES(16,'Marketing- Events','Project/Program Management','True','Marketing- Events','1');
INSERT INTO "GW_Volunteers__Volunteer_Job__c" VALUES(17,'Administrative- Client','Administration','True','Administrative- Client','1');
INSERT INTO "GW_Volunteers__Volunteer_Job__c" VALUES(18,'Administrative- Volunteer','Administration','True','Administrative- Volunteer','1');
INSERT INTO "GW_Volunteers__Volunteer_Job__c" VALUES(19,'Administrative- Trainer','Administration','True','Administrative- Trainer','1');
INSERT INTO "GW_Volunteers__Volunteer_Job__c" VALUES(20,'Administrative- General','Administration','True','Administrative- General','1');
INSERT INTO "GW_Volunteers__Volunteer_Job__c" VALUES(21,'Administrative- Technology','Administration','True','Administrative- Technology','1');
INSERT INTO "GW_Volunteers__Volunteer_Job__c" VALUES(22,'Outreach- Clients','Outreach/Networking','True','Outreach- Clients','1');
INSERT INTO "GW_Volunteers__Volunteer_Job__c" VALUES(23,'Outreach- Disability Orgs','Outreach/Networking','True','Outreach- Disability Orgs','1');
INSERT INTO "GW_Volunteers__Volunteer_Job__c" VALUES(24,'Outreach- Dogs','Outreach/Networking','True','Outreach- Dogs','1');
INSERT INTO "GW_Volunteers__Volunteer_Job__c" VALUES(25,'Outreach- Veterinarians','Outreach/Networking','True','Outreach- Veterinarians','1');
INSERT INTO "GW_Volunteers__Volunteer_Job__c" VALUES(26,'Outreach- Medical Providers','Outreach/Networking','True','Outreach- Medical Providers','1');
INSERT INTO "GW_Volunteers__Volunteer_Job__c" VALUES(27,'Outreach- Diversity','Outreach/Networking','True','Outreach- Diversity','1');
INSERT INTO "GW_Volunteers__Volunteer_Job__c" VALUES(28,'Academy decscription','Marketing and Branding','True','Academy','2');
INSERT INTO "GW_Volunteers__Volunteer_Job__c" VALUES(29,'ADI Accreditation decscription','Writing/Communications','True','ADI Accreditation','2');
INSERT INTO "GW_Volunteers__Volunteer_Job__c" VALUES(30,'Branding and Marketing decscription','Marketing and Branding','True','Branding and Marketing','2');
INSERT INTO "GW_Volunteers__Volunteer_Job__c" VALUES(31,'Client Certification decscription','Writing/Communications','True','Client Certification','2');
INSERT INTO "GW_Volunteers__Volunteer_Job__c" VALUES(32,'Client Operations','Administration','True','Client Operations','2');
INSERT INTO "GW_Volunteers__Volunteer_Job__c" VALUES(33,'Community Outreach and Education','Outreach/Networking','True','Community Outreach and Education','2');
INSERT INTO "GW_Volunteers__Volunteer_Job__c" VALUES(34,'Dog Availability','Administration','True','Dog Availability','2');
INSERT INTO "GW_Volunteers__Volunteer_Job__c" VALUES(35,'Financial Operations','Financial/Bookkeeping','True','Financial Operations','2');
INSERT INTO "GW_Volunteers__Volunteer_Job__c" VALUES(36,'Fund Development','Fundraising/Grants','True','Fund Development','2');
INSERT INTO "GW_Volunteers__Volunteer_Job__c" VALUES(37,'Governance and Compliance and Operations','Legal','True','Governance and Compliance and Operations','2');
INSERT INTO "GW_Volunteers__Volunteer_Job__c" VALUES(38,'Operations Master Docs','Writing/Communications','True','Operations Master Docs','2');
INSERT INTO "GW_Volunteers__Volunteer_Job__c" VALUES(39,'Research and Development','Dog Training/Behavior/Veterinary','True','Research and Development','2');
INSERT INTO "GW_Volunteers__Volunteer_Job__c" VALUES(40,'Scholarships','Fundraising/Grants','True','Scholarships','2');
INSERT INTO "GW_Volunteers__Volunteer_Job__c" VALUES(41,'State Registration','Legal','True','State Registration','2');
INSERT INTO "GW_Volunteers__Volunteer_Job__c" VALUES(42,'Team Facilitator Certification','Administration','True','Team Facilitator Certification','2');
INSERT INTO "GW_Volunteers__Volunteer_Job__c" VALUES(43,'Team Facilitator Operations','Administration','True','Team Facilitator Operations','2');
INSERT INTO "GW_Volunteers__Volunteer_Job__c" VALUES(44,'Technology Infrastructure','Technology/Infrastructure','True','Technology Infrastructure','2');
INSERT INTO "GW_Volunteers__Volunteer_Job__c" VALUES(45,'Trainer Certification','Dog Training/Behavior/Veterinary','True','Trainer Certification','2');
INSERT INTO "GW_Volunteers__Volunteer_Job__c" VALUES(46,'Volunteer and Staff Operations','Administration','True','Volunteer and Staff Operations','2');
INSERT INTO "GW_Volunteers__Volunteer_Job__c" VALUES(47,'Volunteer Recruitment and Retention','Outreach/Networking','True','Volunteer Recruitment and Retention','2');
INSERT INTO "GW_Volunteers__Volunteer_Job__c" VALUES(48,'Academy-Content Creator','Education/Course Development','True','Academy-Content Creator','2');
INSERT INTO "GW_Volunteers__Volunteer_Job__c" VALUES(49,'Academy-Content Editor','Education/Course Development','True','Academy-Content Editor','2');
INSERT INTO "GW_Volunteers__Volunteer_Job__c" VALUES(50,'Marketing- Graphic Design','Graphic Design','True','Marketing- Graphic Design','2');
INSERT INTO "GW_Volunteers__Volunteer_Job__c" VALUES(51,'Marketing- Video','Photography/Videography','True','Marketing- Video','2');
INSERT INTO "GW_Volunteers__Volunteer_Job__c" VALUES(52,'Marketing- Photo','Photography/Videography','True','Marketing- Photo','2');
INSERT INTO "GW_Volunteers__Volunteer_Job__c" VALUES(53,'Marketing- Writing','Writing/Communications','True','Marketing- Writing','2');
INSERT INTO "GW_Volunteers__Volunteer_Job__c" VALUES(54,'Marketing- Leadership','Marketing and Branding','True','Marketing- Leadership','2');
INSERT INTO "GW_Volunteers__Volunteer_Job__c" VALUES(55,'Marketing- SEO','SEO','True','Marketing- SEO','2');
INSERT INTO "GW_Volunteers__Volunteer_Job__c" VALUES(56,'Marketing- Website','Website development','True','Marketing- Website','2');
INSERT INTO "GW_Volunteers__Volunteer_Job__c" VALUES(57,'Marketing- Sales','Sales','True','Marketing- Sales','2');
INSERT INTO "GW_Volunteers__Volunteer_Job__c" VALUES(58,'Marketing- Advertising','Marketing and Branding','True','Marketing- Advertising','2');
INSERT INTO "GW_Volunteers__Volunteer_Job__c" VALUES(59,'Marketing- Events','Project/Program Management','True','Marketing- Events','2');
INSERT INTO "GW_Volunteers__Volunteer_Job__c" VALUES(60,'Administrative- Client','Administration','True','Administrative- Client','2');
INSERT INTO "GW_Volunteers__Volunteer_Job__c" VALUES(61,'Administrative- Volunteer','Administration','True','Administrative- Volunteer','2');
INSERT INTO "GW_Volunteers__Volunteer_Job__c" VALUES(62,'Administrative- Trainer','Administration','True','Administrative- Trainer','2');
INSERT INTO "GW_Volunteers__Volunteer_Job__c" VALUES(63,'Administrative- General','Administration','True','Administrative- General','2');
INSERT INTO "GW_Volunteers__Volunteer_Job__c" VALUES(64,'Administrative- Technology','Administration','True','Administrative- Technology','2');
INSERT INTO "GW_Volunteers__Volunteer_Job__c" VALUES(65,'Outreach- Clients','Outreach/Networking','True','Outreach- Clients','2');
INSERT INTO "GW_Volunteers__Volunteer_Job__c" VALUES(66,'Outreach- Disability Orgs','Outreach/Networking','True','Outreach- Disability Orgs','2');
INSERT INTO "GW_Volunteers__Volunteer_Job__c" VALUES(67,'Outreach- Dogs','Outreach/Networking','True','Outreach- Dogs','2');
INSERT INTO "GW_Volunteers__Volunteer_Job__c" VALUES(68,'Outreach- Veterinarians','Outreach/Networking','True','Outreach- Veterinarians','2');
INSERT INTO "GW_Volunteers__Volunteer_Job__c" VALUES(69,'Outreach- Medical Providers','Outreach/Networking','True','Outreach- Medical Providers','2');
INSERT INTO "GW_Volunteers__Volunteer_Job__c" VALUES(70,'Outreach- Diversity','Outreach/Networking','True','Outreach- Diversity','2');
INSERT INTO "GW_Volunteers__Volunteer_Job__c" VALUES(71,'Academy decscription','Marketing and Branding','True','Academy','1');
INSERT INTO "GW_Volunteers__Volunteer_Job__c" VALUES(72,'ADI Accreditation decscription','Writing/Communications','True','ADI Accreditation','1');
INSERT INTO "GW_Volunteers__Volunteer_Job__c" VALUES(73,'Branding and Marketing decscription','Marketing and Branding','True','Branding and Marketing','1');
INSERT INTO "GW_Volunteers__Volunteer_Job__c" VALUES(74,'Client Certification decscription','Writing/Communications','True','Client Certification','1');
INSERT INTO "GW_Volunteers__Volunteer_Job__c" VALUES(75,'Client Operations','Administration','True','Client Operations','1');
INSERT INTO "GW_Volunteers__Volunteer_Job__c" VALUES(76,'Community Outreach and Education','Outreach/Networking','True','Community Outreach and Education','1');
INSERT INTO "GW_Volunteers__Volunteer_Job__c" VALUES(77,'Dog Availability','Administration','True','Dog Availability','1');
INSERT INTO "GW_Volunteers__Volunteer_Job__c" VALUES(78,'Financial Operations','Financial/Bookkeeping','True','Financial Operations','1');
INSERT INTO "GW_Volunteers__Volunteer_Job__c" VALUES(79,'Fund Development','Fundraising/Grants','True','Fund Development','1');
INSERT INTO "GW_Volunteers__Volunteer_Job__c" VALUES(80,'Governance and Compliance and Operations','Legal','True','Governance and Compliance and Operations','1');
INSERT INTO "GW_Volunteers__Volunteer_Job__c" VALUES(81,'Operations Master Docs','Writing/Communications','True','Operations Master Docs','1');
INSERT INTO "GW_Volunteers__Volunteer_Job__c" VALUES(82,'Research and Development','Dog Training/Behavior/Veterinary','True','Research and Development','1');
INSERT INTO "GW_Volunteers__Volunteer_Job__c" VALUES(83,'Scholarships','Fundraising/Grants','True','Scholarships','1');
INSERT INTO "GW_Volunteers__Volunteer_Job__c" VALUES(84,'State Registration','Legal','True','State Registration','1');
INSERT INTO "GW_Volunteers__Volunteer_Job__c" VALUES(85,'Team Facilitator Certification','Administration','True','Team Facilitator Certification','1');
INSERT INTO "GW_Volunteers__Volunteer_Job__c" VALUES(86,'Team Facilitator Operations','Administration','True','Team Facilitator Operations','1');
INSERT INTO "GW_Volunteers__Volunteer_Job__c" VALUES(87,'Technology Infrastructure','Technology/Infrastructure','True','Technology Infrastructure','1');
INSERT INTO "GW_Volunteers__Volunteer_Job__c" VALUES(88,'Trainer Certification','Dog Training/Behavior/Veterinary','True','Trainer Certification','1');
INSERT INTO "GW_Volunteers__Volunteer_Job__c" VALUES(89,'Volunteer and Staff Operations','Administration','True','Volunteer and Staff Operations','1');
INSERT INTO "GW_Volunteers__Volunteer_Job__c" VALUES(90,'Volunteer Recruitment and Retention','Outreach/Networking','True','Volunteer Recruitment and Retention','1');
INSERT INTO "GW_Volunteers__Volunteer_Job__c" VALUES(91,'Academy-Content Creator','Education/Course Development','True','Academy-Content Creator','1');
INSERT INTO "GW_Volunteers__Volunteer_Job__c" VALUES(92,'Academy-Content Editor','Education/Course Development','True','Academy-Content Editor','1');
INSERT INTO "GW_Volunteers__Volunteer_Job__c" VALUES(93,'Marketing- Graphic Design','Graphic Design','True','Marketing- Graphic Design','1');
INSERT INTO "GW_Volunteers__Volunteer_Job__c" VALUES(94,'Marketing- Video','Photography/Videography','True','Marketing- Video','1');
INSERT INTO "GW_Volunteers__Volunteer_Job__c" VALUES(95,'Marketing- Photo','Photography/Videography','True','Marketing- Photo','1');
INSERT INTO "GW_Volunteers__Volunteer_Job__c" VALUES(96,'Marketing- Writing','Writing/Communications','True','Marketing- Writing','1');
INSERT INTO "GW_Volunteers__Volunteer_Job__c" VALUES(97,'Marketing- Leadership','Marketing and Branding','True','Marketing- Leadership','1');
INSERT INTO "GW_Volunteers__Volunteer_Job__c" VALUES(98,'Marketing- SEO','SEO','True','Marketing- SEO','1');
INSERT INTO "GW_Volunteers__Volunteer_Job__c" VALUES(99,'Marketing- Website','Website development','True','Marketing- Website','1');
INSERT INTO "GW_Volunteers__Volunteer_Job__c" VALUES(100,'Marketing- Sales','Sales','True','Marketing- Sales','1');
INSERT INTO "GW_Volunteers__Volunteer_Job__c" VALUES(101,'Marketing- Advertising','Marketing and Branding','True','Marketing- Advertising','1');
INSERT INTO "GW_Volunteers__Volunteer_Job__c" VALUES(102,'Marketing- Events','Project/Program Management','True','Marketing- Events','1');
INSERT INTO "GW_Volunteers__Volunteer_Job__c" VALUES(103,'Administrative- Client','Administration','True','Administrative- Client','1');
INSERT INTO "GW_Volunteers__Volunteer_Job__c" VALUES(104,'Administrative- Volunteer','Administration','True','Administrative- Volunteer','1');
INSERT INTO "GW_Volunteers__Volunteer_Job__c" VALUES(105,'Administrative- Trainer','Administration','True','Administrative- Trainer','1');
INSERT INTO "GW_Volunteers__Volunteer_Job__c" VALUES(106,'Administrative- General','Administration','True','Administrative- General','1');
INSERT INTO "GW_Volunteers__Volunteer_Job__c" VALUES(107,'Administrative- Technology','Administration','True','Administrative- Technology','1');
INSERT INTO "GW_Volunteers__Volunteer_Job__c" VALUES(108,'Outreach- Clients','Outreach/Networking','True','Outreach- Clients','1');
INSERT INTO "GW_Volunteers__Volunteer_Job__c" VALUES(109,'Outreach- Disability Orgs','Outreach/Networking','True','Outreach- Disability Orgs','1');
INSERT INTO "GW_Volunteers__Volunteer_Job__c" VALUES(110,'Outreach- Dogs','Outreach/Networking','True','Outreach- Dogs','1');
INSERT INTO "GW_Volunteers__Volunteer_Job__c" VALUES(111,'Outreach- Veterinarians','Outreach/Networking','True','Outreach- Veterinarians','1');
INSERT INTO "GW_Volunteers__Volunteer_Job__c" VALUES(112,'Outreach- Medical Providers','Outreach/Networking','True','Outreach- Medical Providers','1');
INSERT INTO "GW_Volunteers__Volunteer_Job__c" VALUES(113,'Outreach- Diversity','Outreach/Networking','True','Outreach- Diversity','1');
INSERT INTO "GW_Volunteers__Volunteer_Job__c" VALUES(114,'Academy decscription','Marketing and Branding','True','Academy','1');
INSERT INTO "GW_Volunteers__Volunteer_Job__c" VALUES(115,'ADI Accreditation decscription','Writing/Communications','True','ADI Accreditation','1');
INSERT INTO "GW_Volunteers__Volunteer_Job__c" VALUES(116,'Branding and Marketing decscription','Marketing and Branding','True','Branding and Marketing','1');
INSERT INTO "GW_Volunteers__Volunteer_Job__c" VALUES(117,'Client Certification decscription','Writing/Communications','True','Client Certification','1');
INSERT INTO "GW_Volunteers__Volunteer_Job__c" VALUES(118,'Client Operations','Administration','True','Client Operations','1');
INSERT INTO "GW_Volunteers__Volunteer_Job__c" VALUES(119,'Community Outreach and Education','Outreach/Networking','True','Community Outreach and Education','1');
INSERT INTO "GW_Volunteers__Volunteer_Job__c" VALUES(120,'Dog Availability','Administration','True','Dog Availability','1');
INSERT INTO "GW_Volunteers__Volunteer_Job__c" VALUES(121,'Financial Operations','Financial/Bookkeeping','True','Financial Operations','1');
INSERT INTO "GW_Volunteers__Volunteer_Job__c" VALUES(122,'Fund Development','Fundraising/Grants','True','Fund Development','1');
INSERT INTO "GW_Volunteers__Volunteer_Job__c" VALUES(123,'Governance and Compliance and Operations','Legal','True','Governance and Compliance and Operations','1');
INSERT INTO "GW_Volunteers__Volunteer_Job__c" VALUES(124,'Operations Master Docs','Writing/Communications','True','Operations Master Docs','1');
INSERT INTO "GW_Volunteers__Volunteer_Job__c" VALUES(125,'Research and Development','Dog Training/Behavior/Veterinary','True','Research and Development','1');
INSERT INTO "GW_Volunteers__Volunteer_Job__c" VALUES(126,'Scholarships','Fundraising/Grants','True','Scholarships','1');
INSERT INTO "GW_Volunteers__Volunteer_Job__c" VALUES(127,'State Registration','Legal','True','State Registration','1');
INSERT INTO "GW_Volunteers__Volunteer_Job__c" VALUES(128,'Team Facilitator Certification','Administration','True','Team Facilitator Certification','1');
INSERT INTO "GW_Volunteers__Volunteer_Job__c" VALUES(129,'Team Facilitator Operations','Administration','True','Team Facilitator Operations','1');
INSERT INTO "GW_Volunteers__Volunteer_Job__c" VALUES(130,'Technology Infrastructure','Technology/Infrastructure','True','Technology Infrastructure','1');
INSERT INTO "GW_Volunteers__Volunteer_Job__c" VALUES(131,'Trainer Certification','Dog Training/Behavior/Veterinary','True','Trainer Certification','1');
INSERT INTO "GW_Volunteers__Volunteer_Job__c" VALUES(132,'Volunteer and Staff Operations','Administration','True','Volunteer and Staff Operations','1');
INSERT INTO "GW_Volunteers__Volunteer_Job__c" VALUES(133,'Volunteer Recruitment and Retention','Outreach/Networking','True','Volunteer Recruitment and Retention','1');
INSERT INTO "GW_Volunteers__Volunteer_Job__c" VALUES(134,'Academy-Content Creator','Education/Course Development','True','Academy-Content Creator','1');
INSERT INTO "GW_Volunteers__Volunteer_Job__c" VALUES(135,'Academy-Content Editor','Education/Course Development','True','Academy-Content Editor','1');
INSERT INTO "GW_Volunteers__Volunteer_Job__c" VALUES(136,'Marketing- Graphic Design','Graphic Design','True','Marketing- Graphic Design','1');
INSERT INTO "GW_Volunteers__Volunteer_Job__c" VALUES(137,'Marketing- Video','Photography/Videography','True','Marketing- Video','1');
INSERT INTO "GW_Volunteers__Volunteer_Job__c" VALUES(138,'Marketing- Photo','Photography/Videography','True','Marketing- Photo','1');
INSERT INTO "GW_Volunteers__Volunteer_Job__c" VALUES(139,'Marketing- Writing','Writing/Communications','True','Marketing- Writing','1');
INSERT INTO "GW_Volunteers__Volunteer_Job__c" VALUES(140,'Marketing- Leadership','Marketing and Branding','True','Marketing- Leadership','1');
INSERT INTO "GW_Volunteers__Volunteer_Job__c" VALUES(141,'Marketing- SEO','SEO','True','Marketing- SEO','1');
INSERT INTO "GW_Volunteers__Volunteer_Job__c" VALUES(142,'Marketing- Website','Website development','True','Marketing- Website','1');
INSERT INTO "GW_Volunteers__Volunteer_Job__c" VALUES(143,'Marketing- Sales','Sales','True','Marketing- Sales','1');
INSERT INTO "GW_Volunteers__Volunteer_Job__c" VALUES(144,'Marketing- Advertising','Marketing and Branding','True','Marketing- Advertising','1');
INSERT INTO "GW_Volunteers__Volunteer_Job__c" VALUES(145,'Marketing- Events','Project/Program Management','True','Marketing- Events','1');
INSERT INTO "GW_Volunteers__Volunteer_Job__c" VALUES(146,'Administrative- Client','Administration','True','Administrative- Client','1');
INSERT INTO "GW_Volunteers__Volunteer_Job__c" VALUES(147,'Administrative- Volunteer','Administration','True','Administrative- Volunteer','1');
INSERT INTO "GW_Volunteers__Volunteer_Job__c" VALUES(148,'Administrative- Trainer','Administration','True','Administrative- Trainer','1');
INSERT INTO "GW_Volunteers__Volunteer_Job__c" VALUES(149,'Administrative- General','Administration','True','Administrative- General','1');
INSERT INTO "GW_Volunteers__Volunteer_Job__c" VALUES(150,'Administrative- Technology','Administration','True','Administrative- Technology','1');
INSERT INTO "GW_Volunteers__Volunteer_Job__c" VALUES(151,'Outreach- Clients','Outreach/Networking','True','Outreach- Clients','1');
INSERT INTO "GW_Volunteers__Volunteer_Job__c" VALUES(152,'Outreach- Disability Orgs','Outreach/Networking','True','Outreach- Disability Orgs','1');
INSERT INTO "GW_Volunteers__Volunteer_Job__c" VALUES(153,'Outreach- Dogs','Outreach/Networking','True','Outreach- Dogs','1');
INSERT INTO "GW_Volunteers__Volunteer_Job__c" VALUES(154,'Outreach- Veterinarians','Outreach/Networking','True','Outreach- Veterinarians','1');
INSERT INTO "GW_Volunteers__Volunteer_Job__c" VALUES(155,'Outreach- Medical Providers','Outreach/Networking','True','Outreach- Medical Providers','1');
INSERT INTO "GW_Volunteers__Volunteer_Job__c" VALUES(156,'Outreach- Diversity','Outreach/Networking','True','Outreach- Diversity','1');
INSERT INTO "GW_Volunteers__Volunteer_Job__c" VALUES(157,'Academy decscription','Marketing and Branding','True','Academy','1');
INSERT INTO "GW_Volunteers__Volunteer_Job__c" VALUES(158,'ADI Accreditation decscription','Writing/Communications','True','ADI Accreditation','1');
INSERT INTO "GW_Volunteers__Volunteer_Job__c" VALUES(159,'Branding and Marketing decscription','Marketing and Branding','True','Branding and Marketing','1');
INSERT INTO "GW_Volunteers__Volunteer_Job__c" VALUES(160,'Client Certification decscription','Writing/Communications','True','Client Certification','1');
INSERT INTO "GW_Volunteers__Volunteer_Job__c" VALUES(161,'Client Operations','Administration','True','Client Operations','1');
INSERT INTO "GW_Volunteers__Volunteer_Job__c" VALUES(162,'Community Outreach and Education','Outreach/Networking','True','Community Outreach and Education','1');
INSERT INTO "GW_Volunteers__Volunteer_Job__c" VALUES(163,'Dog Availability','Administration','True','Dog Availability','1');
INSERT INTO "GW_Volunteers__Volunteer_Job__c" VALUES(164,'Financial Operations','Financial/Bookkeeping','True','Financial Operations','1');
INSERT INTO "GW_Volunteers__Volunteer_Job__c" VALUES(165,'Fund Development','Fundraising/Grants','True','Fund Development','1');
INSERT INTO "GW_Volunteers__Volunteer_Job__c" VALUES(166,'Governance and Compliance and Operations','Legal','True','Governance and Compliance and Operations','1');
INSERT INTO "GW_Volunteers__Volunteer_Job__c" VALUES(167,'Operations Master Docs','Writing/Communications','True','Operations Master Docs','1');
INSERT INTO "GW_Volunteers__Volunteer_Job__c" VALUES(168,'Research and Development','Dog Training/Behavior/Veterinary','True','Research and Development','1');
INSERT INTO "GW_Volunteers__Volunteer_Job__c" VALUES(169,'Scholarships','Fundraising/Grants','True','Scholarships','1');
INSERT INTO "GW_Volunteers__Volunteer_Job__c" VALUES(170,'State Registration','Legal','True','State Registration','1');
INSERT INTO "GW_Volunteers__Volunteer_Job__c" VALUES(171,'Team Facilitator Certification','Administration','True','Team Facilitator Certification','1');
INSERT INTO "GW_Volunteers__Volunteer_Job__c" VALUES(172,'Team Facilitator Operations','Administration','True','Team Facilitator Operations','1');
CREATE TABLE "Lead" (
	id INTEGER NOT NULL, 
	"City" VARCHAR(255), 
	"Company" VARCHAR(255), 
	"Country" VARCHAR(255), 
	"Email" VARCHAR(255), 
	"FirstName" VARCHAR(255), 
	"GW_Volunteers__Volunteer_Availability__c" VARCHAR(255), 
	"GW_Volunteers__Volunteer_Notes__c" VARCHAR(255), 
	"GW_Volunteers__Volunteer_Skills__c" VARCHAR(255), 
	"GW_Volunteers__Volunteer_Status__c" VARCHAR(255), 
	"IsConverted" VARCHAR(255), 
	"IsUnreadByOwner" VARCHAR(255), 
	"LastName" VARCHAR(255), 
	"LeadInterest__c" VARCHAR(255), 
	"LeadSource" VARCHAR(255), 
	"LeadSourceOther__c" VARCHAR(255), 
	"MobilePhone" VARCHAR(255), 
	"Phone" VARCHAR(255), 
	"PostalCode" VARCHAR(255), 
	"PronounOther__c" VARCHAR(255), 
	"Pronoun__c" VARCHAR(255), 
	"State" VARCHAR(255), 
	"Status" VARCHAR(255), 
	"Street" VARCHAR(255), 
	"npe01__Preferred_Email__c" VARCHAR(255), 
	"npe01__Preferred_Phone__c" VARCHAR(255), 
	"npsp__CompanyCity__c" VARCHAR(255), 
	"npsp__CompanyCountry__c" VARCHAR(255), 
	"npsp__CompanyPostalCode__c" VARCHAR(255), 
	"npsp__CompanyState__c" VARCHAR(255), 
	"npsp__CompanyStreet__c" VARCHAR(255), 
	"npsp__Batch__c" VARCHAR(255), 
	PRIMARY KEY (id)
);
INSERT INTO "Lead" VALUES(1,'Kerryborough','N/A','Saint Helena','berryanne@example.org','Shelby','','','','','False','True','Buckley','Sweet Snoopers Training Program','Health Provider','','+1-184-331-3025x6776','001-432-606-5066x55570','28723','Record.','Prefer to self-describe','Arkansas','Working - Contacted','2870 Garrison Track Apt. 576','Personal','Home','','','','','','');
INSERT INTO "Lead" VALUES(2,'Desireeshire','N/A','Turks and Caicos Islands','cassidyshort@example.com','Taylor','','','','','False','True','Kent','Assistance Dogs Set in Motion Program','Website','','500.574.8136x540','451.822.8837x141','72597','Left.','She/Her','Nevada','Working - Contacted','914 Vincent Motorway','Alternate','Other','','','','','','');
INSERT INTO "Lead" VALUES(3,'Lake Rita','N/A','Saint Kitts and Nevis','davidcunningham@example.net','Miguel','','','','','False','True','Shields','Assistance Dogs Set in Motion Program','Facebook','','962.243.1112x9550','6766049251','45224','Somebody.','Prefer to self-describe','Delaware','Open - Not Contacted','14467 Newton Views','Personal','Work','','','','','','');
INSERT INTO "Lead" VALUES(4,'Laramouth','N/A','Indonesia','jeanneunderwood@example.com','Janet','','','','','False','True','West','Sweet Snoopers Training Program','Website','','825-778-9531','001-609-680-8373x9224','99140','Movement.','They/Them','Alabama','Open - Not Contacted','6783 Randy Burgs Apt. 669','Alternate','Home','','','','','','');
CREATE TABLE "Log__c" (
	id INTEGER NOT NULL, 
	"ClientHours__c" VARCHAR(255), 
	"ClientStress__c" VARCHAR(255), 
	"Date__c" VARCHAR(255), 
	"Details__c" VARCHAR(255), 
	"Handler__c" VARCHAR(255), 
	"OtherHours__c" VARCHAR(255), 
	"PublicAccessHours__c" VARCHAR(255), 
	"RecordTypeId" VARCHAR(255), 
	"RequestSupportFromAtlas__c" VARCHAR(255), 
	"RequestSupportFromTeam__c" VARCHAR(255), 
	"Satisfaction__c" VARCHAR(255), 
	"SessionType__c" VARCHAR(255), 
	"Stress__c" VARCHAR(255), 
	"SupportDetails__c" VARCHAR(255), 
	"Client__c" VARCHAR(255), 
	"Dog__c" VARCHAR(255), 
	"Facilitator__c" VARCHAR(255), 
	"Submitter__c" VARCHAR(255), 
	PRIMARY KEY (id)
);
INSERT INTO "Log__c" VALUES(1,'28.0','Very much','2016-10-06','Economy raise could true. Develop specific reason son democratic check other.','Robyn','77.0','94.0','012DK000001EtPKYA0','False','False','Rather much enjoyment','Virtual','To some extent','Involve its suddenly relationship agency couple subject. Eat past purpose get third indeed difference candidate.','93','2','98','3');
INSERT INTO "Log__c" VALUES(2,'59.0','Very much','2017-10-13','Parent model it state garden. Guess answer expect ahead. Significant perform down follow.','Jermaine','89.0','77.0','012DK000001EtPJYA0','True','False','A little enjoyment','In Person','Not at all','Project recognize short left drop. Dream board game evidence its certainly knowledge. Teach thousand finish be continue simply whose.','99','2','88','92');
INSERT INTO "Log__c" VALUES(3,'88.0','Only a little','2019-09-06','Put between house building fire break Mr. Follow action store teach.','Damon','29.0','31.0','012DK000001EtPJYA0','False','True','No enjoyment','Virtual','Not at all','Treat anyone final those section try. Mrs avoid history part help long career. Type dinner book thousand.','100','2','97','99');
INSERT INTO "Log__c" VALUES(4,'92.0','Rather much','2021-03-02','Worry could else determine only boy long. Half key general reveal control.','Guy','98.0','85.0','012DK000001EtPKYA0','False','False','No enjoyment','In Person','Rather much','Throughout line old glass four again. Determine finish ready sort record human any. General protect either. Whether garden me successful head rest radio improve.','100','2','98','101');
INSERT INTO "Log__c" VALUES(5,'70.0','Rather much','2022-06-05','Hundred perhaps while wall spend event. Wife argue cell finally party third. Somebody morning table war nature man father.','Yvonne','81.0','49.0','012DK000001EtPJYA0','False','False','Some enjoyment','Virtual','Rather much','Month result voice scientist practice treat. Forget my glass such really site score.','35','1','66','79');
INSERT INTO "Log__c" VALUES(6,'38.0','Not at all','2020-03-09','Instead capital answer bar nice almost billion. Should star stage building collection allow. Like point pressure catch listen movement fear.','Priscilla','99.0','84.0','012DK000001EtPJYA0','False','True','Extreme amount of enjoyment','In Person','Very much','Stuff blood cup address start difference. Pick draw home hair this. Which along responsibility. Become large why why standard.','35','1','70','68');
INSERT INTO "Log__c" VALUES(7,'97.0','Very much','2022-09-24','Often southern treatment no listen. Least speech free. Customer position seem anything.','Ronnie','12.0','81.0','012DK000001EtPJYA0','False','True','Extreme amount of enjoyment','In Person','Not at all','Once will field throw. Eye light color sit practice site. Defense prepare stay purpose.','105','2','5','103');
INSERT INTO "Log__c" VALUES(8,'59.0','Very much','2020-05-14','Method painting save suffer discuss law for. Face bar mean PM nation. Sometimes provide chair.','Stanley','0.0','22.0','012DK000001EtPKYA0','True','True','A little enjoyment','Virtual','Rather much','Appear responsibility across tough everything kitchen Congress. Ever look four then.','105','2','95','8');
INSERT INTO "Log__c" VALUES(9,'71.0','To some extent','2018-03-22','Either my author science want know bring.','Darryl','28.0','72.0','012DK000001EtPKYA0','False','True','A little enjoyment','In Person','Only a little','Guy pretty mention above piece ago think. Become little response. Change college director meeting.','1','2','95','6');
INSERT INTO "Log__c" VALUES(10,'55.0','Only a little','2018-03-29','Hope result they. Well would leg mouth most protect nor. Study mind its hot hundred.','Kirsten','83.0','87.0','012DK000001EtPKYA0','True','False','Rather much enjoyment','In Person','Very much','Loss more few whom PM moment apply. Always lose source control consider.','2','2','105','95');
INSERT INTO "Log__c" VALUES(11,'98.0','To some extent','2018-10-13','Candidate condition point debate act.','Jeanette','66.0','49.0','012DK000001EtPKYA0','False','True','No enjoyment','In Person','Very much','Despite represent Mrs check. Each above perform their art drive. Law cup office talk.','106','2','2','7');
INSERT INTO "Log__c" VALUES(12,'98.0','Rather much','2021-06-08','Why computer financial lot watch. General this responsibility image road capital go. Thing clear like so Mrs.','Jade','62.0','86.0','012DK000001EtPJYA0','True','True','A little enjoyment','In Person','Only a little','Seven sure dark style agreement you bill. Guy data model require them.','107','2','106','89');
INSERT INTO "Log__c" VALUES(13,'15.0','Rather much','2020-11-11','Same since north require why. Protect challenge listen instead food. Baby everybody according support never section.','Aaron','19.0','38.0','012DK000001EtPJYA0','True','False','Extreme amount of enjoyment','Virtual','Rather much','Dog example movement pick. Surface than difficult group gun baby bill military. Enough including eight recently issue view include or.','3','2','105','92');
INSERT INTO "Log__c" VALUES(14,'15.0','Not at all','2015-12-26','Foot simply ability. Hand develop they speech listen bit picture we. Water author quickly kind dinner.','Alexis','77.0','68.0','012DK000001EtPKYA0','True','True','Rather much enjoyment','Virtual','Very much','After green body happy including. Between sure ahead meet.','3','2','93','3');
INSERT INTO "Log__c" VALUES(15,'56.0','Very much','2017-03-24','Drive speech my research form if low. Order marriage federal threat officer force culture.','Alec','33.0','46.0','012DK000001EtPKYA0','True','True','Some enjoyment','In Person','Not at all','Nor forward into upon inside like international.','6','2','1','93');
INSERT INTO "Log__c" VALUES(16,'21.0','To some extent','2015-03-13','Staff discuss theory major adult day far. Allow take information prevent condition sure.','Darius','96.0','79.0','012DK000001EtPJYA0','False','False','Some enjoyment','Virtual','Not at all','Purpose enter outside only foreign. Available seven customer side onto alone.','6','2','7','98');
INSERT INTO "Log__c" VALUES(17,'51.0','Not at all','2019-10-24','Total couple house past vote particularly. May other box moment should family key. Stage play growth occur. Prove foreign point.','Tamara','75.0','34.0','012DK000001EtPKYA0','True','True','Extreme amount of enjoyment','In Person','Only a little','Industry believe example discover process. Social each economy three herself.','7','2','102','94');
INSERT INTO "Log__c" VALUES(18,'33.0','Rather much','2017-12-08','Often here feel tell risk home painting. How wear evidence election result.','Michelle','9.0','33.0','012DK000001EtPKYA0','False','True','A little enjoyment','Virtual','Rather much','Region environment keep as bank current bit. Prepare process health others girl.','7','2','90','104');
INSERT INTO "Log__c" VALUES(19,'7.0','To some extent','2017-02-17','Go food moment should city claim sell. Card subject when purpose employee mission very. Hand quickly believe specific place.','Maureen','78.0','55.0','012DK000001EtPKYA0','True','True','Some enjoyment','Virtual','Not at all','Term partner color rise site medical hold. Leader computer surface often. Even radio safe lawyer painting because oil. Central common citizen approach.','11','3','21','19');
INSERT INTO "Log__c" VALUES(20,'59.0','Very much','2018-08-13','Policy pick miss minute officer what attack. Represent operation few present interest teacher responsibility forget. Right these activity table. A recent report discuss physical order or.','Christy','73.0','70.0','012DK000001EtPJYA0','True','False','No enjoyment','Virtual','Only a little','Probably call history language. Anything job buy true fund.','9','3','28','12');
INSERT INTO "Log__c" VALUES(21,'14.0','Very much','2020-01-06','Serve fast international old sure. Whatever maintain middle leader let where goal whom. Fill audience bed value.','Cindy','88.0','9.0','012DK000001EtPJYA0','False','False','Extreme amount of enjoyment','In Person','Very much','Feeling animal expert. Shoulder fast stuff run inside need. Quite lead most ago.','9','3','30','20');
INSERT INTO "Log__c" VALUES(22,'15.0','Very much','2019-05-05','Participant answer light born stand understand tell. Too beautiful five face often heavy.','Trevor','76.0','30.0','012DK000001EtPJYA0','False','False','Some enjoyment','In Person','To some extent','Threat receive service price machine seem. Still direction land rock economic world. Conference relationship training case arm safe.','10','3','30','18');
INSERT INTO "Log__c" VALUES(23,'28.0','Only a little','2022-01-15','Myself outside thousand. Writer per improve almost in.','Colleen','67.0','12.0','012DK000001EtPKYA0','True','False','A little enjoyment','In Person','Only a little','Traditional argue cultural about I thousand least. Case half high something. Experience side style indicate.','10','3','10','24');
INSERT INTO "Log__c" VALUES(24,'40.0','Not at all','2018-09-14','Finish successful fast similar detail. Same president draw through out which heart. Likely training final establish party.','Roy','97.0','66.0','012DK000001EtPKYA0','False','False','Some enjoyment','In Person','Very much','White hear involve either course accept near. Away follow happy use note. Face man amount prepare skill many glass.','69','1','72','86');
INSERT INTO "Log__c" VALUES(25,'50.0','Not at all','2015-07-31','Southern other bank walk ground pay. Black camera son. My past win.','Walter','6.0','100.0','012DK000001EtPJYA0','False','True','A little enjoyment','In Person','Very much','Trouble surface writer assume sense. Step generation personal gun ten treatment. Pressure administration music choice.','69','1','71','69');
INSERT INTO "Log__c" VALUES(26,'40.0','Not at all','2022-02-06','Long wait reality adult. Partner stay gun. Us address interview who southern assume.','David','78.0','63.0','012DK000001EtPJYA0','False','False','A little enjoyment','In Person','Not at all','Address away one many east range left. Set certainly professional third song activity right follow.','16','3','14','29');
INSERT INTO "Log__c" VALUES(27,'21.0','Very much','2016-03-11','Certainly although his market decade peace black. Turn organization describe final their baby space. Executive send conference huge enjoy class lose.','Sophia','78.0','11.0','012DK000001EtPJYA0','False','False','Rather much enjoyment','Virtual','Very much','Physical technology he difficult. Discover structure foot require support.','16','3','20','33');
INSERT INTO "Log__c" VALUES(28,'82.0','Only a little','2016-07-06','Inside wide save speak happen see while. Quality exist ok here. Receive throughout believe those color very.','Carl','53.0','53.0','012DK000001EtPJYA0','True','True','No enjoyment','In Person','Not at all','Hotel role together take.','18','3','10','18');
INSERT INTO "Log__c" VALUES(29,'65.0','Very much','2016-09-25','So daughter then. Far strategy realize.','Andrea','23.0','93.0','012DK000001EtPKYA0','False','True','No enjoyment','In Person','Only a little','Question to here determine daughter whatever because. Red Democrat responsibility question bank more stage difficult. There drive statement source.','18','3','22','18');
INSERT INTO "Log__c" VALUES(30,'29.0','Rather much','2019-05-02','Boy relate measure money opportunity subject positive. Person opportunity natural write life feeling ago.','Xavier','43.0','18.0','012DK000001EtPJYA0','False','True','A little enjoyment','In Person','Very much','Religious memory decade level enter keep. Home new keep born paper help. Him stand throughout end exactly find operation.','23','3','17','12');
INSERT INTO "Log__c" VALUES(31,'90.0','Very much','2021-12-09','Increase happy real receive. Analysis thank writer probably president. Single cut room information sell blue.','Carol','7.0','44.0','012DK000001EtPJYA0','True','False','Some enjoyment','Virtual','Rather much','Bit method bag center sure customer. Audience important mouth music create six edge.','23','3','32','31');
INSERT INTO "Log__c" VALUES(32,'4.0','To some extent','2015-03-14','Big tonight however agreement. Language necessary point single during traditional.','Janet','73.0','90.0','012DK000001EtPKYA0','False','False','Extreme amount of enjoyment','In Person','To some extent','Strong understand best loss team. Buy key enter employee look certain prevent. Sister sell necessary message identify. First outside administration lay.','24','3','28','28');
INSERT INTO "Log__c" VALUES(33,'64.0','Only a little','2016-04-21','Activity effect store play actually tonight whether artist. Item leader budget.','Natasha','30.0','15.0','012DK000001EtPJYA0','True','True','Extreme amount of enjoyment','Virtual','Very much','Year movement word worker. Benefit system nearly wall baby. Available station I dog.','70','1','74','66');
INSERT INTO "Log__c" VALUES(34,'55.0','Not at all','2017-05-07','Certain ago four somebody economy. Job cell cut.','Bobby','2.0','44.0','012DK000001EtPJYA0','True','True','Extreme amount of enjoyment','Virtual','Not at all','Cup section financial guess difficult drop walk glass. Threat fine on trip eye argue discover.','21','3','15','31');
INSERT INTO "Log__c" VALUES(35,'29.0','Only a little','2019-10-21','Her production crime attack method spend. Head will relate deep purpose leg production. News fast economic trouble those purpose.','Beverly','69.0','73.0','012DK000001EtPJYA0','False','False','Some enjoyment','In Person','To some extent','Attorney after score must account old pull. Economy speak us fire.','28','3','18','20');
INSERT INTO "Log__c" VALUES(36,'76.0','Very much','2020-08-26','Senior teach personal edge. Dog end force present name fall environmental. Administration section month computer read benefit.','Alejandra','81.0','76.0','012DK000001EtPJYA0','False','True','No enjoyment','Virtual','Only a little','Moment rest red eight activity owner brother. Her above other kid large. Every to course.','26','3','11','32');
INSERT INTO "Log__c" VALUES(37,'97.0','To some extent','2021-05-03','Run understand college. Blood build community civil among. Avoid type certainly one this.','Daisy','47.0','86.0','012DK000001EtPJYA0','False','False','No enjoyment','In Person','To some extent','According record enter husband realize international. Discover two modern this. Notice drug beat. Begin and source goal hot fear yes company.','33','3','19','9');
INSERT INTO "Log__c" VALUES(38,'68.0','Rather much','2016-10-30','Plan just defense. Only consider large serve thus accept.','Ian','32.0','60.0','012DK000001EtPJYA0','True','False','No enjoyment','In Person','Only a little','Church make president relate finish nearly. Hour cut lot seven particularly day him quickly.','33','3','15','28');
INSERT INTO "Log__c" VALUES(39,'70.0','Not at all','2021-03-22','By exactly crime around explain. Yet cup issue mother own. Student case establish indicate.','Victoria','21.0','100.0','012DK000001EtPJYA0','True','True','No enjoyment','In Person','Rather much','Get gas west say five represent news. Season tonight service early may letter. May population more from population sound.','33','3','20','28');
INSERT INTO "Log__c" VALUES(40,'90.0','Rather much','2017-04-22','Show toward within family power music. Energy partner skill home.','Jake','84.0','60.0','012DK000001EtPJYA0','False','True','Rather much enjoyment','In Person','Rather much','Building event range five. Possible physical environmental major have.','32','3','14','22');
INSERT INTO "Log__c" VALUES(41,'29.0','Very much','2017-04-14','Gun all someone mission include bag amount. Financial red look account. Single small long soldier.','Bethany','78.0','9.0','012DK000001EtPKYA0','False','False','A little enjoyment','In Person','To some extent','Leader end expect tend care suggest whose. Never claim significant particularly.','32','3','21','30');
INSERT INTO "Log__c" VALUES(42,'7.0','Not at all','2020-08-03','Why practice kitchen care. Mrs choice chance many energy. Everyone kid deep into.','Rickey','54.0','60.0','012DK000001EtPJYA0','True','True','Some enjoyment','Virtual','To some extent','Growth time similar appear. Teacher remain in several.','66','1','67','85');
INSERT INTO "Log__c" VALUES(43,'81.0','Not at all','2016-01-11','Site religious economic. Very teacher no eat to charge. You group major open stock show happen.','Chelsey','54.0','12.0','012DK000001EtPJYA0','True','True','No enjoyment','In Person','Only a little','Contain also represent stock stop. Subject civil personal modern wall.','41','4','40','56');
INSERT INTO "Log__c" VALUES(44,'37.0','Only a little','2018-04-05','Consider store why blood. Board old civil collection.','Mallory','82.0','4.0','012DK000001EtPJYA0','True','True','Rather much enjoyment','In Person','Not at all','Politics standard join far hot standard. So hundred so again letter class seek. Before attention company group about crime.','38','4','38','61');
INSERT INTO "Log__c" VALUES(45,'20.0','To some extent','2015-06-25','Political dog run amount. Hard kitchen family deal wind rise leg tend. Spring turn measure price computer soldier.','Sara','38.0','100.0','012DK000001EtPKYA0','True','False','A little enjoyment','In Person','Not at all','People list daughter world deal. Likely pick boy success. Tonight east manage yet special rich.','39','4','43','58');
INSERT INTO "Log__c" VALUES(46,'3.0','Very much','2021-05-26','White water away seek form. Speech character election watch back fire.','Malik','76.0','47.0','012DK000001EtPKYA0','True','True','No enjoyment','Virtual','Very much','Main gun build game food we. Best major economy attention important pretty professional.','44','4','38','48');
INSERT INTO "Log__c" VALUES(47,'87.0','To some extent','2015-01-24','Such beautiful religious participant film. Sound media describe very. Second hand language common move role both.','Christy','64.0','65.0','012DK000001EtPKYA0','False','True','Rather much enjoyment','In Person','Not at all','Action foreign system now finally. Hospital practice piece worry summer finish. Suddenly capital meeting action.','43','4','51','44');
INSERT INTO "Log__c" VALUES(48,'42.0','Only a little','2015-12-23','Provide group within this who food. War pass key. Avoid something yourself purpose relate fire better.','Sarah','35.0','69.0','012DK000001EtPJYA0','False','True','Rather much enjoyment','In Person','Only a little','Myself movement political seek meet four several. Return reality doctor free apply alone mention among. Age until because system.','43','4','64','42');
INSERT INTO "Log__c" VALUES(49,'52.0','Very much','2021-01-21','Increase maintain husband their imagine word. Individual attention garden score hospital trade something space.','Mandy','26.0','69.0','012DK000001EtPKYA0','True','False','Extreme amount of enjoyment','Virtual','Only a little','Live manager election common window five plan. Everything our hotel tax whom skill similar side. Certain stage defense.','48','4','52','45');
INSERT INTO "Log__c" VALUES(50,'35.0','Not at all','2022-08-09','Recently they half gas customer film quickly. Quality throw future herself alone.','Brittany','21.0','95.0','012DK000001EtPKYA0','True','False','No enjoyment','In Person','Very much','Future before partner admit speech. Someone friend tree.','46','4','48','47');
INSERT INTO "Log__c" VALUES(51,'82.0','Rather much','2015-11-01','Move say civil eight lawyer.','Alex','40.0','66.0','012DK000001EtPJYA0','False','False','No enjoyment','Virtual','Very much','Without evening specific provide reality. Today stage carry guess stock they. College government head law dinner either career.','47','4','64','63');
INSERT INTO "Log__c" VALUES(52,'12.0','To some extent','2020-11-22','Up one your enter. Surface they teacher seek generation successful.','Martin','51.0','94.0','012DK000001EtPJYA0','False','False','No enjoyment','Virtual','To some extent','Style include phone we skill. Protect special onto political executive player. Important face top act eye around nothing.','53','4','62','62');
INSERT INTO "Log__c" VALUES(53,'80.0','Rather much','2021-05-03','Put third war. Likely usually everyone consider plant. Both cut painting into out ever.','Andres','74.0','72.0','012DK000001EtPJYA0','True','True','A little enjoyment','In Person','Rather much','Off western score perhaps language scene. Husband together activity follow. Throw stage season heart last candidate difference action. Real administration agency could start performance.','52','4','41','62');
INSERT INTO "Log__c" VALUES(54,'71.0','Not at all','2020-10-27','Action arm style when boy theory. Common civil country high probably fund career. Practice method statement.','Priscilla','55.0','20.0','012DK000001EtPKYA0','True','False','No enjoyment','In Person','Rather much','Play stay realize record actually. Special prevent discover term. Military dark meet language. Admit Congress energy.','52','4','51','44');
INSERT INTO "Log__c" VALUES(55,'28.0','Not at all','2018-02-27','Easy hand thing standard hope. Do citizen some time million possible.','Makayla','91.0','68.0','012DK000001EtPKYA0','True','True','Extreme amount of enjoyment','Virtual','Very much','Television feeling probably just. Fly what event hour camera especially second decade.','73','1','82','75');
INSERT INTO "Log__c" VALUES(56,'43.0','Not at all','2015-04-08','Lay contain fear allow thousand if. Join recognize business argue by class mission later. Its mother happen.','Kylie','15.0','99.0','012DK000001EtPKYA0','False','True','Rather much enjoyment','In Person','Rather much','Part our how whose. Born stuff various position suffer feel brother. Property protect song especially perhaps late campaign foreign.','73','1','74','68');
INSERT INTO "Log__c" VALUES(57,'75.0','To some extent','2015-09-11','Use significant together. Movement since social western. Open party attorney.','Paige','1.0','65.0','012DK000001EtPKYA0','False','True','Some enjoyment','In Person','Only a little','State door find store among person price. Develop realize policy party analysis even girl. Since way discover inside daughter.','57','4','61','56');
INSERT INTO "Log__c" VALUES(58,'28.0','Very much','2016-03-07','Continue short one order. None despite edge summer. Year card I artist available.','Jacob','10.0','9.0','012DK000001EtPJYA0','False','True','No enjoyment','In Person','To some extent','End to send model total clearly will. Camera on herself daughter will yard should sometimes.','57','4','64','38');
INSERT INTO "Log__c" VALUES(59,'97.0','Very much','2019-11-06','When him because decide impact. Newspaper important least hot share. People scientist station then increase return inside scene. Tax mind whom these side nice Congress.','Linda','2.0','21.0','012DK000001EtPKYA0','False','False','A little enjoyment','Virtual','To some extent','Wind recognize senior beyond figure consider her education. Else cost listen.','60','4','49','64');
INSERT INTO "Log__c" VALUES(60,'74.0','Only a little','2018-11-22','Government sometimes simple so prepare sense. Suffer top artist. Performance yard computer side. There poor investment treat.','Don','72.0','20.0','012DK000001EtPKYA0','True','True','Rather much enjoyment','Virtual','Not at all','Whom hear bag fill. Act scientist eat or another power win. Just pretty low station moment network.','60','4','39','42');
INSERT INTO "Log__c" VALUES(61,'100.0','Very much','2017-03-22','None go security western candidate onto his. Party director specific firm security beautiful skill development. Then audience wide moment into such director. Together understand old fact body hair.','Tracie','66.0','2.0','012DK000001EtPJYA0','True','True','Rather much enjoyment','In Person','Very much','Agency cold between car score. Where at heavy. Best who poor agent production value.','60','4','57','51');
INSERT INTO "Log__c" VALUES(62,'63.0','Very much','2015-09-04','Throw alone imagine father. Like some agent including animal.','Bill','0.0','48.0','012DK000001EtPKYA0','True','False','Some enjoyment','Virtual','To some extent','Five outside unit leave series spend discussion. Wear tough society because performance special war. World ready often account environment general executive.','63','4','50','55');
INSERT INTO "Log__c" VALUES(63,'4.0','To some extent','2021-07-26','Government cause culture strategy. Down fight everything artist budget activity one relate. Possible else trip anything since director building. Camera film include listen.','Scott','64.0','90.0','012DK000001EtPJYA0','True','False','Rather much enjoyment','In Person','Not at all','Serve half impact final last thank. Themselves look laugh member result second economy.','61','4','54','46');
INSERT INTO "Log__c" VALUES(64,'72.0','Not at all','2015-01-26','General manager evening much. How door whose agent form yard business.','Clarence','88.0','69.0','012DK000001EtPJYA0','True','False','A little enjoyment','In Person','Very much','Food pick trial and it more medical become. Arm material between pressure nearly.','62','4','51','43');
INSERT INTO "Log__c" VALUES(65,'67.0','Rather much','2018-11-23','Near idea current professional go. Security debate read remain lead tell.','Vernon','20.0','71.0','012DK000001EtPJYA0','False','False','A little enjoyment','Virtual','Rather much','Billion himself rule billion involve. Mind help and show central collection.','72','1','78','75');
INSERT INTO "Log__c" VALUES(66,'56.0','Very much','2017-06-19','Fund far clearly station result benefit. Interview sell anyone.','Ronnie','67.0','79.0','012DK000001EtPKYA0','True','False','A little enjoyment','In Person','To some extent','Total mission financial both participant very. Natural season ask care avoid that theory. Yet back project.','72','1','78','66');
INSERT INTO "Log__c" VALUES(67,'90.0','Not at all','2021-07-07','Tell pick radio learn six then security.','Anita','5.0','90.0','012DK000001EtPJYA0','True','True','Some enjoyment','Virtual','Very much','It seem experience film represent fish. Speech main time. Production couple out law guess.','75','1','67','73');
INSERT INTO "Log__c" VALUES(68,'24.0','To some extent','2016-12-09','Decade individual official TV behavior. Quickly stand almost only difference inside. Rule charge involve challenge south position suggest.','Bobby','50.0','96.0','012DK000001EtPJYA0','False','False','Extreme amount of enjoyment','Virtual','Very much','Office firm cup oil production crime fight move. Spend upon when will section benefit. Local should consumer than look sort if. Everything amount group everything read visit.','75','1','67','73');
INSERT INTO "Log__c" VALUES(69,'22.0','To some extent','2021-12-09','I least hit child when century mention.','Angelica','50.0','58.0','012DK000001EtPKYA0','True','True','Some enjoyment','Virtual','Only a little','Very everybody myself little indeed culture. Million mean responsibility become. Tree court get chance peace.','37','1','74','80');
INSERT INTO "Log__c" VALUES(70,'7.0','Very much','2016-10-22','Activity remain create research. Group must model art positive. Store list available bag life building he.','Jeffrey','16.0','42.0','012DK000001EtPJYA0','True','False','Some enjoyment','In Person','Rather much','Gas box cover discussion hard success. Role ready here party simple moment company.','78','1','74','66');
INSERT INTO "Log__c" VALUES(71,'41.0','Only a little','2019-03-09','Light effort show east number force individual thank. Leg stock third suffer.','Ellen','11.0','45.0','012DK000001EtPJYA0','True','True','A little enjoyment','In Person','Only a little','Clear popular animal easy develop interview. Type yes condition outside.','82','1','76','78');
INSERT INTO "Log__c" VALUES(72,'40.0','To some extent','2019-10-25','Officer those strong might eat. Admit drop live say responsibility.','Brandi','29.0','70.0','012DK000001EtPKYA0','False','True','No enjoyment','In Person','To some extent','Good rich accept necessary cell. Maintain camera life.','82','1','82','82');
INSERT INTO "Log__c" VALUES(73,'91.0','Only a little','2016-09-22','Day medical whatever none in. At no read reflect human bar present can. Help compare mission manage deal put week.','Evan','96.0','84.0','012DK000001EtPJYA0','True','True','A little enjoyment','Virtual','Only a little','Institution individual cultural necessary realize social. Individual her no per age quite final account.','82','1','35','87');
INSERT INTO "Log__c" VALUES(74,'18.0','Rather much','2016-03-23','Clear system science gas.','Miguel','77.0','31.0','012DK000001EtPKYA0','False','False','Extreme amount of enjoyment','In Person','Only a little','Seem full teach world bar drive care chair. Small win week begin. Throughout happy four wife employee management. Seat PM development job couple foreign church.','85','1','37','84');
INSERT INTO "Log__c" VALUES(75,'5.0','Only a little','2017-01-08','Process item protect western. Everyone north move hair current bad.','Leonard','73.0','8.0','012DK000001EtPKYA0','True','True','No enjoyment','Virtual','To some extent','Thus Congress game type behavior. Activity herself world kid operation.','85','1','74','69');
INSERT INTO "Log__c" VALUES(76,'10.0','To some extent','2016-09-02','Heart dark member performance. Agent difficult local just. Decide usually degree also direction.','Dillon','71.0','28.0','012DK000001EtPKYA0','True','True','Rather much enjoyment','In Person','Not at all','Despite improve with vote. Discover song rule hot.','87','1','67','78');
INSERT INTO "Log__c" VALUES(77,'69.0','Rather much','2017-06-10','After ball single instead. Myself from every note.','Jeffery','53.0','61.0','012DK000001EtPKYA0','True','False','A little enjoyment','In Person','Very much','Such than base. You question miss pattern effort director. Administration information customer behind general step class.','88','2','88','106');
INSERT INTO "Log__c" VALUES(78,'83.0','To some extent','2018-06-20','Poor bad black fast. Song film six account wonder movement exactly. Mission should off today name very candidate mission.','Darius','7.0','27.0','012DK000001EtPKYA0','True','True','No enjoyment','In Person','To some extent','Throughout pass capital sit decision television camera. Born seat society safe control up. Ever recently stock common.','95','2','88','96');
INSERT INTO "Log__c" VALUES(79,'60.0','Very much','2017-02-11','Talk party police star remember. Ago night election might situation between. Could sure performance cost stay return ten.','Shawn','98.0','12.0','012DK000001EtPKYA0','False','False','No enjoyment','Virtual','Rather much','Floor many reason alone radio. Ever population include also himself break be.','92','2','99','100');
INSERT INTO "Log__c" VALUES(80,'65.0','Only a little','2020-05-16','Over project seem hit response hear. During now group station project.','Tabitha','77.0','45.0','012DK000001EtPKYA0','True','False','No enjoyment','Virtual','Only a little','Question federal trouble.','93','2','97','106');
CREATE TABLE "Log__c_rt_mapping" (
	record_type_id VARCHAR(18) NOT NULL, 
	developer_name VARCHAR(255), 
	PRIMARY KEY (record_type_id)
);
INSERT INTO "Log__c_rt_mapping" VALUES('012DK000001EtPJYA0','Client');
INSERT INTO "Log__c_rt_mapping" VALUES('012DK000001EtPKYA0','TeamFacilitator');
CREATE TABLE "ProgramAssignment__c" (
	id INTEGER NOT NULL, 
	"AssignedDate__c" VARCHAR(255), 
	"CompletionDate__c" VARCHAR(255), 
	"ExpectedCompletion__c" VARCHAR(255), 
	"Status__c" VARCHAR(255), 
	"Contact__c" VARCHAR(255), 
	"Program__c" VARCHAR(255), 
	PRIMARY KEY (id)
);
INSERT INTO "ProgramAssignment__c" VALUES(1,'2016-11-10','2017-04-04','2021-04-06','In Progress','76','1');
INSERT INTO "ProgramAssignment__c" VALUES(2,'2016-01-22','2017-06-25','2017-05-29','Removed','105','41');
INSERT INTO "ProgramAssignment__c" VALUES(3,'2015-05-30','2017-09-28','2018-07-02','Removed','25','64');
INSERT INTO "ProgramAssignment__c" VALUES(4,'2022-06-06','2022-09-08','2022-10-01','Discontinued','55','86');
CREATE TABLE "Program__c" (
	id INTEGER NOT NULL, 
	"CEU__c" VARCHAR(255), 
	"Current__c" VARCHAR(255), 
	"Months__c" VARCHAR(255), 
	"Name" VARCHAR(255), 
	"Reminder__c" VARCHAR(255), 
	"Standalone__c" VARCHAR(255), 
	PRIMARY KEY (id)
);
INSERT INTO "Program__c" VALUES(1,'False','True','6.0','Client Certification','30.0','False');
INSERT INTO "Program__c" VALUES(2,'False','True','1.0','Fitness','','True');
INSERT INTO "Program__c" VALUES(3,'True','True','1.5','Fitness [CEU]','','True');
INSERT INTO "Program__c" VALUES(4,'False','True','1.0','Medical Disability','','True');
INSERT INTO "Program__c" VALUES(5,'False','True','1.5','Medical Disability [CEU]','','True');
INSERT INTO "Program__c" VALUES(6,'False','True','1.0','Medical Disability','','True');
INSERT INTO "Program__c" VALUES(7,'False','True','1.5','Medical Disability [CEU]','','True');
INSERT INTO "Program__c" VALUES(8,'True','True','4.0','OT Advanced Bundle [CEU]','','True');
INSERT INTO "Program__c" VALUES(9,'False','True','1.0','Psychiatric Disability','','True');
INSERT INTO "Program__c" VALUES(10,'True','True','1.5','Psychiatric Disability [CEU]','','True');
INSERT INTO "Program__c" VALUES(11,'False','True','4.0','Puppy Raiser','30.0','False');
INSERT INTO "Program__c" VALUES(12,'False','True','1.0','Service Dog Selection','','True');
INSERT INTO "Program__c" VALUES(13,'True','True','1.5','Service Dog Selection [CEU]','','True');
INSERT INTO "Program__c" VALUES(14,'True','True','4.0','Service Dog Training Bundle','','True');
INSERT INTO "Program__c" VALUES(15,'False','True','1.0','Service Dogs Foundations','','True');
INSERT INTO "Program__c" VALUES(16,'False','True','1.5','Service Dogs Foundations [CEU]','','True');
INSERT INTO "Program__c" VALUES(17,'False','True','0.3','Staff','7.0','False');
INSERT INTO "Program__c" VALUES(18,'True','True','3.0','Sweet Snoopers [CEU]','','True');
INSERT INTO "Program__c" VALUES(19,'False','True','4.0','Team Facilitator','30.0','True');
INSERT INTO "Program__c" VALUES(20,'False','True','6.0','Teams Set in Motion Client','','True');
INSERT INTO "Program__c" VALUES(21,'True','True','9.0','Trainer Certification','30.0','False');
INSERT INTO "Program__c" VALUES(22,'False','True','0.5','Volunteer','7.0','False');
INSERT INTO "Program__c" VALUES(23,'False','True','6.0','Client Certification','30.0','False');
INSERT INTO "Program__c" VALUES(24,'False','True','1.0','Fitness','','True');
INSERT INTO "Program__c" VALUES(25,'True','True','1.5','Fitness [CEU]','','True');
INSERT INTO "Program__c" VALUES(26,'False','True','1.0','Medical Disability','','True');
INSERT INTO "Program__c" VALUES(27,'False','True','1.5','Medical Disability [CEU]','','True');
INSERT INTO "Program__c" VALUES(28,'False','True','1.0','Medical Disability','','True');
INSERT INTO "Program__c" VALUES(29,'False','True','1.5','Medical Disability [CEU]','','True');
INSERT INTO "Program__c" VALUES(30,'True','True','4.0','OT Advanced Bundle [CEU]','','True');
INSERT INTO "Program__c" VALUES(31,'False','True','1.0','Psychiatric Disability','','True');
INSERT INTO "Program__c" VALUES(32,'True','True','1.5','Psychiatric Disability [CEU]','','True');
INSERT INTO "Program__c" VALUES(33,'False','True','4.0','Puppy Raiser','30.0','False');
INSERT INTO "Program__c" VALUES(34,'False','True','1.0','Service Dog Selection','','True');
INSERT INTO "Program__c" VALUES(35,'True','True','1.5','Service Dog Selection [CEU]','','True');
INSERT INTO "Program__c" VALUES(36,'True','True','4.0','Service Dog Training Bundle','','True');
INSERT INTO "Program__c" VALUES(37,'False','True','1.0','Service Dogs Foundations','','True');
INSERT INTO "Program__c" VALUES(38,'False','True','1.5','Service Dogs Foundations [CEU]','','True');
INSERT INTO "Program__c" VALUES(39,'False','True','0.3','Staff','7.0','False');
INSERT INTO "Program__c" VALUES(40,'True','True','3.0','Sweet Snoopers [CEU]','','True');
INSERT INTO "Program__c" VALUES(41,'False','True','4.0','Team Facilitator','30.0','True');
INSERT INTO "Program__c" VALUES(42,'False','True','6.0','Teams Set in Motion Client','','True');
INSERT INTO "Program__c" VALUES(43,'True','True','9.0','Trainer Certification','30.0','False');
INSERT INTO "Program__c" VALUES(44,'False','True','0.5','Volunteer','7.0','False');
INSERT INTO "Program__c" VALUES(45,'False','True','6.0','Client Certification','30.0','False');
INSERT INTO "Program__c" VALUES(46,'False','True','1.0','Fitness','','True');
INSERT INTO "Program__c" VALUES(47,'True','True','1.5','Fitness [CEU]','','True');
INSERT INTO "Program__c" VALUES(48,'False','True','1.0','Medical Disability','','True');
INSERT INTO "Program__c" VALUES(49,'False','True','1.5','Medical Disability [CEU]','','True');
INSERT INTO "Program__c" VALUES(50,'False','True','1.0','Medical Disability','','True');
INSERT INTO "Program__c" VALUES(51,'False','True','1.5','Medical Disability [CEU]','','True');
INSERT INTO "Program__c" VALUES(52,'True','True','4.0','OT Advanced Bundle [CEU]','','True');
INSERT INTO "Program__c" VALUES(53,'False','True','1.0','Psychiatric Disability','','True');
INSERT INTO "Program__c" VALUES(54,'True','True','1.5','Psychiatric Disability [CEU]','','True');
INSERT INTO "Program__c" VALUES(55,'False','True','4.0','Puppy Raiser','30.0','False');
INSERT INTO "Program__c" VALUES(56,'False','True','1.0','Service Dog Selection','','True');
INSERT INTO "Program__c" VALUES(57,'True','True','1.5','Service Dog Selection [CEU]','','True');
INSERT INTO "Program__c" VALUES(58,'True','True','4.0','Service Dog Training Bundle','','True');
INSERT INTO "Program__c" VALUES(59,'False','True','1.0','Service Dogs Foundations','','True');
INSERT INTO "Program__c" VALUES(60,'False','True','1.5','Service Dogs Foundations [CEU]','','True');
INSERT INTO "Program__c" VALUES(61,'False','True','0.3','Staff','7.0','False');
INSERT INTO "Program__c" VALUES(62,'True','True','3.0','Sweet Snoopers [CEU]','','True');
INSERT INTO "Program__c" VALUES(63,'False','True','4.0','Team Facilitator','30.0','True');
INSERT INTO "Program__c" VALUES(64,'False','True','6.0','Teams Set in Motion Client','','True');
INSERT INTO "Program__c" VALUES(65,'True','True','9.0','Trainer Certification','30.0','False');
INSERT INTO "Program__c" VALUES(66,'False','True','0.5','Volunteer','7.0','False');
INSERT INTO "Program__c" VALUES(67,'False','True','6.0','Client Certification','30.0','False');
INSERT INTO "Program__c" VALUES(68,'False','True','1.0','Fitness','','True');
INSERT INTO "Program__c" VALUES(69,'True','True','1.5','Fitness [CEU]','','True');
INSERT INTO "Program__c" VALUES(70,'False','True','1.0','Medical Disability','','True');
INSERT INTO "Program__c" VALUES(71,'False','True','1.5','Medical Disability [CEU]','','True');
INSERT INTO "Program__c" VALUES(72,'False','True','1.0','Medical Disability','','True');
INSERT INTO "Program__c" VALUES(73,'False','True','1.5','Medical Disability [CEU]','','True');
INSERT INTO "Program__c" VALUES(74,'True','True','4.0','OT Advanced Bundle [CEU]','','True');
INSERT INTO "Program__c" VALUES(75,'False','True','1.0','Psychiatric Disability','','True');
INSERT INTO "Program__c" VALUES(76,'True','True','1.5','Psychiatric Disability [CEU]','','True');
INSERT INTO "Program__c" VALUES(77,'False','True','4.0','Puppy Raiser','30.0','False');
INSERT INTO "Program__c" VALUES(78,'False','True','1.0','Service Dog Selection','','True');
INSERT INTO "Program__c" VALUES(79,'True','True','1.5','Service Dog Selection [CEU]','','True');
INSERT INTO "Program__c" VALUES(80,'True','True','4.0','Service Dog Training Bundle','','True');
INSERT INTO "Program__c" VALUES(81,'False','True','1.0','Service Dogs Foundations','','True');
INSERT INTO "Program__c" VALUES(82,'False','True','1.5','Service Dogs Foundations [CEU]','','True');
INSERT INTO "Program__c" VALUES(83,'False','True','0.3','Staff','7.0','False');
INSERT INTO "Program__c" VALUES(84,'True','True','3.0','Sweet Snoopers [CEU]','','True');
INSERT INTO "Program__c" VALUES(85,'False','True','4.0','Team Facilitator','30.0','True');
INSERT INTO "Program__c" VALUES(86,'False','True','6.0','Teams Set in Motion Client','','True');
INSERT INTO "Program__c" VALUES(87,'True','True','9.0','Trainer Certification','30.0','False');
INSERT INTO "Program__c" VALUES(88,'False','True','0.5','Volunteer','7.0','False');
CREATE TABLE "PublicAccessTest__c" (
	id INTEGER NOT NULL, 
	"AssessorComments__c" VARCHAR(255), 
	"DateCompleted__c" VARCHAR(255), 
	"Location__c" VARCHAR(255), 
	"ReviewComments__c" VARCHAR(255), 
	"Status__c" VARCHAR(255), 
	"Type__c" VARCHAR(255), 
	"ValidUntil__c" VARCHAR(255), 
	"Assessor__c" VARCHAR(255), 
	"Team__c" VARCHAR(255), 
	PRIMARY KEY (id)
);
INSERT INTO "PublicAccessTest__c" VALUES(1,'Environmental do cost energy mission indeed. Role its read him as staff strong. Night community interview through strong.','2021-12-29','Virtual','Pattern discover whom relationship report stage. Section soldier international clear conference behavior. Can in rise avoid me.','Failed','Initial','2022-12-29','34','2');
INSERT INTO "PublicAccessTest__c" VALUES(2,'Available hold generation approach them image. Be business work born finally authority later. Walk worry force authority consider especially.','2022-08-17','In Person','Music compare argue major. Bank once threat relate. Rule war star side style source.','Passed','Recertification','2023-08-17','105','3');
INSERT INTO "PublicAccessTest__c" VALUES(3,'Authority establish worker. Certain interesting fill newspaper. Remember key where debate.','2022-01-09','Virtual','Local yeah positive. Must with oil exist happen make their.','Passed','Retest','2023-01-09','10','4');
INSERT INTO "PublicAccessTest__c" VALUES(4,'Economy physical bar move bring rather address. Remain choose customer option method sign guy.','2022-04-07','In Person','Trip team four suddenly somebody thought. It major never man ask nothing. Five do fear significant this catch. Hotel several lose PM both live set range.','Passed','Recertification','2023-04-07','55','1');
CREATE TABLE "Team__c" (
	id INTEGER NOT NULL, 
	"Name" VARCHAR(255), 
	"PatCount__c" VARCHAR(255), 
	"PatValidUntil__c" VARCHAR(255), 
	"PrimaryCertification__c" VARCHAR(255), 
	"SecondaryCertification__c" VARCHAR(255), 
	"Client__c" VARCHAR(255), 
	"Dog__c" VARCHAR(255), 
	"Handler__c" VARCHAR(255), 
	PRIMARY KEY (id)
);
INSERT INTO "Team__c" VALUES(1,'DuncanMaria_Sophie','4.0','2023-07-24','Psychiatric','Hearing Alert','57','4','58');
INSERT INTO "Team__c" VALUES(2,'LoganHooper_Shadow','5.0','2023-01-09','Autism','Seizure Response','80','1','35');
INSERT INTO "Team__c" VALUES(3,'AngelaWhitney_Max','5.0','2023-06-09','Hearing Alert','Medical Alert','99','2','97');
INSERT INTO "Team__c" VALUES(4,'NoahHenderson_Hunter','3.0','2023-07-01','Seizure Response','Diabetes Alert','16','3','15');
CREATE TABLE "npe4__Relationship__c" (
	id INTEGER NOT NULL, 
	"npe4__Type__c" VARCHAR(255), 
	"npe4__Contact__c" VARCHAR(255), 
	"npe4__RelatedContact__c" VARCHAR(255), 
	PRIMARY KEY (id)
);
INSERT INTO "npe4__Relationship__c" VALUES(1,'Daughter','20','25');
INSERT INTO "npe4__Relationship__c" VALUES(2,'Primary Emergency Contact','21','25');
INSERT INTO "npe4__Relationship__c" VALUES(3,'Secondary Emergency Contact','22','25');
INSERT INTO "npe4__Relationship__c" VALUES(4,'Father','34','70');
INSERT INTO "npe4__Relationship__c" VALUES(5,'Primary Emergency Contact','66','70');
INSERT INTO "npe4__Relationship__c" VALUES(6,'Secondary Emergency Contact','67','70');
INSERT INTO "npe4__Relationship__c" VALUES(7,'Volunteer Lead','9','29');
INSERT INTO "npe4__Relationship__c" VALUES(8,'Primary Emergency Contact','26','29');
INSERT INTO "npe4__Relationship__c" VALUES(9,'Secondary Emergency Contact','27','29');
INSERT INTO "npe4__Relationship__c" VALUES(10,'Primary Emergency Contact','31','33');
INSERT INTO "npe4__Relationship__c" VALUES(11,'Trainer Referral','31','33');
INSERT INTO "npe4__Relationship__c" VALUES(12,'Secondary Emergency Contact','32','33');
INSERT INTO "npe4__Relationship__c" VALUES(13,'Granddaughter','41','41');
INSERT INTO "npe4__Relationship__c" VALUES(14,'Primary Emergency Contact','38','41');
INSERT INTO "npe4__Relationship__c" VALUES(15,'Secondary Emergency Contact','39','41');
INSERT INTO "npe4__Relationship__c" VALUES(16,'Mother','41','45');
INSERT INTO "npe4__Relationship__c" VALUES(17,'Primary Emergency Contact','42','45');
INSERT INTO "npe4__Relationship__c" VALUES(18,'Secondary Emergency Contact','43','45');
INSERT INTO "npe4__Relationship__c" VALUES(19,'Team Facilitator','39','50');
INSERT INTO "npe4__Relationship__c" VALUES(20,'Primary Emergency Contact','46','50');
INSERT INTO "npe4__Relationship__c" VALUES(21,'Secondary Emergency Contact','47','50');
INSERT INTO "npe4__Relationship__c" VALUES(22,'Client','53','55');
INSERT INTO "npe4__Relationship__c" VALUES(23,'Primary Emergency Contact','51','55');
INSERT INTO "npe4__Relationship__c" VALUES(24,'Secondary Emergency Contact','52','55');
INSERT INTO "npe4__Relationship__c" VALUES(25,'Primary Emergency Contact','56','59');
INSERT INTO "npe4__Relationship__c" VALUES(26,'Client','56','59');
INSERT INTO "npe4__Relationship__c" VALUES(27,'Secondary Emergency Contact','57','59');
INSERT INTO "npe4__Relationship__c" VALUES(28,'Grandfather','73','36');
INSERT INTO "npe4__Relationship__c" VALUES(29,'Primary Emergency Contact','73','71');
INSERT INTO "npe4__Relationship__c" VALUES(30,'Secondary Emergency Contact','73','72');
INSERT INTO "npe4__Relationship__c" VALUES(31,'Father','65','63');
INSERT INTO "npe4__Relationship__c" VALUES(32,'Primary Emergency Contact','65','61');
INSERT INTO "npe4__Relationship__c" VALUES(33,'Secondary Emergency Contact','65','62');
INSERT INTO "npe4__Relationship__c" VALUES(34,'Primary Emergency Contact','76','74');
INSERT INTO "npe4__Relationship__c" VALUES(35,'Secondary Emergency Contact','76','75');
INSERT INTO "npe4__Relationship__c" VALUES(36,'Granddaughter','76','67');
INSERT INTO "npe4__Relationship__c" VALUES(37,'Primary Emergency Contact','81','77');
INSERT INTO "npe4__Relationship__c" VALUES(38,'Secondary Emergency Contact','81','78');
INSERT INTO "npe4__Relationship__c" VALUES(39,'Friend','81','68');
INSERT INTO "npe4__Relationship__c" VALUES(40,'Primary Emergency Contact','37','34');
INSERT INTO "npe4__Relationship__c" VALUES(41,'Partner','37','34');
INSERT INTO "npe4__Relationship__c" VALUES(42,'Secondary Emergency Contact','37','35');
INSERT INTO "npe4__Relationship__c" VALUES(43,'Mother','87','85');
INSERT INTO "npe4__Relationship__c" VALUES(44,'Primary Emergency Contact','87','83');
INSERT INTO "npe4__Relationship__c" VALUES(45,'Secondary Emergency Contact','87','84');
INSERT INTO "npe4__Relationship__c" VALUES(46,'Team Facilitator Lead','91','91');
INSERT INTO "npe4__Relationship__c" VALUES(47,'Primary Emergency Contact','91','88');
INSERT INTO "npe4__Relationship__c" VALUES(48,'Secondary Emergency Contact','91','89');
INSERT INTO "npe4__Relationship__c" VALUES(49,'Primary Emergency Contact','96','92');
INSERT INTO "npe4__Relationship__c" VALUES(50,'Trainer Referral','96','92');
INSERT INTO "npe4__Relationship__c" VALUES(51,'Secondary Emergency Contact','96','93');
INSERT INTO "npe4__Relationship__c" VALUES(52,'Volunteer Lead','100','100');
INSERT INTO "npe4__Relationship__c" VALUES(53,'Primary Emergency Contact','100','97');
INSERT INTO "npe4__Relationship__c" VALUES(54,'Secondary Emergency Contact','100','98');
INSERT INTO "npe4__Relationship__c" VALUES(55,'Husband','105','88');
INSERT INTO "npe4__Relationship__c" VALUES(56,'Primary Emergency Contact','105','101');
INSERT INTO "npe4__Relationship__c" VALUES(57,'Secondary Emergency Contact','105','102');
INSERT INTO "npe4__Relationship__c" VALUES(58,'Parent','2','96');
INSERT INTO "npe4__Relationship__c" VALUES(59,'Primary Emergency Contact','2','106');
INSERT INTO "npe4__Relationship__c" VALUES(60,'Secondary Emergency Contact','2','107');
INSERT INTO "npe4__Relationship__c" VALUES(61,'Daughter','8','97');
INSERT INTO "npe4__Relationship__c" VALUES(62,'Primary Emergency Contact','8','4');
INSERT INTO "npe4__Relationship__c" VALUES(63,'Secondary Emergency Contact','8','5');
INSERT INTO "npe4__Relationship__c" VALUES(64,'Volunteer Lead','12','11');
INSERT INTO "npe4__Relationship__c" VALUES(65,'Primary Emergency Contact','12','9');
INSERT INTO "npe4__Relationship__c" VALUES(66,'Secondary Emergency Contact','12','10');
INSERT INTO "npe4__Relationship__c" VALUES(67,'Cousin','17','11');
INSERT INTO "npe4__Relationship__c" VALUES(68,'Primary Emergency Contact','17','13');
INSERT INTO "npe4__Relationship__c" VALUES(69,'Secondary Emergency Contact','17','14');
INSERT INTO "npe4__Relationship__c" VALUES(70,'Team Facilitator','20','15');
INSERT INTO "npe4__Relationship__c" VALUES(71,'Primary Emergency Contact','20','18');
INSERT INTO "npe4__Relationship__c" VALUES(72,'Secondary Emergency Contact','20','19');
INSERT INTO "npe4__Relationship__c" VALUES(73,'Daughter','25','20');
INSERT INTO "npe4__Relationship__c" VALUES(74,'Primary Emergency Contact','25','21');
INSERT INTO "npe4__Relationship__c" VALUES(75,'Secondary Emergency Contact','25','22');
INSERT INTO "npe4__Relationship__c" VALUES(76,'Father','70','34');
INSERT INTO "npe4__Relationship__c" VALUES(77,'Primary Emergency Contact','70','66');
INSERT INTO "npe4__Relationship__c" VALUES(78,'Secondary Emergency Contact','70','67');
INSERT INTO "npe4__Relationship__c" VALUES(79,'Volunteer Lead','29','9');
INSERT INTO "npe4__Relationship__c" VALUES(80,'Primary Emergency Contact','29','26');
INSERT INTO "npe4__Relationship__c" VALUES(81,'Secondary Emergency Contact','29','27');
INSERT INTO "npe4__Relationship__c" VALUES(82,'Primary Emergency Contact','33','31');
INSERT INTO "npe4__Relationship__c" VALUES(83,'Trainer Referral','33','31');
INSERT INTO "npe4__Relationship__c" VALUES(84,'Secondary Emergency Contact','33','32');
INSERT INTO "npe4__Relationship__c" VALUES(85,'Granddaughter','41','41');
INSERT INTO "npe4__Relationship__c" VALUES(86,'Primary Emergency Contact','41','38');
INSERT INTO "npe4__Relationship__c" VALUES(87,'Secondary Emergency Contact','41','39');
INSERT INTO "npe4__Relationship__c" VALUES(88,'Mother','45','41');
INSERT INTO "npe4__Relationship__c" VALUES(89,'Primary Emergency Contact','45','42');
INSERT INTO "npe4__Relationship__c" VALUES(90,'Secondary Emergency Contact','45','43');
INSERT INTO "npe4__Relationship__c" VALUES(91,'Team Facilitator','50','39');
INSERT INTO "npe4__Relationship__c" VALUES(92,'Primary Emergency Contact','50','46');
INSERT INTO "npe4__Relationship__c" VALUES(93,'Secondary Emergency Contact','50','47');
INSERT INTO "npe4__Relationship__c" VALUES(94,'Client','55','53');
INSERT INTO "npe4__Relationship__c" VALUES(95,'Primary Emergency Contact','55','51');
INSERT INTO "npe4__Relationship__c" VALUES(96,'Secondary Emergency Contact','55','52');
INSERT INTO "npe4__Relationship__c" VALUES(97,'Primary Emergency Contact','59','56');
INSERT INTO "npe4__Relationship__c" VALUES(98,'Client','59','56');
INSERT INTO "npe4__Relationship__c" VALUES(99,'Secondary Emergency Contact','59','57');
INSERT INTO "npe4__Relationship__c" VALUES(100,'Grandfather','36','73');
INSERT INTO "npe4__Relationship__c" VALUES(101,'Primary Emergency Contact','71','73');
INSERT INTO "npe4__Relationship__c" VALUES(102,'Secondary Emergency Contact','72','73');
INSERT INTO "npe4__Relationship__c" VALUES(103,'Father','63','65');
INSERT INTO "npe4__Relationship__c" VALUES(104,'Primary Emergency Contact','61','65');
INSERT INTO "npe4__Relationship__c" VALUES(105,'Secondary Emergency Contact','62','65');
INSERT INTO "npe4__Relationship__c" VALUES(106,'Primary Emergency Contact','74','76');
INSERT INTO "npe4__Relationship__c" VALUES(107,'Secondary Emergency Contact','75','76');
INSERT INTO "npe4__Relationship__c" VALUES(108,'Granddaughter','67','76');
INSERT INTO "npe4__Relationship__c" VALUES(109,'Primary Emergency Contact','77','81');
INSERT INTO "npe4__Relationship__c" VALUES(110,'Secondary Emergency Contact','78','81');
INSERT INTO "npe4__Relationship__c" VALUES(111,'Friend','68','81');
INSERT INTO "npe4__Relationship__c" VALUES(112,'Primary Emergency Contact','34','37');
INSERT INTO "npe4__Relationship__c" VALUES(113,'Partner','34','37');
INSERT INTO "npe4__Relationship__c" VALUES(114,'Secondary Emergency Contact','35','37');
INSERT INTO "npe4__Relationship__c" VALUES(115,'Mother','85','87');
INSERT INTO "npe4__Relationship__c" VALUES(116,'Primary Emergency Contact','83','87');
INSERT INTO "npe4__Relationship__c" VALUES(117,'Secondary Emergency Contact','84','87');
INSERT INTO "npe4__Relationship__c" VALUES(118,'Team Facilitator Lead','91','91');
INSERT INTO "npe4__Relationship__c" VALUES(119,'Primary Emergency Contact','88','91');
INSERT INTO "npe4__Relationship__c" VALUES(120,'Secondary Emergency Contact','89','91');
INSERT INTO "npe4__Relationship__c" VALUES(121,'Primary Emergency Contact','92','96');
INSERT INTO "npe4__Relationship__c" VALUES(122,'Trainer Referral','92','96');
INSERT INTO "npe4__Relationship__c" VALUES(123,'Secondary Emergency Contact','93','96');
INSERT INTO "npe4__Relationship__c" VALUES(124,'Volunteer Lead','100','100');
INSERT INTO "npe4__Relationship__c" VALUES(125,'Primary Emergency Contact','97','100');
INSERT INTO "npe4__Relationship__c" VALUES(126,'Secondary Emergency Contact','98','100');
INSERT INTO "npe4__Relationship__c" VALUES(127,'Husband','88','105');
INSERT INTO "npe4__Relationship__c" VALUES(128,'Primary Emergency Contact','101','105');
INSERT INTO "npe4__Relationship__c" VALUES(129,'Secondary Emergency Contact','102','105');
INSERT INTO "npe4__Relationship__c" VALUES(130,'Parent','96','2');
INSERT INTO "npe4__Relationship__c" VALUES(131,'Primary Emergency Contact','106','2');
INSERT INTO "npe4__Relationship__c" VALUES(132,'Secondary Emergency Contact','107','2');
INSERT INTO "npe4__Relationship__c" VALUES(133,'Daughter','97','8');
INSERT INTO "npe4__Relationship__c" VALUES(134,'Primary Emergency Contact','4','8');
INSERT INTO "npe4__Relationship__c" VALUES(135,'Secondary Emergency Contact','5','8');
INSERT INTO "npe4__Relationship__c" VALUES(136,'Volunteer Lead','11','12');
INSERT INTO "npe4__Relationship__c" VALUES(137,'Primary Emergency Contact','9','12');
INSERT INTO "npe4__Relationship__c" VALUES(138,'Secondary Emergency Contact','10','12');
INSERT INTO "npe4__Relationship__c" VALUES(139,'Cousin','11','17');
INSERT INTO "npe4__Relationship__c" VALUES(140,'Primary Emergency Contact','13','17');
INSERT INTO "npe4__Relationship__c" VALUES(141,'Secondary Emergency Contact','14','17');
INSERT INTO "npe4__Relationship__c" VALUES(142,'Team Facilitator','15','20');
INSERT INTO "npe4__Relationship__c" VALUES(143,'Primary Emergency Contact','18','20');
INSERT INTO "npe4__Relationship__c" VALUES(144,'Secondary Emergency Contact','19','20');
CREATE TABLE "npo02__Household__c" (
	id INTEGER NOT NULL, 
	"Name" VARCHAR(255), 
	"npo02__Addressee__c" VARCHAR(255), 
	"npo02__Always_Anonymous__c" VARCHAR(255), 
	"npo02__AverageAmount__c" VARCHAR(255), 
	"npo02__Best_Gift_Year_Total__c" VARCHAR(255), 
	"npo02__Best_Gift_Year__c" VARCHAR(255), 
	"npo02__FirstCloseDate__c" VARCHAR(255), 
	"npo02__Formal_Greeting__c" VARCHAR(255), 
	"npo02__HouseholdEmail__c" VARCHAR(255), 
	"npo02__HouseholdPhone__c" VARCHAR(255), 
	"npo02__Household_ID__c" VARCHAR(255), 
	"npo02__Informal_Greeting__c" VARCHAR(255), 
	"npo02__LargestAmount__c" VARCHAR(255), 
	"npo02__LastCloseDate__c" VARCHAR(255), 
	"npo02__LastMembershipAmount__c" VARCHAR(255), 
	"npo02__LastMembershipDate__c" VARCHAR(255), 
	"npo02__LastMembershipLevel__c" VARCHAR(255), 
	"npo02__LastMembershipOrigin__c" VARCHAR(255), 
	"npo02__LastOppAmount__c" VARCHAR(255), 
	"npo02__MailingCity__c" VARCHAR(255), 
	"npo02__MailingCountry__c" VARCHAR(255), 
	"npo02__MailingPostalCode__c" VARCHAR(255), 
	"npo02__MailingState__c" VARCHAR(255), 
	"npo02__MailingStreet__c" VARCHAR(255), 
	"npo02__MembershipEndDate__c" VARCHAR(255), 
	"npo02__MembershipJoinDate__c" VARCHAR(255), 
	"npo02__NumberOfClosedOpps__c" VARCHAR(255), 
	"npo02__NumberOfMembershipOpps__c" VARCHAR(255), 
	"npo02__OppAmount2YearsAgo__c" VARCHAR(255), 
	"npo02__OppAmountLastNDays__c" VARCHAR(255), 
	"npo02__OppAmountLastYear__c" VARCHAR(255), 
	"npo02__OppAmountThisYear__c" VARCHAR(255), 
	"npo02__OppsClosed2YearsAgo__c" VARCHAR(255), 
	"npo02__OppsClosedLastNDays__c" VARCHAR(255), 
	"npo02__OppsClosedLastYear__c" VARCHAR(255), 
	"npo02__OppsClosedThisYear__c" VARCHAR(255), 
	"npo02__SYSTEM_CUSTOM_NAMING__c" VARCHAR(255), 
	"npo02__SmallestAmount__c" VARCHAR(255), 
	"npo02__TotalMembershipOppAmount__c" VARCHAR(255), 
	"npo02__TotalOppAmount__c" VARCHAR(255), 
	"npsp__Number_of_Household_Members__c" VARCHAR(255), 
	PRIMARY KEY (id)
);
CREATE TABLE "npsp__Address__c" (
	id INTEGER NOT NULL, 
	"npsp__API_Response__c" VARCHAR(255), 
	"npsp__Address_Type__c" VARCHAR(255), 
	"npsp__Administrative_Area__c" VARCHAR(255), 
	"npsp__Ambiguous__c" VARCHAR(255), 
	"npsp__Congressional_District__c" VARCHAR(255), 
	"npsp__County_Name__c" VARCHAR(255), 
	"npsp__Default_Address__c" VARCHAR(255), 
	"npsp__Latest_End_Date__c" VARCHAR(255), 
	"npsp__Latest_Start_Date__c" VARCHAR(255), 
	"npsp__MailingCity__c" VARCHAR(255), 
	"npsp__MailingCountry__c" VARCHAR(255), 
	"npsp__MailingPostalCode__c" VARCHAR(255), 
	"npsp__MailingState__c" VARCHAR(255), 
	"npsp__MailingStreet2__c" VARCHAR(255), 
	"npsp__MailingStreet__c" VARCHAR(255), 
	"npsp__Pre_Verification_Address__c" VARCHAR(255), 
	"npsp__Seasonal_End_Day__c" VARCHAR(255), 
	"npsp__Seasonal_End_Month__c" VARCHAR(255), 
	"npsp__Seasonal_Start_Day__c" VARCHAR(255), 
	"npsp__Seasonal_Start_Month__c" VARCHAR(255), 
	"npsp__State_Lower_District__c" VARCHAR(255), 
	"npsp__State_Upper_District__c" VARCHAR(255), 
	"npsp__Verification_Status__c" VARCHAR(255), 
	"npsp__Verified__c" VARCHAR(255), 
	"npsp__Household_Account__c" VARCHAR(255), 
	PRIMARY KEY (id)
);
INSERT INTO "npsp__Address__c" VALUES(1,'','Home','','False','','','False','','','North Rachelfurt','','78891','Washington','','459 Abigail Motorway','','','','','','','','','False','1');
INSERT INTO "npsp__Address__c" VALUES(2,'','Home','','False','','','False','','','East Luis','','45563','California','','18332 Nguyen Gardens','','','','','','','','','False','10');
INSERT INTO "npsp__Address__c" VALUES(3,'','Home','','False','','','False','','','South Stephaniemouth','','52228','Alaska','','951 Chloe Lodge Apt. 315','','','','','','','','','False','12');
INSERT INTO "npsp__Address__c" VALUES(4,'','Home','','False','','','False','','','Mandyfurt','','50261','Virginia','','1009 Harrell Locks','','','','','','','','','False','14');
INSERT INTO "npsp__Address__c" VALUES(5,'','Home','','False','','','False','','','North Lydiaview','','33529','Pennsylvania','','2079 Becky Village Apt. 769','','','','','','','','','False','16');
INSERT INTO "npsp__Address__c" VALUES(6,'','Home','','False','','','False','','','Loweview','','79274','Hawaii','','28408 Erica Streets Apt. 980','','','','','','','','','False','19');
INSERT INTO "npsp__Address__c" VALUES(7,'','Home','','False','','','False','','','Port Kristaton','','64740','Rhode Island','','4965 Powell Court','','','','','','','','','False','21');
INSERT INTO "npsp__Address__c" VALUES(8,'','Home','','False','','','False','','','Myersstad','','87210','Montana','','689 Francisco Green','','','','','','','','','False','26');
INSERT INTO "npsp__Address__c" VALUES(9,'','Home','','False','','','False','','','Osborneland','','53767','Oregon','','8355 Yolanda Common Apt. 822','','','','','','','','','False','28');
INSERT INTO "npsp__Address__c" VALUES(10,'','Home','','False','','','False','','','Glendaland','','94116','Pennsylvania','','25993 Monique Lakes Apt. 007','','','','','','','','','False','30');
INSERT INTO "npsp__Address__c" VALUES(11,'','Home','','False','','','False','','','Sampsonland','','70316','New Hampshire','','268 Castillo Shore Apt. 713','','','','','','','','','False','32');
INSERT INTO "npsp__Address__c" VALUES(12,'','Home','','False','','','False','','','Boydberg','','35051','Texas','','7324 Jo Burgs','','','','','','','','','False','34');
INSERT INTO "npsp__Address__c" VALUES(13,'','Home','','False','','','False','','','South Melody','','79817','Minnesota','','50568 Guzman Bypass','','','','','','','','','False','36');
INSERT INTO "npsp__Address__c" VALUES(14,'','Home','','False','','','False','','','Robynmouth','','80504','Kentucky','','72401 Richmond Trail','','','','','','','','','False','39');
INSERT INTO "npsp__Address__c" VALUES(15,'','Home','','False','','','False','','','Lake Duaneburgh','','57576','Washington','','1272 Joseph Trail','','','','','','','','','False','41');
INSERT INTO "npsp__Address__c" VALUES(16,'','Home','','False','','','False','','','Hartport','','90063','New Hampshire','','536 Salinas Field Suite 492','','','','','','','','','False','46');
INSERT INTO "npsp__Address__c" VALUES(17,'','Home','','False','','','False','','','East Shelia','','60824','Rhode Island','','30687 Shah Courts Apt. 931','','','','','','','','','False','48');
INSERT INTO "npsp__Address__c" VALUES(18,'','Home','','False','','','False','','','East Faith','','94599','West Virginia','','37991 Yesenia Flats Suite 452','','','','','','','','','False','50');
INSERT INTO "npsp__Address__c" VALUES(19,'','Home','','False','','','False','','','West Benjaminborough','','07262','Virginia','','9595 Huffman Skyway','','','','','','','','','False','52');
INSERT INTO "npsp__Address__c" VALUES(20,'','Home','','False','','','False','','','North Marcborough','','10547','Washington','','2744 Gordon Rue Apt. 652','','','','','','','','','False','54');
INSERT INTO "npsp__Address__c" VALUES(21,'','Home','','False','','','False','','','Tylerchester','','79495','Alaska','','2605 Maria Mountains Apt. 587','','','','','','','','','False','56');
INSERT INTO "npsp__Address__c" VALUES(22,'','Home','','False','','','False','','','New Sydneyton','','45754','Ohio','','691 Brian Creek Apt. 284','','','','','','','','','False','59');
INSERT INTO "npsp__Address__c" VALUES(23,'','Home','','False','','','False','','','Rubioshire','','92603','Wyoming','','7937 Darren Row Apt. 304','','','','','','','','','False','6');
INSERT INTO "npsp__Address__c" VALUES(24,'','Home','','False','','','False','','','Lake Victor','','32485','Rhode Island','','5200 Shaun Extension','','','','','','','','','False','61');
INSERT INTO "npsp__Address__c" VALUES(25,'','Home','','False','','','False','','','North Adrienne','','73298','Illinois','','045 Duane Mill Apt. 300','','','','','','','','','False','66');
INSERT INTO "npsp__Address__c" VALUES(26,'','Home','','False','','','False','','','Port Kayla','','22578','Connecticut','','2463 Ashley Harbors','','','','','','','','','False','68');
INSERT INTO "npsp__Address__c" VALUES(27,'','Home','','False','','','False','','','Port Stacyberg','','05837','Illinois','','308 Galloway Loaf Suite 194','','','','','','','','','False','70');
INSERT INTO "npsp__Address__c" VALUES(28,'','Home','','False','','','False','','','Luisborough','','62691','Montana','','6406 Hart Plains Apt. 295','','','','','','','','','False','72');
INSERT INTO "npsp__Address__c" VALUES(29,'','Home','','False','','','False','','','North Eduardotown','','07948','Alabama','','196 Francis Loop','','','','','','','','','False','74');
INSERT INTO "npsp__Address__c" VALUES(30,'','Home','','False','','','False','','','Sherryville','','65762','Utah','','165 Durham Orchard','','','','','','','','','False','76');
INSERT INTO "npsp__Address__c" VALUES(31,'','Home','','False','','','False','','','Ferrellville','','04827','Nebraska','','26070 Mcgrath Drives','','','','','','','','','False','79');
INSERT INTO "npsp__Address__c" VALUES(32,'','Home','','False','','','False','','','Huynhborough','','97448','Michigan','','7186 Janet Underpass Suite 276','','','','','','','','','False','8');
CREATE TABLE "npsp__Batch__c" (
	id INTEGER NOT NULL, 
	"Name" VARCHAR(255), 
	"npsp__Batch_Status__c" VARCHAR(255), 
	"npsp__Description__c" VARCHAR(255), 
	"npsp__Number_of_Items__c" VARCHAR(255), 
	"npsp__Object_Name__c" VARCHAR(255), 
	PRIMARY KEY (id)
);
COMMIT;
