BEGIN TRANSACTION;
CREATE TABLE "Account" (
	id INTEGER NOT NULL, 
	"Email__c" VARCHAR(255), 
	"Name" VARCHAR(255), 
	"RecordTypeId" VARCHAR(255), 
	"npe01__SYSTEMIsIndividual__c" VARCHAR(255), 
	"npe01__SYSTEM_AccountType__c" VARCHAR(255), 
	"npo02__AverageAmount__c" VARCHAR(255), 
	"npo02__Best_Gift_Year_Total__c" VARCHAR(255), 
	"npo02__Best_Gift_Year__c" VARCHAR(255), 
	"npo02__FirstCloseDate__c" VARCHAR(255), 
	"npo02__Formal_Greeting__c" VARCHAR(255), 
	"npo02__HouseholdPhone__c" VARCHAR(255), 
	"npo02__Informal_Greeting__c" VARCHAR(255), 
	"npo02__LargestAmount__c" VARCHAR(255), 
	"npo02__LastCloseDate__c" VARCHAR(255), 
	"npo02__LastMembershipAmount__c" VARCHAR(255), 
	"npo02__LastMembershipDate__c" VARCHAR(255), 
	"npo02__LastMembershipLevel__c" VARCHAR(255), 
	"npo02__LastMembershipOrigin__c" VARCHAR(255), 
	"npo02__LastOppAmount__c" VARCHAR(255), 
	"npo02__MembershipEndDate__c" VARCHAR(255), 
	"npo02__MembershipJoinDate__c" VARCHAR(255), 
	"npo02__NumberOfClosedOpps__c" VARCHAR(255), 
	"npo02__NumberOfMembershipOpps__c" VARCHAR(255), 
	"npo02__OppAmount2YearsAgo__c" VARCHAR(255), 
	"npo02__OppAmountLastNDays__c" VARCHAR(255), 
	"npo02__OppAmountLastYear__c" VARCHAR(255), 
	"npo02__OppAmountThisYear__c" VARCHAR(255), 
	"npo02__OppsClosed2YearsAgo__c" VARCHAR(255), 
	"npo02__OppsClosedLastNDays__c" VARCHAR(255), 
	"npo02__OppsClosedLastYear__c" VARCHAR(255), 
	"npo02__OppsClosedThisYear__c" VARCHAR(255), 
	"npo02__SYSTEM_CUSTOM_NAMING__c" VARCHAR(255), 
	"npo02__SmallestAmount__c" VARCHAR(255), 
	"npo02__TotalMembershipOppAmount__c" VARCHAR(255), 
	"npo02__TotalOppAmount__c" VARCHAR(255), 
	"npsp__Funding_Focus__c" VARCHAR(255), 
	"npsp__Grantmaker__c" VARCHAR(255), 
	"npsp__Matching_Gift_Administrator_Name__c" VARCHAR(255), 
	"npsp__Matching_Gift_Amount_Max__c" VARCHAR(255), 
	"npsp__Matching_Gift_Amount_Min__c" VARCHAR(255), 
	"npsp__Matching_Gift_Annual_Employee_Max__c" VARCHAR(255), 
	"npsp__Matching_Gift_Comments__c" VARCHAR(255), 
	"npsp__Matching_Gift_Company__c" VARCHAR(255), 
	"npsp__Matching_Gift_Email__c" VARCHAR(255), 
	"npsp__Matching_Gift_Info_Updated__c" VARCHAR(255), 
	"npsp__Matching_Gift_Percent__c" VARCHAR(255), 
	"npsp__Matching_Gift_Phone__c" VARCHAR(255), 
	"npsp__Matching_Gift_Request_Deadline__c" VARCHAR(255), 
	"npsp__Number_of_Household_Members__c" VARCHAR(255), 
	"ParentId" VARCHAR(255), 
	"npe01__One2OneContact__c" VARCHAR(255), 
	"npsp__Batch__c" VARCHAR(255), 
	PRIMARY KEY (id)
);
INSERT INTO "Account" VALUES(1,'','Perkins, Leon and Mindy Household','0127e000001EaTBAA0','True','Household Account','0.0','','','','Ms. Erica Barnes, Garcia Leon and Duarte Mindy','','Alex, Erica, Garcia and Duarte','0.0','','0.0','','','','0.0','','','0.0','0.0','0.0','0.0','0.0','0.0','0.0','0.0','0.0','0.0','','0.0','0.0','0.0','','False','','','','','','False','','','','','','4.0','','40','');
INSERT INTO "Account" VALUES(2,'','Ray, Schwartz and Ramsey','0127e000001EaTCAA0','False','','0.0','','','','','','','0.0','','0.0','','','','0.0','','','0.0','0.0','0.0','0.0','0.0','0.0','0.0','0.0','0.0','0.0','','0.0','0.0','0.0','','False','','','','','','False','','','','','','','','','');
INSERT INTO "Account" VALUES(3,'','Roger and Sheila Household','0127e000001EaTBAA0','True','Household Account','0.0','','','','Mrs. Derek Hughes, Rangel Roger and Riddle Sheila','','Derek, Rangel and Riddle','0.0','','0.0','','','','0.0','','','0.0','0.0','0.0','0.0','0.0','0.0','0.0','0.0','0.0','0.0','','0.0','0.0','0.0','','False','','','','','','False','','','','','','3.0','','43','');
INSERT INTO "Account" VALUES(4,'','Fisher, Mcdonald and Petersen','0127e000001EaTCAA0','False','','0.0','','','','','','','0.0','','0.0','','','','0.0','','','0.0','0.0','0.0','0.0','0.0','0.0','0.0','0.0','0.0','0.0','','0.0','0.0','0.0','','False','','','','','','False','','','','','','','','','');
INSERT INTO "Account" VALUES(5,'','The Household','0127e000001EaTBAA0','True','Household Account','0.0','','','','','','','0.0','','0.0','','','','0.0','','','0.0','0.0','0.0','0.0','0.0','0.0','0.0','0.0','0.0','0.0','','0.0','0.0','0.0','','False','','','','','','False','','','','','','','','','');
INSERT INTO "Account" VALUES(6,'','Liu Ltd','0127e000001EaTCAA0','False','','0.0','','','','','','','0.0','','0.0','','','','0.0','','','0.0','0.0','0.0','0.0','0.0','0.0','0.0','0.0','0.0','0.0','','0.0','0.0','0.0','','False','','','','','','False','','','','','','','','','');
INSERT INTO "Account" VALUES(7,'','Adams, Pam and Jason Household','0127e000001EaTBAA0','True','Household Account','0.0','','','','Mr. Vernon Adams, Barr Pam and Johns Jason','','Barr and Johns','0.0','','0.0','','','','0.0','','','0.0','0.0','0.0','0.0','0.0','0.0','0.0','0.0','0.0','0.0','','0.0','0.0','0.0','','False','','','','','','False','','','','','','3.0','','46','');
INSERT INTO "Account" VALUES(8,'','Sharp-Shields','0127e000001EaTCAA0','False','','0.0','','','','','','','0.0','','0.0','','','','0.0','','','0.0','0.0','0.0','0.0','0.0','0.0','0.0','0.0','0.0','0.0','','0.0','0.0','0.0','','False','','','','','','False','','','','','','','','','');
INSERT INTO "Account" VALUES(9,'','Walsh, Finley and Griffin','0127e000001EaTCAA0','False','','0.0','','','','','','','0.0','','0.0','','','','0.0','','','0.0','0.0','0.0','0.0','0.0','0.0','0.0','0.0','0.0','0.0','','0.0','0.0','0.0','','False','','','','','','False','','','','','','','','','');
INSERT INTO "Account" VALUES(10,'','Leonard, Omar and Heidi Household','0127e000001EaTBAA0','True','Household Account','0.0','','','','Jenkins Omar and Figueroa Heidi','','Madison, Jenkins and Figueroa','0.0','','0.0','','','','0.0','','','0.0','0.0','0.0','0.0','0.0','0.0','0.0','0.0','0.0','0.0','','0.0','0.0','0.0','','False','','','','','','False','','','','','','3.0','','50','');
INSERT INTO "Account" VALUES(11,'','Beasley, Eaton and Roy','0127e000001EaTCAA0','False','','0.0','','','','','','','0.0','','0.0','','','','0.0','','','0.0','0.0','0.0','0.0','0.0','0.0','0.0','0.0','0.0','0.0','','0.0','0.0','0.0','','False','','','','','','False','','','','','','','','','');
INSERT INTO "Account" VALUES(12,'','The Household','0127e000001EaTBAA0','True','Household Account','0.0','','','','','','','0.0','','0.0','','','','0.0','','','0.0','0.0','0.0','0.0','0.0','0.0','0.0','0.0','0.0','0.0','','0.0','0.0','0.0','','False','','','','','','False','','','','','','','','','');
INSERT INTO "Account" VALUES(13,'','Morrow Inc','0127e000001EaTCAA0','False','','0.0','','','','','','','0.0','','0.0','','','','0.0','','','0.0','0.0','0.0','0.0','0.0','0.0','0.0','0.0','0.0','0.0','','0.0','0.0','0.0','','False','','','','','','False','','','','','','','','','');
INSERT INTO "Account" VALUES(14,'','Harris, Acevedo and Ramirez','0127e000001EaTBAA0','True','Household Account','0.0','','','','','','','0.0','','0.0','','','','0.0','','','0.0','0.0','0.0','0.0','0.0','0.0','0.0','0.0','0.0','0.0','','0.0','0.0','0.0','','False','','','','','','False','','','','','','','','','');
INSERT INTO "Account" VALUES(15,'','Ware','0127e000001EaTCAA0','False','','0.0','','','','','','','0.0','','0.0','','','','0.0','','','0.0','0.0','0.0','0.0','0.0','0.0','0.0','0.0','0.0','0.0','','0.0','0.0','0.0','','False','','','','','','False','','','','','','','','','');
INSERT INTO "Account" VALUES(16,'','Levy, Ewing and Reid','0127e000001EaTCAA0','False','Market knowledge eight. History although against begin.','0.0','49383.0','1984','2022-05-16','Participant goal life decide western rate large yourself.','785.972.3048x5756','General sister not all. General campaign kitchen medical couple young.','0.0','2021-12-28','0.0','2022-06-05','Arrive a difference other. Message with full yes truth save wrong. Would specific civil.','They finish century plan. Teach trouble approach history treatment. Month test expert.','0.0','2022-09-06','2022-10-07','0.0','0.0','0.0','0.0','0.0','0.0','0.0','0.0','0.0','0.0','Name','0.0','0.0','0.0','Health Services','False','Ms. Andrea Elliott DDS','52561.0','10841.0','43883.0','Book fill activity start national. Away deep important. Relate could put law.','False','richmondebony@example.org','2022-11-02','31.0','(716)159-5377','Successful explain per turn picture conference. Structure thousand arrive city happy.','3179.0','','','');
INSERT INTO "Account" VALUES(17,'','Knox, Keith and Clayton Household','0127e000001EaTBAA0','True','Household Account','0.0','','','','Ms. Leroy Knox, Jensen Keith and Taylor Clayton','','Jensen and Taylor','0.0','','0.0','','','','0.0','','','0.0','0.0','0.0','0.0','0.0','0.0','0.0','0.0','0.0','0.0','','0.0','0.0','0.0','','False','','','','','','False','','','','','','3.0','','53','');
INSERT INTO "Account" VALUES(18,'','Lowe Ltd','0127e000001EaTCAA0','False','','0.0','','','','','','','0.0','','0.0','','','','0.0','','','0.0','0.0','0.0','0.0','0.0','0.0','0.0','0.0','0.0','0.0','','0.0','0.0','0.0','','False','','','','','','False','','','','','','','','','');
INSERT INTO "Account" VALUES(19,'','Carter, Joann and Felicia Household','0127e000001EaTBAA0','True','Household Account','0.0','','','','Ms. Ray Tapia, Zimmerman Joann and Hicks Felicia','','Ray, Rhonda, Zimmerman and Hicks','0.0','','0.0','','','','0.0','','','0.0','0.0','0.0','0.0','0.0','0.0','0.0','0.0','0.0','0.0','','0.0','0.0','0.0','','False','','','','','','False','','','','','','4.0','','57','');
INSERT INTO "Account" VALUES(20,'','Oconnor, Pruitt and Blackwell','0127e000001EaTCAA0','False','','0.0','','','','','','','0.0','','0.0','','','','0.0','','','0.0','0.0','0.0','0.0','0.0','0.0','0.0','0.0','0.0','0.0','','0.0','0.0','0.0','','False','','','','','','False','','','','','','','','','');
INSERT INTO "Account" VALUES(21,'','Marvin and Regina Household','0127e000001EaTBAA0','True','Household Account','0.0','','','','Dr. Hayden Mcbride, Paul Marvin and Tucker Regina','','Hayden, Paul and Tucker','0.0','','0.0','','','','0.0','','','0.0','0.0','0.0','0.0','0.0','0.0','0.0','0.0','0.0','0.0','','0.0','0.0','0.0','','False','','','','','','False','','','','','','3.0','','60','');
INSERT INTO "Account" VALUES(22,'','Friedman-Adkins','0127e000001EaTCAA0','False','','0.0','','','','','','','0.0','','0.0','','','','0.0','','','0.0','0.0','0.0','0.0','0.0','0.0','0.0','0.0','0.0','0.0','','0.0','0.0','0.0','','False','','','','','','False','','','','','','','','','');
INSERT INTO "Account" VALUES(23,'','Davies, Ritter, Jaime and Jermaine Household','0127e000001EaTBAA0','True','Household Account','0.0','','','','Mrs. Joann Davies, Mr. Bonnie Yang, Ms. Tanner Ritter, Compton Jaime and Lamb Jermaine','','Bonnie, Compton and Lamb','0.0','','0.0','','','','0.0','','','0.0','0.0','0.0','0.0','0.0','0.0','0.0','0.0','0.0','0.0','','0.0','0.0','0.0','','False','','','','','','False','','','','','','5.0','','65','');
INSERT INTO "Account" VALUES(24,'','Jefferson-Pace','0127e000001EaTCAA0','False','','0.0','','','','','','','0.0','','0.0','','','','0.0','','','0.0','0.0','0.0','0.0','0.0','0.0','0.0','0.0','0.0','0.0','','0.0','0.0','0.0','','False','','','','','','False','','','','','','','','','');
INSERT INTO "Account" VALUES(25,'','The Household','0127e000001EaTBAA0','True','Household Account','0.0','','','','','','','0.0','','0.0','','','','0.0','','','0.0','0.0','0.0','0.0','0.0','0.0','0.0','0.0','0.0','0.0','','0.0','0.0','0.0','','False','','','','','','False','','','','','','','','','');
INSERT INTO "Account" VALUES(26,'','Sparks, Burton and Barnes','0127e000001EaTCAA0','False','','0.0','','','','','','','0.0','','0.0','','','','0.0','','','0.0','0.0','0.0','0.0','0.0','0.0','0.0','0.0','0.0','0.0','','0.0','0.0','0.0','','False','','','','','','False','','','','','','','','','');
INSERT INTO "Account" VALUES(27,'','Castillo, Martin, Eugene and Tabitha Household','0127e000001EaTBAA0','True','Household Account','0.0','','','','Mr. Melinda Mcbride, Fields Eugene and Vaughan Tabitha','','Lee, Mary, Melinda, Fields and Vaughan','0.0','','0.0','','','','0.0','','','0.0','0.0','0.0','0.0','0.0','0.0','0.0','0.0','0.0','0.0','','0.0','0.0','0.0','','False','','','','','','False','','','','','','5.0','','70','');
INSERT INTO "Account" VALUES(28,'','Oneill-Kirby','0127e000001EaTCAA0','False','','0.0','','','','','','','0.0','','0.0','','','','0.0','','','0.0','0.0','0.0','0.0','0.0','0.0','0.0','0.0','0.0','0.0','','0.0','0.0','0.0','','False','','','','','','False','','','','','','','','','');
INSERT INTO "Account" VALUES(29,'','Bowman Ltd','0127e000001EaTCAA0','False','','0.0','','','','','','','0.0','','0.0','','','','0.0','','','0.0','0.0','0.0','0.0','0.0','0.0','0.0','0.0','0.0','0.0','','0.0','0.0','0.0','','False','','','','','','False','','','','','','','','','');
INSERT INTO "Account" VALUES(30,'','Mathis, Vincent and Bianca Household','0127e000001EaTBAA0','True','Household Account','0.0','','','','Ms. Cheyenne Farmer, Dr. Earl Hogan, Calhoun Vincent and Holder Bianca','','Cheyenne, Earl, Mia, Calhoun and Holder','0.0','','0.0','','','','0.0','','','0.0','0.0','0.0','0.0','0.0','0.0','0.0','0.0','0.0','0.0','','0.0','0.0','0.0','','False','','','','','','False','','','','','','5.0','','76','');
INSERT INTO "Account" VALUES(31,'','Espinoza, Chung and Valdez','0127e000001EaTCAA0','False','','0.0','','','','','','','0.0','','0.0','','','','0.0','','','0.0','0.0','0.0','0.0','0.0','0.0','0.0','0.0','0.0','0.0','','0.0','0.0','0.0','','False','','','','','','False','','','','','','','','','');
INSERT INTO "Account" VALUES(32,'','The Household','0127e000001EaTBAA0','True','Household Account','0.0','','','','','','','0.0','','0.0','','','','0.0','','','0.0','0.0','0.0','0.0','0.0','0.0','0.0','0.0','0.0','0.0','','0.0','0.0','0.0','','False','','','','','','False','','','','','','','','','');
INSERT INTO "Account" VALUES(33,'','Ingram Group','0127e000001EaTCAA0','False','','0.0','','','','','','','0.0','','0.0','','','','0.0','','','0.0','0.0','0.0','0.0','0.0','0.0','0.0','0.0','0.0','0.0','','0.0','0.0','0.0','','False','','','','','','False','','','','','','','','','');
INSERT INTO "Account" VALUES(34,'','Norton, Mullen and Lyons','0127e000001EaTBAA0','True','Household Account','0.0','','','','','','','0.0','','0.0','','','','0.0','','','0.0','0.0','0.0','0.0','0.0','0.0','0.0','0.0','0.0','0.0','','0.0','0.0','0.0','','False','','','','','','False','','','','','','','','','');
INSERT INTO "Account" VALUES(35,'','Morse','0127e000001EaTCAA0','False','','0.0','','','','','','','0.0','','0.0','','','','0.0','','','0.0','0.0','0.0','0.0','0.0','0.0','0.0','0.0','0.0','0.0','','0.0','0.0','0.0','','False','','','','','','False','','','','','','','','','');
INSERT INTO "Account" VALUES(36,'','Wang Group','0127e000001EaTCAA0','False','Fill head call heart way. Against near ten large.','0.0','22993.0','1992','2022-10-28','Suggest of hot. Challenge relate forget and.','775.490.4297','Important actually ball word give. Half can seem from peace husband yeah.','0.0','2022-06-05','0.0','2022-03-30','History ground movement. Involve relationship be computer remember land.','Too rise and sing. Make lead all without.','0.0','2022-09-01','2022-07-07','0.0','0.0','0.0','0.0','0.0','0.0','0.0','0.0','0.0','0.0','Formal_Greeting__c','0.0','0.0','0.0','Human Services','False','Mr. Leroy Love','43608.0','23671.0','16795.0','Management kitchen there interesting. Term win drive seek. Figure car perhaps maybe PM.','False','tiffany22@example.org','2022-10-20','5.0','001-535-683-1879x3254','Subject finish idea. Away one drive example.','15362.0','','','');
INSERT INTO "Account" VALUES(37,'','Gilbert, Alan and Hannah Household','0127e000001EaTBAA0','True','Household Account','0.0','','','','Santiago Alan and Gould Hannah','','Dalton, Santiago and Gould','0.0','','0.0','','','','0.0','','','0.0','0.0','0.0','0.0','0.0','0.0','0.0','0.0','0.0','0.0','','0.0','0.0','0.0','','False','','','','','','False','','','','','','3.0','','84','');
INSERT INTO "Account" VALUES(38,'','Woodard, Beard and Villarreal','0127e000001EaTCAA0','False','','0.0','','','','','','','0.0','','0.0','','','','0.0','','','0.0','0.0','0.0','0.0','0.0','0.0','0.0','0.0','0.0','0.0','','0.0','0.0','0.0','','False','','','','','','False','','','','','','','','','');
INSERT INTO "Account" VALUES(39,'','Lozano, Daniel and Roberto Household','0127e000001EaTBAA0','True','Household Account','0.0','','','','Chang Daniel and Macdonald Roberto','','Russell, Chang and Macdonald','0.0','','0.0','','','','0.0','','','0.0','0.0','0.0','0.0','0.0','0.0','0.0','0.0','0.0','0.0','','0.0','0.0','0.0','','False','','','','','','False','','','','','','3.0','','87','');
INSERT INTO "Account" VALUES(40,'','Gonzalez and Sons','0127e000001EaTCAA0','False','','0.0','','','','','','','0.0','','0.0','','','','0.0','','','0.0','0.0','0.0','0.0','0.0','0.0','0.0','0.0','0.0','0.0','','0.0','0.0','0.0','','False','','','','','','False','','','','','','','','','');
INSERT INTO "Account" VALUES(41,'','Sweeney, David, Thomas and Sally Household','0127e000001EaTBAA0','True','Household Account','0.0','','','','Mclean Thomas and Hunt Sally','','Audrey, Emily, Mclean and Hunt','0.0','','0.0','','','','0.0','','','0.0','0.0','0.0','0.0','0.0','0.0','0.0','0.0','0.0','0.0','','0.0','0.0','0.0','','False','','','','','','False','','','','','','4.0','','91','');
INSERT INTO "Account" VALUES(42,'','Hahn-Hansen','0127e000001EaTCAA0','False','','0.0','','','','','','','0.0','','0.0','','','','0.0','','','0.0','0.0','0.0','0.0','0.0','0.0','0.0','0.0','0.0','0.0','','0.0','0.0','0.0','','False','','','','','','False','','','','','','','','','');
INSERT INTO "Account" VALUES(43,'','Archer, Miguel and Darryl Household','0127e000001EaTBAA0','True','Household Account','0.0','','','','Mr. Candace Harding, Prof. Louis Archer, Jacobs Miguel and Walton Darryl','','Candace, Jacobs and Walton','0.0','','0.0','','','','0.0','','','0.0','0.0','0.0','0.0','0.0','0.0','0.0','0.0','0.0','0.0','','0.0','0.0','0.0','','False','','','','','','False','','','','','','4.0','','95','');
INSERT INTO "Account" VALUES(44,'','Skinner-Perez','0127e000001EaTCAA0','False','','0.0','','','','','','','0.0','','0.0','','','','0.0','','','0.0','0.0','0.0','0.0','0.0','0.0','0.0','0.0','0.0','0.0','','0.0','0.0','0.0','','False','','','','','','False','','','','','','','','','');
INSERT INTO "Account" VALUES(45,'','The Household','0127e000001EaTBAA0','True','Household Account','0.0','','','','','','','0.0','','0.0','','','','0.0','','','0.0','0.0','0.0','0.0','0.0','0.0','0.0','0.0','0.0','0.0','','0.0','0.0','0.0','','False','','','','','','False','','','','','','','','','');
INSERT INTO "Account" VALUES(46,'','Whitehead Inc','0127e000001EaTCAA0','False','','0.0','','','','','','','0.0','','0.0','','','','0.0','','','0.0','0.0','0.0','0.0','0.0','0.0','0.0','0.0','0.0','0.0','','0.0','0.0','0.0','','False','','','','','','False','','','','','','','','','');
INSERT INTO "Account" VALUES(47,'','Tyler, Grant and Kent Household','0127e000001EaTBAA0','True','Household Account','0.0','','','','Prof. Sylvia Tyler, Mr. Kaitlin Barnes, Sanchez Grant and Parker Kent','','Kaitlin, Sanchez and Parker','0.0','','0.0','','','','0.0','','','0.0','0.0','0.0','0.0','0.0','0.0','0.0','0.0','0.0','0.0','','0.0','0.0','0.0','','False','','','','','','False','','','','','','4.0','','99','');
INSERT INTO "Account" VALUES(48,'','Hill, Shepherd and Vargas','0127e000001EaTCAA0','False','','0.0','','','','','','','0.0','','0.0','','','','0.0','','','0.0','0.0','0.0','0.0','0.0','0.0','0.0','0.0','0.0','0.0','','0.0','0.0','0.0','','False','','','','','','False','','','','','','','','','');
INSERT INTO "Account" VALUES(49,'','Dodson and Sons','0127e000001EaTCAA0','False','','0.0','','','','','','','0.0','','0.0','','','','0.0','','','0.0','0.0','0.0','0.0','0.0','0.0','0.0','0.0','0.0','0.0','','0.0','0.0','0.0','','False','','','','','','False','','','','','','','','','');
INSERT INTO "Account" VALUES(50,'','Holden, Logan, Suarez, Steve and Hailey Household','0127e000001EaTBAA0','True','Household Account','0.0','','','','Dr. Mikayla Holden, Mosley Steve and Reeves Hailey','','Kathryn, Jasmine, Mosley and Reeves','0.0','','0.0','','','','0.0','','','0.0','0.0','0.0','0.0','0.0','0.0','0.0','0.0','0.0','0.0','','0.0','0.0','0.0','','False','','','','','','False','','','','','','5.0','','105','');
INSERT INTO "Account" VALUES(51,'','Mejia Ltd','0127e000001EaTCAA0','False','','0.0','','','','','','','0.0','','0.0','','','','0.0','','','0.0','0.0','0.0','0.0','0.0','0.0','0.0','0.0','0.0','0.0','','0.0','0.0','0.0','','False','','','','','','False','','','','','','','','','');
INSERT INTO "Account" VALUES(52,'','The Household','0127e000001EaTBAA0','True','Household Account','0.0','','','','','','','0.0','','0.0','','','','0.0','','','0.0','0.0','0.0','0.0','0.0','0.0','0.0','0.0','0.0','0.0','','0.0','0.0','0.0','','False','','','','','','False','','','','','','','','','');
INSERT INTO "Account" VALUES(53,'','Dalton Group','0127e000001EaTCAA0','False','','0.0','','','','','','','0.0','','0.0','','','','0.0','','','0.0','0.0','0.0','0.0','0.0','0.0','0.0','0.0','0.0','0.0','','0.0','0.0','0.0','','False','','','','','','False','','','','','','','','','');
INSERT INTO "Account" VALUES(54,'','Schneider-Mckenzie','0127e000001EaTBAA0','True','Household Account','0.0','','','','','','','0.0','','0.0','','','','0.0','','','0.0','0.0','0.0','0.0','0.0','0.0','0.0','0.0','0.0','0.0','','0.0','0.0','0.0','','False','','','','','','False','','','','','','','','','');
INSERT INTO "Account" VALUES(55,'','Lowe','0127e000001EaTCAA0','False','','0.0','','','','','','','0.0','','0.0','','','','0.0','','','0.0','0.0','0.0','0.0','0.0','0.0','0.0','0.0','0.0','0.0','','0.0','0.0','0.0','','False','','','','','','False','','','','','','','','','');
INSERT INTO "Account" VALUES(56,'','Decker, Price and Watson','0127e000001EaTCAA0','False','Fly follow issue kind. Work collection very none my woman.','0.0','39949.0','2016','2022-02-28','Various per difficult example more. Base support several myself. Expect teach rock feel.','469-980-5970x34082','South stand price issue. Rather other brother kind prepare from many. Adult window base or public.','0.0','2022-06-28','0.0','2021-12-22','Serve available standard figure year former enter past.','Seek strategy yeah none mouth just area structure.','0.0','2022-09-14','2022-11-26','0.0','0.0','0.0','0.0','0.0','0.0','0.0','0.0','0.0','0.0','Informal_Greeting__c','0.0','0.0','0.0','Environmental','False','Clinton Allison','28399.0','69672.0','40581.0','Area exist development whole. Argue technology read left.
Perform employee she as.','False','conniefrancis@example.com','2022-01-14','42.0','001-254-374-4997','Theory various season idea everything four. Read arm message movie. Standard return he not.','34893.0','','','');
INSERT INTO "Account" VALUES(57,'','Walker, Latasha and Anna Household','0127e000001EaTBAA0','True','Household Account','0.0','','','','Shannon Latasha and Lee Anna','','Douglas, Shannon and Lee','0.0','','0.0','','','','0.0','','','0.0','0.0','0.0','0.0','0.0','0.0','0.0','0.0','0.0','0.0','','0.0','0.0','0.0','','False','','','','','','False','','','','','','3.0','','111','');
INSERT INTO "Account" VALUES(58,'','Tapia, Mcguire and Sharp','0127e000001EaTCAA0','False','','0.0','','','','','','','0.0','','0.0','','','','0.0','','','0.0','0.0','0.0','0.0','0.0','0.0','0.0','0.0','0.0','0.0','','0.0','0.0','0.0','','False','','','','','','False','','','','','','','','','');
INSERT INTO "Account" VALUES(59,'','Hines, Rick and Paul Household','0127e000001EaTBAA0','True','Household Account','0.0','','','','Prof. Nina Trevino, Dr. Terri Hines, Beck Rick and Zavala Paul','','Nina, Beck and Zavala','0.0','','0.0','','','','0.0','','','0.0','0.0','0.0','0.0','0.0','0.0','0.0','0.0','0.0','0.0','','0.0','0.0','0.0','','False','','','','','','False','','','','','','4.0','','26','');
INSERT INTO "Account" VALUES(60,'','Oliver-Gross','0127e000001EaTCAA0','False','','0.0','','','','','','','0.0','','0.0','','','','0.0','','','0.0','0.0','0.0','0.0','0.0','0.0','0.0','0.0','0.0','0.0','','0.0','0.0','0.0','','False','','','','','','False','','','','','','','','','');
INSERT INTO "Account" VALUES(61,'','Orr, Norman and Marisa Household','0127e000001EaTBAA0','True','Household Account','0.0','','','','Dr. Ashlee Waller, Dr. Mallory Park, Khan Norman and Rodriguez Marisa','','Ashlee, Tammy, Mallory, Khan and Rodriguez','0.0','','0.0','','','','0.0','','','0.0','0.0','0.0','0.0','0.0','0.0','0.0','0.0','0.0','0.0','','0.0','0.0','0.0','','False','','','','','','False','','','','','','5.0','','31','');
INSERT INTO "Account" VALUES(62,'','Chase, Ingram and Ramsey','0127e000001EaTCAA0','False','','0.0','','','','','','','0.0','','0.0','','','','0.0','','','0.0','0.0','0.0','0.0','0.0','0.0','0.0','0.0','0.0','0.0','','0.0','0.0','0.0','','False','','','','','','False','','','','','','','','','');
INSERT INTO "Account" VALUES(63,'','Lynch, Meghan and Mason Household','0127e000001EaTBAA0','True','Household Account','0.0','','','','Prof. Paige Hunter, Dr. Tamara Compton, Murphy Meghan and Berg Mason','','Paige, Kyle, Tamara, Murphy and Berg','0.0','','0.0','','','','0.0','','','0.0','0.0','0.0','0.0','0.0','0.0','0.0','0.0','0.0','0.0','','0.0','0.0','0.0','','False','','','','','','False','','','','','','5.0','','112','');
INSERT INTO "Account" VALUES(64,'','Obrien, Sparks and Wong','0127e000001EaTCAA0','False','','0.0','','','','','','','0.0','','0.0','','','','0.0','','','0.0','0.0','0.0','0.0','0.0','0.0','0.0','0.0','0.0','0.0','','0.0','0.0','0.0','','False','','','','','','False','','','','','','','','','');
INSERT INTO "Account" VALUES(65,'','The Household','0127e000001EaTBAA0','True','Household Account','0.0','','','','','','','0.0','','0.0','','','','0.0','','','0.0','0.0','0.0','0.0','0.0','0.0','0.0','0.0','0.0','0.0','','0.0','0.0','0.0','','False','','','','','','False','','','','','','','','','');
INSERT INTO "Account" VALUES(66,'','Berry, Ortiz and Abbott','0127e000001EaTCAA0','False','','0.0','','','','','','','0.0','','0.0','','','','0.0','','','0.0','0.0','0.0','0.0','0.0','0.0','0.0','0.0','0.0','0.0','','0.0','0.0','0.0','','False','','','','','','False','','','','','','','','','');
INSERT INTO "Account" VALUES(67,'','Clayton, Duncan, Durham, Colleen and Kristy Household','0127e000001EaTBAA0','True','Household Account','0.0','','','','Prof. Rachel Duncan, Ortiz Colleen and Ramsey Kristy','','Eddie, Karla, Ortiz and Ramsey','0.0','','0.0','','','','0.0','','','0.0','0.0','0.0','0.0','0.0','0.0','0.0','0.0','0.0','0.0','','0.0','0.0','0.0','','False','','','','','','False','','','','','','5.0','','117','');
INSERT INTO "Account" VALUES(68,'','Le-Mccormick','0127e000001EaTCAA0','False','','0.0','','','','','','','0.0','','0.0','','','','0.0','','','0.0','0.0','0.0','0.0','0.0','0.0','0.0','0.0','0.0','0.0','','0.0','0.0','0.0','','False','','','','','','False','','','','','','','','','');
INSERT INTO "Account" VALUES(69,'','Bates and Sons','0127e000001EaTCAA0','False','','0.0','','','','','','','0.0','','0.0','','','','0.0','','','0.0','0.0','0.0','0.0','0.0','0.0','0.0','0.0','0.0','0.0','','0.0','0.0','0.0','','False','','','','','','False','','','','','','','','','');
INSERT INTO "Account" VALUES(70,'','Hodges, Armstrong, Flynn, Ann and Latoya Household','0127e000001EaTBAA0','True','Household Account','0.0','','','','Prof. Casey Armstrong, Prof. Warren Flynn, Frey Ann and Burgess Latoya','','Melinda, Frey and Burgess','0.0','','0.0','','','','0.0','','','0.0','0.0','0.0','0.0','0.0','0.0','0.0','0.0','0.0','0.0','','0.0','0.0','0.0','','False','','','','','','False','','','','','','5.0','','123','');
INSERT INTO "Account" VALUES(71,'','Gordon, Wise and Pacheco','0127e000001EaTCAA0','False','','0.0','','','','','','','0.0','','0.0','','','','0.0','','','0.0','0.0','0.0','0.0','0.0','0.0','0.0','0.0','0.0','0.0','','0.0','0.0','0.0','','False','','','','','','False','','','','','','','','','');
INSERT INTO "Account" VALUES(72,'','The Household','0127e000001EaTBAA0','True','Household Account','0.0','','','','','','','0.0','','0.0','','','','0.0','','','0.0','0.0','0.0','0.0','0.0','0.0','0.0','0.0','0.0','0.0','','0.0','0.0','0.0','','False','','','','','','False','','','','','','','','','');
INSERT INTO "Account" VALUES(73,'','Norris, Tanner and Mclaughlin','0127e000001EaTCAA0','False','','0.0','','','','','','','0.0','','0.0','','','','0.0','','','0.0','0.0','0.0','0.0','0.0','0.0','0.0','0.0','0.0','0.0','','0.0','0.0','0.0','','False','','','','','','False','','','','','','','','','');
INSERT INTO "Account" VALUES(74,'','Gould-Davenport','0127e000001EaTBAA0','True','Household Account','0.0','','','','','','','0.0','','0.0','','','','0.0','','','0.0','0.0','0.0','0.0','0.0','0.0','0.0','0.0','0.0','0.0','','0.0','0.0','0.0','','False','','','','','','False','','','','','','','','','');
INSERT INTO "Account" VALUES(75,'','Mcdonald','0127e000001EaTCAA0','False','','0.0','','','','','','','0.0','','0.0','','','','0.0','','','0.0','0.0','0.0','0.0','0.0','0.0','0.0','0.0','0.0','0.0','','0.0','0.0','0.0','','False','','','','','','False','','','','','','','','','');
INSERT INTO "Account" VALUES(76,'','Vaughan-Brady','0127e000001EaTCAA0','False','Defense value easy perhaps fast positive.','0.0','29563.0','1983','2022-07-08','Recently military product mean. Yeah sell wrong wear technology.','494-693-6833','Themselves share note degree statement body statement assume. Effort cell along.','0.0','2022-06-22','0.0','2022-01-31','Feel look must enough. House animal member per.','So sea thing black add woman. Moment least visit son.','0.0','2022-10-22','2022-05-31','0.0','0.0','0.0','0.0','0.0','0.0','0.0','0.0','0.0','0.0','Informal_Greeting__c','0.0','0.0','0.0','Education','False','Angelica Osborne DDS','15183.0','81762.0','97713.0','Fine send about.','False','wolfeana@example.org','2022-04-10','53.0','1161562891','Cold sport within already chance whether. Despite determine community rate news TV offer.','63200.0','','','');
INSERT INTO "Account" VALUES(77,'','Reilly, Mcneil, Jodi and Scott Household','0127e000001EaTBAA0','True','Household Account','0.0','','','','Prof. Shane Reilly, Dr. Gabriela Willis, Patel Jodi and Meza Scott','','Lance, Gabriela, Patel and Meza','0.0','','0.0','','','','0.0','','','0.0','0.0','0.0','0.0','0.0','0.0','0.0','0.0','0.0','0.0','','0.0','0.0','0.0','','False','','','','','','False','','','','','','5.0','','81','');
INSERT INTO "Account" VALUES(78,'','Bowman-Barker','0127e000001EaTCAA0','False','','0.0','','','','','','','0.0','','0.0','','','','0.0','','','0.0','0.0','0.0','0.0','0.0','0.0','0.0','0.0','0.0','0.0','','0.0','0.0','0.0','','False','','','','','','False','','','','','','','','','');
INSERT INTO "Account" VALUES(79,'','Andrade, Latasha and Pedro Household','0127e000001EaTBAA0','True','Household Account','0.0','','','','Dr. Vernon Andrade, Parks Latasha and Archer Pedro','','Parks and Archer','0.0','','0.0','','','','0.0','','','0.0','0.0','0.0','0.0','0.0','0.0','0.0','0.0','0.0','0.0','','0.0','0.0','0.0','','False','','','','','','False','','','','','','3.0','','108','');
INSERT INTO "Account" VALUES(80,'','Rivas, Keith and Meyers','0127e000001EaTCAA0','False','','0.0','','','','','','','0.0','','0.0','','','','0.0','','','0.0','0.0','0.0','0.0','0.0','0.0','0.0','0.0','0.0','0.0','','0.0','0.0','0.0','','False','','','','','','False','','','','','','','','','');
INSERT INTO "Account" VALUES(81,'','Ferguson, Vasquez, Edward and Jamie Household','0127e000001EaTBAA0','True','Household Account','0.0','','','','Pennington Edward and Jackson Jamie','','Jack, Wyatt, Pennington and Jackson','0.0','','0.0','','','','0.0','','','0.0','0.0','0.0','0.0','0.0','0.0','0.0','0.0','0.0','0.0','','0.0','0.0','0.0','','False','','','','','','False','','','','','','4.0','','4','');
INSERT INTO "Account" VALUES(82,'','Martin, Carr and Everett','0127e000001EaTCAA0','False','','0.0','','','','','','','0.0','','0.0','','','','0.0','','','0.0','0.0','0.0','0.0','0.0','0.0','0.0','0.0','0.0','0.0','','0.0','0.0','0.0','','False','','','','','','False','','','','','','','','','');
INSERT INTO "Account" VALUES(83,'','Mathews, Bryce and Alexa Household','0127e000001EaTBAA0','True','Household Account','0.0','','','','Prof. Madison Mathews, Benitez Bryce and Hoffman Alexa','','Benitez and Hoffman','0.0','','0.0','','','','0.0','','','0.0','0.0','0.0','0.0','0.0','0.0','0.0','0.0','0.0','0.0','','0.0','0.0','0.0','','False','','','','','','False','','','','','','3.0','','7','');
INSERT INTO "Account" VALUES(84,'','Washington Group','0127e000001EaTCAA0','False','','0.0','','','','','','','0.0','','0.0','','','','0.0','','','0.0','0.0','0.0','0.0','0.0','0.0','0.0','0.0','0.0','0.0','','0.0','0.0','0.0','','False','','','','','','False','','','','','','','','','');
INSERT INTO "Account" VALUES(85,'','The Household','0127e000001EaTBAA0','True','Household Account','0.0','','','','','','','0.0','','0.0','','','','0.0','','','0.0','0.0','0.0','0.0','0.0','0.0','0.0','0.0','0.0','0.0','','0.0','0.0','0.0','','False','','','','','','False','','','','','','','','','');
INSERT INTO "Account" VALUES(86,'','Knapp Inc','0127e000001EaTCAA0','False','','0.0','','','','','','','0.0','','0.0','','','','0.0','','','0.0','0.0','0.0','0.0','0.0','0.0','0.0','0.0','0.0','0.0','','0.0','0.0','0.0','','False','','','','','','False','','','','','','','','','');
INSERT INTO "Account" VALUES(87,'','Chapman, Kirsten and Isaac Household','0127e000001EaTBAA0','True','Household Account','0.0','','','','Johnson Kirsten and Cameron Isaac','','Joel, Johnson and Cameron','0.0','','0.0','','','','0.0','','','0.0','0.0','0.0','0.0','0.0','0.0','0.0','0.0','0.0','0.0','','0.0','0.0','0.0','','False','','','','','','False','','','','','','3.0','','10','');
INSERT INTO "Account" VALUES(88,'','Gonzales, Velez and Daugherty','0127e000001EaTCAA0','False','','0.0','','','','','','','0.0','','0.0','','','','0.0','','','0.0','0.0','0.0','0.0','0.0','0.0','0.0','0.0','0.0','0.0','','0.0','0.0','0.0','','False','','','','','','False','','','','','','','','','');
INSERT INTO "Account" VALUES(89,'','Chen Group','0127e000001EaTCAA0','False','','0.0','','','','','','','0.0','','0.0','','','','0.0','','','0.0','0.0','0.0','0.0','0.0','0.0','0.0','0.0','0.0','0.0','','0.0','0.0','0.0','','False','','','','','','False','','','','','','','','','');
INSERT INTO "Account" VALUES(90,'','Benjamin, Spencer and Kylie Household','0127e000001EaTBAA0','True','Household Account','0.0','','','','Prof. Sergio Benjamin, Cortez Spencer and Schultz Kylie','','Cortez and Schultz','0.0','','0.0','','','','0.0','','','0.0','0.0','0.0','0.0','0.0','0.0','0.0','0.0','0.0','0.0','','0.0','0.0','0.0','','False','','','','','','False','','','','','','3.0','','14','');
INSERT INTO "Account" VALUES(91,'','Michael Inc','0127e000001EaTCAA0','False','','0.0','','','','','','','0.0','','0.0','','','','0.0','','','0.0','0.0','0.0','0.0','0.0','0.0','0.0','0.0','0.0','0.0','','0.0','0.0','0.0','','False','','','','','','False','','','','','','','','','');
INSERT INTO "Account" VALUES(92,'','The Household','0127e000001EaTBAA0','True','Household Account','0.0','','','','','','','0.0','','0.0','','','','0.0','','','0.0','0.0','0.0','0.0','0.0','0.0','0.0','0.0','0.0','0.0','','0.0','0.0','0.0','','False','','','','','','False','','','','','','','','','');
INSERT INTO "Account" VALUES(93,'','Carr-Paul','0127e000001EaTCAA0','False','','0.0','','','','','','','0.0','','0.0','','','','0.0','','','0.0','0.0','0.0','0.0','0.0','0.0','0.0','0.0','0.0','0.0','','0.0','0.0','0.0','','False','','','','','','False','','','','','','','','','');
INSERT INTO "Account" VALUES(94,'','Bright PLC','0127e000001EaTBAA0','True','Household Account','0.0','','','','','','','0.0','','0.0','','','','0.0','','','0.0','0.0','0.0','0.0','0.0','0.0','0.0','0.0','0.0','0.0','','0.0','0.0','0.0','','False','','','','','','False','','','','','','','','','');
INSERT INTO "Account" VALUES(95,'','Hampton','0127e000001EaTCAA0','False','','0.0','','','','','','','0.0','','0.0','','','','0.0','','','0.0','0.0','0.0','0.0','0.0','0.0','0.0','0.0','0.0','0.0','','0.0','0.0','0.0','','False','','','','','','False','','','','','','','','','');
INSERT INTO "Account" VALUES(96,'','Shelton-Buckley','0127e000001EaTCAA0','False','Air unit protect doctor. Guy every near but deep hot apply.','0.0','34187.0','2010','2022-08-07','Name ten and pick wait hand up. Sing if simple late gas sometimes behavior strong.','2511570149','For type source talk sit commercial. Him size fly social indeed production writer.','0.0','2022-07-17','0.0','2022-05-22','Same put professional use. Cut as less choice red court.','Sea career direction approach central what. Pass yourself assume reach hand. Hotel road you.','0.0','2022-08-08','2022-02-01','0.0','0.0','0.0','0.0','0.0','0.0','0.0','0.0','0.0','0.0','Informal_Greeting__c','0.0','0.0','0.0','Animal Welfare','False','Dr. Isabella Vang','97510.0','39515.0','35280.0','Hotel example today meeting address certainly. Summer so sport test president audience.','False','brandi41@example.com','2022-10-22','17.0','+1-152-990-0133x3873','Eat house artist answer.','79406.0','','','');
INSERT INTO "Account" VALUES(97,'','Robertson, Hunter and Molly Household','0127e000001EaTBAA0','True','Household Account','0.0','','','','Ms. Sabrina Robertson, Prof. Charles Howe, Pena Hunter and Joseph Molly','','Charles, Pena and Joseph','0.0','','0.0','','','','0.0','','','0.0','0.0','0.0','0.0','0.0','0.0','0.0','0.0','0.0','0.0','','0.0','0.0','0.0','','False','','','','','','False','','','','','','4.0','','18','');
INSERT INTO "Account" VALUES(98,'','Bell PLC','0127e000001EaTCAA0','False','','0.0','','','','','','','0.0','','0.0','','','','0.0','','','0.0','0.0','0.0','0.0','0.0','0.0','0.0','0.0','0.0','0.0','','0.0','0.0','0.0','','False','','','','','','False','','','','','','','','','');
INSERT INTO "Account" VALUES(99,'','English, Hunter, Carson, Roberta and Bobby Household','0127e000001EaTBAA0','True','Household Account','0.0','','','','Mr. Edward English, Dr. Sheila Hunter, Mr. Jillian Carson, Owen Roberta and Best Bobby','','Owen and Best','0.0','','0.0','','','','0.0','','','0.0','0.0','0.0','0.0','0.0','0.0','0.0','0.0','0.0','0.0','','0.0','0.0','0.0','','False','','','','','','False','','','','','','5.0','','36','');
INSERT INTO "Account" VALUES(100,'','Elliott-Hodges','0127e000001EaTCAA0','False','','0.0','','','','','','','0.0','','0.0','','','','0.0','','','0.0','0.0','0.0','0.0','0.0','0.0','0.0','0.0','0.0','0.0','','0.0','0.0','0.0','','False','','','','','','False','','','','','','','','','');
CREATE TABLE "Account_rt_mapping" (
	record_type_id VARCHAR(18) NOT NULL, 
	developer_name VARCHAR(255), 
	PRIMARY KEY (record_type_id)
);
INSERT INTO "Account_rt_mapping" VALUES('0127e000001EaOtAAK','Default');
INSERT INTO "Account_rt_mapping" VALUES('0127e000001EaTBAA0','HH_Account');
INSERT INTO "Account_rt_mapping" VALUES('0127e000001EaTCAA0','Organization');
CREATE TABLE "BackgroundCheck__c" (
	id INTEGER NOT NULL, 
	"Date__c" VARCHAR(255), 
	"Notes__c" VARCHAR(255), 
	"Status__c" VARCHAR(255), 
	"Contact__c" VARCHAR(255), 
	PRIMARY KEY (id)
);
INSERT INTO "BackgroundCheck__c" VALUES(1,'2020-05-07','Herself yard agent early rich. Consider Republican so effort politics sound. On establish season forward themselves. Special but soon region buy.','Fail','78');
INSERT INTO "BackgroundCheck__c" VALUES(2,'2017-03-27','Medical almost raise listen seek. Stand do probably even life gun. Charge laugh allow such natural majority up.','Pending','57');
INSERT INTO "BackgroundCheck__c" VALUES(3,'2015-11-12','Admit my serve hot. Treatment window increase result.','Fail','84');
INSERT INTO "BackgroundCheck__c" VALUES(4,'2017-07-08','Certainly what investment catch read which rule land.','Pass','23');
INSERT INTO "BackgroundCheck__c" VALUES(5,'2016-10-17','Beyond such wish. Mr artist anything want quite might start expect. Behavior community bad heavy sit.','Pending','18');
CREATE TABLE "Campaign" (
	id INTEGER NOT NULL, 
	"Name" VARCHAR(255), 
	PRIMARY KEY (id)
);
INSERT INTO "Campaign" VALUES(1,'The Campaign');
INSERT INTO "Campaign" VALUES(2,'The Campaign');
CREATE TABLE "Contact" (
	id INTEGER NOT NULL, 
	"ADSiMApplicationReceived__c" VARCHAR(255), 
	"ADSiMPreApplicationReceived__c" VARCHAR(255), 
	"ADSiMProgAgreementReceived__c" VARCHAR(255), 
	"BoardAgreementReceived__c" VARCHAR(255), 
	"BoardApplicationReceived__c" VARCHAR(255), 
	"BoardCoIReceived__c" VARCHAR(255), 
	"BoardMemberAcceptedDate__c" VARCHAR(255), 
	"BoardMemberStatus__c" VARCHAR(255), 
	"BoardResumeReceived__c" VARCHAR(255), 
	"BoardToNReceived__c" VARCHAR(255), 
	"ClientApplicationReceived__c" VARCHAR(255), 
	"ClientCertAgreementReceived__c" VARCHAR(255), 
	"ClientLOMIReceived__c" VARCHAR(255), 
	"ClientMedicalDevices__c" VARCHAR(255), 
	"ClientPreApplicationReceived__c" VARCHAR(255), 
	"ClientProgAgreementReceived__c" VARCHAR(255), 
	"ClientStatus__c" VARCHAR(255), 
	"ClientSurveyReceived__c" VARCHAR(255), 
	"ClientVAPWReceived__c" VARCHAR(255), 
	"CriminalConviction__c" VARCHAR(255), 
	"DateStarted__c" VARCHAR(255), 
	"Email" VARCHAR(255), 
	"FacilitatorApplicationReceived__c" VARCHAR(255), 
	"FacilitatorCertAgreementReceived__c" VARCHAR(255), 
	"FacilitatorInfrNoticeReceived__c" VARCHAR(255), 
	"FacilitatorPracticumReceived__c" VARCHAR(255), 
	"FacilitatorProfGrowthPlanReceived__c" VARCHAR(255), 
	"FacilitatorProgAgreementReceived__c" VARCHAR(255), 
	"FacilitatorReferenceReceived__c" VARCHAR(255), 
	"FacilitatorStatus__c" VARCHAR(255), 
	"FirstName" VARCHAR(255), 
	"GW_Volunteers__Volunteer_Auto_Reminder_Email_Opt_Out__c" VARCHAR(255), 
	"GW_Volunteers__Volunteer_Availability__c" VARCHAR(255), 
	"GW_Volunteers__Volunteer_Last_Web_Signup_Date__c" VARCHAR(255), 
	"GW_Volunteers__Volunteer_Manager_Notes__c" VARCHAR(255), 
	"GW_Volunteers__Volunteer_Notes__c" VARCHAR(255), 
	"GW_Volunteers__Volunteer_Organization__c" VARCHAR(255), 
	"GW_Volunteers__Volunteer_Skills__c" VARCHAR(255), 
	"GW_Volunteers__Volunteer_Status__c" VARCHAR(255), 
	"Language__c" VARCHAR(255), 
	"LastName" VARCHAR(255), 
	"LeadFacilitatorStatus__c" VARCHAR(255), 
	"LeadInterest__c" VARCHAR(255), 
	"LeadSourceOther__c" VARCHAR(255), 
	"OtherLanguages__c" VARCHAR(255), 
	"Phone" VARCHAR(255), 
	"Positions__c" VARCHAR(255), 
	"PronounOther__c" VARCHAR(255), 
	"Pronoun__c" VARCHAR(255), 
	"PuppyApplicationReceived__c" VARCHAR(255), 
	"PuppyCertAgreementReceived__c" VARCHAR(255), 
	"PuppyInfrNoticeReceived__c" VARCHAR(255), 
	"PuppyProgAgreementReceived__c" VARCHAR(255), 
	"PuppyRaiserStatus__c" VARCHAR(255), 
	"PuppyReferenceReceived__c" VARCHAR(255), 
	"StaffAgreementReceived__c" VARCHAR(255), 
	"StaffApplicationReceived__c" VARCHAR(255), 
	"StaffI9Received__c" VARCHAR(255), 
	"StaffOfferReceived__c" VARCHAR(255), 
	"StaffResumeReceived__c" VARCHAR(255), 
	"StaffW4Received__c" VARCHAR(255), 
	"TrainerApplicationReceived__c" VARCHAR(255), 
	"TrainerBoardTrain__c" VARCHAR(255), 
	"TrainerCertAgreementReceived__c" VARCHAR(255), 
	"TrainerInfrNoticeReceived__c" VARCHAR(255), 
	"TrainerProgAgreementReceived__c" VARCHAR(255), 
	"TrainerReferenceReceived__c" VARCHAR(255), 
	"TrainerSpecialties__c" VARCHAR(255), 
	"TrainerStatus__c" VARCHAR(255), 
	"VolunteerAccess__c" VARCHAR(255), 
	"VolunteerAgreementReceived__c" VARCHAR(255), 
	"VolunteerApplicationReceived__c" VARCHAR(255), 
	"VolunteerFocus__c" VARCHAR(255), 
	"VolunteerResumeReceived__c" VARCHAR(255), 
	"npe01__AlternateEmail__c" VARCHAR(255), 
	"npe01__HomeEmail__c" VARCHAR(255), 
	"npe01__PreferredPhone__c" VARCHAR(255), 
	"npe01__Preferred_Email__c" VARCHAR(255), 
	"npe01__Primary_Address_Type__c" VARCHAR(255), 
	"npe01__Private__c" VARCHAR(255), 
	"npe01__Secondary_Address_Type__c" VARCHAR(255), 
	"npe01__WorkEmail__c" VARCHAR(255), 
	"npe01__WorkPhone__c" VARCHAR(255), 
	"npo02__AverageAmount__c" VARCHAR(255), 
	"npo02__Best_Gift_Year_Total__c" VARCHAR(255), 
	"npo02__Best_Gift_Year__c" VARCHAR(255), 
	"npo02__FirstCloseDate__c" VARCHAR(255), 
	"npo02__Household_Naming_Order__c" VARCHAR(255), 
	"npo02__LargestAmount__c" VARCHAR(255), 
	"npo02__LastCloseDate__c" VARCHAR(255), 
	"npo02__LastMembershipAmount__c" VARCHAR(255), 
	"npo02__LastMembershipDate__c" VARCHAR(255), 
	"npo02__LastMembershipLevel__c" VARCHAR(255), 
	"npo02__LastMembershipOrigin__c" VARCHAR(255), 
	"npo02__LastOppAmount__c" VARCHAR(255), 
	"npo02__MembershipEndDate__c" VARCHAR(255), 
	"npo02__MembershipJoinDate__c" VARCHAR(255), 
	"npo02__Naming_Exclusions__c" VARCHAR(255), 
	"npo02__NumberOfClosedOpps__c" VARCHAR(255), 
	"npo02__NumberOfMembershipOpps__c" VARCHAR(255), 
	"npo02__OppAmount2YearsAgo__c" VARCHAR(255), 
	"npo02__OppAmountLastNDays__c" VARCHAR(255), 
	"npo02__OppAmountLastYear__c" VARCHAR(255), 
	"npo02__OppAmountThisYear__c" VARCHAR(255), 
	"npo02__OppsClosed2YearsAgo__c" VARCHAR(255), 
	"npo02__OppsClosedLastNDays__c" VARCHAR(255), 
	"npo02__OppsClosedLastYear__c" VARCHAR(255), 
	"npo02__OppsClosedThisYear__c" VARCHAR(255), 
	"npo02__SmallestAmount__c" VARCHAR(255), 
	"npo02__Soft_Credit_Last_Year__c" VARCHAR(255), 
	"npo02__Soft_Credit_This_Year__c" VARCHAR(255), 
	"npo02__Soft_Credit_Total__c" VARCHAR(255), 
	"npo02__Soft_Credit_Two_Years_Ago__c" VARCHAR(255), 
	"npo02__TotalMembershipOppAmount__c" VARCHAR(255), 
	"npo02__TotalOppAmount__c" VARCHAR(255), 
	"npsp__Deceased__c" VARCHAR(255), 
	"npsp__Do_Not_Contact__c" VARCHAR(255), 
	"npsp__Exclude_from_Household_Formal_Greeting__c" VARCHAR(255), 
	"npsp__Exclude_from_Household_Informal_Greeting__c" VARCHAR(255), 
	"npsp__Exclude_from_Household_Name__c" VARCHAR(255), 
	"npsp__First_Soft_Credit_Amount__c" VARCHAR(255), 
	"npsp__First_Soft_Credit_Date__c" VARCHAR(255), 
	"npsp__Largest_Soft_Credit_Amount__c" VARCHAR(255), 
	"npsp__Largest_Soft_Credit_Date__c" VARCHAR(255), 
	"npsp__Last_Soft_Credit_Amount__c" VARCHAR(255), 
	"npsp__Last_Soft_Credit_Date__c" VARCHAR(255), 
	"npsp__Number_of_Soft_Credits_Last_N_Days__c" VARCHAR(255), 
	"npsp__Number_of_Soft_Credits_Last_Year__c" VARCHAR(255), 
	"npsp__Number_of_Soft_Credits_This_Year__c" VARCHAR(255), 
	"npsp__Number_of_Soft_Credits_Two_Years_Ago__c" VARCHAR(255), 
	"npsp__Number_of_Soft_Credits__c" VARCHAR(255), 
	"npsp__Soft_Credit_Last_N_Days__c" VARCHAR(255), 
	"npsp__is_Address_Override__c" VARCHAR(255), 
	"AccountId" VARCHAR(255), 
	"ReportsToId" VARCHAR(255), 
	"npo02__Household__c" VARCHAR(255), 
	"npsp__Batch__c" VARCHAR(255), 
	"npsp__Current_Address__c" VARCHAR(255), 
	"npsp__Primary_Affiliation__c" VARCHAR(255), 
	PRIMARY KEY (id)
);
INSERT INTO "Contact" VALUES(1,'','','','','','','','','','','','','','','','','None','','','False','','edward_pennington@example.org','','','','','','','','None','Pennington','False','','','','','','','','','Edward','','','','','(377)872-0607','','','','','','','','None','','','','','','','','','False','','','','','','None','','','','','','ed+pennington1989@example.net','edward_pennington@example.org','Home','Personal','','False','Home','edward-pennington@example.com','6946585422','0.0','','','','','0.0','','0.0','','','','0.0','','','','0.0','0.0','0.0','0.0','0.0','0.0','0.0','0.0','0.0','0.0','0.0','','','','','0.0','0.0','False','False','False','False','False','','','','','','','','','','','','0.0','False','81','','','','','');
INSERT INTO "Contact" VALUES(2,'','','','','','','','','','','','','','','','','None','','','False','','j.jackson1@example.com','','','','','','','','None','Jackson','False','','','','','','','','','Jamie','','','','','974.138.1145x8886','','','','','','','','None','','','','','','','','','False','','','','','','None','','','','','','jamie_jackson05@example.org','j.jackson1@example.com','Home','Personal','','False','Home','jajackson8@example.com','5547935617','0.0','','','','','0.0','','0.0','','','','0.0','','','','0.0','0.0','0.0','0.0','0.0','0.0','0.0','0.0','0.0','0.0','0.0','','','','','0.0','0.0','False','False','False','False','False','','','','','','','','','','','','0.0','False','81','','','','','');
INSERT INTO "Contact" VALUES(3,'','','','','','','','Onboarding','','','','','','Building example community month.','','','None','','','False','2009-04-08','wvasquez@example.org','','','','','','','','Onboarding','Wyatt','False','','','','Entire also few fill. Quality friend its soon if me.','','Financial/Bookkeeping','Initial Inquiry','English','Vasquez','None','Teams Set in Motion Program','Serrano, Clay and Swanson','Spanish','001-362-558-8904','Volunteer;Team Facilitator','Military.','They/Them','','','','','None','','','','','','','','','False','','','','','Mobility;Autism','None','Active Projects- Academy','','','','','wyatt_vasquez09@example.com','wvasquez@example.org','Home','Personal','Home','False','Home','wyattvasquez@example.org','+1-058-917-4252x2738','0.0','51317.0','1976','2021-12-14','56413.0','0.0','2022-01-19','0.0','2022-03-06','Fall share number wrong director wrong him consumer.','Nice language lawyer case matter two recently. Free spend give. Soon than major newspaper.','0.0','2022-03-10','2022-06-21','Household__c.Formal_Greeting__c','0.0','0.0','0.0','0.0','0.0','0.0','0.0','0.0','0.0','0.0','0.0','22800.0','76195.0','6418.0','13096.0','0.0','0.0','False','False','True','False','False','58376.0','2022-06-28','62185.0','2022-08-26','96410.0','','35515.0','89501.0','96311.0','58820.0','44715.0','0.0','False','81','','','','2','');
INSERT INTO "Contact" VALUES(4,'','','','','','','','Inactive','','','','','','So moment wish current parent matter.','','','None','','','False','2019-04-20','jack+ferguson58@example.com','','','','','','','','None','Jack','False','','','','Wonder gun meet pattern. Statement wrong moment. Green popular ready result.','','Legal','Onboarding','English','Ferguson','None','Volunteering','Lawson LLC','German','001-443-570-5533x70936','Volunteer','Him area.','Prefer to self-describe','','','','','None','','','','','','','','','False','','','','','Hearing Alert','None','Operations- Financial','','','','','jack-ferguson@example.org','jack+ferguson58@example.com','Home','Personal','Home','False','Home','ja_ferguson5@example.com','+1-748-225-2379x59955','0.0','85744.0','1994','2022-06-29','3650.0','0.0','2022-08-21','0.0','2022-09-15','Report pattern red really create. Continue within her. Enough team choice information.','Themselves address central police former before member. Put save least. Pass style raise establish.','0.0','2022-03-27','2021-12-13','Household__c.Formal_Greeting__c','0.0','0.0','0.0','0.0','0.0','0.0','0.0','0.0','0.0','0.0','0.0','60473.0','39459.0','95152.0','58818.0','0.0','0.0','False','False','True','False','False','87326.0','2022-08-12','15640.0','2022-07-02','28601.0','','46074.0','33500.0','35033.0','47251.0','24042.0','0.0','False','81','','','','2','');
INSERT INTO "Contact" VALUES(5,'','','','','','','','','','','','','','','','','None','','','False','','bryce.benitez1970@example.org','','','','','','','','None','Benitez','False','','','','','','','','','Bryce','','','','','(438)818-9049','','','','','','','','None','','','','','','','','','False','','','','','','None','','','','','','bryce.benitez3@example.com','bryce.benitez1970@example.org','Home','Personal','','False','Home','br_benitez5@example.net','4536667916','0.0','','','','','0.0','','0.0','','','','0.0','','','','0.0','0.0','0.0','0.0','0.0','0.0','0.0','0.0','0.0','0.0','0.0','','','','','0.0','0.0','False','False','False','False','False','','','','','','','','','','','','0.0','False','83','','','','','');
INSERT INTO "Contact" VALUES(6,'','','','','','','','','','','','','','','','','None','','','False','','a.hoffman1993@example.net','','','','','','','','None','Hoffman','False','','','','','','','','','Alexa','','','','','001-472-864-7813x82564','','','','','','','','None','','','','','','','','','False','','','','','','None','','','','','','a+hoffman42@example.org','a.hoffman1993@example.net','Home','Personal','','False','Work','a_hoffman4@example.org','+1-079-498-3336x33632','0.0','','','','','0.0','','0.0','','','','0.0','','','','0.0','0.0','0.0','0.0','0.0','0.0','0.0','0.0','0.0','0.0','0.0','','','','','0.0','0.0','False','False','False','False','False','','','','','','','','','','','','0.0','False','83','','','','','');
INSERT INTO "Contact" VALUES(7,'','','','','','','','Initial Inquiry','','','','','','Around authority despite trial information art.','','','None','','','False','2021-07-19','m_mathews@example.org','','','','','','','','None','Madison','False','','','','Speak check manager then mean later particularly side. Opportunity accept certain west.','','SEO','Inactive','English','Mathews','None','Assistance Dogs Set in Motion Program','Graves, Rasmussen and May','Spanish','(379)956-6931','Volunteer','Memory.','She/Her','','','','','None','','','','','','','','','False','','','','','Autism','None','Active Projects- Dog Availability','','','','','m.mathews2003@example.net','m_mathews@example.org','Home','Personal','Home','False','Work','m+mathews0@example.org','324.157.6954x67905','0.0','88091.0','1970','2022-04-17','89043.0','0.0','2022-08-09','0.0','2022-07-22','Nice special heart so close. Simple finish amount lay today six available serve.','Them sea dinner break. South then alone.','0.0','2022-05-17','2021-12-19','Household__c.Informal_Greeting__c','0.0','0.0','0.0','0.0','0.0','0.0','0.0','0.0','0.0','0.0','0.0','83621.0','94768.0','19412.0','1988.0','0.0','0.0','False','False','False','True','False','22492.0','2022-10-26','57150.0','2022-03-07','85266.0','','58149.0','53463.0','2723.0','84060.0','22700.0','0.0','False','83','','','','3','');
INSERT INTO "Contact" VALUES(8,'','','','','','','','','','','','','','','','','None','','','False','','kirsten_johnson42@example.org','','','','','','','','None','Johnson','False','','','','','','','','','Kirsten','','','','','693.805.4376x67226','','','','','','','','None','','','','','','','','','False','','','','','','None','','','','','','k+johnson2007@example.net','kirsten_johnson42@example.org','Home','Personal','','False','Work','kirsten-johnson2@example.org','083-431-5637x663','0.0','','','','','0.0','','0.0','','','','0.0','','','','0.0','0.0','0.0','0.0','0.0','0.0','0.0','0.0','0.0','0.0','0.0','','','','','0.0','0.0','False','False','False','False','False','','','','','','','','','','','','0.0','False','87','','','','','');
INSERT INTO "Contact" VALUES(9,'','','','','','','','','','','','','','','','','None','','','False','','is-cameron1956@example.org','','','','','','','','None','Cameron','False','','','','','','','','','Isaac','','','','','019.366.6240','','','','','','','','None','','','','','','','','','False','','','','','','None','','','','','','is-cameron2007@example.com','is-cameron1956@example.org','Home','Personal','','False','Other','i+cameron1955@example.org','(534)551-1133','0.0','','','','','0.0','','0.0','','','','0.0','','','','0.0','0.0','0.0','0.0','0.0','0.0','0.0','0.0','0.0','0.0','0.0','','','','','0.0','0.0','False','False','False','False','False','','','','','','','','','','','','0.0','False','87','','','','','');
INSERT INTO "Contact" VALUES(10,'','','','','','','','Active','','','','','','Newspaper town color member.','','','None','','','False','2005-11-11','jo-chapman06@example.com','','','','','','','','None','Joel','False','','','','Finally whom likely outside. Will cut yeah billion. Interesting discussion they.','','Writing/Communications','Active','English','Chapman','None','General info/Other','Holloway, Gonzalez and Montoya','Mandarin','326-961-1444','Trainer','News site.','Prefer not to answer','','','','','None','','','','','','','','','False','','','','','Medical Incident Assist','Discontinued','Sensitive Info- Board','','','','','jochapman@example.net','jo-chapman06@example.com','Home','Personal','Home','False','Home','jchapman@example.org','174-464-9540','0.0','67712.0','1990','2022-09-22','64936.0','0.0','2022-05-04','0.0','2021-12-13','Indeed last various religious street member. Debate big perhaps college keep base entire.','Thank fish hear than animal inside discover. Knowledge spring newspaper purpose black.','0.0','2022-07-31','2022-02-13','Household__c.Formal_Greeting__c','0.0','0.0','0.0','0.0','0.0','0.0','0.0','0.0','0.0','0.0','0.0','15682.0','35398.0','1068.0','11868.0','0.0','0.0','False','False','True','False','False','81755.0','2022-09-14','41872.0','2022-03-28','80375.0','','31309.0','96112.0','17653.0','68918.0','8440.0','0.0','False','87','','','','5','');
INSERT INTO "Contact" VALUES(11,'','','','','','','','','','','','','','','','','None','','','False','','ja.valenzuela1982@example.com','','','','','','','','None','Valenzuela','False','','','','','','','','','James','','','','','835.226.0901x861','','','','','','','','None','','','','','','','','','False','','','','','','None','','','','','','ja+valenzuela74@example.com','j.valenzuela1@example.org','Home','Personal','Work','False','Work','jamesvalenzuela1955@example.net','954-092-7248x446','0.0','','','','','0.0','','0.0','','','','0.0','','','','0.0','0.0','0.0','0.0','0.0','0.0','0.0','0.0','0.0','0.0','0.0','','','','','0.0','0.0','False','False','False','False','False','','','','','','','','','','','','0.0','False','89','','','','','');
INSERT INTO "Contact" VALUES(12,'','','','','','','','','','','','','','','','','None','','','False','','spencer+cortez53@example.org','','','','','','','','None','Cortez','False','','','','','','','','','Spencer','','','','','(585)593-4794','','','','','','','','None','','','','','','','','','False','','','','','','None','','','','','','sp-cortez1971@example.net','spencer+cortez53@example.org','Home','Personal','','False','Other','spencer-cortez2008@example.org','640-766-1162','0.0','','','','','0.0','','0.0','','','','0.0','','','','0.0','0.0','0.0','0.0','0.0','0.0','0.0','0.0','0.0','0.0','0.0','','','','','0.0','0.0','False','False','False','False','False','','','','','','','','','','','','0.0','False','90','','','','','');
INSERT INTO "Contact" VALUES(13,'','','','','','','','','','','','','','','','','None','','','False','','kyschultz11@example.net','','','','','','','','None','Schultz','False','','','','','','','','','Kylie','','','','','+1-331-517-9796x69717','','','','','','','','None','','','','','','','','','False','','','','','','None','','','','','','kylie.schultz@example.net','kyschultz11@example.net','Home','Personal','','False','Work','kyschultz1960@example.org','001-716-163-6989x14431','0.0','','','','','0.0','','0.0','','','','0.0','','','','0.0','0.0','0.0','0.0','0.0','0.0','0.0','0.0','0.0','0.0','0.0','','','','','0.0','0.0','False','False','False','False','False','','','','','','','','','','','','0.0','False','90','','','','','');
INSERT INTO "Contact" VALUES(14,'','','','','','','','None','','','','','','Task share environment go.','','','None','','','False','2017-04-30','sergio_benjamin1945@example.com','','','','','','','','None','Sergio','False','','','','Sign though offer subject certain. Into trial feel soon region capital. Dinner view during degree program prepare truth.','','Website development','Initial Inquiry','English','Benjamin','None','Sponsorship/Donations','Mcfarland-Rubio','Italian','1794085831','Puppy Raiser','Your ball.','She/Her','','','','','Inactive','','','','','','','','','False','','','','','Hearing Alert','None','Operations- Volunteer and Staff','','','','','se+benjamin1993@example.com','sergio_benjamin1945@example.com','Home','Personal','Home','False','Work','sergio_benjamin1974@example.org','001-266-198-2798x37933','0.0','96384.0','2007','2022-07-05','94567.0','0.0','2022-10-09','0.0','2021-12-19','Big foreign talk. Air leg resource structure.','Institution then feeling within. Phone total sound power term.','0.0','2021-12-24','2022-07-01','Household__c.Informal_Greeting__c','0.0','0.0','0.0','0.0','0.0','0.0','0.0','0.0','0.0','0.0','0.0','16079.0','87891.0','25033.0','93935.0','0.0','0.0','False','False','False','True','False','19836.0','2022-11-19','54323.0','2022-05-09','87084.0','','9749.0','67000.0','60064.0','29650.0','91384.0','0.0','False','90','','','','6','');
INSERT INTO "Contact" VALUES(15,'','','','','','','','','','','','','','','','','None','','','False','','h-pena0@example.com','','','','','','','','None','Pena','False','','','','','','','','','Hunter','','','','','+1-228-035-8802x617','','','','','','','','None','','','','','','','','','False','','','','','','None','','','','','','hpena@example.org','h-pena0@example.com','Home','Personal','','False','Other','hunterpena49@example.net','582.072.6034x07444','0.0','','','','','0.0','','0.0','','','','0.0','','','','0.0','0.0','0.0','0.0','0.0','0.0','0.0','0.0','0.0','0.0','0.0','','','','','0.0','0.0','False','False','False','False','False','','','','','','','','','','','','0.0','False','97','','','','','');
INSERT INTO "Contact" VALUES(16,'','','','','','','','','','','','','','','','','None','','','False','','molly+joseph48@example.org','','','','','','','','None','Joseph','False','','','','','','','','','Molly','','','','','(727)490-1174','','','','','','','','None','','','','','','','','','False','','','','','','None','','','','','','m.joseph@example.org','molly+joseph48@example.org','Home','Personal','','False','Home','mo_joseph@example.com','+1-247-922-8334x919','0.0','','','','','0.0','','0.0','','','','0.0','','','','0.0','0.0','0.0','0.0','0.0','0.0','0.0','0.0','0.0','0.0','0.0','','','','','0.0','0.0','False','False','False','False','False','','','','','','','','','','','','0.0','False','97','','','','','');
INSERT INTO "Contact" VALUES(17,'','','','','','','','Inactive','','','','','','Issue whom executive ball our international.','','','Onboarding','','','False','2006-10-23','c+howe@example.org','','','','','','','','Certified-Active','Charles','False','','','','Top change institution camera say though others. Idea born race political apply question base government.','','Disability Advocacy','None','English','Howe','Active','Team Facilitator Certification','Berg-Garrison','Italian','001-068-922-8355','Volunteer;Team Facilitator Lead;Client','Suggest.','She/Her','','','','','None','','','','','','','','','False','','','','','Hearing Alert','None','Sensitive Info- Volunteer and Staff','','','','','charles+howe@example.com','c+howe@example.org','Home','Personal','Home','False','Home','c+howe1984@example.com','696.552.4581x77223','0.0','69101.0','1990','2022-04-02','88483.0','0.0','2022-11-27','0.0','2022-07-13','Quickly plan store thousand common from produce feel. Far report many.','New himself home however. Great moment manage man. Could put executive particular important my.','0.0','2022-10-21','2022-12-04','Household__c.Name','0.0','0.0','0.0','0.0','0.0','0.0','0.0','0.0','0.0','0.0','0.0','29630.0','76482.0','71754.0','38599.0','0.0','0.0','False','False','False','False','True','84087.0','2022-04-02','20369.0','2022-02-15','45062.0','','98643.0','651.0','90330.0','56935.0','46507.0','0.0','False','97','','','','8','');
INSERT INTO "Contact" VALUES(18,'','','','','','','','Onboarding','','','','','','Ahead speech middle protect.','','','None','','','True','2013-08-14','s.robertson3@example.com','','','','','','','','None','Sabrina','False','','','','Age enjoy describe also out. Fly story entire painting hear center when. Security benefit purpose just.','','Project/Program Management','Inactive','English','Robertson','None','Volunteering','Wolf-Blackburn','Spanish','123.735.4217','Staff','It our.','Prefer not to answer','','','','','None','','','','','','','','','False','','','','','Autism','None','Sensitive Info- Board','','','','','sabrinarobertson2@example.net','s.robertson3@example.com','Home','Personal','Home','False','Other','sa_robertson1982@example.net','358.945.8058x7790','0.0','20618.0','1975','2022-09-05','83018.0','0.0','2022-09-23','0.0','2022-09-13','Enough hundred chance party final shoulder. A our whatever tell. Ready tend entire.','Future animal news none. Care address customer read.','0.0','2022-04-05','2021-12-10','Household__c.Informal_Greeting__c','0.0','0.0','0.0','0.0','0.0','0.0','0.0','0.0','0.0','0.0','0.0','32592.0','30893.0','14036.0','79139.0','0.0','0.0','False','False','False','True','False','83986.0','2022-10-18','50621.0','2022-09-30','71918.0','','99953.0','46881.0','18731.0','8009.0','49424.0','0.0','False','97','','','','8','');
INSERT INTO "Contact" VALUES(19,'','','','','','','','','','','','','','','','','None','','','False','','ro.owen53@example.org','','','','','','','','None','Owen','False','','','','','','','','','Roberta','','','','','+1-229-230-1903','','','','','','','','None','','','','','','','','','False','','','','','','None','','','','','','r.owen0@example.org','ro.owen53@example.org','Home','Personal','','False','Work','ro.owen1962@example.net','(627)545-9859','0.0','','','','','0.0','','0.0','','','','0.0','','','','0.0','0.0','0.0','0.0','0.0','0.0','0.0','0.0','0.0','0.0','0.0','','','','','0.0','0.0','False','False','False','False','False','','','','','','','','','','','','0.0','False','99','','','','','');
INSERT INTO "Contact" VALUES(20,'','','','','','','','','','','','','','','','','None','','','False','','bbest1995@example.org','','','','','','','','None','Best','False','','','','','','','','','Bobby','','','','','970-094-4920x71399','','','','','','','','None','','','','','','','','','False','','','','','','None','','','','','','b-best1945@example.org','bbest1995@example.org','Home','Personal','','False','Work','bobby-best00@example.com','001-287-968-8815','0.0','','','','','0.0','','0.0','','','','0.0','','','','0.0','0.0','0.0','0.0','0.0','0.0','0.0','0.0','0.0','0.0','0.0','','','','','0.0','0.0','False','False','False','False','False','','','','','','','','','','','','0.0','False','99','','','','','');
INSERT INTO "Contact" VALUES(21,'','','','','','','','Initial Inquiry','','','','','','Compare six student cell read wear.','','','Initial Inquiry','','','False','2021-03-01','e-english@example.org','','','','','','','','None','Edward','False','','','','Use wide impact start. Baby hospital agree least carry. Really company environmental concern.','','Financial/Bookkeeping','Initial Inquiry','English','English','None','Trainer Certification','Howe-Miles','American Sign Language','(470)392-0601x49144','Volunteer;Client','Same she.','He/Him','','','','','None','','','','','','','','','False','','','','','Diabetes Alert','None','Active Projects- Client Certification','','','','','e.english71@example.org','e-english@example.org','Home','Personal','Home','False','Other','edward_english2000@example.org','789.418.1874x068','0.0','9791.0','2010','2022-10-27','50001.0','0.0','2022-07-05','0.0','2022-07-19','Down hour reason make. Ever amount player usually he central.','Between notice director war somebody walk and. Provide throughout other section room.','0.0','2022-01-03','2022-03-17','Household__c.Informal_Greeting__c','0.0','0.0','0.0','0.0','0.0','0.0','0.0','0.0','0.0','0.0','0.0','77520.0','9054.0','59912.0','46652.0','0.0','0.0','False','False','False','True','False','34015.0','2022-04-16','62374.0','2022-02-15','96286.0','','10733.0','70016.0','57725.0','12383.0','82126.0','0.0','False','99','','','','9','');
INSERT INTO "Contact" VALUES(22,'','','','','','','','None','','','','','','Long fine current gas add office occur tend.','','','None','','','True','2005-04-14','j+carson@example.org','','','','','','','','None','Jillian','False','','','','Direction control middle indeed attack. Game tax degree meeting require describe. Me available skill.','','Medical/Mental Health','Initial Inquiry','English','Carson','None','Teams Set in Motion Program','Oconnell-Weaver','Vietnamese','001-182-754-8782x201','Volunteer;Trainer','Involve.','Prefer to self-describe','','','','','None','','','','','','','','','False','','','','','Narcolepsy Alert','Inactive','Active Projects- Technology Infrastructure','','','','','jillian_carson@example.net','j+carson@example.org','Home','Personal','Home','False','Work','j+carson@example.org','001-001-947-5506x5707','0.0','1271.0','1984','2022-06-10','90667.0','0.0','2022-02-18','0.0','2022-08-12','Very organization gas table. Step school medical data. Live realize those. Grow site high.','Town player necessary. Notice yet her positive focus condition.','0.0','2022-03-07','2022-11-01','Household__c.Informal_Greeting__c','0.0','0.0','0.0','0.0','0.0','0.0','0.0','0.0','0.0','0.0','0.0','88521.0','92444.0','2607.0','63571.0','0.0','0.0','False','False','False','True','False','42651.0','2022-04-02','83595.0','2022-06-22','92764.0','','48767.0','44183.0','30311.0','51105.0','5329.0','0.0','False','99','','','','9','');
INSERT INTO "Contact" VALUES(23,'','','','','','','','','','','','','','','','','None','','','False','','ribeck60@example.com','','','','','','','','None','Beck','False','','','','','','','','','Rick','','','','','+1-164-706-1855x3825','','','','','','','','None','','','','','','','','','False','','','','','','None','','','','','','rick-beck6@example.com','ribeck60@example.com','Home','Personal','','False','Home','ri+beck@example.org','+1-489-645-5822x50698','0.0','','','','','0.0','','0.0','','','','0.0','','','','0.0','0.0','0.0','0.0','0.0','0.0','0.0','0.0','0.0','0.0','0.0','','','','','0.0','0.0','False','False','False','False','False','','','','','','','','','','','','0.0','False','59','','','','','');
INSERT INTO "Contact" VALUES(24,'','','','','','','','','','','','','','','','','None','','','False','','pa_zavala51@example.com','','','','','','','','None','Zavala','False','','','','','','','','','Paul','','','','','001-302-615-6483x76148','','','','','','','','None','','','','','','','','','False','','','','','','None','','','','','','pzavala2003@example.net','pa_zavala51@example.com','Home','Personal','','False','Work','pzavala1944@example.org','5345668026','0.0','','','','','0.0','','0.0','','','','0.0','','','','0.0','0.0','0.0','0.0','0.0','0.0','0.0','0.0','0.0','0.0','0.0','','','','','0.0','0.0','False','False','False','False','False','','','','','','','','','','','','0.0','False','59','','','','','');
INSERT INTO "Contact" VALUES(25,'','','','','','','','Onboarding','','','','','','Send occur near involve thing.','','','None','','','True','2018-09-09','terrihines1977@example.org','','','','','','','','None','Terri','False','','','','Recently think morning phone reflect. Trouble either interview list candidate movie fast. Marriage others part discussion.','','Nonprofit Leadership','Inactive','English','Hines','None','General info/Other','Richmond Inc','Spanish','001-002-361-0859','Donor','Tax woman.','She/Her','','','','','None','','','','','','','','','True','','','','','Psychiatric','None','Active Projects- Academy','','','','','te_hines1951@example.com','terrihines1977@example.org','Home','Personal','Home','False','Other','terri-hines4@example.org','+1-842-228-0874x85569','0.0','58758.0','2003','2022-06-16','57340.0','0.0','2022-05-13','0.0','2022-11-07','Including design vote too ten fact. Sea religious record responsibility.','Head cut with term figure successful situation last. Your network office require tax field chair.','0.0','2022-03-12','2021-12-24','Household__c.Informal_Greeting__c','0.0','0.0','0.0','0.0','0.0','0.0','0.0','0.0','0.0','0.0','0.0','35818.0','19891.0','53791.0','22088.0','0.0','0.0','False','False','False','True','False','56875.0','2022-10-23','19553.0','2022-02-27','28419.0','','6179.0','51085.0','71761.0','19322.0','12342.0','0.0','False','59','','','','35','');
INSERT INTO "Contact" VALUES(26,'','','','','','','','None','','','','','','Company common understand then majority recently life.','','','None','','','False','2008-05-28','n_trevino@example.com','','','','','','','','None','Nina','False','','','','Two exist however prepare. Lose size mouth apply parent.','','Administration','None','English','Trevino','None','Team Facilitator Certification','Richardson-Dickson','Tagalog','001-880-762-5501x3902','Puppy Raiser','Every.','Prefer not to answer','','','','','Initial Inquiry','','','','','','','','','True','','','','','Psychiatric;Autism','None','Active Projects- Academy','','','','','ni.trevino8@example.org','n_trevino@example.com','Home','Personal','Home','False','Home','n.trevino@example.org','(437)819-8372','0.0','35879.0','1979','2022-11-14','56548.0','0.0','2022-12-09','0.0','2022-03-23','Consumer but worker writer surface. Customer important fast. Brother out morning.','Color order piece example word. Budget most quality official let bag.','0.0','2022-04-12','2022-11-29','Household__c.Name','0.0','0.0','0.0','0.0','0.0','0.0','0.0','0.0','0.0','0.0','0.0','82721.0','53747.0','35303.0','59833.0','0.0','0.0','False','False','False','False','True','11671.0','2022-02-26','85584.0','2022-02-14','78059.0','','64895.0','71880.0','19589.0','50309.0','92436.0','0.0','False','59','','','','35','');
INSERT INTO "Contact" VALUES(27,'','','','','','','','','','','','','','','','','None','','','False','','normankhan1@example.org','','','','','','','','None','Khan','False','','','','','','','','','Norman','','','','','+1-911-391-4327x425','','','','','','','','None','','','','','','','','','False','','','','','','None','','','','','','norman_khan02@example.org','normankhan1@example.org','Home','Personal','','False','Work','no-khan9@example.org','(261)976-4112x7658','0.0','','','','','0.0','','0.0','','','','0.0','','','','0.0','0.0','0.0','0.0','0.0','0.0','0.0','0.0','0.0','0.0','0.0','','','','','0.0','0.0','False','False','False','False','False','','','','','','','','','','','','0.0','False','61','','','','','');
INSERT INTO "Contact" VALUES(28,'','','','','','','','','','','','','','','','','None','','','False','','ma+rodriguez@example.com','','','','','','','','None','Rodriguez','False','','','','','','','','','Marisa','','','','','285.659.3520x494','','','','','','','','None','','','','','','','','','False','','','','','','None','','','','','','ma-rodriguez4@example.org','ma+rodriguez@example.com','Home','Personal','','False','Home','marisa.rodriguez@example.net','006.645.1033x0592','0.0','','','','','0.0','','0.0','','','','0.0','','','','0.0','0.0','0.0','0.0','0.0','0.0','0.0','0.0','0.0','0.0','0.0','','','','','0.0','0.0','False','False','False','False','False','','','','','','','','','','','','0.0','False','61','','','','','');
INSERT INTO "Contact" VALUES(29,'','','','','','','','Active','','','','','','May raise determine half good we trip.','','','None','','','True','2010-06-20','tammy-orr43@example.org','','','','','','','','None','Tammy','False','','','','Change room challenge voice see management us. Yourself stop administration mention current.','','Sales','None','English','Orr','None','General info/Other','Berg-Doyle','English','+1-071-425-9122','Board Member','Analysis.','They/Them','','','','','None','','','','','','','','','False','','','','','Medical Incident Assist','None','Board','','','','','tammy_orr@example.com','tammy-orr43@example.org','Home','Personal','Home','False','Home','ta_orr95@example.net','+1-487-053-2172x56571','0.0','94407.0','1991','2022-11-12','25022.0','0.0','2022-07-20','0.0','2022-01-28','Ground pay according both. Instead visit environment special.','Finally out should region form practice one. Particular already situation child economy however.','0.0','2022-06-15','2022-11-28','Household__c.Formal_Greeting__c','0.0','0.0','0.0','0.0','0.0','0.0','0.0','0.0','0.0','0.0','0.0','51562.0','12268.0','75554.0','89918.0','0.0','0.0','False','False','True','False','False','24969.0','2022-08-27','45617.0','2022-01-27','42611.0','','94267.0','87364.0','56805.0','60786.0','59212.0','0.0','False','61','','','','36','');
INSERT INTO "Contact" VALUES(30,'','','','','','','','Initial Inquiry','','','','','','Sense here begin.','','','None','','','False','2006-02-23','m-park02@example.com','','','','','','','','None','Mallory','False','','','','Partner scientist which upon soldier. Free result effort federal white. Accept before field decade.','','Education/Course Development','Onboarding','English','Park','None','Volunteering','Burnett Group','Mandarin','(357)282-3727x14371','Board Member','Shoulder.','They/Them','','','','','None','','','','','','','','','True','','','','','Narcolepsy Alert','None','Active Projects- Client Certification','','','','','ma+park6@example.org','m-park02@example.com','Home','Personal','Home','False','Other','m_park1988@example.org','906-195-5824','0.0','49595.0','2022','2022-12-01','71376.0','0.0','2022-03-02','0.0','2022-10-04','Recent actually program. Another plant result manage. Play mission evening company media.','Unit ago live gas region garden. Indeed office yourself discuss use note land industry.','0.0','2022-02-27','2022-06-07','Household__c.Name','0.0','0.0','0.0','0.0','0.0','0.0','0.0','0.0','0.0','0.0','0.0','38609.0','90592.0','19400.0','57953.0','0.0','0.0','False','False','False','False','True','75583.0','2021-12-27','78042.0','2022-04-13','49473.0','','77987.0','46456.0','45481.0','69349.0','38055.0','0.0','False','61','','','','36','');
INSERT INTO "Contact" VALUES(31,'','','','','','','','Active','','','','','','Usually discover inside even.','','','Discontinued','','','False','2002-06-17','a-waller@example.net','','','','','','','','None','Ashlee','False','','','','Others kitchen there relate sort effort cause. Board nor free art where. Point moment view college stop old.','','Dog Training/Behavior/Veterinary','Initial Inquiry','English','Waller','None','Sweet Snoopers Training Program','Barker, Acosta and Collier','Japanese','182.696.0603','Client','Yard.','Prefer not to answer','','','','','None','','','','','','','','','True','','','','','Medical Incident Assist','None','Active Projects- Client Certification','','','','','ashleewaller61@example.org','a-waller@example.net','Home','Personal','Home','False','Home','ashlee_waller82@example.com','801.331.4936','0.0','54371.0','2010','2022-09-21','10204.0','0.0','2022-12-08','0.0','2022-03-16','Their their child bag from go nice knowledge. Add outside interest meeting control woman be.','City stay international across. I despite reveal two always scientist close.','0.0','2022-04-29','2022-05-22','Household__c.Name','0.0','0.0','0.0','0.0','0.0','0.0','0.0','0.0','0.0','0.0','0.0','31107.0','82692.0','98566.0','43556.0','0.0','0.0','False','False','False','False','True','31215.0','2022-02-23','89743.0','2022-09-12','41327.0','','168.0','70074.0','29551.0','5220.0','66990.0','0.0','False','61','','','','36','');
INSERT INTO "Contact" VALUES(32,'','','','','','','','','','','','','','','','','None','','','False','','meghanmurphy2@example.org','','','','','','','','None','Murphy','False','','','','','','','','','Meghan','','','','','001-833-973-6456','','','','','','','','None','','','','','','','','','False','','','','','','None','','','','','','meghan_murphy5@example.org','meghanmurphy2@example.org','Home','Personal','','False','Work','meghan+murphy1985@example.com','2946483606','0.0','','','','','0.0','','0.0','','','','0.0','','','','0.0','0.0','0.0','0.0','0.0','0.0','0.0','0.0','0.0','0.0','0.0','','','','','0.0','0.0','False','False','False','False','False','','','','','','','','','','','','0.0','False','63','','','','','');
INSERT INTO "Contact" VALUES(33,'','','','','','','','','','','','','','','','','None','','','False','','ma.berg7@example.com','','','','','','','','None','Berg','False','','','','','','','','','Mason','','','','','216.198.6203','','','','','','','','None','','','','','','','','','False','','','','','','None','','','','','','mason.berg1979@example.com','ma.berg7@example.com','Home','Personal','','False','Other','mason+berg6@example.com','377-004-8299x64860','0.0','','','','','0.0','','0.0','','','','0.0','','','','0.0','0.0','0.0','0.0','0.0','0.0','0.0','0.0','0.0','0.0','0.0','','','','','0.0','0.0','False','False','False','False','False','','','','','','','','','','','','0.0','False','63','','','','','');
INSERT INTO "Contact" VALUES(34,'','','','','','','','Onboarding','','','','','','Picture what mean treatment federal.','','','Certified','','','True','2004-03-21','k.lynch6@example.net','','','','','','','','None','Kyle','False','','','','Population it respond determine serve ready. Kid final feel. Page before expect friend history medical.','','Marketing and Branding','Inactive','English','Lynch','None','Team Facilitator Certification','Giles Group','Spanish;French','001-699-124-7537x27485','Client','Sure.','Prefer to self-describe','','','','','None','','','','','','','','','False','','','','','Mobility','None','Operations- Client','','','','','ky-lynch1964@example.org','k.lynch6@example.net','Home','Personal','Home','False','Home','k-lynch9@example.org','(213)904-5488x87488','0.0','58069.0','2017','2022-05-25','32567.0','0.0','2022-03-20','0.0','2022-04-11','Young respond might firm administration. Close decision decision million site feeling offer.','Stop reflect suffer might care myself. Current ask will unit but four.','0.0','2022-06-19','2022-10-27','Household__c.Formal_Greeting__c','0.0','0.0','0.0','0.0','0.0','0.0','0.0','0.0','0.0','0.0','0.0','69065.0','48303.0','87181.0','29972.0','0.0','0.0','False','False','True','False','False','44523.0','2022-05-14','82333.0','2022-02-11','19557.0','','23545.0','97503.0','78197.0','13247.0','82256.0','0.0','False','63','','','','37','');
INSERT INTO "Contact" VALUES(35,'','','','','','','','Initial Inquiry','','','','','','Activity picture decide population quite.','','','None','','','True','2019-05-24','p.hunter@example.org','','','','','','','','None','Paige','False','','','','Current week so happy teach allow.','','Financial/Bookkeeping','Initial Inquiry','Spanish','Hunter','None','Team Facilitator Certification','Harrison Ltd','Spanish','4784300133','Puppy Raiser','Close.','Prefer to self-describe','','','','','Inactive','','','','','','','','','False','','','','','Diabetes Alert','None','Operations- Financial','','','','','p_hunter2006@example.org','p.hunter@example.org','Home','Personal','Home','False','Work','paige-hunter2002@example.org','743.183.2841x73280','0.0','65438.0','2020','2022-06-04','10689.0','0.0','2022-02-19','0.0','2022-09-06','Exist special travel over. Gun they thousand eight customer run.','Public turn reason want. Difficult foot yet either decade certainly cost religious.','0.0','2022-03-21','2022-04-08','Household__c.Name','0.0','0.0','0.0','0.0','0.0','0.0','0.0','0.0','0.0','0.0','0.0','30171.0','54739.0','42853.0','4014.0','0.0','0.0','False','False','False','False','True','41566.0','2022-07-12','53555.0','2022-10-02','23752.0','','14846.0','9999.0','37780.0','46531.0','6708.0','0.0','False','63','','','','37','');
INSERT INTO "Contact" VALUES(36,'','','','','','','','Inactive','','','','','','Administration budget on song.','','','In Training','','','False','2021-06-28','s.hunter98@example.net','','','','','','','','None','Sheila','False','','','','Pick collection he campaign. Professor laugh mouth top stuff. Start without none American partner.','','Dog Training/Behavior/Veterinary','Active','English','Hunter','None','Client Certification','Bailey, Werner and Kirby','Japanese','(110)617-3186','Trainer;Client','Authority.','They/Them','','','','','None','','','','','','','','','False','','','','','Narcolepsy Alert','Onboarding','Active Projects- Academy','','','','','sheila-hunter8@example.net','s.hunter98@example.net','Home','Personal','Home','False','Work','sheila_hunter1991@example.net','1033795703','0.0','5935.0','1983','2022-01-08','51266.0','0.0','2022-01-31','0.0','2022-06-04','Investment scientist into strategy lawyer. Radio condition them never region.','Special ever need just bit. Tonight read fear live.','0.0','2022-11-30','2022-08-14','Household__c.Informal_Greeting__c','0.0','0.0','0.0','0.0','0.0','0.0','0.0','0.0','0.0','0.0','0.0','41318.0','28159.0','4375.0','85492.0','0.0','0.0','False','False','False','True','False','49409.0','2022-01-12','7699.0','2022-07-06','36595.0','','76404.0','26123.0','92820.0','52747.0','23058.0','0.0','False','99','','','','9','');
INSERT INTO "Contact" VALUES(37,'','','','','','','','','','','','','','','','','None','','','False','','le+garcia1988@example.org','','','','','','','','None','Garcia','False','','','','','','','','','Leon','','','','','418.835.5028x92981','','','','','','','','None','','','','','','','','','False','','','','','','None','','','','','','lgarcia48@example.com','le+garcia1988@example.org','Home','Personal','','False','Work','lgarcia@example.net','8264338945','0.0','','','','','0.0','','0.0','','','','0.0','','','','0.0','0.0','0.0','0.0','0.0','0.0','0.0','0.0','0.0','0.0','0.0','','','','','0.0','0.0','False','False','False','False','False','','','','','','','','','','','','0.0','False','1','','','','','');
INSERT INTO "Contact" VALUES(38,'','','','','','','','','','','','','','','','','None','','','False','','m_duarte06@example.org','','','','','','','','None','Duarte','False','','','','','','','','','Mindy','','','','','+1-756-701-0293x394','','','','','','','','None','','','','','','','','','False','','','','','','None','','','','','','mindy.duarte63@example.net','m_duarte06@example.org','Home','Personal','','False','Work','mi+duarte2007@example.com','+1-645-508-5251x7618','0.0','','','','','0.0','','0.0','','','','0.0','','','','0.0','0.0','0.0','0.0','0.0','0.0','0.0','0.0','0.0','0.0','0.0','','','','','0.0','0.0','False','False','False','False','False','','','','','','','','','','','','0.0','False','1','','','','','');
INSERT INTO "Contact" VALUES(39,'','','','','','','','Inactive','','','','','','Bad among likely or third follow.','','','None','','','False','2011-07-21','er.barnes@example.org','','','','','','','','None','Erica','False','','','','Word body industry mission. Decide site stay kind. Seven film practice but throw almost start.','','Disability Advocacy','None','English','Barnes','None','Assistance Dogs Set in Motion Program','Saunders Inc','Japanese','001-889-620-9132','Volunteer;Puppy Raiser','Bank.','Prefer not to answer','','','','','Discontinued','','','','','','','','','False','','','','','Mobility','None','Active Projects- Academy','','','','','er_barnes1982@example.net','er.barnes@example.org','Home','Personal','Home','False','Work','e+barnes1987@example.net','772-531-2738x8816','0.0','60181.0','1989','2022-07-27','87014.0','0.0','2022-08-17','0.0','2022-02-05','Foreign character onto movie news land situation religious. Onto option our discuss forget.','Than most dinner success others. Plan else just.','0.0','2022-11-17','2022-11-14','Household__c.Name','0.0','0.0','0.0','0.0','0.0','0.0','0.0','0.0','0.0','0.0','0.0','28536.0','1621.0','44162.0','59429.0','0.0','0.0','False','False','False','False','True','67260.0','2022-08-15','53060.0','2022-01-02','89189.0','','14439.0','15250.0','41373.0','95345.0','53231.0','0.0','False','1','','','','10','');
INSERT INTO "Contact" VALUES(40,'','','','','','','','None','','','','','','Among also clear customer.','','','None','','','True','2007-04-03','a-perkins@example.net','','','','','','','','None','Alex','False','','','','Sure instead well new seek tell. Rock smile off. Away live evening act.','','Writing/Communications','Onboarding','American Sign Language','Perkins','None','Teams Set in Motion Program','Bentley LLC','Italian','763-579-1169','Volunteer','Age.','He/Him','','','','','None','','','','','','','','','True','','','','','Seizure Response','None','Board - READ ONLY','','','','','a_perkins@example.com','a-perkins@example.net','Home','Personal','Home','False','Work','a_perkins1962@example.org','123-766-5601x81382','0.0','40157.0','1998','2022-05-15','61146.0','0.0','2022-08-03','0.0','2022-02-26','Same dream exist cost allow catch. Mind get trade.','Reason compare major task major perform affect room. Rise bed single sort. Rule decision night.','0.0','2022-10-22','2022-07-29','Household__c.Formal_Greeting__c','0.0','0.0','0.0','0.0','0.0','0.0','0.0','0.0','0.0','0.0','0.0','70412.0','53559.0','58296.0','45262.0','0.0','0.0','False','False','True','False','False','11533.0','2022-10-23','54854.0','2022-06-10','49228.0','','21532.0','63286.0','86477.0','58699.0','64094.0','0.0','False','1','','','','10','');
INSERT INTO "Contact" VALUES(41,'','','','','','','','','','','','','','','','','None','','','False','','roger+rangel1954@example.org','','','','','','','','None','Rangel','False','','','','','','','','','Roger','','','','','(868)484-1231x9891','','','','','','','','None','','','','','','','','','False','','','','','','None','','','','','','ro-rangel1969@example.net','roger+rangel1954@example.org','Home','Personal','','False','Work','roger_rangel@example.net','+1-937-006-6666','0.0','','','','','0.0','','0.0','','','','0.0','','','','0.0','0.0','0.0','0.0','0.0','0.0','0.0','0.0','0.0','0.0','0.0','','','','','0.0','0.0','False','False','False','False','False','','','','','','','','','','','','0.0','False','3','','','','','');
INSERT INTO "Contact" VALUES(42,'','','','','','','','','','','','','','','','','None','','','False','','sh-riddle@example.org','','','','','','','','None','Riddle','False','','','','','','','','','Sheila','','','','','2709078737','','','','','','','','None','','','','','','','','','False','','','','','','None','','','','','','s.riddle10@example.net','sh-riddle@example.org','Home','Personal','','False','Work','s_riddle@example.com','563.906.4440x517','0.0','','','','','0.0','','0.0','','','','0.0','','','','0.0','0.0','0.0','0.0','0.0','0.0','0.0','0.0','0.0','0.0','0.0','','','','','0.0','0.0','False','False','False','False','False','','','','','','','','','','','','0.0','False','3','','','','','');
INSERT INTO "Contact" VALUES(43,'','','','','','','','Inactive','','','','','','General someone dream effect.','','','None','','','False','2016-04-06','de+hughes3@example.org','','','','','','','','None','Derek','False','','','','Ask water commercial mean. Discuss person agency large project off affect ago. Sister democratic government offer technology class. But allow size trade arrive natural.','','Legal','Onboarding','English','Hughes','None','Team Facilitator Certification','Vang Ltd','Tagalog','+1-466-346-2953x5457','Volunteer;Trainer','Exactly.','Prefer not to answer','','','','','None','','','','','','','','','True','','','','','Diabetes Alert','In Training','Active Projects- Academy','','','','','d+hughes57@example.com','de+hughes3@example.org','Home','Personal','Home','False','Other','derekhughes54@example.org','285.064.8288x71091','0.0','94693.0','1971','2022-09-05','85499.0','0.0','2022-12-08','0.0','2022-04-08','Much tree news suggest involve. House field close out. Third sport sing expect a direction.','Nature career cultural inside school create feel. Create against day wonder.','0.0','2021-12-18','2022-05-29','Household__c.Name','0.0','0.0','0.0','0.0','0.0','0.0','0.0','0.0','0.0','0.0','0.0','11422.0','11778.0','13355.0','55057.0','0.0','0.0','False','False','False','False','True','82668.0','2022-09-17','29158.0','2022-04-04','93226.0','','67283.0','75692.0','64571.0','67674.0','91203.0','0.0','False','3','','','','11','');
INSERT INTO "Contact" VALUES(44,'','','','','','','','','','','','','','','','','None','','','False','','p+barr1@example.com','','','','','','','','None','Barr','False','','','','','','','','','Pam','','','','','+1-418-474-6762','','','','','','','','None','','','','','','','','','False','','','','','','None','','','','','','p_barr09@example.com','p+barr1@example.com','Home','Personal','','False','Other','pbarr8@example.net','001-307-577-3963x073','0.0','','','','','0.0','','0.0','','','','0.0','','','','0.0','0.0','0.0','0.0','0.0','0.0','0.0','0.0','0.0','0.0','0.0','','','','','0.0','0.0','False','False','False','False','False','','','','','','','','','','','','0.0','False','7','','','','','');
INSERT INTO "Contact" VALUES(45,'','','','','','','','','','','','','','','','','None','','','False','','j.johns@example.org','','','','','','','','None','Johns','False','','','','','','','','','Jason','','','','','(220)658-2559x308','','','','','','','','None','','','','','','','','','False','','','','','','None','','','','','','jjohns1978@example.net','j.johns@example.org','Home','Personal','','False','Work','j.johns1961@example.com','+1-804-078-9936x73561','0.0','','','','','0.0','','0.0','','','','0.0','','','','0.0','0.0','0.0','0.0','0.0','0.0','0.0','0.0','0.0','0.0','0.0','','','','','0.0','0.0','False','False','False','False','False','','','','','','','','','','','','0.0','False','7','','','','','');
INSERT INTO "Contact" VALUES(46,'','','','','','','','Onboarding','','','','','','Value likely raise know by expect.','','','None','','','False','2012-11-24','vernon_adams5@example.net','','','','','','','','None','Vernon','False','','','','Message vote space thousand. More score ahead race. Model force hundred city court.','','Legal','Initial Inquiry','English','Adams','None','Teams Set in Motion Program','Mccall, Spears and Hoffman','Spanish','798.905.6455','Volunteer;Trainer','Easy hour.','He/Him','','','','','None','','','','','','','','','False','','','','','Psychiatric;Autism','In Training','Active Projects- Client Certification','','','','','vernon-adams@example.com','vernon_adams5@example.net','Home','Personal','Home','False','Work','ve+adams2002@example.com','(209)667-9924','0.0','59023.0','2010','2022-10-03','68515.0','0.0','2022-08-18','0.0','2022-01-20','Senior opportunity recently single rest. Attorney together available sometimes.','Control main suggest affect. Imagine some young.','0.0','2022-12-01','2022-09-10','Household__c.Informal_Greeting__c','0.0','0.0','0.0','0.0','0.0','0.0','0.0','0.0','0.0','0.0','0.0','9673.0','35233.0','69386.0','39255.0','0.0','0.0','False','False','False','True','False','5926.0','2022-04-12','39328.0','2021-12-24','10332.0','','9420.0','54582.0','97916.0','45092.0','42161.0','0.0','False','7','','','','13','');
INSERT INTO "Contact" VALUES(47,'','','','','','','','','','','','','','','','','None','','','False','','d+wang78@example.com','','','','','','','','None','Wang','False','','','','','','','','','Dennis','','','','','314.678.9623x6450','','','','','','','','None','','','','','','','','','False','','','','','','None','','','','','','d+wang@example.com','d.wang5@example.net','Home','Personal','Work','False','Home','dennis_wang00@example.org','762.059.1699x2483','0.0','','','','','0.0','','0.0','','','','0.0','','','','0.0','0.0','0.0','0.0','0.0','0.0','0.0','0.0','0.0','0.0','0.0','','','','','0.0','0.0','False','False','False','False','False','','','','','','','','','','','','0.0','False','9','','','','','');
INSERT INTO "Contact" VALUES(48,'','','','','','','','','','','','','','','','','None','','','False','','omjenkins@example.org','','','','','','','','None','Jenkins','False','','','','','','','','','Omar','','','','','012-642-8456x57336','','','','','','','','None','','','','','','','','','False','','','','','','None','','','','','','omar+jenkins2012@example.com','omjenkins@example.org','Home','Personal','','False','Other','o.jenkins4@example.net','001-665-548-8891','0.0','','','','','0.0','','0.0','','','','0.0','','','','0.0','0.0','0.0','0.0','0.0','0.0','0.0','0.0','0.0','0.0','0.0','','','','','0.0','0.0','False','False','False','False','False','','','','','','','','','','','','0.0','False','10','','','','','');
INSERT INTO "Contact" VALUES(49,'','','','','','','','','','','','','','','','','None','','','False','','heidi.figueroa@example.net','','','','','','','','None','Figueroa','False','','','','','','','','','Heidi','','','','','001-583-502-3345','','','','','','','','None','','','','','','','','','False','','','','','','None','','','','','','h_figueroa1998@example.net','heidi.figueroa@example.net','Home','Personal','','False','Home','h+figueroa1965@example.net','(401)891-4847','0.0','','','','','0.0','','0.0','','','','0.0','','','','0.0','0.0','0.0','0.0','0.0','0.0','0.0','0.0','0.0','0.0','0.0','','','','','0.0','0.0','False','False','False','False','False','','','','','','','','','','','','0.0','False','10','','','','','');
INSERT INTO "Contact" VALUES(50,'','','','','','','','Initial Inquiry','','','','','','Glass soldier teacher how table team risk.','','','None','','','False','2009-10-05','ma.leonard1985@example.com','','','','','','','','None','Madison','False','','','','Sense recently left institution million case quality. Data yard role game hope forget. Bring cultural still.','','Marketing and Branding','None','English','Leonard','None','Team Facilitator Certification','Abbott, Blevins and Adams','English','(117)952-7950x450','Volunteer','Accept.','They/Them','','','','','None','','','','','','','','','True','','','','','Narcolepsy Alert','None','Active Projects- Branding and Marketing','','','','','madisonleonard1976@example.com','ma.leonard1985@example.com','Home','Personal','Home','False','Home','mleonard2011@example.org','001-629-873-0474x06898','0.0','47485.0','1995','2022-12-10','77694.0','0.0','2022-03-21','0.0','2022-02-20','Chance ball artist off build color. Agency recognize at people pull wish specific teach.','Own parent claim rest. Yard east year rate forward.','0.0','2022-06-25','2022-02-25','Household__c.Formal_Greeting__c','0.0','0.0','0.0','0.0','0.0','0.0','0.0','0.0','0.0','0.0','0.0','28551.0','66833.0','93780.0','127.0','0.0','0.0','False','False','True','False','False','82496.0','2022-09-15','51044.0','2022-01-15','58769.0','','24143.0','22866.0','63277.0','48260.0','49415.0','0.0','False','10','','','','14','');
INSERT INTO "Contact" VALUES(51,'','','','','','','','','','','','','','','','','None','','','False','','ke+jensen1945@example.net','','','','','','','','None','Jensen','False','','','','','','','','','Keith','','','','','655-209-5288','','','','','','','','None','','','','','','','','','False','','','','','','None','','','','','','keith_jensen@example.com','ke+jensen1945@example.net','Home','Personal','','False','Work','keithjensen@example.com','+1-825-166-1584x85618','0.0','','','','','0.0','','0.0','','','','0.0','','','','0.0','0.0','0.0','0.0','0.0','0.0','0.0','0.0','0.0','0.0','0.0','','','','','0.0','0.0','False','False','False','False','False','','','','','','','','','','','','0.0','False','17','','','','','');
INSERT INTO "Contact" VALUES(52,'','','','','','','','','','','','','','','','','None','','','False','','clayton.taylor94@example.com','','','','','','','','None','Taylor','False','','','','','','','','','Clayton','','','','','810.277.6874','','','','','','','','None','','','','','','','','','False','','','','','','None','','','','','','c+taylor1982@example.net','clayton.taylor94@example.com','Home','Personal','','False','Home','clayton+taylor@example.org','392-219-8211','0.0','','','','','0.0','','0.0','','','','0.0','','','','0.0','0.0','0.0','0.0','0.0','0.0','0.0','0.0','0.0','0.0','0.0','','','','','0.0','0.0','False','False','False','False','False','','','','','','','','','','','','0.0','False','17','','','','','');
INSERT INTO "Contact" VALUES(53,'','','','','','','','Active','','','','','','Group describe huge whose finish five statement.','','','None','','','True','2002-02-26','l+knox7@example.net','','','','','','','','None','Leroy','False','','','','Director if what act recognize choice. Hear ten something hard.','','Nonprofit Leadership','None','English','Knox','None','Volunteering','Livingston, Meyer and Hart','Spanish','(586)397-8911x288','Puppy Raiser','Season.','She/Her','','','','','Inactive','','','','','','','','','False','','','','','Psychiatric','None','Active Projects- Technology Infrastructure','','','','','le+knox3@example.org','l+knox7@example.net','Home','Personal','Home','False','Other','leroy+knox46@example.org','291-159-5023x04901','0.0','95567.0','2020','2022-09-26','49135.0','0.0','2022-01-23','0.0','2022-06-02','Art increase fight approach area shake manager write. Nature travel name born sit instead.','Wide white concern order style difference. Assume option actually with resource.','0.0','2022-06-23','2022-01-04','Household__c.Informal_Greeting__c','0.0','0.0','0.0','0.0','0.0','0.0','0.0','0.0','0.0','0.0','0.0','40492.0','58149.0','91608.0','69712.0','0.0','0.0','False','False','False','True','False','56181.0','2022-03-08','45215.0','2022-09-29','42971.0','','39187.0','3125.0','13268.0','70537.0','54827.0','0.0','False','17','','','','16','');
INSERT INTO "Contact" VALUES(54,'','','','','','','','','','','','','','','','','None','','','False','','jo-zimmerman@example.org','','','','','','','','None','Zimmerman','False','','','','','','','','','Joann','','','','','0357653717','','','','','','','','None','','','','','','','','','False','','','','','','None','','','','','','joann_zimmerman2008@example.net','jo-zimmerman@example.org','Home','Personal','','False','Work','j.zimmerman@example.com','3447849492','0.0','','','','','0.0','','0.0','','','','0.0','','','','0.0','0.0','0.0','0.0','0.0','0.0','0.0','0.0','0.0','0.0','0.0','','','','','0.0','0.0','False','False','False','False','False','','','','','','','','','','','','0.0','False','19','','','','','');
INSERT INTO "Contact" VALUES(55,'','','','','','','','','','','','','','','','','None','','','False','','f+hicks@example.com','','','','','','','','None','Hicks','False','','','','','','','','','Felicia','','','','','400-718-4328x5305','','','','','','','','None','','','','','','','','','False','','','','','','None','','','','','','felicia_hicks@example.net','f+hicks@example.com','Home','Personal','','False','Work','fhicks1942@example.com','446.682.2334x6180','0.0','','','','','0.0','','0.0','','','','0.0','','','','0.0','0.0','0.0','0.0','0.0','0.0','0.0','0.0','0.0','0.0','0.0','','','','','0.0','0.0','False','False','False','False','False','','','','','','','','','','','','0.0','False','19','','','','','');
INSERT INTO "Contact" VALUES(56,'','','','','','','','Inactive','','','','','','Attack responsibility buy hope film staff.','','','None','','','False','2005-07-20','ra.tapia@example.net','','','','','','','','None','Ray','False','','','','Artist for nor history little land mind. Situation which method technology fire record. Dream difference boy worry learn place let.','','Outreach/Networking','Active','English','Tapia','None','Assistance Dogs Set in Motion Program','Vasquez-Sampson','Spanish','509.997.2724x2542','Donor','Worker.','He/Him','','','','','None','','','','','','','','','True','','','','','Diabetes Alert','None','Active Projects- Client Certification','','','','','ray.tapia1979@example.org','ra.tapia@example.net','Home','Personal','Home','False','Other','ray-tapia@example.com','514.780.7440','0.0','1973.0','2019','2022-10-10','46784.0','0.0','2022-01-31','0.0','2022-07-26','Message direction hair current radio radio class.','Her day lawyer smile pick.','0.0','2022-06-06','2021-12-25','Household__c.Name','0.0','0.0','0.0','0.0','0.0','0.0','0.0','0.0','0.0','0.0','0.0','41051.0','86610.0','74277.0','6266.0','0.0','0.0','False','False','False','False','True','6135.0','2022-04-07','43069.0','2022-06-08','27909.0','','58141.0','4844.0','85273.0','18532.0','67704.0','0.0','False','19','','','','17','');
INSERT INTO "Contact" VALUES(57,'','','','','','','','None','','','','','','Weight authority effort key tonight near.','','','None','','','True','2004-08-09','rhcarter1954@example.org','','','','','','','','Discontinued','Rhonda','False','','','','Our describe maybe heavy. Middle glass treat church. Million ready personal how its successful.','','Dog Training/Behavior/Veterinary','Initial Inquiry','English','Carter','None','Sweet Snoopers Training Program','English Inc','German','668.206.7471x050','Volunteer;Team Facilitator','Capital.','Prefer not to answer','','','','','None','','','','','','','','','True','','','','','Mobility','None','Active Projects- Volunteer Recruitment and Retention','','','','','r-carter7@example.org','rhcarter1954@example.org','Home','Personal','Home','False','Other','r+carter2@example.com','(300)048-9284','0.0','21926.0','2006','2022-05-09','48463.0','0.0','2022-02-08','0.0','2022-10-10','Job note purpose. Artist manage though fast expect.','Development sort kid glass quality cell story.','0.0','2021-12-29','2022-02-12','Household__c.Formal_Greeting__c','0.0','0.0','0.0','0.0','0.0','0.0','0.0','0.0','0.0','0.0','0.0','81933.0','73256.0','46311.0','39819.0','0.0','0.0','False','False','True','False','False','86546.0','2022-11-06','98184.0','2022-10-13','32641.0','','58105.0','41317.0','79582.0','4023.0','52443.0','0.0','False','19','','','','17','');
INSERT INTO "Contact" VALUES(58,'','','','','','','','','','','','','','','','','None','','','False','','ma_paul1962@example.com','','','','','','','','None','Paul','False','','','','','','','','','Marvin','','','','','225-997-4731','','','','','','','','None','','','','','','','','','False','','','','','','None','','','','','','ma+paul@example.com','ma_paul1962@example.com','Home','Personal','','False','Other','ma+paul6@example.com','001-362-815-4555','0.0','','','','','0.0','','0.0','','','','0.0','','','','0.0','0.0','0.0','0.0','0.0','0.0','0.0','0.0','0.0','0.0','0.0','','','','','0.0','0.0','False','False','False','False','False','','','','','','','','','','','','0.0','False','21','','','','','');
INSERT INTO "Contact" VALUES(59,'','','','','','','','','','','','','','','','','None','','','False','','regina+tucker1943@example.com','','','','','','','','None','Tucker','False','','','','','','','','','Regina','','','','','001-355-465-4368','','','','','','','','None','','','','','','','','','False','','','','','','None','','','','','','reginatucker1970@example.com','regina+tucker1943@example.com','Home','Personal','','False','Home','re_tucker93@example.org','001-111-528-9516x98934','0.0','','','','','0.0','','0.0','','','','0.0','','','','0.0','0.0','0.0','0.0','0.0','0.0','0.0','0.0','0.0','0.0','0.0','','','','','0.0','0.0','False','False','False','False','False','','','','','','','','','','','','0.0','False','21','','','','','');
INSERT INTO "Contact" VALUES(60,'','','','','','','','Initial Inquiry','','','','','','Human letter sport feel by team.','','','In Training','','','False','2007-12-03','h.mcbride@example.net','','','','','','','','Certified-Active','Hayden','False','','','','Benefit scene mother expect majority office significant. Science media someone star how ground environmental.','','Financial/Bookkeeping','Inactive','Spanish','Mcbride','Active','Trainer Certification','Harding, Mcpherson and Shaffer','German','+1-063-505-8716x82253','Volunteer;Team Facilitator Lead;Client','Order.','Prefer to self-describe','','','','','None','','','','','','','','','False','','','','','Seizure Response','None','Active Projects- Trainer Certification','','','','','hayden.mcbride2008@example.net','h.mcbride@example.net','Home','Personal','Home','False','Home','hayden.mcbride@example.org','001-289-595-4252x162','0.0','51232.0','2010','2022-09-22','66214.0','0.0','2022-02-07','0.0','2022-04-18','Three have least technology break. Tend any its peace. Act foreign agency scene opportunity.','Any build hotel attention listen. Easy only left party answer order reduce.','0.0','2022-08-05','2022-04-11','Household__c.Name','0.0','0.0','0.0','0.0','0.0','0.0','0.0','0.0','0.0','0.0','0.0','24524.0','87540.0','93455.0','22687.0','0.0','0.0','False','False','False','False','True','36279.0','2022-03-26','5427.0','2022-07-31','6632.0','','67655.0','70944.0','42480.0','4680.0','93068.0','0.0','False','21','','','','18','');
INSERT INTO "Contact" VALUES(61,'','','','','','','','','','','','','','','','','None','','','False','','jaime.compton1966@example.org','','','','','','','','None','Compton','False','','','','','','','','','Jaime','','','','','+1-793-978-9366','','','','','','','','None','','','','','','','','','False','','','','','','None','','','','','','j.compton@example.com','jaime.compton1966@example.org','Home','Personal','','False','Home','ja.compton1961@example.net','001-207-365-9067x31737','0.0','','','','','0.0','','0.0','','','','0.0','','','','0.0','0.0','0.0','0.0','0.0','0.0','0.0','0.0','0.0','0.0','0.0','','','','','0.0','0.0','False','False','False','False','False','','','','','','','','','','','','0.0','False','23','','','','','');
INSERT INTO "Contact" VALUES(62,'','','','','','','','','','','','','','','','','None','','','False','','je_lamb5@example.com','','','','','','','','None','Lamb','False','','','','','','','','','Jermaine','','','','','974.546.6176x492','','','','','','','','None','','','','','','','','','False','','','','','','None','','','','','','j-lamb81@example.com','je_lamb5@example.com','Home','Personal','','False','Work','je_lamb@example.org','027-194-0091x833','0.0','','','','','0.0','','0.0','','','','0.0','','','','0.0','0.0','0.0','0.0','0.0','0.0','0.0','0.0','0.0','0.0','0.0','','','','','0.0','0.0','False','False','False','False','False','','','','','','','','','','','','0.0','False','23','','','','','');
INSERT INTO "Contact" VALUES(63,'','','','','','','','Inactive','','','','','','Yeah drive face research.','','','None','','','True','2012-05-24','j_davies1986@example.org','','','','','','','','None','Joann','False','','','','Light whom garden industry crime.','','Website development','None','English','Davies','None','Sweet Snoopers Training Program','Zhang-Gallagher','French','001-074-841-3796x27482','Volunteer;Puppy Raiser','Food just.','They/Them','','','','','In Training','','','','','','','','','True','','','','','Diabetes Alert','None','Sensitive Info- Volunteer and Staff','','','','','j-davies@example.com','j_davies1986@example.org','Home','Personal','Home','False','Home','j_davies1961@example.org','823-862-0716x065','0.0','3589.0','1993','2022-11-20','59173.0','0.0','2022-01-17','0.0','2022-03-08','Run center hard free.','Memory education just know be country occur city. Approach future bring plant safe entire network.','0.0','2022-11-06','2022-08-27','Household__c.Informal_Greeting__c','0.0','0.0','0.0','0.0','0.0','0.0','0.0','0.0','0.0','0.0','0.0','56643.0','76157.0','54161.0','55209.0','0.0','0.0','False','False','False','True','False','46732.0','2022-08-07','69297.0','2022-10-02','48579.0','','87940.0','3365.0','87911.0','73413.0','37328.0','0.0','False','23','','','','19','');
INSERT INTO "Contact" VALUES(64,'','','','','','','','Onboarding','','','','','','Pay kid song radio listen.','','','None','','','True','2009-06-09','bo+yang99@example.net','','','','','','','','None','Bonnie','False','','','','Box size though assume. Project have dream relationship according.','','Disability Advocacy','Onboarding','English','Yang','None','Sweet Snoopers Training Program','Stevenson Ltd','French','3847304465','Trainer','Meeting.','Prefer not to answer','','','','','None','','','','','','','','','True','','','','','Psychiatric;Autism','Inactive','Operations- Trainer','','','','','bonnie+yang4@example.net','bo+yang99@example.net','Home','Personal','Home','False','Other','bo.yang0@example.net','913-469-6527x2502','0.0','17431.0','2005','2022-05-26','83099.0','0.0','2022-02-05','0.0','2022-10-24','Catch TV specific series. Message each scientist. When case ability. Certain money long.','Action little key. Public become production half able room report whatever.','0.0','2022-10-30','2022-05-05','Household__c.Name','0.0','0.0','0.0','0.0','0.0','0.0','0.0','0.0','0.0','0.0','0.0','74927.0','30287.0','26514.0','70748.0','0.0','0.0','False','False','False','False','True','97201.0','2022-11-09','4478.0','2022-02-18','36378.0','','10562.0','27172.0','54808.0','81389.0','36819.0','0.0','False','23','','','','19','');
INSERT INTO "Contact" VALUES(65,'','','','','','','','Inactive','','','','','','Stock reality improve type door response include.','','','Discontinued','','','False','2007-06-19','t-ritter00@example.com','','','','','','','','None','Tanner','False','','','','Region sing public speak claim result. Fly western quickly move for her.','','SEO','Initial Inquiry','English','Ritter','None','Trainer Certification','Cline, Odom and Glenn','Japanese','+1-990-224-8080','Client;Puppy Raiser','Market.','He/Him','','','','','Certified-Active','','','','','','','','','True','','','','','Mobility;Autism','None','Active Projects- Fund Development','','','','','tritter97@example.org','t-ritter00@example.com','Home','Personal','Home','False','Home','t-ritter@example.com','(476)290-0077x458','0.0','57071.0','2022','2022-01-02','86386.0','0.0','2022-06-30','0.0','2022-09-23','Class when recently full. Energy wear choose to. Your call professor third. Statement act offer.','Charge threat tonight how test. Alone yet imagine push still impact assume always.','0.0','2022-12-04','2022-01-16','Household__c.Informal_Greeting__c','0.0','0.0','0.0','0.0','0.0','0.0','0.0','0.0','0.0','0.0','0.0','2178.0','69800.0','55407.0','72313.0','0.0','0.0','False','False','False','True','False','64902.0','2022-04-20','59220.0','2022-02-21','77186.0','','97371.0','75716.0','95347.0','36740.0','47346.0','0.0','False','23','','','','19','');
INSERT INTO "Contact" VALUES(66,'','','','','','','','','','','','','','','','','None','','','False','','e.fields03@example.org','','','','','','','','None','Fields','False','','','','','','','','','Eugene','','','','','261-500-0179','','','','','','','','None','','','','','','','','','False','','','','','','None','','','','','','eugene+fields1945@example.org','e.fields03@example.org','Home','Personal','','False','Home','eu-fields5@example.net','+1-312-223-8572x3996','0.0','','','','','0.0','','0.0','','','','0.0','','','','0.0','0.0','0.0','0.0','0.0','0.0','0.0','0.0','0.0','0.0','0.0','','','','','0.0','0.0','False','False','False','False','False','','','','','','','','','','','','0.0','False','27','','','','','');
INSERT INTO "Contact" VALUES(67,'','','','','','','','','','','','','','','','','None','','','False','','ta.vaughan9@example.net','','','','','','','','None','Vaughan','False','','','','','','','','','Tabitha','','','','','+1-403-670-7606x6766','','','','','','','','None','','','','','','','','','False','','','','','','None','','','','','','ta.vaughan79@example.net','ta.vaughan9@example.net','Home','Personal','','False','Work','tabitha.vaughan1943@example.org','928-555-0155x89199','0.0','','','','','0.0','','0.0','','','','0.0','','','','0.0','0.0','0.0','0.0','0.0','0.0','0.0','0.0','0.0','0.0','0.0','','','','','0.0','0.0','False','False','False','False','False','','','','','','','','','','','','0.0','False','27','','','','','');
INSERT INTO "Contact" VALUES(68,'','','','','','','','Onboarding','','','','','','Fact read PM.','','','None','','','True','2017-01-29','lee-castillo6@example.org','','','','','','','','None','Lee','False','','','','See recently answer wrong past. Case together single personal challenge cold. Coach focus book simple member food.','','Sales','Onboarding','English','Castillo','None','Sponsorship/Donations','King, Greer and Deleon','American Sign Language','(626)159-5978','Volunteer','Treat.','He/Him','','','','','None','','','','','','','','','False','','','','','Mobility','None','Active Projects- Scholarships','','','','','l.castillo4@example.com','lee-castillo6@example.org','Home','Personal','Home','False','Other','leecastillo8@example.com','677-789-2898','0.0','76498.0','1979','2022-10-07','52998.0','0.0','2022-11-11','0.0','2022-11-15','Can at argue question us bar enjoy message. Many church without box final level hope.','Thought right example. Organization response evidence kind play.','0.0','2022-11-05','2022-05-06','Household__c.Formal_Greeting__c','0.0','0.0','0.0','0.0','0.0','0.0','0.0','0.0','0.0','0.0','0.0','52835.0','65109.0','94488.0','47370.0','0.0','0.0','False','False','True','False','False','17779.0','2022-10-08','56519.0','2022-12-10','59876.0','','46775.0','11353.0','34290.0','68529.0','5783.0','0.0','False','27','','','','21','');
INSERT INTO "Contact" VALUES(69,'','','','','','','','Inactive','','','','','','Wind appear its art campaign program old listen.','','','None','','','False','2020-03-22','me.mcbride1971@example.org','','','','','','','','In Training','Melinda','False','','','','Newspaper suffer plant suggest show plan. Record her various much cup house. Serve continue art mouth through.','','Website development','Onboarding','English','Mcbride','None','Trainer Certification','Spence-Doyle','Italian','980-105-9318','Team Facilitator','Among.','He/Him','','','','','None','','','','','','','','','True','','','','','Psychiatric','None','Active Projects- Branding and Marketing','','','','','melinda+mcbride1991@example.net','me.mcbride1971@example.org','Home','Personal','Home','False','Other','melinda+mcbride@example.org','(188)902-9833','0.0','26316.0','1978','2022-08-30','96223.0','0.0','2022-06-25','0.0','2022-02-19','Industry detail every. Across eye water rest. Forward less current century join.','Test they situation test. Capital actually prepare meeting camera themselves.','0.0','2022-09-06','2022-03-26','Household__c.Name','0.0','0.0','0.0','0.0','0.0','0.0','0.0','0.0','0.0','0.0','0.0','3328.0','77898.0','67131.0','67974.0','0.0','0.0','False','False','False','False','True','68732.0','2022-08-29','29672.0','2022-05-08','75263.0','','27962.0','62971.0','22972.0','59195.0','98007.0','0.0','False','27','','','','21','');
INSERT INTO "Contact" VALUES(70,'','','','','','','','Onboarding','','','','','','With box our.','','','None','','','True','2005-10-24','m+martin1981@example.net','','','','','','','','None','Mary','False','','','','Thousand pattern lawyer how break form. Catch degree suffer become music according. Now story itself lose event floor that.','','Sales','Inactive','English','Martin','None','Sponsorship/Donations','Andrade PLC','German','7119488956','Volunteer;Trainer','Sign.','She/Her','','','','','None','','','','','','','','','False','','','','','Diabetes Alert','Suspended','Active Projects- Fund Development','','','','','mary-martin6@example.net','m+martin1981@example.net','Home','Personal','Home','False','Home','m+martin@example.com','553-845-4576x6784','0.0','54510.0','1977','2022-02-18','74535.0','0.0','2022-07-23','0.0','2022-10-25','Drop down hand. Your instead whether rate full future.','Every never fear democratic environment. Republican after word attention collection citizen.','0.0','2022-11-01','2022-02-14','Household__c.Formal_Greeting__c','0.0','0.0','0.0','0.0','0.0','0.0','0.0','0.0','0.0','0.0','0.0','2493.0','57332.0','95092.0','81515.0','0.0','0.0','False','False','True','False','False','41853.0','2022-07-14','41081.0','2022-02-26','94588.0','','77593.0','17247.0','9478.0','95693.0','39093.0','0.0','False','27','','','','21','');
INSERT INTO "Contact" VALUES(71,'','','','','','','','','','','','','','','','','None','','','False','','michaela.maddox1976@example.com','','','','','','','','None','Maddox','False','','','','','','','','','Michaela','','','','','+1-990-514-3378x86427','','','','','','','','None','','','','','','','','','False','','','','','','None','','','','','','michaela-maddox@example.net','m.maddox@example.org','Home','Personal','Work','False','Other','michaela-maddox@example.net','(518)173-6535','0.0','','','','','0.0','','0.0','','','','0.0','','','','0.0','0.0','0.0','0.0','0.0','0.0','0.0','0.0','0.0','0.0','0.0','','','','','0.0','0.0','False','False','False','False','False','','','','','','','','','','','','0.0','False','29','','','','','');
INSERT INTO "Contact" VALUES(72,'','','','','','','','','','','','','','','','','None','','','False','','vi-calhoun@example.org','','','','','','','','None','Calhoun','False','','','','','','','','','Vincent','','','','','+1-532-999-6160x305','','','','','','','','None','','','','','','','','','False','','','','','','None','','','','','','v.calhoun7@example.com','vi-calhoun@example.org','Home','Personal','','False','Work','vi.calhoun60@example.org','001-622-875-0392x13079','0.0','','','','','0.0','','0.0','','','','0.0','','','','0.0','0.0','0.0','0.0','0.0','0.0','0.0','0.0','0.0','0.0','0.0','','','','','0.0','0.0','False','False','False','False','False','','','','','','','','','','','','0.0','False','30','','','','','');
INSERT INTO "Contact" VALUES(73,'','','','','','','','','','','','','','','','','None','','','False','','b-holder1974@example.net','','','','','','','','None','Holder','False','','','','','','','','','Bianca','','','','','(271)108-9283x8134','','','','','','','','None','','','','','','','','','False','','','','','','None','','','','','','b-holder60@example.org','b-holder1974@example.net','Home','Personal','','False','Other','b_holder2008@example.com','(138)002-0153x498','0.0','','','','','0.0','','0.0','','','','0.0','','','','0.0','0.0','0.0','0.0','0.0','0.0','0.0','0.0','0.0','0.0','0.0','','','','','0.0','0.0','False','False','False','False','False','','','','','','','','','','','','0.0','False','30','','','','','');
INSERT INTO "Contact" VALUES(74,'','','','','','','','Active','','','','','','Usually leave ready usually whose interest least white.','','','In ADSiM','','','True','2005-01-21','cheyenne-farmer91@example.net','','','','','','','','None','Cheyenne','False','','','','Some gun big wonder organization. Specific much strong enough. Final within body fight good quite.','','Graphic Design','Initial Inquiry','English','Farmer','None','Teams Set in Motion Program','Terrell, Ponce and Andersen','American Sign Language','(126)550-1198','Client','Make wear.','She/Her','','','','','None','','','','','','','','','True','','','','','Mobility','None','Active Projects- Volunteer Recruitment and Retention','','','','','c-farmer0@example.org','cheyenne-farmer91@example.net','Home','Personal','Home','False','Work','ch+farmer88@example.net','(975)697-4972','0.0','41275.0','1985','2022-07-09','8919.0','0.0','2022-10-29','0.0','2022-07-11','Property five even. Wear daughter so expert financial black.','Mother answer cut detail play child. Tend onto product impact explain.','0.0','2022-08-15','2022-05-17','Household__c.Name','0.0','0.0','0.0','0.0','0.0','0.0','0.0','0.0','0.0','0.0','0.0','87271.0','76304.0','61185.0','14527.0','0.0','0.0','False','False','False','False','True','60765.0','2022-07-01','4341.0','2022-04-24','93885.0','','45618.0','21344.0','60433.0','66324.0','67420.0','0.0','False','30','','','','22','');
INSERT INTO "Contact" VALUES(75,'','','','','','','','Initial Inquiry','','','','','','Go exactly side benefit reveal reveal.','','','Certified','','','True','2003-03-31','e_hogan01@example.net','','','','','','','','None','Earl','False','','','','Hot if TV word.','','Website development','Onboarding','English','Hogan','None','General info/Other','Salas Ltd','Russian','305.813.4012x21997','Client','Treatment.','She/Her','','','','','None','','','','','','','','','False','','','','','Mobility;Autism','None','Active Projects- Academy','','','','','e.hogan3@example.org','e_hogan01@example.net','Home','Personal','Home','False','Other','ea+hogan2006@example.net','001-724-862-6263x4896','0.0','58453.0','2001','2022-10-03','45253.0','0.0','2022-11-22','0.0','2022-02-06','Any fact minute spring. Far prepare camera read loss.','Lose thousand hope wear. Property particularly eye again. Yeah such give.','0.0','2022-02-25','2022-04-14','Household__c.Name','0.0','0.0','0.0','0.0','0.0','0.0','0.0','0.0','0.0','0.0','0.0','76461.0','84026.0','65650.0','42736.0','0.0','0.0','False','False','False','False','True','66201.0','2022-07-30','44083.0','2022-03-17','71320.0','','57006.0','56556.0','41935.0','9980.0','96067.0','0.0','False','30','','','','22','');
INSERT INTO "Contact" VALUES(76,'','','','','','','','Onboarding','','','','','','Least possible book partner budget player.','','','In Training','','','True','2007-12-27','m+mathis8@example.com','','','','','','','','Onboarding','Mia','False','','','','Whatever few a old manager bill nearly. Use successful strong record wear night major.','','Website development','Initial Inquiry','English','Mathis','Inactive','Trainer Certification','Jordan-Peterson','Vietnamese','(779)787-8923x06523','Volunteer;Team Facilitator Lead;Client','Decision.','He/Him','','','','','None','','','','','','','','','True','','','','','Mobility','None','Sensitive Info- Volunteer and Staff','','','','','miamathis1952@example.com','m+mathis8@example.com','Home','Personal','Home','False','Home','mmathis@example.org','001-154-056-5051x394','0.0','26993.0','1982','2022-04-07','67169.0','0.0','2022-07-08','0.0','2022-08-11','Eye bed listen spend should tree. Talk season bad act sit.','Use can stand although include. Project prove store value.','0.0','2022-01-10','2022-10-29','Household__c.Formal_Greeting__c','0.0','0.0','0.0','0.0','0.0','0.0','0.0','0.0','0.0','0.0','0.0','15124.0','61331.0','49159.0','24376.0','0.0','0.0','False','False','True','False','False','97057.0','2022-11-17','17158.0','2022-03-05','50557.0','','65641.0','15170.0','34003.0','63109.0','73691.0','0.0','False','30','','','','22','');
INSERT INTO "Contact" VALUES(77,'','','','','','','','','','','','','','','','','None','','','False','','j.patel@example.org','','','','','','','','None','Patel','False','','','','','','','','','Jodi','','','','','001-367-834-2591','','','','','','','','None','','','','','','','','','False','','','','','','None','','','','','','j_patel1971@example.com','j.patel@example.org','Home','Personal','','False','Work','j+patel@example.net','001-564-435-7695x760','0.0','','','','','0.0','','0.0','','','','0.0','','','','0.0','0.0','0.0','0.0','0.0','0.0','0.0','0.0','0.0','0.0','0.0','','','','','0.0','0.0','False','False','False','False','False','','','','','','','','','','','','0.0','False','77','','','','','');
INSERT INTO "Contact" VALUES(78,'','','','','','','','','','','','','','','','','None','','','False','','sc-meza80@example.com','','','','','','','','None','Meza','False','','','','','','','','','Scott','','','','','348-116-0384x8928','','','','','','','','None','','','','','','','','','False','','','','','','None','','','','','','scottmeza96@example.net','sc-meza80@example.com','Home','Personal','','False','Work','smeza1989@example.org','(739)970-5131x8885','0.0','','','','','0.0','','0.0','','','','0.0','','','','0.0','0.0','0.0','0.0','0.0','0.0','0.0','0.0','0.0','0.0','0.0','','','','','0.0','0.0','False','False','False','False','False','','','','','','','','','','','','0.0','False','77','','','','','');
INSERT INTO "Contact" VALUES(79,'','','','','','','','Initial Inquiry','','','','','','Look early seat cold wall vote three little.','','','Certified','','','False','2018-07-28','lance+mcneil@example.net','','','','','','','','None','Lance','False','','','','Campaign might data summer through office senior whole. Between fine however start well.','','Outreach/Networking','Initial Inquiry','English','Mcneil','None','Volunteering','Cowan, Howe and Mccormick','German','687-272-4335x893','Client','There.','Prefer not to answer','','','','','None','','','','','','','','','True','','','','','Mobility','None','Active Projects- Dog Availability','','','','','l.mcneil1955@example.org','lance+mcneil@example.net','Home','Personal','Home','False','Other','lance-mcneil1983@example.com','001-154-014-7954x987','0.0','97060.0','1979','2022-03-30','80790.0','0.0','2022-07-22','0.0','2022-09-09','Thousand people development sell popular admit. She loss effort indicate understand become term.','Age senior prevent thus present. Affect remain attack election himself attack phone.','0.0','2022-08-03','2022-03-05','Household__c.Formal_Greeting__c','0.0','0.0','0.0','0.0','0.0','0.0','0.0','0.0','0.0','0.0','0.0','77296.0','90146.0','69206.0','97258.0','0.0','0.0','False','False','True','False','False','66251.0','2021-12-16','74916.0','2022-06-23','12062.0','','97996.0','59804.0','92481.0','563.0','46855.0','0.0','False','77','','','','23','');
INSERT INTO "Contact" VALUES(80,'','','','','','','','Onboarding','','','','','','Identify attorney behavior enjoy brother reflect.','','','None','','','True','2015-11-06','sh_reilly@example.net','','','','','','','','Certified-Active','Shane','False','','','','Language full who ten make charge. Last physical time morning. Magazine public people final price time.','','Graphic Design','Initial Inquiry','Japanese','Reilly','None','Sponsorship/Donations','Bryan, Riley and Goodman','French','+1-445-264-8305','Team Facilitator','Moment.','They/Them','','','','','None','','','','','','','','','False','','','','','Psychiatric','None','Active Projects- Academy','','','','','sh.reilly60@example.net','sh_reilly@example.net','Home','Personal','Home','False','Work','shane_reilly53@example.net','001-855-408-7181','0.0','81345.0','2018','2021-12-10','42315.0','0.0','2022-03-21','0.0','2022-12-04','Still front large. Sort member with everything garden civil.','Collection eat already she. Data truth opportunity my together.','0.0','2022-07-14','2022-04-09','Household__c.Informal_Greeting__c','0.0','0.0','0.0','0.0','0.0','0.0','0.0','0.0','0.0','0.0','0.0','48421.0','91012.0','8364.0','59907.0','0.0','0.0','False','False','False','True','False','33213.0','2022-05-15','5626.0','2022-06-27','9488.0','','27892.0','89190.0','23222.0','47733.0','33320.0','0.0','False','77','','','','23','');
INSERT INTO "Contact" VALUES(81,'','','','','','','','Onboarding','','','','','','Cold site wall beautiful improve already baby.','','','None','','','True','2014-02-05','g_willis2006@example.com','','','','','','','','None','Gabriela','False','','','','Would figure set star. Son manage citizen. Find nation contain.','','SEO','None','English','Willis','None','Sweet Snoopers Training Program','Carlson-Davis','Spanish','549.375.9536x9108','Trainer','Federal.','She/Her','','','','','None','','','','','','','','','False','','','','','Medical Incident Assist','Discontinued','Sensitive Info- Trainer','','','','','g_willis@example.com','g_willis2006@example.com','Home','Personal','Home','False','Other','gabriela-willis1954@example.com','001-922-752-1619x720','0.0','24252.0','1977','2022-11-28','84269.0','0.0','2022-10-14','0.0','2022-09-07','Last deep try. Agree six item size civil form.','Process to out young fill. International attack never. None how modern young may.','0.0','2022-01-08','2022-02-27','Household__c.Name','0.0','0.0','0.0','0.0','0.0','0.0','0.0','0.0','0.0','0.0','0.0','31415.0','31945.0','12811.0','23927.0','0.0','0.0','False','False','False','False','True','3320.0','2022-04-21','95508.0','2022-07-21','99027.0','','93026.0','34301.0','44877.0','13005.0','16882.0','0.0','False','77','','','','23','');
INSERT INTO "Contact" VALUES(82,'','','','','','','','','','','','','','','','','None','','','False','','alan.santiago1959@example.com','','','','','','','','None','Santiago','False','','','','','','','','','Alan','','','','','018.199.6163','','','','','','','','None','','','','','','','','','False','','','','','','None','','','','','','alan.santiago1998@example.com','alan.santiago1959@example.com','Home','Personal','','False','Home','alan-santiago8@example.net','(637)675-7292x986','0.0','','','','','0.0','','0.0','','','','0.0','','','','0.0','0.0','0.0','0.0','0.0','0.0','0.0','0.0','0.0','0.0','0.0','','','','','0.0','0.0','False','False','False','False','False','','','','','','','','','','','','0.0','False','37','','','','','');
INSERT INTO "Contact" VALUES(83,'','','','','','','','','','','','','','','','','None','','','False','','ha+gould@example.org','','','','','','','','None','Gould','False','','','','','','','','','Hannah','','','','','+1-975-843-3027x709','','','','','','','','None','','','','','','','','','False','','','','','','None','','','','','','hannah.gould1986@example.org','ha+gould@example.org','Home','Personal','','False','Home','hannah+gould@example.com','372.034.9913','0.0','','','','','0.0','','0.0','','','','0.0','','','','0.0','0.0','0.0','0.0','0.0','0.0','0.0','0.0','0.0','0.0','0.0','','','','','0.0','0.0','False','False','False','False','False','','','','','','','','','','','','0.0','False','37','','','','','');
INSERT INTO "Contact" VALUES(84,'','','','','','','','Inactive','','','','','','Meeting third rest loss.','','','None','','','True','2015-10-28','dalton-gilbert@example.org','','','','','','','','Suspended','Dalton','False','','','','Vote school main serve ahead example. Out above hand.','','Graphic Design','None','English','Gilbert','None','Assistance Dogs Set in Motion Program','Krueger-Browning','Italian','111.693.0982','Volunteer;Team Facilitator','Prevent.','She/Her','','','','','None','','','','','','','','','True','','','','','Hearing Alert','None','Operations- Trainer','','','','','dagilbert80@example.org','dalton-gilbert@example.org','Home','Personal','Home','False','Other','dalton+gilbert0@example.com','(276)059-6294x09732','0.0','67959.0','1993','2022-09-17','72760.0','0.0','2022-10-02','0.0','2022-07-04','Everybody deal card ability feel. Occur professional director class course carry receive.','Property discuss body scene under imagine season. Travel glass talk again above simple to party.','0.0','2022-05-29','2022-11-18','Household__c.Formal_Greeting__c','0.0','0.0','0.0','0.0','0.0','0.0','0.0','0.0','0.0','0.0','0.0','49100.0','46127.0','82435.0','15795.0','0.0','0.0','False','False','True','False','False','94387.0','2022-03-20','1898.0','2022-08-12','88663.0','','4704.0','68091.0','60208.0','66549.0','45301.0','0.0','False','37','','','','25','');
INSERT INTO "Contact" VALUES(85,'','','','','','','','','','','','','','','','','None','','','False','','da_chang1948@example.org','','','','','','','','None','Chang','False','','','','','','','','','Daniel','','','','','(938)359-2394','','','','','','','','None','','','','','','','','','False','','','','','','None','','','','','','dachang00@example.net','da_chang1948@example.org','Home','Personal','','False','Other','daniel+chang9@example.net','+1-677-350-1056x571','0.0','','','','','0.0','','0.0','','','','0.0','','','','0.0','0.0','0.0','0.0','0.0','0.0','0.0','0.0','0.0','0.0','0.0','','','','','0.0','0.0','False','False','False','False','False','','','','','','','','','','','','0.0','False','39','','','','','');
INSERT INTO "Contact" VALUES(86,'','','','','','','','','','','','','','','','','None','','','False','','ro-macdonald1@example.com','','','','','','','','None','Macdonald','False','','','','','','','','','Roberto','','','','','952.128.8627','','','','','','','','None','','','','','','','','','False','','','','','','None','','','','','','r_macdonald1@example.com','ro-macdonald1@example.com','Home','Personal','','False','Home','roberto+macdonald1996@example.net','(843)162-7640x1303','0.0','','','','','0.0','','0.0','','','','0.0','','','','0.0','0.0','0.0','0.0','0.0','0.0','0.0','0.0','0.0','0.0','0.0','','','','','0.0','0.0','False','False','False','False','False','','','','','','','','','','','','0.0','False','39','','','','','');
INSERT INTO "Contact" VALUES(87,'','','','','','','','Onboarding','','','','','','Begin foreign could can well nature.','','','None','','','True','2005-07-04','r.lozano1990@example.net','','','','','','','','None','Russell','False','','','','Administration their concern expect need foreign. Cultural this painting three form.','','Nonprofit Leadership','Onboarding','English','Lozano','None','Teams Set in Motion Program','Huffman-Holmes','Portuguese','896-534-6931x462','Staff','Herself.','They/Them','','','','','None','','','','','','','','','True','','','','','Medical Incident Assist','None','Operations- Volunteer and Staff','','','','','russell+lozano7@example.org','r.lozano1990@example.net','Home','Personal','Home','False','Work','r-lozano3@example.net','793.492.0221x380','0.0','11699.0','1994','2022-02-04','40433.0','0.0','2022-10-14','0.0','2022-01-09','Maintain financial Congress between anything arrive. Today would play seven top difference.','Station central police toward school note seat. Should per short middle.','0.0','2022-03-24','2022-01-15','Household__c.Formal_Greeting__c','0.0','0.0','0.0','0.0','0.0','0.0','0.0','0.0','0.0','0.0','0.0','28662.0','96629.0','26159.0','65928.0','0.0','0.0','False','False','True','False','False','58415.0','2022-01-09','49931.0','2022-09-29','33533.0','','8205.0','5189.0','89769.0','83315.0','91818.0','0.0','False','39','','','','26','');
INSERT INTO "Contact" VALUES(88,'','','','','','','','','','','','','','','','','None','','','False','','thomas-mclean@example.org','','','','','','','','None','Mclean','False','','','','','','','','','Thomas','','','','','569.094.8414x5132','','','','','','','','None','','','','','','','','','False','','','','','','None','','','','','','t+mclean2@example.com','thomas-mclean@example.org','Home','Personal','','False','Work','t+mclean2012@example.org','375.037.0635x854','0.0','','','','','0.0','','0.0','','','','0.0','','','','0.0','0.0','0.0','0.0','0.0','0.0','0.0','0.0','0.0','0.0','0.0','','','','','0.0','0.0','False','False','False','False','False','','','','','','','','','','','','0.0','False','41','','','','','');
INSERT INTO "Contact" VALUES(89,'','','','','','','','','','','','','','','','','None','','','False','','s_hunt@example.com','','','','','','','','None','Hunt','False','','','','','','','','','Sally','','','','','886-702-3448','','','','','','','','None','','','','','','','','','False','','','','','','None','','','','','','sally_hunt06@example.org','s_hunt@example.com','Home','Personal','','False','Other','sa+hunt@example.com','001-775-793-0606x58338','0.0','','','','','0.0','','0.0','','','','0.0','','','','0.0','0.0','0.0','0.0','0.0','0.0','0.0','0.0','0.0','0.0','0.0','','','','','0.0','0.0','False','False','False','False','False','','','','','','','','','','','','0.0','False','41','','','','','');
INSERT INTO "Contact" VALUES(90,'','','','','','','','Active','','','','','','We continue friend nothing.','','','None','','','True','2001-11-30','audrey+sweeney93@example.net','','','','','','','','Certified-Active','Audrey','False','','','','Anything member structure recently quite member early mind. Level parent throw then finally. Two machine century later.','','Education/Course Development','Active','English','Sweeney','None','Trainer Certification','Ferrell, Russo and Vaughan','English','481-260-0943','Team Facilitator','Break.','Prefer to self-describe','','','','','None','','','','','','','','','False','','','','','Diabetes Alert','None','Active Projects- Fund Development','','','','','asweeney52@example.com','audrey+sweeney93@example.net','Home','Personal','Home','False','Other','audreysweeney7@example.net','841-618-4917x53523','0.0','18482.0','2003','2022-05-25','73460.0','0.0','2022-01-31','0.0','2022-01-30','Interest serve across.','From course despite. Even program most nice sure need month. Less fall she heavy term poor late.','0.0','2022-03-02','2021-12-28','Household__c.Formal_Greeting__c','0.0','0.0','0.0','0.0','0.0','0.0','0.0','0.0','0.0','0.0','0.0','7401.0','57737.0','84045.0','16894.0','0.0','0.0','False','False','True','False','False','71392.0','2022-09-20','86072.0','2022-04-20','93598.0','','97180.0','15536.0','17562.0','11941.0','56293.0','0.0','False','41','','','','27','');
INSERT INTO "Contact" VALUES(91,'','','','','','','','Inactive','','','','','','Apply might watch oil across speech commercial.','','','None','','','True','2004-08-10','emily.david1993@example.net','','','','','','','','In Training','Emily','False','','','','Middle challenge purpose family.','','SEO','Onboarding','English','David','None','Volunteering','Little, Rojas and Ingram','Portuguese','+1-620-153-1596','Volunteer;Team Facilitator','Try kind.','Prefer not to answer','','','','','None','','','','','','','','','True','','','','','Medical Incident Assist','None','Active Projects- Scholarships','','','','','emdavid72@example.com','emily.david1993@example.net','Home','Personal','Home','False','Other','edavid56@example.org','038.781.0261x74596','0.0','35210.0','1989','2022-02-13','86292.0','0.0','2022-04-20','0.0','2022-10-19','Carry require personal white suggest one. Late project exactly listen get may.','Break hotel evidence important south early another. Create mission respond community.','0.0','2022-10-31','2022-06-23','Household__c.Formal_Greeting__c','0.0','0.0','0.0','0.0','0.0','0.0','0.0','0.0','0.0','0.0','0.0','30825.0','48160.0','36508.0','43272.0','0.0','0.0','False','False','True','False','False','92692.0','2022-06-29','97914.0','2022-09-07','29902.0','','26308.0','40047.0','76463.0','77885.0','42034.0','0.0','False','41','','','','27','');
INSERT INTO "Contact" VALUES(92,'','','','','','','','','','','','','','','','','None','','','False','','mijacobs2002@example.com','','','','','','','','None','Jacobs','False','','','','','','','','','Miguel','','','','','001-097-514-0782','','','','','','','','None','','','','','','','','','False','','','','','','None','','','','','','m+jacobs9@example.org','mijacobs2002@example.com','Home','Personal','','False','Other','mi-jacobs1944@example.com','2680901959','0.0','','','','','0.0','','0.0','','','','0.0','','','','0.0','0.0','0.0','0.0','0.0','0.0','0.0','0.0','0.0','0.0','0.0','','','','','0.0','0.0','False','False','False','False','False','','','','','','','','','','','','0.0','False','43','','','','','');
INSERT INTO "Contact" VALUES(93,'','','','','','','','','','','','','','','','','None','','','False','','darryl-walton6@example.net','','','','','','','','None','Walton','False','','','','','','','','','Darryl','','','','','(250)663-0067','','','','','','','','None','','','','','','','','','False','','','','','','None','','','','','','dwalton@example.net','darryl-walton6@example.net','Home','Personal','','False','Home','darryl_walton83@example.com','3367433066','0.0','','','','','0.0','','0.0','','','','0.0','','','','0.0','0.0','0.0','0.0','0.0','0.0','0.0','0.0','0.0','0.0','0.0','','','','','0.0','0.0','False','False','False','False','False','','','','','','','','','','','','0.0','False','43','','','','','');
INSERT INTO "Contact" VALUES(94,'','','','','','','','Initial Inquiry','','','','','','Like thousand budget only exist guy.','','','None','','','True','2000-06-21','lo_archer50@example.net','','','','','','','','None','Louis','False','','','','Hold question civil least save seem student. Pull serious wonder cut again evidence large.','','Administration','None','English','Archer','None','Sponsorship/Donations','Hendrix Inc','Portuguese','8179465628','Volunteer;Puppy Raiser','Kitchen.','He/Him','','','','','Inactive','','','','','','','','','False','','','','','Hearing Alert','None','Sensitive Info- Board','','','','','l_archer@example.org','lo_archer50@example.net','Home','Personal','Home','False','Work','l_archer8@example.net','+1-728-743-4607x640','0.0','15501.0','1982','2022-10-03','71234.0','0.0','2022-04-09','0.0','2022-07-11','Establish seek herself plant past defense. Threat media large improve left story church.','During yeah fly federal. Know wide analysis report.','0.0','2022-06-09','2022-06-28','Household__c.Informal_Greeting__c','0.0','0.0','0.0','0.0','0.0','0.0','0.0','0.0','0.0','0.0','0.0','41245.0','77460.0','97746.0','23231.0','0.0','0.0','False','False','False','True','False','96249.0','2022-04-28','93245.0','2022-01-16','63652.0','','13659.0','11160.0','88162.0','39269.0','49385.0','0.0','False','43','','','','28','');
INSERT INTO "Contact" VALUES(95,'','','','','','','','Onboarding','','','','','','Head hair part power center ever size hospital.','','','Onboarding','','','False','2013-05-29','c-harding92@example.org','','','','','','','','None','Candace','False','','','','Skin play foot church peace necessary everything conference.','','Administration','Onboarding','English','Harding','None','Volunteering','Heath Ltd','Spanish','4845839978','Volunteer;Client','Bill.','He/Him','','','','','None','','','','','','','','','True','','','','','Medical Incident Assist','None','Active Projects- Branding and Marketing','','','','','ca.harding2@example.com','c-harding92@example.org','Home','Personal','Home','False','Home','candaceharding1957@example.net','173-967-9187','0.0','855.0','1980','2022-09-19','45603.0','0.0','2022-08-18','0.0','2022-07-31','However defense property almost room friend voice. Movement event approach nor yourself address.','Off not future call later. Conference source suggest authority.','0.0','2022-03-08','2022-10-15','Household__c.Name','0.0','0.0','0.0','0.0','0.0','0.0','0.0','0.0','0.0','0.0','0.0','81975.0','9779.0','68502.0','68948.0','0.0','0.0','False','False','False','False','True','99851.0','2022-08-17','4255.0','2022-09-28','39975.0','','51898.0','26495.0','91210.0','59716.0','39953.0','0.0','False','43','','','','28','');
INSERT INTO "Contact" VALUES(96,'','','','','','','','','','','','','','','','','None','','','False','','gr-sanchez2@example.com','','','','','','','','None','Sanchez','False','','','','','','','','','Grant','','','','','(500)642-1644','','','','','','','','None','','','','','','','','','False','','','','','','None','','','','','','g.sanchez1@example.org','gr-sanchez2@example.com','Home','Personal','','False','Other','grant.sanchez@example.net','709-509-5241x3033','0.0','','','','','0.0','','0.0','','','','0.0','','','','0.0','0.0','0.0','0.0','0.0','0.0','0.0','0.0','0.0','0.0','0.0','','','','','0.0','0.0','False','False','False','False','False','','','','','','','','','','','','0.0','False','47','','','','','');
INSERT INTO "Contact" VALUES(97,'','','','','','','','','','','','','','','','','None','','','False','','kent.parker1986@example.net','','','','','','','','None','Parker','False','','','','','','','','','Kent','','','','','5787097704','','','','','','','','None','','','','','','','','','False','','','','','','None','','','','','','k_parker3@example.net','kent.parker1986@example.net','Home','Personal','','False','Other','kent.parker9@example.net','(198)188-3317x75053','0.0','','','','','0.0','','0.0','','','','0.0','','','','0.0','0.0','0.0','0.0','0.0','0.0','0.0','0.0','0.0','0.0','0.0','','','','','0.0','0.0','False','False','False','False','False','','','','','','','','','','','','0.0','False','47','','','','','');
INSERT INTO "Contact" VALUES(98,'','','','','','','','Initial Inquiry','','','','','','Carry president key civil series whole deal free.','','','None','','','True','2004-02-26','kabarnes1973@example.com','','','','','','','','None','Kaitlin','False','','','','Successful conference address fight let. Assume kind relationship couple anything other fill.','','Project/Program Management','None','English','Barnes','None','Trainer Certification','Fields-Best','Mandarin','296-513-1947x641','Volunteer;Trainer','Field.','He/Him','','','','','None','','','','','','','','','False','','','','','Seizure Response','In Training','Sensitive Info- Volunteer and Staff','','','','','ka+barnes3@example.net','kabarnes1973@example.com','Home','Personal','Home','False','Work','kaitlin+barnes1968@example.org','(006)456-9734','0.0','98190.0','1975','2022-02-19','38741.0','0.0','2022-08-29','0.0','2022-04-09','Relate should daughter sit crime carry. Address these follow behavior lead.','Thought gas whom amount chair door dark our. Fact within much government mind.','0.0','2022-06-21','2022-11-12','Household__c.Name','0.0','0.0','0.0','0.0','0.0','0.0','0.0','0.0','0.0','0.0','0.0','38869.0','60533.0','22309.0','59571.0','0.0','0.0','False','False','False','False','True','48671.0','2022-06-10','89588.0','2022-02-28','20293.0','','41350.0','35402.0','36951.0','47234.0','12522.0','0.0','False','47','','','','30','');
INSERT INTO "Contact" VALUES(99,'','','','','','','','Inactive','','','','','','Clearly owner save artist month food short.','','','None','','','False','2002-10-15','sy-tyler@example.org','','','','','','','','In Training','Sylvia','False','','','','Someone box reveal buy will various. Itself both give character much for.','','Dog Training/Behavior/Veterinary','Active','German','Tyler','Inactive','Team Facilitator Certification','Oneill Inc','Japanese','315.683.9066x453','Team Facilitator Lead','Year job.','Prefer not to answer','','','','','None','','','','','','','','','True','','','','','Narcolepsy Alert','None','Active Projects- ADI','','','','','s-tyler5@example.com','sy-tyler@example.org','Home','Personal','Home','False','Other','sy_tyler86@example.org','(255)477-0488','0.0','37464.0','1985','2022-09-10','16892.0','0.0','2022-03-18','0.0','2022-12-01','Congress discussion attack clear. Eat study lead not. Yard forward just mean.','Class tax pick. Movie coach go camera collection. We service bar real.','0.0','2022-10-01','2021-12-11','Household__c.Informal_Greeting__c','0.0','0.0','0.0','0.0','0.0','0.0','0.0','0.0','0.0','0.0','0.0','50425.0','99865.0','82576.0','82849.0','0.0','0.0','False','False','False','True','False','19910.0','2022-10-10','65003.0','2022-05-25','42771.0','','58449.0','72063.0','85687.0','6447.0','85667.0','0.0','False','47','','','','30','');
INSERT INTO "Contact" VALUES(100,'','','','','','','','','','','','','','','','','None','','','False','','x.welch11@example.com','','','','','','','','None','Welch','False','','','','','','','','','Xavier','','','','','(055)184-1227','','','','','','','','None','','','','','','','','','False','','','','','','None','','','','','','x.welch1964@example.org','xa+welch44@example.net','Home','Personal','Work','False','Home','xavier+welch1949@example.org','5115888364','0.0','','','','','0.0','','0.0','','','','0.0','','','','0.0','0.0','0.0','0.0','0.0','0.0','0.0','0.0','0.0','0.0','0.0','','','','','0.0','0.0','False','False','False','False','False','','','','','','','','','','','','0.0','False','49','','','','','');
INSERT INTO "Contact" VALUES(101,'','','','','','','','','','','','','','','','','None','','','False','','st+mosley1@example.org','','','','','','','','None','Mosley','False','','','','','','','','','Steve','','','','','+1-980-902-7046x25633','','','','','','','','None','','','','','','','','','False','','','','','','None','','','','','','steve.mosley1956@example.com','st+mosley1@example.org','Home','Personal','','False','Work','s+mosley@example.org','869.756.9317','0.0','','','','','0.0','','0.0','','','','0.0','','','','0.0','0.0','0.0','0.0','0.0','0.0','0.0','0.0','0.0','0.0','0.0','','','','','0.0','0.0','False','False','False','False','False','','','','','','','','','','','','0.0','False','50','','','','','');
INSERT INTO "Contact" VALUES(102,'','','','','','','','','','','','','','','','','None','','','False','','hailey+reeves74@example.org','','','','','','','','None','Reeves','False','','','','','','','','','Hailey','','','','','(871)075-3915x0926','','','','','','','','None','','','','','','','','','False','','','','','','None','','','','','','hareeves50@example.net','hailey+reeves74@example.org','Home','Personal','','False','Home','ha+reeves2011@example.net','001-108-056-8639x39522','0.0','','','','','0.0','','0.0','','','','0.0','','','','0.0','0.0','0.0','0.0','0.0','0.0','0.0','0.0','0.0','0.0','0.0','','','','','0.0','0.0','False','False','False','False','False','','','','','','','','','','','','0.0','False','50','','','','','');
INSERT INTO "Contact" VALUES(103,'','','','','','','','Active','','','','','','Whole run control it through.','','','Decertified','','','True','2022-08-18','ka.logan74@example.net','','','','','','','','None','Kathryn','False','','','','Him special structure I training. Bring PM message go garden.','','Marketing and Branding','Initial Inquiry','English','Logan','None','Assistance Dogs Set in Motion Program','Berg, Davis and Blankenship','Spanish;French','(311)231-9721x110','Client','Gas.','Prefer to self-describe','','','','','None','','','','','','','','','True','','','','','Psychiatric;Autism','None','Active Projects- Governance, Compliance and Operations','','','','','kalogan1957@example.com','ka.logan74@example.net','Home','Personal','Home','False','Work','kathryn+logan4@example.net','880-763-0655x78396','0.0','29101.0','2014','2022-01-02','3299.0','0.0','2021-12-25','0.0','2021-12-16','Dream degree read company citizen. Trial talk three executive.','Probably because those just long. Still relate best course morning the.','0.0','2022-11-11','2022-06-02','Household__c.Formal_Greeting__c','0.0','0.0','0.0','0.0','0.0','0.0','0.0','0.0','0.0','0.0','0.0','60693.0','17346.0','82574.0','18198.0','0.0','0.0','False','False','True','False','False','23981.0','2022-05-18','22683.0','2022-03-19','69361.0','','80395.0','14269.0','93775.0','68828.0','22327.0','0.0','False','50','','','','31','');
INSERT INTO "Contact" VALUES(104,'','','','','','','','Onboarding','','','','','','Open support result respond source.','','','Certified','','','True','2011-11-06','mi_holden1948@example.net','','','','','','','','None','Mikayla','False','','','','Claim road local success the important deep. Be so phone prevent social good special ground.','','SEO','None','English','Holden','None','Sponsorship/Donations','Mendez-Juarez','American Sign Language','8406714503','Volunteer;Client','Yet.','Prefer not to answer','','','','','None','','','','','','','','','True','','','','','Mobility','None','Active Projects- Branding and Marketing','','','','','mikayla_holden88@example.org','mi_holden1948@example.net','Home','Personal','Home','False','Work','m_holden1963@example.org','3075571027','0.0','21856.0','2017','2022-03-27','1718.0','0.0','2022-02-22','0.0','2022-06-04','Plan pay skill media suffer especially improve hundred. Often sea modern analysis speak point ever.','Story story prepare both all safe perform. Same network shoulder head.','0.0','2022-02-12','2022-08-25','Household__c.Informal_Greeting__c','0.0','0.0','0.0','0.0','0.0','0.0','0.0','0.0','0.0','0.0','0.0','92383.0','79741.0','1189.0','44391.0','0.0','0.0','False','False','False','True','False','3401.0','2022-01-04','63288.0','2022-10-28','51719.0','','19601.0','40377.0','69234.0','23776.0','77642.0','0.0','False','50','','','','31','');
INSERT INTO "Contact" VALUES(105,'','','','','','','','Onboarding','','','','','','On prepare check.','','','Initial Inquiry','','','False','2003-10-13','ja+suarez8@example.com','','','','','','','','None','Jasmine','False','','','','Believe we drive still recent consumer state. Manager film nearly camera. Create reduce anyone fear here visit bank.','','Website development','Onboarding','English','Suarez','None','Client Certification','Mcintosh, Harvey and Brown','Tagalog','910.598.4090x867','Client;Puppy Raiser','Pay.','Prefer not to answer','','','','','Onboarding','','','','','','','','','True','','','','','Mobility;Autism','None','Active Projects- Community Outreach and Education','','','','','jasmine_suarez@example.net','ja+suarez8@example.com','Home','Personal','Home','False','Home','jasmine.suarez83@example.com','435-019-7038x39685','0.0','3607.0','2006','2022-05-13','53486.0','0.0','2022-11-01','0.0','2022-03-22','Measure into become. Nor her she prevent room ever develop wear.','Record resource reason some future wrong produce. Whole smile tonight almost.','0.0','2022-01-21','2022-06-13','Household__c.Formal_Greeting__c','0.0','0.0','0.0','0.0','0.0','0.0','0.0','0.0','0.0','0.0','0.0','91566.0','25068.0','99185.0','3434.0','0.0','0.0','False','False','True','False','False','7597.0','2022-01-03','92164.0','2022-10-11','47537.0','','73670.0','69310.0','68464.0','17820.0','98051.0','0.0','False','50','','','','31','');
INSERT INTO "Contact" VALUES(106,'','','','','','','','','','','','','','','','','None','','','False','','la+parks1946@example.net','','','','','','','','None','Parks','False','','','','','','','','','Latasha','','','','','(290)440-9758x3713','','','','','','','','None','','','','','','','','','False','','','','','','None','','','','','','laparks1953@example.com','la+parks1946@example.net','Home','Personal','','False','Home','latasha-parks@example.net','996.126.4775','0.0','','','','','0.0','','0.0','','','','0.0','','','','0.0','0.0','0.0','0.0','0.0','0.0','0.0','0.0','0.0','0.0','0.0','','','','','0.0','0.0','False','False','False','False','False','','','','','','','','','','','','0.0','False','79','','','','','');
INSERT INTO "Contact" VALUES(107,'','','','','','','','','','','','','','','','','None','','','False','','pearcher@example.com','','','','','','','','None','Archer','False','','','','','','','','','Pedro','','','','','001-096-233-8812','','','','','','','','None','','','','','','','','','False','','','','','','None','','','','','','pedro+archer1963@example.net','pearcher@example.com','Home','Personal','','False','Home','p-archer66@example.com','(471)247-5045x819','0.0','','','','','0.0','','0.0','','','','0.0','','','','0.0','0.0','0.0','0.0','0.0','0.0','0.0','0.0','0.0','0.0','0.0','','','','','0.0','0.0','False','False','False','False','False','','','','','','','','','','','','0.0','False','79','','','','','');
INSERT INTO "Contact" VALUES(108,'','','','','','','','Onboarding','','','','','','Stock often road individual man add leader.','','','None','','','False','2001-08-07','vernon-andrade@example.org','','','','','','','','None','Vernon','False','','','','Sit establish east cover technology project bar. Fast sister rather laugh according fund project. Even public difficult writer war.','','Graphic Design','Initial Inquiry','English','Andrade','None','Volunteering','Cantrell-Weiss','Spanish','138.599.5059x656','Staff','Which.','Prefer to self-describe','','','','','None','','','','','','','','','True','','','','','Psychiatric;Autism','None','Operations- Volunteer and Staff','','','','','ve.andrade87@example.org','vernon-andrade@example.org','Home','Personal','Home','False','Other','vernon+andrade1979@example.com','567-602-1019','0.0','42284.0','1993','2022-01-19','9313.0','0.0','2022-01-07','0.0','2021-12-26','Buy rate argue bring. Century build such region air. Sea senior behind kid start simply family.','Even him western option responsibility.','0.0','2022-02-05','2022-03-18','Household__c.Informal_Greeting__c','0.0','0.0','0.0','0.0','0.0','0.0','0.0','0.0','0.0','0.0','0.0','96726.0','57455.0','3679.0','68493.0','0.0','0.0','False','False','False','True','False','55367.0','2022-08-21','28722.0','2021-12-24','50099.0','','58393.0','60513.0','13180.0','31652.0','16426.0','0.0','False','79','','','','32','');
INSERT INTO "Contact" VALUES(109,'','','','','','','','','','','','','','','','','None','','','False','','la.shannon5@example.org','','','','','','','','None','Shannon','False','','','','','','','','','Latasha','','','','','321-792-6171','','','','','','','','None','','','','','','','','','False','','','','','','None','','','','','','latasha-shannon1954@example.org','la.shannon5@example.org','Home','Personal','','False','Work','la.shannon@example.com','3257556198','0.0','','','','','0.0','','0.0','','','','0.0','','','','0.0','0.0','0.0','0.0','0.0','0.0','0.0','0.0','0.0','0.0','0.0','','','','','0.0','0.0','False','False','False','False','False','','','','','','','','','','','','0.0','False','57','','','','','');
INSERT INTO "Contact" VALUES(110,'','','','','','','','','','','','','','','','','None','','','False','','anna-lee5@example.org','','','','','','','','None','Lee','False','','','','','','','','','Anna','','','','','058.102.8042','','','','','','','','None','','','','','','','','','False','','','','','','None','','','','','','an-lee68@example.com','anna-lee5@example.org','Home','Personal','','False','Other','anna+lee8@example.com','+1-395-413-1530x17898','0.0','','','','','0.0','','0.0','','','','0.0','','','','0.0','0.0','0.0','0.0','0.0','0.0','0.0','0.0','0.0','0.0','0.0','','','','','0.0','0.0','False','False','False','False','False','','','','','','','','','','','','0.0','False','57','','','','','');
INSERT INTO "Contact" VALUES(111,'','','','','','','','Initial Inquiry','','','','','','At season into thousand pattern turn imagine.','','','None','','','False','2003-03-14','d+walker2007@example.net','','','','','','','','None','Douglas','False','','','','Big year collection could support your part. Eye treatment floor training majority reality including.','','Disability Advocacy','None','English','Walker','None','Sweet Snoopers Training Program','Larson, Mcgrath and Blanchard','Japanese','(117)616-7764x3400','Puppy Raiser','Ask yard.','Prefer to self-describe','','','','','Inactive','','','','','','','','','False','','','','','Diabetes Alert','None','Active Projects- Volunteer Recruitment and Retention','','','','','do-walker@example.net','d+walker2007@example.net','Home','Personal','Home','False','Home','douglas.walker1987@example.org','1004420731','0.0','31563.0','1981','2022-08-25','15026.0','0.0','2022-08-20','0.0','2022-02-14','Soldier growth prove sometimes fact. Whether college apply treat paper history.','Picture side chair assume senior subject common role. Who tree chance if itself make three.','0.0','2022-05-06','2022-10-08','Household__c.Formal_Greeting__c','0.0','0.0','0.0','0.0','0.0','0.0','0.0','0.0','0.0','0.0','0.0','8485.0','6875.0','38313.0','38543.0','0.0','0.0','False','False','True','False','False','63099.0','2022-12-05','72063.0','2022-06-10','11457.0','','84687.0','4071.0','20210.0','3493.0','25849.0','0.0','False','57','','','','34','');
INSERT INTO "Contact" VALUES(112,'','','','','','','','Inactive','','','','','','Story sit bed machine.','','','None','','','True','2020-12-24','t-compton84@example.com','','','','','','','','Suspended','Tamara','False','','','','She cover threat first will. Note evening commercial staff response class.','','Medical/Mental Health','Initial Inquiry','Tagalog','Compton','Active','Teams Set in Motion Program','Stewart-Mccoy','Spanish','+1-567-114-5413x84334','Team Facilitator Lead','Town.','Prefer to self-describe','','','','','None','','','','','','','','','True','','','','','Autism','None','Active Projects- State Registration','','','','','ta-compton@example.net','t-compton84@example.com','Home','Personal','Home','False','Other','tamara_compton@example.net','924.374.0640x612','0.0','80109.0','2006','2022-08-07','97321.0','0.0','2022-08-27','0.0','2022-01-05','Else decade store operation impact human may move.','Language everything buy rich hope. Surface though note wear.','0.0','2022-10-10','2022-11-22','Household__c.Name','0.0','0.0','0.0','0.0','0.0','0.0','0.0','0.0','0.0','0.0','0.0','57165.0','29105.0','91351.0','94180.0','0.0','0.0','False','False','False','False','True','57017.0','2022-11-23','61625.0','2021-12-17','44051.0','','98936.0','81106.0','50267.0','19898.0','85808.0','0.0','False','63','','','','37','');
INSERT INTO "Contact" VALUES(113,'','','','','','','','','','','','','','','','','None','','','False','','co.ortiz91@example.net','','','','','','','','None','Ortiz','False','','','','','','','','','Colleen','','','','','+1-154-659-1982','','','','','','','','None','','','','','','','','','False','','','','','','None','','','','','','colleen-ortiz8@example.org','co.ortiz91@example.net','Home','Personal','','False','Home','colleen.ortiz@example.net','771.111.7259x31718','0.0','','','','','0.0','','0.0','','','','0.0','','','','0.0','0.0','0.0','0.0','0.0','0.0','0.0','0.0','0.0','0.0','0.0','','','','','0.0','0.0','False','False','False','False','False','','','','','','','','','','','','0.0','False','67','','','','','');
INSERT INTO "Contact" VALUES(114,'','','','','','','','','','','','','','','','','None','','','False','','k-ramsey@example.org','','','','','','','','None','Ramsey','False','','','','','','','','','Kristy','','','','','991-781-0055x16991','','','','','','','','None','','','','','','','','','False','','','','','','None','','','','','','kristy-ramsey76@example.org','k-ramsey@example.org','Home','Personal','','False','Home','kristyramsey1947@example.com','+1-489-980-1646','0.0','','','','','0.0','','0.0','','','','0.0','','','','0.0','0.0','0.0','0.0','0.0','0.0','0.0','0.0','0.0','0.0','0.0','','','','','0.0','0.0','False','False','False','False','False','','','','','','','','','','','','0.0','False','67','','','','','');
INSERT INTO "Contact" VALUES(115,'','','','','','','','None','','','','','','Hold activity phone.','','','None','','','True','2012-04-28','karladurham55@example.com','','','','','','','','None','Karla','False','','','','Theory lose interesting ask hand red. Main history sort himself budget benefit.','','SEO','Initial Inquiry','English','Durham','None','Sweet Snoopers Training Program','Haynes-Haney','Vietnamese','558.541.2639x847','Donor','Trouble.','They/Them','','','','','None','','','','','','','','','True','','','','','Medical Incident Assist','None','Sensitive Info- Trainer','','','','','kdurham@example.org','karladurham55@example.com','Home','Personal','Home','False','Home','ka.durham94@example.com','334.932.3258','0.0','97356.0','1989','2022-04-24','99909.0','0.0','2022-05-21','0.0','2022-09-05','Trouble nice account young staff unit society.','Job prepare focus her note child. President million agreement.','0.0','2022-11-17','2022-11-21','Household__c.Formal_Greeting__c','0.0','0.0','0.0','0.0','0.0','0.0','0.0','0.0','0.0','0.0','0.0','14299.0','82928.0','20575.0','24273.0','0.0','0.0','False','False','True','False','False','52197.0','2022-09-29','63067.0','2022-08-10','92870.0','','35317.0','21699.0','4759.0','84171.0','57333.0','0.0','False','67','','','','39','');
INSERT INTO "Contact" VALUES(116,'','','','','','','','Inactive','','','','','','Believe beautiful born significant indicate.','','','In ADSiM','','','True','2020-12-05','edclayton01@example.net','','','','','','','','Certified-Active','Eddie','False','','','','Example safe likely finally camera imagine. Hospital argue do draw medical many brother.','','SEO','Active','English','Clayton','Inactive','Teams Set in Motion Program','Briggs, Miranda and Gibson','German','862.124.7707','Volunteer;Team Facilitator Lead;Client','Include.','Prefer to self-describe','','','','','None','','','','','','','','','False','','','','','Psychiatric;Autism','None','Operations- Volunteer and Staff','','','','','ed+clayton@example.org','edclayton01@example.net','Home','Personal','Home','False','Other','eddie-clayton69@example.com','182.044.2249','0.0','98190.0','2014','2022-01-08','70756.0','0.0','2022-10-25','0.0','2022-10-16','Offer paper participant history. Life activity money anything mind peace bank others.','Issue loss appear able election child mention. Set professional total fast number money hand.','0.0','2021-12-13','2022-10-22','Household__c.Formal_Greeting__c','0.0','0.0','0.0','0.0','0.0','0.0','0.0','0.0','0.0','0.0','0.0','75219.0','2716.0','91179.0','92752.0','0.0','0.0','False','False','True','False','False','26985.0','2022-03-06','43155.0','2022-12-03','51797.0','','58631.0','83838.0','67454.0','47525.0','41335.0','0.0','False','67','','','','39','');
INSERT INTO "Contact" VALUES(117,'','','','','','','','None','','','','','','Understand particular girl finally along form trial.','','','None','','','True','2006-12-20','ra_duncan@example.net','','','','','','','','None','Rachel','False','','','','Might however thousand development woman. Manager red music.','','Project/Program Management','Onboarding','English','Duncan','None','Sponsorship/Donations','Reed-Edwards','Russian','(290)239-3930','Puppy Raiser','Less.','Prefer to self-describe','','','','','Certified-Active','','','','','','','','','False','','','','','Mobility;Autism','None','Active Projects- Academy','','','','','r+duncan72@example.org','ra_duncan@example.net','Home','Personal','Home','False','Home','ra+duncan7@example.com','+1-612-664-8382x35383','0.0','82773.0','1977','2022-08-01','80196.0','0.0','2022-03-30','0.0','2022-10-20','Part study else.','On child establish later. Up wrong weight amount.','0.0','2021-12-21','2022-08-18','Household__c.Informal_Greeting__c','0.0','0.0','0.0','0.0','0.0','0.0','0.0','0.0','0.0','0.0','0.0','76113.0','2167.0','35063.0','27292.0','0.0','0.0','False','False','False','True','False','25937.0','2022-06-08','76379.0','2022-08-31','46572.0','','43747.0','87170.0','92729.0','56761.0','68140.0','0.0','False','67','','','','39','');
INSERT INTO "Contact" VALUES(118,'','','','','','','','','','','','','','','','','None','','','False','','le.walters50@example.com','','','','','','','','None','Walters','False','','','','','','','','','Leah','','','','','(299)388-6788x638','','','','','','','','None','','','','','','','','','False','','','','','','None','','','','','','leah+walters@example.com','l-walters1@example.com','Home','Personal','Work','False','Home','le-walters@example.net','(038)645-3287','0.0','','','','','0.0','','0.0','','','','0.0','','','','0.0','0.0','0.0','0.0','0.0','0.0','0.0','0.0','0.0','0.0','0.0','','','','','0.0','0.0','False','False','False','False','False','','','','','','','','','','','','0.0','False','69','','','','','');
INSERT INTO "Contact" VALUES(119,'','','','','','','','','','','','','','','','','None','','','False','','ann-frey5@example.com','','','','','','','','None','Frey','False','','','','','','','','','Ann','','','','','+1-855-051-4362','','','','','','','','None','','','','','','','','','False','','','','','','None','','','','','','an+frey1991@example.com','ann-frey5@example.com','Home','Personal','','False','Home','an-frey10@example.org','628-068-3571','0.0','','','','','0.0','','0.0','','','','0.0','','','','0.0','0.0','0.0','0.0','0.0','0.0','0.0','0.0','0.0','0.0','0.0','','','','','0.0','0.0','False','False','False','False','False','','','','','','','','','','','','0.0','False','70','','','','','');
INSERT INTO "Contact" VALUES(120,'','','','','','','','','','','','','','','','','None','','','False','','la_burgess4@example.com','','','','','','','','None','Burgess','False','','','','','','','','','Latoya','','','','','001-088-083-7545x03041','','','','','','','','None','','','','','','','','','False','','','','','','None','','','','','','latoya-burgess9@example.org','la_burgess4@example.com','Home','Personal','','False','Work','l_burgess0@example.org','306-856-7141','0.0','','','','','0.0','','0.0','','','','0.0','','','','0.0','0.0','0.0','0.0','0.0','0.0','0.0','0.0','0.0','0.0','0.0','','','','','0.0','0.0','False','False','False','False','False','','','','','','','','','','','','0.0','False','70','','','','','');
INSERT INTO "Contact" VALUES(121,'','','','','','','','Initial Inquiry','','','','','','Mission wrong probably my program.','','','None','','','True','2002-08-16','casey-armstrong65@example.com','','','','','','','','None','Casey','False','','','','Raise lot themselves positive pay. Standard up back message guess.','','Administration','Inactive','Spanish','Armstrong','None','Sweet Snoopers Training Program','Velasquez Ltd','German','067-587-1000','Trainer','Teach.','They/Them','','','','','None','','','','','','','','','False','','','','','Diabetes Alert','Initial Inquiry','Active Projects- Dog Availability','','','','','casey-armstrong6@example.org','casey-armstrong65@example.com','Home','Personal','Home','False','Work','caarmstrong2@example.org','+1-639-240-8833','0.0','33428.0','2000','2022-05-16','81938.0','0.0','2022-05-09','0.0','2022-10-11','Travel I food while health whatever. Fall happy catch feel finish.','Research exist modern consumer despite notice type. Nature example reflect ago.','0.0','2022-01-05','2022-09-26','Household__c.Informal_Greeting__c','0.0','0.0','0.0','0.0','0.0','0.0','0.0','0.0','0.0','0.0','0.0','53524.0','84604.0','62969.0','73797.0','0.0','0.0','False','False','False','True','False','81404.0','2022-01-04','75757.0','2022-06-19','26939.0','','61286.0','51362.0','26571.0','21520.0','2980.0','0.0','False','70','','','','40','');
INSERT INTO "Contact" VALUES(122,'','','','','','','','Initial Inquiry','','','','','','Region style deal believe idea agree suffer.','','','None','','','True','2000-08-21','m-hodges1965@example.net','','','','','','','','None','Melinda','False','','','','Country change else. War wear north ground strategy. Will remain or.','','SEO','Initial Inquiry','English','Hodges','None','Teams Set in Motion Program','Lloyd, Drake and Sloan','Spanish','(913)654-6629x27338','Trainer','Throw.','Prefer not to answer','','','','','None','','','','','','','','','False','','','','','Seizure Response','Certified-Active','Operations- Volunteer and Staff','','','','','me+hodges10@example.net','m-hodges1965@example.net','Home','Personal','Home','False','Work','melindahodges@example.org','(064)783-1444','0.0','24528.0','2015','2022-08-06','23750.0','0.0','2022-10-27','0.0','2022-04-25','Whole arrive effort five. Well do road.','Third foot line must foreign. Option development yet soldier campaign partner imagine TV.','0.0','2022-04-05','2022-09-04','Household__c.Formal_Greeting__c','0.0','0.0','0.0','0.0','0.0','0.0','0.0','0.0','0.0','0.0','0.0','22783.0','5542.0','12095.0','83009.0','0.0','0.0','False','False','True','False','False','81923.0','2022-02-27','60281.0','2022-10-17','93421.0','','12005.0','39432.0','45227.0','27346.0','29525.0','0.0','False','70','','','','40','');
INSERT INTO "Contact" VALUES(123,'','','','','','','','Initial Inquiry','','','','','','Thus determine another away moment song.','','','None','','','True','2010-10-08','wa+flynn2011@example.org','','','','','','','','None','Warren','False','','','','Painting base million avoid view decision among. You data million reality. Usually present rule we all state while term.','','Photography/Videography','Onboarding','English','Flynn','None','General info/Other','Cameron, Tanner and Abbott','Portuguese','203.588.9727x15601','Volunteer;Trainer','Air win.','He/Him','','','','','None','','','','','','','','','True','','','','','Autism','Initial Inquiry','Operations- Financial','','','','','w-flynn1969@example.net','wa+flynn2011@example.org','Home','Personal','Home','False','Work','wa+flynn@example.org','365-492-8590x9379','0.0','56267.0','2006','2022-09-06','82955.0','0.0','2022-09-16','0.0','2022-09-12','News social Mr matter. Today example type should science start foot. Possible learn light today.','Although late source less least lot mouth. Provide window fall something stand.','0.0','2022-10-23','2022-10-24','Household__c.Informal_Greeting__c','0.0','0.0','0.0','0.0','0.0','0.0','0.0','0.0','0.0','0.0','0.0','25496.0','70489.0','82186.0','65966.0','0.0','0.0','False','False','False','True','False','47849.0','2022-11-14','56555.0','2022-04-25','96654.0','','49389.0','2731.0','65222.0','45867.0','46692.0','0.0','False','70','','','','40','');
CREATE TABLE "ContinuingEducationUnit__c" (
	id INTEGER NOT NULL, 
	"AuthorityOther__c" VARCHAR(255), 
	"Authority__c" VARCHAR(255), 
	"Comments__c" VARCHAR(255), 
	"DateCompleted__c" VARCHAR(255), 
	"DateSubmitted__c" VARCHAR(255), 
	"Name" VARCHAR(255), 
	"ProgramDate__c" VARCHAR(255), 
	"ProgramHours__c" VARCHAR(255), 
	"ProgramTitle__c" VARCHAR(255), 
	"Quantity__c" VARCHAR(255), 
	"Role__c" VARCHAR(255), 
	"Status__c" VARCHAR(255), 
	"Trainer__c" VARCHAR(255), 
	PRIMARY KEY (id)
);
INSERT INTO "ContinuingEducationUnit__c" VALUES(1,'Russell and Sons','IAABC','Response series themselves human six apply body.','2019-07-27','2000-10-13','Ergonomic intangible functionalities','2007-06-29','1041.0','User-friendly composite project','20.0','Presenter','Approved','28');
INSERT INTO "ContinuingEducationUnit__c" VALUES(2,'George-Wyatt','None','Front on mention out number person better political.','2012-10-04','2003-05-11','Reduced didactic monitoring','2011-11-30','1585.0','Enterprise-wide contextually-based concept','13.0','Attendee','Pending','2');
INSERT INTO "ContinuingEducationUnit__c" VALUES(3,'Todd, Huerta and Kline','CBCC','Theory property build seat hospital than eye.','2021-10-29','2002-06-12','Operative maximized initiative','2002-08-22','586.0','Multi-layered context-sensitive framework','8.0','Attendee','Pending','38');
INSERT INTO "ContinuingEducationUnit__c" VALUES(4,'Williams-Crane','KPA','Rock head rich training can son part.','2022-09-11','2009-05-25','Up-sized hybrid secured line','2017-09-09','210.0','Function-based explicit database','3.0','Attendee','Pending','59');
INSERT INTO "ContinuingEducationUnit__c" VALUES(5,'Compton-Contreras','Atlas','Society attorney short over consider.','2021-02-26','2013-10-16','Business-focused human-resource ability','2016-07-24','1539.0','Triple-buffered holistic open system','9.0','Presenter','Pending','89');
CREATE TABLE "DogRelationship__c" (
	id INTEGER NOT NULL, 
	"Type__c" VARCHAR(255), 
	"Contact__c" VARCHAR(255), 
	"Dog__c" VARCHAR(255), 
	PRIMARY KEY (id)
);
INSERT INTO "DogRelationship__c" VALUES(1,'Owner','34','7');
INSERT INTO "DogRelationship__c" VALUES(2,'Owner','120','1');
INSERT INTO "DogRelationship__c" VALUES(3,'Facilitator','23','6');
INSERT INTO "DogRelationship__c" VALUES(4,'Client','29','6');
INSERT INTO "DogRelationship__c" VALUES(5,'Owner','118','6');
INSERT INTO "DogRelationship__c" VALUES(6,'Veterinarian','118','6');
INSERT INTO "DogRelationship__c" VALUES(7,'Veterinarian','11','2');
INSERT INTO "DogRelationship__c" VALUES(8,'Owner','80','2');
INSERT INTO "DogRelationship__c" VALUES(9,'Breeder','16','3');
INSERT INTO "DogRelationship__c" VALUES(10,'Owner','21','3');
INSERT INTO "DogRelationship__c" VALUES(11,'Client','45','3');
INSERT INTO "DogRelationship__c" VALUES(12,'Veterinarian','47','3');
INSERT INTO "DogRelationship__c" VALUES(13,'Client','78','2');
INSERT INTO "DogRelationship__c" VALUES(14,'Client','63','4');
INSERT INTO "DogRelationship__c" VALUES(15,'Owner','65','4');
INSERT INTO "DogRelationship__c" VALUES(16,'Breeder','65','4');
INSERT INTO "DogRelationship__c" VALUES(17,'Veterinarian','71','4');
INSERT INTO "DogRelationship__c" VALUES(18,'Client','83','5');
INSERT INTO "DogRelationship__c" VALUES(19,'Facilitator','107','2');
INSERT INTO "DogRelationship__c" VALUES(20,'Facilitator','89','5');
INSERT INTO "DogRelationship__c" VALUES(21,'Owner','96','5');
INSERT INTO "DogRelationship__c" VALUES(22,'Veterinarian','100','5');
CREATE TABLE "Dog__c" (
	id INTEGER NOT NULL, 
	"ActivationDate__c" VARCHAR(255), 
	"Birthdate__c" VARCHAR(255), 
	"Breed__c" VARCHAR(255), 
	"Gender__c" VARCHAR(255), 
	"HealthFormReceived__c" VARCHAR(255), 
	"LatestPhysicalExamOutcome__c" VARCHAR(255), 
	"MicrochipNumber__c" VARCHAR(255), 
	"Name" VARCHAR(255), 
	"Notes__c" VARCHAR(255), 
	"PhysicalExamDue__c" VARCHAR(255), 
	"Picture__c" VARCHAR(255), 
	"Program__c" VARCHAR(255), 
	"SpayedNeutered__c" VARCHAR(255), 
	"Status__c" VARCHAR(255), 
	"VacExamsReceived__c" VARCHAR(255), 
	"VaccineDueDistemper__c" VARCHAR(255), 
	"VaccineDueHepatitis__c" VARCHAR(255), 
	"VaccineDueParainfluenza__c" VARCHAR(255), 
	"VaccineDueParvovirus__c" VARCHAR(255), 
	"VaccineDueRabies__c" VARCHAR(255), 
	"XrayReceived__c" VARCHAR(255), 
	"VetClinic__c" VARCHAR(255), 
	PRIMARY KEY (id)
);
INSERT INTO "Dog__c" VALUES(1,'','2022-06-06','Britany Spaniel','Female','','Pass','','Cookie','','','','Assistance Dogs Set In Motion','True','None','','','','','','','','');
INSERT INTO "Dog__c" VALUES(2,'2022-08-26','2003-03-30','Vizsla','Male','','Fail','0-12-107999-6','Copper','Perhaps appear score month. Window space serious your might. First within if majority identify drug.','2022-04-26','https://placekitten.com/60/60','Team Certification','True','On Hold','','2023-01-03','2022-12-07','2021-05-17','2021-08-29','2022-08-29','','89');
INSERT INTO "Dog__c" VALUES(3,'2010-07-18','2011-09-25','Labrador Retriever','Male','','Fail','0-12-542947-9','Sammy','Establish opportunity well west evidence management open plan. Mention represent act air scene third make chair. Able official hour reality on really you.','2022-05-06','https://placekitten.com/60/60','Team Certification','False','Inactive','','2021-08-06','2023-01-26','2021-02-19','2022-10-16','2023-10-21','','9');
INSERT INTO "Dog__c" VALUES(4,'2005-08-14','2009-12-19','Pug','Male','','Fail','1-195-02490-8','Toby','Campaign be modern long kid show. Science data measure pick. Dinner among order citizen majority follow.','2023-07-30','https://placeimg.com/60/60/any','Assistance Dogs Set In Motion','False','In Training','','2022-12-21','2021-01-02','2022-01-03','2023-09-30','2022-04-29','','29');
INSERT INTO "Dog__c" VALUES(5,'2004-11-18','2021-08-22','Bloodhound','Female','','Fail','0-907805-97-3','Olive','Democratic so say senior hour. Task thousand popular. Rich shake international cold.','2022-09-17','https://dummyimage.com/60x60','Assistance Dogs Set In Motion','False','Certified','','2022-04-24','2021-12-16','2023-10-04','2022-07-05','2025-11-04','','49');
INSERT INTO "Dog__c" VALUES(6,'2000-12-09','2003-06-15','French Bulldog','Female','','Fail','0-8449-8615-1','Sierra','Firm low bring early Mr. Again decide firm receive. Itself discussion draw body.','2022-04-22','https://placeimg.com/60/60/any','Assistance Dogs Set In Motion','False','Inactive','','2021-12-08','2022-01-02','2021-12-19','2021-04-27','2025-10-16','','69');
INSERT INTO "Dog__c" VALUES(7,'','2021-10-10','Labrador Retriever','Male','','Pass','','Hunter','','','','Assistance Dogs Set In Motion','True','None','','','','','','','','');
CREATE TABLE "GW_Volunteers__Volunteer_Job__c" (
	id INTEGER NOT NULL, 
	"GW_Volunteers__Description__c" VARCHAR(255), 
	"GW_Volunteers__Skills_Needed__c" VARCHAR(255), 
	"GW_Volunteers__Ongoing__c" VARCHAR(255), 
	"Name" VARCHAR(255), 
	"GW_Volunteers__Campaign__c" VARCHAR(255), 
	PRIMARY KEY (id)
);
INSERT INTO "GW_Volunteers__Volunteer_Job__c" VALUES(1,'Marketing- Website','Website development','True','Marketing- Website','2');
INSERT INTO "GW_Volunteers__Volunteer_Job__c" VALUES(2,'Marketing- Sales','Sales','True','Marketing- Sales','2');
INSERT INTO "GW_Volunteers__Volunteer_Job__c" VALUES(3,'Marketing- Advertising','Marketing and Branding','True','Marketing- Advertising','2');
INSERT INTO "GW_Volunteers__Volunteer_Job__c" VALUES(4,'Marketing- Events','Project/Program Management','True','Marketing- Events','2');
INSERT INTO "GW_Volunteers__Volunteer_Job__c" VALUES(5,'Administrative- Client','Administration','True','Administrative- Client','2');
INSERT INTO "GW_Volunteers__Volunteer_Job__c" VALUES(6,'Administrative- Volunteer','Administration','True','Administrative- Volunteer','2');
INSERT INTO "GW_Volunteers__Volunteer_Job__c" VALUES(7,'Administrative- Trainer','Administration','True','Administrative- Trainer','2');
INSERT INTO "GW_Volunteers__Volunteer_Job__c" VALUES(8,'Administrative- General','Administration','True','Administrative- General','2');
INSERT INTO "GW_Volunteers__Volunteer_Job__c" VALUES(9,'Administrative- Technology','Administration','True','Administrative- Technology','2');
INSERT INTO "GW_Volunteers__Volunteer_Job__c" VALUES(10,'Outreach- Clients','Outreach/Networking','True','Outreach- Clients','2');
INSERT INTO "GW_Volunteers__Volunteer_Job__c" VALUES(11,'Outreach- Disability Orgs','Outreach/Networking','True','Outreach- Disability Orgs','2');
INSERT INTO "GW_Volunteers__Volunteer_Job__c" VALUES(12,'Outreach- Dogs','Outreach/Networking','True','Outreach- Dogs','2');
INSERT INTO "GW_Volunteers__Volunteer_Job__c" VALUES(13,'Outreach- Veterinarians','Outreach/Networking','True','Outreach- Veterinarians','2');
INSERT INTO "GW_Volunteers__Volunteer_Job__c" VALUES(14,'Outreach- Medical Providers','Outreach/Networking','True','Outreach- Medical Providers','2');
INSERT INTO "GW_Volunteers__Volunteer_Job__c" VALUES(15,'Outreach- Diversity','Outreach/Networking','True','Outreach- Diversity','2');
INSERT INTO "GW_Volunteers__Volunteer_Job__c" VALUES(16,'Marketing- Events','Project/Program Management','True','Marketing- Events','1');
INSERT INTO "GW_Volunteers__Volunteer_Job__c" VALUES(17,'Administrative- Client','Administration','True','Administrative- Client','1');
INSERT INTO "GW_Volunteers__Volunteer_Job__c" VALUES(18,'Administrative- Volunteer','Administration','True','Administrative- Volunteer','1');
INSERT INTO "GW_Volunteers__Volunteer_Job__c" VALUES(19,'Administrative- Trainer','Administration','True','Administrative- Trainer','1');
INSERT INTO "GW_Volunteers__Volunteer_Job__c" VALUES(20,'Administrative- General','Administration','True','Administrative- General','1');
INSERT INTO "GW_Volunteers__Volunteer_Job__c" VALUES(21,'Administrative- Technology','Administration','True','Administrative- Technology','1');
INSERT INTO "GW_Volunteers__Volunteer_Job__c" VALUES(22,'Outreach- Clients','Outreach/Networking','True','Outreach- Clients','1');
INSERT INTO "GW_Volunteers__Volunteer_Job__c" VALUES(23,'Outreach- Disability Orgs','Outreach/Networking','True','Outreach- Disability Orgs','1');
INSERT INTO "GW_Volunteers__Volunteer_Job__c" VALUES(24,'Outreach- Dogs','Outreach/Networking','True','Outreach- Dogs','1');
INSERT INTO "GW_Volunteers__Volunteer_Job__c" VALUES(25,'Outreach- Veterinarians','Outreach/Networking','True','Outreach- Veterinarians','1');
INSERT INTO "GW_Volunteers__Volunteer_Job__c" VALUES(26,'Outreach- Medical Providers','Outreach/Networking','True','Outreach- Medical Providers','1');
INSERT INTO "GW_Volunteers__Volunteer_Job__c" VALUES(27,'Outreach- Diversity','Outreach/Networking','True','Outreach- Diversity','1');
INSERT INTO "GW_Volunteers__Volunteer_Job__c" VALUES(28,'Academy decscription','Marketing and Branding','True','Academy','2');
INSERT INTO "GW_Volunteers__Volunteer_Job__c" VALUES(29,'ADI Accreditation decscription','Writing/Communications','True','ADI Accreditation','2');
INSERT INTO "GW_Volunteers__Volunteer_Job__c" VALUES(30,'Branding and Marketing decscription','Marketing and Branding','True','Branding and Marketing','2');
INSERT INTO "GW_Volunteers__Volunteer_Job__c" VALUES(31,'Client Certification decscription','Writing/Communications','True','Client Certification','2');
INSERT INTO "GW_Volunteers__Volunteer_Job__c" VALUES(32,'Client Operations','Administration','True','Client Operations','2');
INSERT INTO "GW_Volunteers__Volunteer_Job__c" VALUES(33,'Community Outreach and Education','Outreach/Networking','True','Community Outreach and Education','2');
INSERT INTO "GW_Volunteers__Volunteer_Job__c" VALUES(34,'Dog Availability','Administration','True','Dog Availability','2');
INSERT INTO "GW_Volunteers__Volunteer_Job__c" VALUES(35,'Financial Operations','Financial/Bookkeeping','True','Financial Operations','2');
INSERT INTO "GW_Volunteers__Volunteer_Job__c" VALUES(36,'Fund Development','Fundraising/Grants','True','Fund Development','2');
INSERT INTO "GW_Volunteers__Volunteer_Job__c" VALUES(37,'Governance and Compliance and Operations','Legal','True','Governance and Compliance and Operations','2');
INSERT INTO "GW_Volunteers__Volunteer_Job__c" VALUES(38,'Operations Master Docs','Writing/Communications','True','Operations Master Docs','2');
INSERT INTO "GW_Volunteers__Volunteer_Job__c" VALUES(39,'Research and Development','Dog Training/Behavior/Veterinary','True','Research and Development','2');
INSERT INTO "GW_Volunteers__Volunteer_Job__c" VALUES(40,'Scholarships','Fundraising/Grants','True','Scholarships','2');
INSERT INTO "GW_Volunteers__Volunteer_Job__c" VALUES(41,'State Registration','Legal','True','State Registration','2');
INSERT INTO "GW_Volunteers__Volunteer_Job__c" VALUES(42,'Team Facilitator Certification','Administration','True','Team Facilitator Certification','2');
INSERT INTO "GW_Volunteers__Volunteer_Job__c" VALUES(43,'Team Facilitator Operations','Administration','True','Team Facilitator Operations','2');
INSERT INTO "GW_Volunteers__Volunteer_Job__c" VALUES(44,'Technology Infrastructure','Technology/Infrastructure','True','Technology Infrastructure','2');
INSERT INTO "GW_Volunteers__Volunteer_Job__c" VALUES(45,'Trainer Certification','Dog Training/Behavior/Veterinary','True','Trainer Certification','2');
INSERT INTO "GW_Volunteers__Volunteer_Job__c" VALUES(46,'Volunteer and Staff Operations','Administration','True','Volunteer and Staff Operations','2');
INSERT INTO "GW_Volunteers__Volunteer_Job__c" VALUES(47,'Volunteer Recruitment and Retention','Outreach/Networking','True','Volunteer Recruitment and Retention','2');
INSERT INTO "GW_Volunteers__Volunteer_Job__c" VALUES(48,'Academy-Content Creator','Education/Course Development','True','Academy-Content Creator','2');
INSERT INTO "GW_Volunteers__Volunteer_Job__c" VALUES(49,'Academy-Content Editor','Education/Course Development','True','Academy-Content Editor','2');
INSERT INTO "GW_Volunteers__Volunteer_Job__c" VALUES(50,'Marketing- Graphic Design','Graphic Design','True','Marketing- Graphic Design','2');
INSERT INTO "GW_Volunteers__Volunteer_Job__c" VALUES(51,'Marketing- Video','Photography/Videography','True','Marketing- Video','2');
INSERT INTO "GW_Volunteers__Volunteer_Job__c" VALUES(52,'Marketing- Photo','Photography/Videography','True','Marketing- Photo','2');
INSERT INTO "GW_Volunteers__Volunteer_Job__c" VALUES(53,'Marketing- Writing','Writing/Communications','True','Marketing- Writing','2');
INSERT INTO "GW_Volunteers__Volunteer_Job__c" VALUES(54,'Marketing- Leadership','Marketing and Branding','True','Marketing- Leadership','2');
INSERT INTO "GW_Volunteers__Volunteer_Job__c" VALUES(55,'Marketing- SEO','SEO','True','Marketing- SEO','2');
INSERT INTO "GW_Volunteers__Volunteer_Job__c" VALUES(56,'Marketing- Website','Website development','True','Marketing- Website','2');
INSERT INTO "GW_Volunteers__Volunteer_Job__c" VALUES(57,'Marketing- Sales','Sales','True','Marketing- Sales','2');
INSERT INTO "GW_Volunteers__Volunteer_Job__c" VALUES(58,'Marketing- Advertising','Marketing and Branding','True','Marketing- Advertising','2');
INSERT INTO "GW_Volunteers__Volunteer_Job__c" VALUES(59,'Marketing- Events','Project/Program Management','True','Marketing- Events','2');
INSERT INTO "GW_Volunteers__Volunteer_Job__c" VALUES(60,'Administrative- Client','Administration','True','Administrative- Client','2');
INSERT INTO "GW_Volunteers__Volunteer_Job__c" VALUES(61,'Administrative- Volunteer','Administration','True','Administrative- Volunteer','2');
INSERT INTO "GW_Volunteers__Volunteer_Job__c" VALUES(62,'Administrative- Trainer','Administration','True','Administrative- Trainer','2');
INSERT INTO "GW_Volunteers__Volunteer_Job__c" VALUES(63,'Administrative- General','Administration','True','Administrative- General','2');
INSERT INTO "GW_Volunteers__Volunteer_Job__c" VALUES(64,'Administrative- Technology','Administration','True','Administrative- Technology','2');
INSERT INTO "GW_Volunteers__Volunteer_Job__c" VALUES(65,'Outreach- Clients','Outreach/Networking','True','Outreach- Clients','2');
INSERT INTO "GW_Volunteers__Volunteer_Job__c" VALUES(66,'Outreach- Disability Orgs','Outreach/Networking','True','Outreach- Disability Orgs','2');
INSERT INTO "GW_Volunteers__Volunteer_Job__c" VALUES(67,'Outreach- Dogs','Outreach/Networking','True','Outreach- Dogs','2');
INSERT INTO "GW_Volunteers__Volunteer_Job__c" VALUES(68,'Outreach- Veterinarians','Outreach/Networking','True','Outreach- Veterinarians','2');
INSERT INTO "GW_Volunteers__Volunteer_Job__c" VALUES(69,'Outreach- Medical Providers','Outreach/Networking','True','Outreach- Medical Providers','2');
INSERT INTO "GW_Volunteers__Volunteer_Job__c" VALUES(70,'Outreach- Diversity','Outreach/Networking','True','Outreach- Diversity','2');
INSERT INTO "GW_Volunteers__Volunteer_Job__c" VALUES(71,'Academy decscription','Marketing and Branding','True','Academy','2');
INSERT INTO "GW_Volunteers__Volunteer_Job__c" VALUES(72,'ADI Accreditation decscription','Writing/Communications','True','ADI Accreditation','2');
INSERT INTO "GW_Volunteers__Volunteer_Job__c" VALUES(73,'Branding and Marketing decscription','Marketing and Branding','True','Branding and Marketing','2');
INSERT INTO "GW_Volunteers__Volunteer_Job__c" VALUES(74,'Client Certification decscription','Writing/Communications','True','Client Certification','2');
INSERT INTO "GW_Volunteers__Volunteer_Job__c" VALUES(75,'Client Operations','Administration','True','Client Operations','2');
INSERT INTO "GW_Volunteers__Volunteer_Job__c" VALUES(76,'Community Outreach and Education','Outreach/Networking','True','Community Outreach and Education','2');
INSERT INTO "GW_Volunteers__Volunteer_Job__c" VALUES(77,'Dog Availability','Administration','True','Dog Availability','2');
INSERT INTO "GW_Volunteers__Volunteer_Job__c" VALUES(78,'Financial Operations','Financial/Bookkeeping','True','Financial Operations','2');
INSERT INTO "GW_Volunteers__Volunteer_Job__c" VALUES(79,'Fund Development','Fundraising/Grants','True','Fund Development','2');
INSERT INTO "GW_Volunteers__Volunteer_Job__c" VALUES(80,'Governance and Compliance and Operations','Legal','True','Governance and Compliance and Operations','2');
INSERT INTO "GW_Volunteers__Volunteer_Job__c" VALUES(81,'Operations Master Docs','Writing/Communications','True','Operations Master Docs','2');
INSERT INTO "GW_Volunteers__Volunteer_Job__c" VALUES(82,'Research and Development','Dog Training/Behavior/Veterinary','True','Research and Development','2');
INSERT INTO "GW_Volunteers__Volunteer_Job__c" VALUES(83,'Scholarships','Fundraising/Grants','True','Scholarships','2');
INSERT INTO "GW_Volunteers__Volunteer_Job__c" VALUES(84,'State Registration','Legal','True','State Registration','2');
INSERT INTO "GW_Volunteers__Volunteer_Job__c" VALUES(85,'Team Facilitator Certification','Administration','True','Team Facilitator Certification','2');
INSERT INTO "GW_Volunteers__Volunteer_Job__c" VALUES(86,'Team Facilitator Operations','Administration','True','Team Facilitator Operations','2');
INSERT INTO "GW_Volunteers__Volunteer_Job__c" VALUES(87,'Technology Infrastructure','Technology/Infrastructure','True','Technology Infrastructure','2');
INSERT INTO "GW_Volunteers__Volunteer_Job__c" VALUES(88,'Trainer Certification','Dog Training/Behavior/Veterinary','True','Trainer Certification','2');
INSERT INTO "GW_Volunteers__Volunteer_Job__c" VALUES(89,'Volunteer and Staff Operations','Administration','True','Volunteer and Staff Operations','2');
INSERT INTO "GW_Volunteers__Volunteer_Job__c" VALUES(90,'Volunteer Recruitment and Retention','Outreach/Networking','True','Volunteer Recruitment and Retention','2');
INSERT INTO "GW_Volunteers__Volunteer_Job__c" VALUES(91,'Academy-Content Creator','Education/Course Development','True','Academy-Content Creator','2');
INSERT INTO "GW_Volunteers__Volunteer_Job__c" VALUES(92,'Academy-Content Editor','Education/Course Development','True','Academy-Content Editor','2');
INSERT INTO "GW_Volunteers__Volunteer_Job__c" VALUES(93,'Marketing- Graphic Design','Graphic Design','True','Marketing- Graphic Design','2');
INSERT INTO "GW_Volunteers__Volunteer_Job__c" VALUES(94,'Marketing- Video','Photography/Videography','True','Marketing- Video','2');
INSERT INTO "GW_Volunteers__Volunteer_Job__c" VALUES(95,'Marketing- Photo','Photography/Videography','True','Marketing- Photo','2');
INSERT INTO "GW_Volunteers__Volunteer_Job__c" VALUES(96,'Marketing- Writing','Writing/Communications','True','Marketing- Writing','2');
INSERT INTO "GW_Volunteers__Volunteer_Job__c" VALUES(97,'Marketing- Leadership','Marketing and Branding','True','Marketing- Leadership','2');
INSERT INTO "GW_Volunteers__Volunteer_Job__c" VALUES(98,'Marketing- SEO','SEO','True','Marketing- SEO','2');
INSERT INTO "GW_Volunteers__Volunteer_Job__c" VALUES(99,'Marketing- Website','Website development','True','Marketing- Website','2');
INSERT INTO "GW_Volunteers__Volunteer_Job__c" VALUES(100,'Marketing- Sales','Sales','True','Marketing- Sales','2');
INSERT INTO "GW_Volunteers__Volunteer_Job__c" VALUES(101,'Marketing- Advertising','Marketing and Branding','True','Marketing- Advertising','2');
INSERT INTO "GW_Volunteers__Volunteer_Job__c" VALUES(102,'Marketing- Events','Project/Program Management','True','Marketing- Events','2');
INSERT INTO "GW_Volunteers__Volunteer_Job__c" VALUES(103,'Administrative- Client','Administration','True','Administrative- Client','2');
INSERT INTO "GW_Volunteers__Volunteer_Job__c" VALUES(104,'Administrative- Volunteer','Administration','True','Administrative- Volunteer','2');
INSERT INTO "GW_Volunteers__Volunteer_Job__c" VALUES(105,'Administrative- Trainer','Administration','True','Administrative- Trainer','2');
INSERT INTO "GW_Volunteers__Volunteer_Job__c" VALUES(106,'Administrative- General','Administration','True','Administrative- General','2');
INSERT INTO "GW_Volunteers__Volunteer_Job__c" VALUES(107,'Administrative- Technology','Administration','True','Administrative- Technology','2');
INSERT INTO "GW_Volunteers__Volunteer_Job__c" VALUES(108,'Outreach- Clients','Outreach/Networking','True','Outreach- Clients','2');
INSERT INTO "GW_Volunteers__Volunteer_Job__c" VALUES(109,'Outreach- Disability Orgs','Outreach/Networking','True','Outreach- Disability Orgs','2');
INSERT INTO "GW_Volunteers__Volunteer_Job__c" VALUES(110,'Outreach- Dogs','Outreach/Networking','True','Outreach- Dogs','2');
INSERT INTO "GW_Volunteers__Volunteer_Job__c" VALUES(111,'Outreach- Veterinarians','Outreach/Networking','True','Outreach- Veterinarians','2');
INSERT INTO "GW_Volunteers__Volunteer_Job__c" VALUES(112,'Outreach- Medical Providers','Outreach/Networking','True','Outreach- Medical Providers','2');
INSERT INTO "GW_Volunteers__Volunteer_Job__c" VALUES(113,'Outreach- Diversity','Outreach/Networking','True','Outreach- Diversity','2');
INSERT INTO "GW_Volunteers__Volunteer_Job__c" VALUES(114,'Academy decscription','Marketing and Branding','True','Academy','2');
INSERT INTO "GW_Volunteers__Volunteer_Job__c" VALUES(115,'ADI Accreditation decscription','Writing/Communications','True','ADI Accreditation','2');
INSERT INTO "GW_Volunteers__Volunteer_Job__c" VALUES(116,'Branding and Marketing decscription','Marketing and Branding','True','Branding and Marketing','2');
INSERT INTO "GW_Volunteers__Volunteer_Job__c" VALUES(117,'Client Certification decscription','Writing/Communications','True','Client Certification','2');
INSERT INTO "GW_Volunteers__Volunteer_Job__c" VALUES(118,'Client Operations','Administration','True','Client Operations','2');
INSERT INTO "GW_Volunteers__Volunteer_Job__c" VALUES(119,'Community Outreach and Education','Outreach/Networking','True','Community Outreach and Education','2');
INSERT INTO "GW_Volunteers__Volunteer_Job__c" VALUES(120,'Dog Availability','Administration','True','Dog Availability','2');
INSERT INTO "GW_Volunteers__Volunteer_Job__c" VALUES(121,'Financial Operations','Financial/Bookkeeping','True','Financial Operations','2');
INSERT INTO "GW_Volunteers__Volunteer_Job__c" VALUES(122,'Fund Development','Fundraising/Grants','True','Fund Development','2');
INSERT INTO "GW_Volunteers__Volunteer_Job__c" VALUES(123,'Governance and Compliance and Operations','Legal','True','Governance and Compliance and Operations','2');
INSERT INTO "GW_Volunteers__Volunteer_Job__c" VALUES(124,'Operations Master Docs','Writing/Communications','True','Operations Master Docs','2');
INSERT INTO "GW_Volunteers__Volunteer_Job__c" VALUES(125,'Outreach- Clients','Outreach/Networking','True','Outreach- Clients','2');
INSERT INTO "GW_Volunteers__Volunteer_Job__c" VALUES(126,'Outreach- Disability Orgs','Outreach/Networking','True','Outreach- Disability Orgs','2');
INSERT INTO "GW_Volunteers__Volunteer_Job__c" VALUES(127,'Outreach- Dogs','Outreach/Networking','True','Outreach- Dogs','2');
INSERT INTO "GW_Volunteers__Volunteer_Job__c" VALUES(128,'Outreach- Veterinarians','Outreach/Networking','True','Outreach- Veterinarians','2');
INSERT INTO "GW_Volunteers__Volunteer_Job__c" VALUES(129,'Outreach- Medical Providers','Outreach/Networking','True','Outreach- Medical Providers','2');
INSERT INTO "GW_Volunteers__Volunteer_Job__c" VALUES(130,'Outreach- Diversity','Outreach/Networking','True','Outreach- Diversity','2');
INSERT INTO "GW_Volunteers__Volunteer_Job__c" VALUES(131,'Academy decscription','Marketing and Branding','True','Academy','2');
INSERT INTO "GW_Volunteers__Volunteer_Job__c" VALUES(132,'ADI Accreditation decscription','Writing/Communications','True','ADI Accreditation','2');
INSERT INTO "GW_Volunteers__Volunteer_Job__c" VALUES(133,'Branding and Marketing decscription','Marketing and Branding','True','Branding and Marketing','2');
INSERT INTO "GW_Volunteers__Volunteer_Job__c" VALUES(134,'Client Certification decscription','Writing/Communications','True','Client Certification','2');
INSERT INTO "GW_Volunteers__Volunteer_Job__c" VALUES(135,'Client Operations','Administration','True','Client Operations','2');
INSERT INTO "GW_Volunteers__Volunteer_Job__c" VALUES(136,'Community Outreach and Education','Outreach/Networking','True','Community Outreach and Education','2');
INSERT INTO "GW_Volunteers__Volunteer_Job__c" VALUES(137,'Dog Availability','Administration','True','Dog Availability','2');
INSERT INTO "GW_Volunteers__Volunteer_Job__c" VALUES(138,'Financial Operations','Financial/Bookkeeping','True','Financial Operations','2');
INSERT INTO "GW_Volunteers__Volunteer_Job__c" VALUES(139,'Fund Development','Fundraising/Grants','True','Fund Development','2');
INSERT INTO "GW_Volunteers__Volunteer_Job__c" VALUES(140,'Governance and Compliance and Operations','Legal','True','Governance and Compliance and Operations','2');
INSERT INTO "GW_Volunteers__Volunteer_Job__c" VALUES(141,'Operations Master Docs','Writing/Communications','True','Operations Master Docs','2');
INSERT INTO "GW_Volunteers__Volunteer_Job__c" VALUES(142,'Research and Development','Dog Training/Behavior/Veterinary','True','Research and Development','2');
INSERT INTO "GW_Volunteers__Volunteer_Job__c" VALUES(143,'Scholarships','Fundraising/Grants','True','Scholarships','2');
INSERT INTO "GW_Volunteers__Volunteer_Job__c" VALUES(144,'State Registration','Legal','True','State Registration','2');
INSERT INTO "GW_Volunteers__Volunteer_Job__c" VALUES(145,'Team Facilitator Certification','Administration','True','Team Facilitator Certification','2');
INSERT INTO "GW_Volunteers__Volunteer_Job__c" VALUES(146,'Team Facilitator Operations','Administration','True','Team Facilitator Operations','2');
INSERT INTO "GW_Volunteers__Volunteer_Job__c" VALUES(147,'Technology Infrastructure','Technology/Infrastructure','True','Technology Infrastructure','2');
INSERT INTO "GW_Volunteers__Volunteer_Job__c" VALUES(148,'Trainer Certification','Dog Training/Behavior/Veterinary','True','Trainer Certification','2');
INSERT INTO "GW_Volunteers__Volunteer_Job__c" VALUES(149,'Volunteer and Staff Operations','Administration','True','Volunteer and Staff Operations','2');
INSERT INTO "GW_Volunteers__Volunteer_Job__c" VALUES(150,'Volunteer Recruitment and Retention','Outreach/Networking','True','Volunteer Recruitment and Retention','2');
INSERT INTO "GW_Volunteers__Volunteer_Job__c" VALUES(151,'Academy-Content Creator','Education/Course Development','True','Academy-Content Creator','2');
INSERT INTO "GW_Volunteers__Volunteer_Job__c" VALUES(152,'Academy-Content Editor','Education/Course Development','True','Academy-Content Editor','2');
INSERT INTO "GW_Volunteers__Volunteer_Job__c" VALUES(153,'Marketing- Graphic Design','Graphic Design','True','Marketing- Graphic Design','2');
INSERT INTO "GW_Volunteers__Volunteer_Job__c" VALUES(154,'Marketing- Video','Photography/Videography','True','Marketing- Video','2');
INSERT INTO "GW_Volunteers__Volunteer_Job__c" VALUES(155,'Marketing- Photo','Photography/Videography','True','Marketing- Photo','2');
INSERT INTO "GW_Volunteers__Volunteer_Job__c" VALUES(156,'Marketing- Writing','Writing/Communications','True','Marketing- Writing','2');
INSERT INTO "GW_Volunteers__Volunteer_Job__c" VALUES(157,'Marketing- Leadership','Marketing and Branding','True','Marketing- Leadership','2');
INSERT INTO "GW_Volunteers__Volunteer_Job__c" VALUES(158,'Research and Development','Dog Training/Behavior/Veterinary','True','Research and Development','2');
INSERT INTO "GW_Volunteers__Volunteer_Job__c" VALUES(159,'Scholarships','Fundraising/Grants','True','Scholarships','2');
INSERT INTO "GW_Volunteers__Volunteer_Job__c" VALUES(160,'State Registration','Legal','True','State Registration','2');
INSERT INTO "GW_Volunteers__Volunteer_Job__c" VALUES(161,'Team Facilitator Certification','Administration','True','Team Facilitator Certification','2');
INSERT INTO "GW_Volunteers__Volunteer_Job__c" VALUES(162,'Team Facilitator Operations','Administration','True','Team Facilitator Operations','2');
INSERT INTO "GW_Volunteers__Volunteer_Job__c" VALUES(163,'Technology Infrastructure','Technology/Infrastructure','True','Technology Infrastructure','2');
INSERT INTO "GW_Volunteers__Volunteer_Job__c" VALUES(164,'Trainer Certification','Dog Training/Behavior/Veterinary','True','Trainer Certification','2');
INSERT INTO "GW_Volunteers__Volunteer_Job__c" VALUES(165,'Volunteer and Staff Operations','Administration','True','Volunteer and Staff Operations','2');
INSERT INTO "GW_Volunteers__Volunteer_Job__c" VALUES(166,'Volunteer Recruitment and Retention','Outreach/Networking','True','Volunteer Recruitment and Retention','2');
INSERT INTO "GW_Volunteers__Volunteer_Job__c" VALUES(167,'Academy-Content Creator','Education/Course Development','True','Academy-Content Creator','2');
INSERT INTO "GW_Volunteers__Volunteer_Job__c" VALUES(168,'Academy-Content Editor','Education/Course Development','True','Academy-Content Editor','2');
INSERT INTO "GW_Volunteers__Volunteer_Job__c" VALUES(169,'Marketing- Graphic Design','Graphic Design','True','Marketing- Graphic Design','2');
INSERT INTO "GW_Volunteers__Volunteer_Job__c" VALUES(170,'Marketing- Video','Photography/Videography','True','Marketing- Video','2');
INSERT INTO "GW_Volunteers__Volunteer_Job__c" VALUES(171,'Marketing- Photo','Photography/Videography','True','Marketing- Photo','2');
INSERT INTO "GW_Volunteers__Volunteer_Job__c" VALUES(172,'Marketing- Writing','Writing/Communications','True','Marketing- Writing','2');
INSERT INTO "GW_Volunteers__Volunteer_Job__c" VALUES(173,'Marketing- Leadership','Marketing and Branding','True','Marketing- Leadership','2');
INSERT INTO "GW_Volunteers__Volunteer_Job__c" VALUES(174,'Marketing- SEO','SEO','True','Marketing- SEO','2');
INSERT INTO "GW_Volunteers__Volunteer_Job__c" VALUES(175,'Marketing- Website','Website development','True','Marketing- Website','2');
INSERT INTO "GW_Volunteers__Volunteer_Job__c" VALUES(176,'Marketing- Sales','Sales','True','Marketing- Sales','2');
INSERT INTO "GW_Volunteers__Volunteer_Job__c" VALUES(177,'Marketing- Advertising','Marketing and Branding','True','Marketing- Advertising','2');
INSERT INTO "GW_Volunteers__Volunteer_Job__c" VALUES(178,'Marketing- Events','Project/Program Management','True','Marketing- Events','2');
INSERT INTO "GW_Volunteers__Volunteer_Job__c" VALUES(179,'Administrative- Client','Administration','True','Administrative- Client','2');
INSERT INTO "GW_Volunteers__Volunteer_Job__c" VALUES(180,'Administrative- Volunteer','Administration','True','Administrative- Volunteer','2');
INSERT INTO "GW_Volunteers__Volunteer_Job__c" VALUES(181,'Administrative- Trainer','Administration','True','Administrative- Trainer','2');
INSERT INTO "GW_Volunteers__Volunteer_Job__c" VALUES(182,'Administrative- General','Administration','True','Administrative- General','2');
INSERT INTO "GW_Volunteers__Volunteer_Job__c" VALUES(183,'Administrative- Technology','Administration','True','Administrative- Technology','2');
INSERT INTO "GW_Volunteers__Volunteer_Job__c" VALUES(184,'Client Certification decscription','Writing/Communications','True','Client Certification','1');
INSERT INTO "GW_Volunteers__Volunteer_Job__c" VALUES(185,'Client Operations','Administration','True','Client Operations','1');
INSERT INTO "GW_Volunteers__Volunteer_Job__c" VALUES(186,'Community Outreach and Education','Outreach/Networking','True','Community Outreach and Education','1');
INSERT INTO "GW_Volunteers__Volunteer_Job__c" VALUES(187,'Dog Availability','Administration','True','Dog Availability','1');
INSERT INTO "GW_Volunteers__Volunteer_Job__c" VALUES(188,'Financial Operations','Financial/Bookkeeping','True','Financial Operations','1');
INSERT INTO "GW_Volunteers__Volunteer_Job__c" VALUES(189,'Fund Development','Fundraising/Grants','True','Fund Development','1');
INSERT INTO "GW_Volunteers__Volunteer_Job__c" VALUES(190,'Governance and Compliance and Operations','Legal','True','Governance and Compliance and Operations','1');
INSERT INTO "GW_Volunteers__Volunteer_Job__c" VALUES(191,'Operations Master Docs','Writing/Communications','True','Operations Master Docs','1');
INSERT INTO "GW_Volunteers__Volunteer_Job__c" VALUES(192,'Research and Development','Dog Training/Behavior/Veterinary','True','Research and Development','1');
INSERT INTO "GW_Volunteers__Volunteer_Job__c" VALUES(193,'Scholarships','Fundraising/Grants','True','Scholarships','1');
INSERT INTO "GW_Volunteers__Volunteer_Job__c" VALUES(194,'State Registration','Legal','True','State Registration','1');
INSERT INTO "GW_Volunteers__Volunteer_Job__c" VALUES(195,'Team Facilitator Certification','Administration','True','Team Facilitator Certification','1');
INSERT INTO "GW_Volunteers__Volunteer_Job__c" VALUES(196,'Team Facilitator Operations','Administration','True','Team Facilitator Operations','1');
INSERT INTO "GW_Volunteers__Volunteer_Job__c" VALUES(197,'Technology Infrastructure','Technology/Infrastructure','True','Technology Infrastructure','1');
INSERT INTO "GW_Volunteers__Volunteer_Job__c" VALUES(198,'Trainer Certification','Dog Training/Behavior/Veterinary','True','Trainer Certification','1');
INSERT INTO "GW_Volunteers__Volunteer_Job__c" VALUES(199,'Volunteer and Staff Operations','Administration','True','Volunteer and Staff Operations','1');
INSERT INTO "GW_Volunteers__Volunteer_Job__c" VALUES(200,'Volunteer Recruitment and Retention','Outreach/Networking','True','Volunteer Recruitment and Retention','1');
INSERT INTO "GW_Volunteers__Volunteer_Job__c" VALUES(201,'Academy-Content Creator','Education/Course Development','True','Academy-Content Creator','1');
INSERT INTO "GW_Volunteers__Volunteer_Job__c" VALUES(202,'Marketing- SEO','SEO','True','Marketing- SEO','2');
INSERT INTO "GW_Volunteers__Volunteer_Job__c" VALUES(203,'Academy-Content Editor','Education/Course Development','True','Academy-Content Editor','1');
INSERT INTO "GW_Volunteers__Volunteer_Job__c" VALUES(204,'Marketing- Graphic Design','Graphic Design','True','Marketing- Graphic Design','1');
INSERT INTO "GW_Volunteers__Volunteer_Job__c" VALUES(205,'Marketing- Video','Photography/Videography','True','Marketing- Video','1');
INSERT INTO "GW_Volunteers__Volunteer_Job__c" VALUES(206,'Marketing- Photo','Photography/Videography','True','Marketing- Photo','1');
INSERT INTO "GW_Volunteers__Volunteer_Job__c" VALUES(207,'Marketing- Writing','Writing/Communications','True','Marketing- Writing','1');
INSERT INTO "GW_Volunteers__Volunteer_Job__c" VALUES(208,'Marketing- Leadership','Marketing and Branding','True','Marketing- Leadership','1');
INSERT INTO "GW_Volunteers__Volunteer_Job__c" VALUES(209,'Marketing- SEO','SEO','True','Marketing- SEO','1');
INSERT INTO "GW_Volunteers__Volunteer_Job__c" VALUES(210,'Marketing- Website','Website development','True','Marketing- Website','1');
INSERT INTO "GW_Volunteers__Volunteer_Job__c" VALUES(211,'Marketing- Sales','Sales','True','Marketing- Sales','1');
INSERT INTO "GW_Volunteers__Volunteer_Job__c" VALUES(212,'Marketing- Advertising','Marketing and Branding','True','Marketing- Advertising','1');
INSERT INTO "GW_Volunteers__Volunteer_Job__c" VALUES(213,'Academy decscription','Marketing and Branding','True','Academy','1');
INSERT INTO "GW_Volunteers__Volunteer_Job__c" VALUES(214,'ADI Accreditation decscription','Writing/Communications','True','ADI Accreditation','1');
INSERT INTO "GW_Volunteers__Volunteer_Job__c" VALUES(215,'Branding and Marketing decscription','Marketing and Branding','True','Branding and Marketing','1');
CREATE TABLE "Lead" (
	id INTEGER NOT NULL, 
	"City" VARCHAR(255), 
	"Company" VARCHAR(255), 
	"Country" VARCHAR(255), 
	"Email" VARCHAR(255), 
	"FirstName" VARCHAR(255), 
	"GW_Volunteers__Volunteer_Availability__c" VARCHAR(255), 
	"GW_Volunteers__Volunteer_Notes__c" VARCHAR(255), 
	"GW_Volunteers__Volunteer_Skills__c" VARCHAR(255), 
	"GW_Volunteers__Volunteer_Status__c" VARCHAR(255), 
	"IsConverted" VARCHAR(255), 
	"IsUnreadByOwner" VARCHAR(255), 
	"LastName" VARCHAR(255), 
	"LeadInterest__c" VARCHAR(255), 
	"LeadSource" VARCHAR(255), 
	"LeadSourceOther__c" VARCHAR(255), 
	"MobilePhone" VARCHAR(255), 
	"Phone" VARCHAR(255), 
	"PostalCode" VARCHAR(255), 
	"PronounOther__c" VARCHAR(255), 
	"Pronoun__c" VARCHAR(255), 
	"State" VARCHAR(255), 
	"Status" VARCHAR(255), 
	"Street" VARCHAR(255), 
	"npe01__Preferred_Email__c" VARCHAR(255), 
	"npe01__Preferred_Phone__c" VARCHAR(255), 
	"npsp__CompanyCity__c" VARCHAR(255), 
	"npsp__CompanyCountry__c" VARCHAR(255), 
	"npsp__CompanyPostalCode__c" VARCHAR(255), 
	"npsp__CompanyState__c" VARCHAR(255), 
	"npsp__CompanyStreet__c" VARCHAR(255), 
	"npsp__Batch__c" VARCHAR(255), 
	PRIMARY KEY (id)
);
INSERT INTO "Lead" VALUES(1,'Murraytown','N/A','El Salvador','howard96@example.net','Joy','','','','','False','True','Hubbard','Trainer Certification','Search Engine','','(039)406-6234','+1-827-877-5292x44216','96732','Us.','She/Her','Oregon','Working - Contacted','9190 Hammond Avenue Suite 114','Personal','Other','','','','','','');
INSERT INTO "Lead" VALUES(2,'Port Zoe','N/A','Puerto Rico','mandyrobertson@example.com','Earl','','','','','False','True','Shannon','General info/Other','Other','','753.807.4144','120-316-4616','41537','Such.','They/Them','Illinois','Working - Contacted','785 May Alley Apt. 168','Personal','Home','','','','','','');
INSERT INTO "Lead" VALUES(3,'Lake Seth','N/A','Bosnia and Herzegovina','meghanalvarado@example.net','Randy','','','','','False','True','Holland','Assistance Dogs Set in Motion Program','Search Engine','','481-276-1339x770','(622)672-9804','19087','Woman.','She/Her','Minnesota','Working - Contacted','6902 Sandy Junctions','Personal','Work','','','','','','');
INSERT INTO "Lead" VALUES(4,'Mendozaberg','N/A','Somalia','doughertybetty@example.net','Linda','','','','','False','True','Mccann','Trainer Certification','Instagram','','3084091653','001-334-867-0188x1810','57532','Customer.','He/Him','Vermont','Working - Contacted','939 Whitehead Glens','Alternate','Home','','','','','','');
INSERT INTO "Lead" VALUES(5,'East Sergio','N/A','Isle of Man','peckchristina@example.com','Carol','','','','','False','True','Patton','Team Facilitator Certification','Search Engine','','+1-635-660-3124x0178','1858091381','50475','Design.','They/Them','Michigan','Open - Not Contacted','59882 Kellie Court Suite 453','Work','Mobile','','','','','','');
CREATE TABLE "Log__c" (
	id INTEGER NOT NULL, 
	"ClientHours__c" VARCHAR(255), 
	"ClientStress__c" VARCHAR(255), 
	"Date__c" VARCHAR(255), 
	"Details__c" VARCHAR(255), 
	"Handler__c" VARCHAR(255), 
	"OtherHours__c" VARCHAR(255), 
	"PublicAccessHours__c" VARCHAR(255), 
	"RecordTypeId" VARCHAR(255), 
	"RequestSupportFromAtlas__c" VARCHAR(255), 
	"RequestSupportFromTeam__c" VARCHAR(255), 
	"Satisfaction__c" VARCHAR(255), 
	"SessionType__c" VARCHAR(255), 
	"Stress__c" VARCHAR(255), 
	"SupportDetails__c" VARCHAR(255), 
	"Client__c" VARCHAR(255), 
	"Dog__c" VARCHAR(255), 
	"Facilitator__c" VARCHAR(255), 
	"Submitter__c" VARCHAR(255), 
	PRIMARY KEY (id)
);
INSERT INTO "Log__c" VALUES(1,'92.0','Very much','2022-03-23','Beautiful finish history property outside job share song. Strong large whose thus style ground leader. Option individual result its address executive western.','Brad','96.0','73.0','0127e000001EaTRAA0','True','False','Rather much enjoyment','In Person','Rather much','Detail more enough your clearly. Road wait office fine share customer put. Seven their quite camera garden once.','23','6','23','121');
INSERT INTO "Log__c" VALUES(2,'33.0','Only a little','2022-03-04','Kitchen among say. Top realize up day ago.','Rick','31.0','74.0','0127e000001EaTRAA0','False','True','A little enjoyment','Virtual','Only a little','Billion election that brother central attention break. Door government fact movie. Institution four someone difference say moment.','30','6','34','115');
INSERT INTO "Log__c" VALUES(3,'63.0','Only a little','2022-04-04','Blood vote operation project. National establish four leader face others.','Derrick','25.0','83.0','0127e000001EaTQAA0','False','False','Rather much enjoyment','Virtual','To some extent','Standard until course like total guy sister explain. Leader prove figure add. Operation small performance teach.','35','6','110','27');
INSERT INTO "Log__c" VALUES(4,'79.0','To some extent','2020-02-22','Resource both language away term six. Create about race war anyone. Apply significant hold fill show.','Mason','22.0','40.0','0127e000001EaTRAA0','False','False','Extreme amount of enjoyment','Virtual','Very much','Exist try when recently amount president buy window. Last newspaper you whether culture become. Start open little score attention trouble road.','33','6','28','123');
INSERT INTO "Log__c" VALUES(5,'69.0','Very much','2018-02-09','These point edge whom analysis newspaper. Change population road talk successful.','Travis','78.0','11.0','0127e000001EaTRAA0','True','False','Extreme amount of enjoyment','In Person','Not at all','Increase never stop certainly cell. Control between for heart. Author film dinner always safe. Face your may skin total first worry able.','117','6','26','24');
INSERT INTO "Log__c" VALUES(6,'15.0','Rather much','2018-12-04','Practice imagine yard condition evidence tree leader yeah. Region yet issue state western citizen former. If that police.','Shelby','40.0','8.0','0127e000001EaTQAA0','False','False','Extreme amount of enjoyment','Virtual','Very much','Worry century later particular whether lay perform food. Example support ready officer available.','117','6','115','114');
INSERT INTO "Log__c" VALUES(7,'92.0','Rather much','2016-11-20','Car enjoy check. Also change street record chair especially sign.','Cassidy','31.0','13.0','0127e000001EaTRAA0','False','False','Extreme amount of enjoyment','In Person','Very much','Citizen administration more material reveal always. We decision development challenge team. Set Congress size.','113','6','24','120');
INSERT INTO "Log__c" VALUES(8,'93.0','To some extent','2019-01-29','Action country group care newspaper deep. Report each should glass million. Respond support culture late view.','Vickie','26.0','54.0','0127e000001EaTRAA0','False','False','Rather much enjoyment','Virtual','Not at all','Necessary song brother once.','114','6','115','122');
INSERT INTO "Log__c" VALUES(9,'80.0','Only a little','2016-09-24','Pick bed who which much.','Travis','22.0','73.0','0127e000001EaTQAA0','False','True','A little enjoyment','Virtual','Only a little','We article likely road hospital general represent close. Arrive local property city not many. Theory people hair want return plant.','121','6','23','119');
INSERT INTO "Log__c" VALUES(10,'88.0','To some extent','2018-04-12','Describe could so her know southern enough. Position year moment light shoulder year. More step including sing decision from.','Hayley','81.0','23.0','0127e000001EaTRAA0','False','True','Some enjoyment','Virtual','Not at all','Military thank edge democratic. Wrong expect life. Need apply through four herself instead.','122','6','30','111');
INSERT INTO "Log__c" VALUES(11,'99.0','To some extent','2020-12-09','Social lot why blood clear. Section reveal ready cold. Level other character only fall senior.','Eduardo','39.0','45.0','0127e000001EaTRAA0','True','False','Rather much enjoyment','Virtual','Rather much','Pretty author wait generation clearly cell west. Eight another surface measure leg.','119','6','111','117');
INSERT INTO "Log__c" VALUES(12,'28.0','Not at all','2022-12-03','Another us where message still open so analysis. If dog news inside three. Your lot up nothing central.','Lisa','63.0','3.0','0127e000001EaTQAA0','True','True','Some enjoyment','In Person','Not at all','Defense most contain win now else standard. Baby series machine forward pull large type. Among world wide.','120','6','112','33');
INSERT INTO "Log__c" VALUES(13,'41.0','To some extent','2016-11-07','Account these thought. Budget friend age stuff line everyone.','Alex','19.0','6.0','0127e000001EaTQAA0','False','False','Rather much enjoyment','Virtual','Only a little','Fish involve establish. Price subject where industry fund political western.','7','2','108','4');
INSERT INTO "Log__c" VALUES(14,'49.0','Very much','2020-01-25','Per than Republican can specific. Yes product PM American see. Top source them billion.','Kristi','3.0','71.0','0127e000001EaTQAA0','True','True','Some enjoyment','In Person','To some extent','Interview four so. Ahead role coach.','7','2','14','8');
INSERT INTO "Log__c" VALUES(15,'84.0','Only a little','2018-07-10','Stuff kid perhaps series brother pull strategy watch. Avoid population game open meeting father none. List sure past federal PM experience.','Wendy','73.0','75.0','0127e000001EaTRAA0','True','False','Rather much enjoyment','In Person','Very much','Memory serve day shake. Body serve continue. Occur would PM ten east car field.','7','2','3','81');
INSERT INTO "Log__c" VALUES(16,'0.0','Very much','2016-10-27','Lead improve all. Around series individual population compare argue young kid. Which over everybody rise.','Jean','75.0','24.0','0127e000001EaTQAA0','False','True','Some enjoyment','Virtual','Not at all','Energy people thank act art. Bad sister grow shoulder. Near nice forget style.','7','2','9','78');
INSERT INTO "Log__c" VALUES(17,'88.0','Rather much','2016-05-17','Indicate authority general fund either imagine morning. Nice wife TV run movement. Wind magazine value family.','Shane','22.0','10.0','0127e000001EaTRAA0','True','False','A little enjoyment','Virtual','Rather much','Rate save close TV international role beyond address. Consider simply fact price ever. Three them very which matter.','6','2','80','4');
INSERT INTO "Log__c" VALUES(18,'98.0','Very much','2017-04-06','Last our get far. Economy necessary one. Gas hope growth throw husband. Pretty pressure human night.','Beth','98.0','9.0','0127e000001EaTRAA0','True','False','A little enjoyment','Virtual','Rather much','Event military five through professional learn maybe. Address recently interview follow daughter maintain parent hard. Suffer sea improve perform less important.','6','2','108','10');
INSERT INTO "Log__c" VALUES(19,'71.0','Very much','2015-03-10','Large method any consider mention play. Crime it company artist really quickly interest.','Steven','76.0','95.0','0127e000001EaTQAA0','True','False','No enjoyment','In Person','Very much','Color church man opportunity call where sell. Instead small result whether guess forget.','8','2','5','4');
INSERT INTO "Log__c" VALUES(20,'50.0','To some extent','2021-09-10','Almost position wind. Attorney Congress free newspaper. Check region level story.','Leroy','32.0','63.0','0127e000001EaTQAA0','True','False','No enjoyment','Virtual','Only a little','Piece call north behind both next worry fact. Tend test company out soon product. Include newspaper past find.','8','2','2','14');
INSERT INTO "Log__c" VALUES(21,'69.0','Not at all','2017-09-29','Only foreign minute without herself. Return move outside view. Once result during suddenly politics three.','Robert','31.0','0.0','0127e000001EaTRAA0','True','False','No enjoyment','Virtual','Not at all','Treat election before drop security. Particularly second guy per offer game executive.','9','2','7','4');
INSERT INTO "Log__c" VALUES(22,'49.0','Rather much','2018-04-02','Near position such officer.','Joanna','77.0','25.0','0127e000001EaTRAA0','True','False','A little enjoyment','In Person','Not at all','However well knowledge ability space.','9','2','108','7');
INSERT INTO "Log__c" VALUES(23,'40.0','To some extent','2016-11-26','Hope blue positive whose phone left rather. Hold start total factor effort usually born.','Jose','67.0','64.0','0127e000001EaTRAA0','True','False','No enjoyment','Virtual','To some extent','Want letter recent. Than surface create.','9','2','106','8');
INSERT INTO "Log__c" VALUES(24,'10.0','Rather much','2016-01-18','Chance single suddenly put design. Become discuss American remember account. Identify quality final less increase low usually.','Carly','3.0','26.0','0127e000001EaTRAA0','True','True','Rather much enjoyment','Virtual','Not at all','Write mother none run describe everybody behavior. White physical large answer become list bank. Land low stock finally recent beyond.','80','2','6','8');
INSERT INTO "Log__c" VALUES(25,'41.0','Not at all','2015-02-26','Staff field choice need. Stuff already policy score firm expect from. Station piece offer down situation reduce somebody.','Judith','79.0','2.0','0127e000001EaTQAA0','True','True','A little enjoyment','Virtual','Very much','Star move head program. Occur air choose be fine identify. Up performance human Congress kitchen whether no.','14','2','78','78');
INSERT INTO "Log__c" VALUES(26,'88.0','Rather much','2020-02-06','Attention southern look must paper. Ahead answer adult leg back thousand city. Certainly return before baby.','Faith','26.0','50.0','0127e000001EaTQAA0','True','False','A little enjoyment','Virtual','Not at all','Many there begin win sometimes interesting challenge eight. Policy large write age ready tree service.','13','2','11','14');
INSERT INTO "Log__c" VALUES(27,'98.0','To some extent','2022-10-13','It data book series charge second. List simply fine family drop expect. Out chance day consumer drug. Discuss Democrat bed trouble.','Lance','16.0','77.0','0127e000001EaTQAA0','False','False','Extreme amount of enjoyment','In Person','Not at all','Office campaign thought every bank safe house. Drop station game many nice reality reflect.','18','3','44','17');
INSERT INTO "Log__c" VALUES(28,'30.0','Only a little','2018-10-04','Despite could would sense bar site huge. Any would before join discuss including one.','Sandy','8.0','94.0','0127e000001EaTRAA0','False','False','Extreme amount of enjoyment','Virtual','Very much','Or plan start large consider wide each. Radio physical minute image mouth.','16','3','20','48');
INSERT INTO "Log__c" VALUES(29,'22.0','Very much','2018-01-11','Executive last particularly term population experience. Table then push wonder.','Janet','72.0','84.0','0127e000001EaTRAA0','True','False','Some enjoyment','In Person','Very much','Tv term ask tough health. Dark pick card fire skin.','21','3','39','21');
INSERT INTO "Log__c" VALUES(30,'55.0','Only a little','2016-09-01','Man important yourself animal local. Do result entire crime hour pick.','Dennis','35.0','65.0','0127e000001EaTQAA0','False','False','No enjoyment','Virtual','Only a little','Party require offer important anyone one part past.','21','3','36','36');
INSERT INTO "Log__c" VALUES(31,'3.0','To some extent','2016-07-26','Air because hospital bill wrong author. Top listen community material little some send itself. Money drop single report.','Jocelyn','7.0','62.0','0127e000001EaTRAA0','False','False','Some enjoyment','In Person','Rather much','Seem space could check police attention arrive. Upon thus hit drive. Pass Republican fight father.','21','3','46','19');
INSERT INTO "Log__c" VALUES(32,'98.0','Not at all','2015-09-28','Another newspaper carry understand wait way. Situation hear allow never. Thought community guess management yourself.','Jimmy','65.0','38.0','0127e000001EaTRAA0','False','True','Extreme amount of enjoyment','In Person','Rather much','Himself important few others expert.','21','3','45','38');
INSERT INTO "Log__c" VALUES(33,'37.0','Only a little','2017-04-22','Film begin trade help democratic. Poor baby important take meet because drop manage.','Jasmin','86.0','24.0','0127e000001EaTQAA0','True','True','No enjoyment','Virtual','To some extent','Risk write former operation increase institution sing. Consumer so central hotel floor yard.','22','3','41','19');
INSERT INTO "Log__c" VALUES(34,'64.0','Rather much','2017-06-01','Let week however six pull ever education. Recognize few that true. Car season sometimes allow.','Victoria','48.0','24.0','0127e000001EaTQAA0','False','False','A little enjoyment','In Person','Only a little','Meet network fall provide federal long.','81','2','1','7');
INSERT INTO "Log__c" VALUES(35,'30.0','Not at all','2020-01-24','Radio step impact determine public. And past vote sister as protect thing. Brother get half nearly same practice design.','Peter','33.0','43.0','0127e000001EaTRAA0','False','True','Rather much enjoyment','In Person','Rather much','Later admit ago arm eye will. Under throw success leave particular. Foot care enter recently government ready.','19','3','43','36');
INSERT INTO "Log__c" VALUES(36,'8.0','Rather much','2018-11-21','Together point suffer my carry.','Tami','31.0','9.0','0127e000001EaTRAA0','True','False','A little enjoyment','Virtual','Only a little','Should memory offer hospital. Notice against society plant between hard hour.','20','3','22','39');
INSERT INTO "Log__c" VALUES(37,'94.0','Rather much','2015-02-12','Really imagine president foreign reality grow defense. Everybody suffer color simple very. Officer public skill worry minute series. Half never today response save energy.','Zoe','96.0','62.0','0127e000001EaTRAA0','False','False','Rather much enjoyment','In Person','Very much','Film western leader such car rich. Similar performance beat allow thing dinner.','20','3','16','49');
INSERT INTO "Log__c" VALUES(38,'84.0','To some extent','2018-10-29','Mean environmental five sure within remain like. Wrong girl small strategy step. Live act left too read daughter feel teacher.','Melissa','32.0','50.0','0127e000001EaTRAA0','False','False','Some enjoyment','In Person','Rather much','Deal any professional easy.','38','3','47','15');
INSERT INTO "Log__c" VALUES(39,'89.0','Only a little','2019-09-06','Really test from see again reason side study. Lay while surface small trial store agree. Education board similar piece produce employee. Option available very growth respond build.','Mandy','82.0','69.0','0127e000001EaTQAA0','False','False','Rather much enjoyment','Virtual','Rather much','Threat be food resource involve discover. Represent add knowledge same million better response. Poor election game soldier standard determine. Many mean food middle.','38','3','49','44');
INSERT INTO "Log__c" VALUES(40,'7.0','Only a little','2022-02-11','Technology specific catch pressure. Option talk bar range bring hour day. Month mind form indeed particular.','Levi','71.0','27.0','0127e000001EaTQAA0','False','True','A little enjoyment','Virtual','Rather much','Yourself degree type well range hundred certain mention. Heavy prove hot about difference rich participant. Form poor under resource important.','41','3','49','41');
INSERT INTO "Log__c" VALUES(41,'20.0','Not at all','2016-10-28','Street college early term middle continue nor. Side too ready tough.','Raymond','72.0','99.0','0127e000001EaTRAA0','True','True','No enjoyment','In Person','To some extent','Join least concern radio alone. Wide include discover around company story result. Then window discussion feel TV realize.','41','3','49','46');
INSERT INTO "Log__c" VALUES(42,'88.0','Only a little','2019-03-26','Wind cell service chance deal. Force professor type second represent vote. Trade yet exactly wind sister. Relationship middle like world six way require husband.','Anthony','98.0','71.0','0127e000001EaTRAA0','False','True','Rather much enjoyment','In Person','To some extent','Product look dark remember language situation far vote. Than high agency discover where maybe new fight.','41','3','50','47');
INSERT INTO "Log__c" VALUES(43,'70.0','To some extent','2016-08-26','Industry easy stock individual blood manage. Interest wish culture even for financial. Skill operation standard shake ask short ability.','Beverly','45.0','85.0','0127e000001EaTQAA0','False','True','Rather much enjoyment','In Person','Not at all','Suffer thus camera. Eye camera actually building. Nature war alone imagine help wrong able.','42','3','48','46');
INSERT INTO "Log__c" VALUES(44,'87.0','Only a little','2019-03-25','Interest firm difficult main available feeling national table. Human Mrs light.','Peter','9.0','97.0','0127e000001EaTQAA0','True','False','No enjoyment','In Person','Rather much','Loss yet fact program already low guy nature. Station many a blue worker outside movement.','77','2','79','81');
INSERT INTO "Log__c" VALUES(45,'21.0','Only a little','2017-11-11','Exist out act can. Measure page can.','Roberta','78.0','6.0','0127e000001EaTQAA0','True','False','Extreme amount of enjoyment','In Person','Not at all','Newspaper join evidence catch give month. Know former share far organization near couple woman. President pattern produce system left address growth.','77','2','4','77');
INSERT INTO "Log__c" VALUES(46,'5.0','To some extent','2016-11-27','Question ahead voice. Tend necessary answer article continue. Firm knowledge summer dark lead movement relationship.','Ebony','37.0','30.0','0127e000001EaTQAA0','True','False','A little enjoyment','In Person','Only a little','Style often section during bag there ever. Threat cup president machine police.','87','5','95','105');
INSERT INTO "Log__c" VALUES(47,'46.0','To some extent','2021-08-23','Discussion think always rather. Economy begin story feeling within mouth. Table try public positive action.','Janice','97.0','87.0','0127e000001EaTRAA0','True','False','Some enjoyment','In Person','Not at all','Management how prevent rate exactly crime. Wife summer manage set.','85','5','84','96');
INSERT INTO "Log__c" VALUES(48,'38.0','Very much','2016-08-08','Lawyer type issue may. Light policy beat force true.','Levi','32.0','68.0','0127e000001EaTRAA0','True','False','A little enjoyment','Virtual','Not at all','Avoid including day however. Work base cover discuss choice.','90','5','83','91');
INSERT INTO "Log__c" VALUES(49,'26.0','To some extent','2021-03-13','Southern option statement contain. Water whatever cup claim yes approach. Second Mr feeling enough.','Bailey','36.0','12.0','0127e000001EaTQAA0','False','False','Some enjoyment','Virtual','Very much','Sometimes attorney rock return like stuff. Modern group usually both. Office police high special now not collection note.','90','5','85','89');
INSERT INTO "Log__c" VALUES(50,'6.0','To some extent','2021-05-06','Be language around mission network opportunity. That alone order southern night some fine. Its thousand source sport national traditional year.','Ariel','67.0','22.0','0127e000001EaTRAA0','False','True','Some enjoyment','In Person','Very much','Call people keep this. State strategy heart shoulder moment pick home.','94','5','96','94');
INSERT INTO "Log__c" VALUES(51,'76.0','Very much','2015-09-12','Who window cost ready hundred save place. Right college level development.','Robert','68.0','43.0','0127e000001EaTRAA0','False','True','Some enjoyment','In Person','Not at all','Ready million drug law fast tell nothing. Catch same choice something question effect station.','94','5','102','94');
INSERT INTO "Log__c" VALUES(52,'0.0','To some extent','2021-04-15','Exactly but relate night sell bad. System parent set during require door any pull.','Albert','68.0','93.0','0127e000001EaTRAA0','True','True','Extreme amount of enjoyment','In Person','Very much','Less open deep identify occur ten. Crime part drive of operation. Body care PM himself number.','92','5','93','100');
INSERT INTO "Log__c" VALUES(53,'72.0','Only a little','2017-03-24','Agree significant I few president bring. Wide owner gas seek seem. Place maintain rest continue cover.','Heidi','81.0','15.0','0127e000001EaTQAA0','True','True','Extreme amount of enjoyment','Virtual','To some extent','Health identify former surface watch executive free. All professor magazine resource thought.','93','5','103','90');
INSERT INTO "Log__c" VALUES(54,'48.0','Rather much','2015-10-31','Main someone level situation. Theory whatever main nature type. Election why play.','Bryan','63.0','97.0','0127e000001EaTQAA0','True','True','Extreme amount of enjoyment','In Person','Rather much','There option yes bar page suggest unit. Year help treat leg new son matter.','98','5','95','102');
INSERT INTO "Log__c" VALUES(55,'71.0','Only a little','2015-07-03','Teacher simply soon leg production help. Bed write rule source fight reduce. All perform culture sit.','Devin','86.0','83.0','0127e000001EaTRAA0','False','False','Rather much enjoyment','In Person','Very much','Father teacher scene.','99','5','98','82');
INSERT INTO "Log__c" VALUES(56,'31.0','Only a little','2021-09-10','Range information lot suddenly. Arrive stay reason amount close experience particular possible.','Adam','46.0','10.0','0127e000001EaTQAA0','False','True','A little enjoyment','Virtual','To some extent','Key current design skin. Matter though lead drug.','99','5','89','91');
INSERT INTO "Log__c" VALUES(57,'39.0','Rather much','2015-01-04','Rest week business look choice chance science. Century throw behind view policy result though. Study record try risk.','Howard','58.0','96.0','0127e000001EaTRAA0','False','False','Some enjoyment','Virtual','Very much','Moment staff office successful bad. Air every he. Themselves soldier weight office. First TV protect enter despite.','96','5','99','98');
INSERT INTO "Log__c" VALUES(58,'75.0','Not at all','2019-03-03','Show of PM too pressure voice smile. Board science area Mrs important quality easy. Total quality language really simple pattern. Of him argue knowledge carry.','Keith','10.0','19.0','0127e000001EaTRAA0','True','False','Rather much enjoyment','Virtual','Rather much','Stuff area art card compare. Likely can number radio rest former.','100','5','101','88');
INSERT INTO "Log__c" VALUES(59,'12.0','To some extent','2019-10-28','Newspaper already board become. Wife color doctor bit kind. Already statement college cultural similar.','Brandon','93.0','57.0','0127e000001EaTRAA0','True','True','No enjoyment','Virtual','Rather much','Nice stop prevent style instead. Check end assume evening pass represent.','103','5','89','93');
INSERT INTO "Log__c" VALUES(60,'61.0','Not at all','2016-09-22','Boy Mrs poor skin present idea. Practice another clear job picture onto level. Water behavior state region. Share serious author energy budget.','Kaitlin','9.0','51.0','0127e000001EaTRAA0','False','False','Some enjoyment','In Person','To some extent','Responsibility significant two democratic three. Drive fill today wait part.','105','5','101','93');
INSERT INTO "Log__c" VALUES(61,'14.0','Rather much','2017-01-11','Week only high Republican also relationship. Full music move base surface whether.','Mercedes','15.0','44.0','0127e000001EaTRAA0','False','True','Rather much enjoyment','In Person','Rather much','Customer ever raise food claim. Nor they blue car call modern treat.','44','3','43','45');
INSERT INTO "Log__c" VALUES(62,'26.0','Only a little','2015-11-28','Upon huge do fear. Walk executive out significant address reduce strong likely.','Whitney','33.0','11.0','0127e000001EaTQAA0','False','False','Some enjoyment','In Person','Very much','Example particular remember true doctor son. Scientist both among turn wrong fish away lead.','45','3','48','18');
INSERT INTO "Log__c" VALUES(63,'87.0','To some extent','2019-09-03','Around civil kind.','Mariah','49.0','100.0','0127e000001EaTQAA0','False','True','A little enjoyment','Virtual','Very much','If first simple. Assume growth fly class. Usually politics hold company understand.','45','3','19','46');
INSERT INTO "Log__c" VALUES(64,'64.0','Very much','2021-03-12','More alone shoulder candidate country.','Curtis','39.0','96.0','0127e000001EaTRAA0','False','False','Rather much enjoyment','In Person','Rather much','Media edge century specific meeting effort. Purpose mother yard specific practice.','50','3','45','39');
INSERT INTO "Log__c" VALUES(65,'3.0','Very much','2015-01-21','Age miss thousand reason quality would add. Issue catch debate win campaign. Control without market doctor enough.','Lonnie','3.0','54.0','0127e000001EaTQAA0','False','False','Some enjoyment','In Person','Not at all','Method know line against represent need network. From term simply. Improve two notice task watch environment fish. Risk affect assume official.','51','4','59','71');
INSERT INTO "Log__c" VALUES(66,'12.0','Not at all','2022-04-03','Significant ability late truth movie treat at. President image who religious alone still seek if. Everybody somebody pull medical.','Zachary','12.0','76.0','0127e000001EaTRAA0','False','False','A little enjoyment','Virtual','Only a little','Popular if director century open watch lead film. Room culture all particular stop. Analysis north would successful measure.','52','4','60','70');
INSERT INTO "Log__c" VALUES(67,'81.0','Very much','2021-10-31','Know way style painting support ground none. Material none performance especially.','Ernest','55.0','42.0','0127e000001EaTQAA0','True','True','Extreme amount of enjoyment','Virtual','To some extent','Fine party different point fall. Product carry audience today.','56','4','59','64');
INSERT INTO "Log__c" VALUES(68,'75.0','Only a little','2019-08-19','Simply into remain area easy account. From kitchen structure. Individual buy research show attorney road ground.','Jason','16.0','51.0','0127e000001EaTRAA0','False','False','A little enjoyment','In Person','Only a little','Impact lot church career require. Recent never give surface environmental floor gun.','54','4','68','55');
INSERT INTO "Log__c" VALUES(69,'99.0','Very much','2017-05-11','Cold page bag education child effort. Career world campaign growth ability hospital. Once probably common watch camera evidence ready successful.','Anita','92.0','5.0','0127e000001EaTRAA0','True','True','No enjoyment','In Person','Very much','Assume time success grow give. Suffer true whether benefit until will leader.','59','4','65','62');
INSERT INTO "Log__c" VALUES(70,'85.0','Very much','2019-07-18','Visit president everything. Him major see peace often any determine. Article arm can hear war force some. Trip find far although moment.','Kaylee','57.0','91.0','0127e000001EaTRAA0','False','True','Extreme amount of enjoyment','Virtual','Very much','Floor forget professor actually why democratic.','63','4','74','65');
INSERT INTO "Log__c" VALUES(71,'21.0','Not at all','2015-05-17','Including husband customer white TV music.','Krista','18.0','76.0','0127e000001EaTRAA0','False','True','Rather much enjoyment','In Person','Not at all','Bad camera mouth forget land. Voice indicate represent college whether minute when. Into professor similar wear recent visit who budget.','64','4','75','53');
INSERT INTO "Log__c" VALUES(72,'43.0','Not at all','2022-11-10','Style nation person night join real wear. High room front. Serious generation particularly.','Jamie','36.0','96.0','0127e000001EaTQAA0','False','False','Rather much enjoyment','Virtual','Very much','Blood painting character catch she too forget. Central face total any long result. Collection bank themselves good enough recently.','64','4','63','66');
INSERT INTO "Log__c" VALUES(73,'24.0','Not at all','2018-03-15','Forget particular weight open yeah manager. Lay we eight agent director pay bank.','Elijah','62.0','43.0','0127e000001EaTQAA0','True','True','Some enjoyment','In Person','Only a little','Our move lot. World cause light example per herself. Chance attorney industry according.','64','4','71','73');
INSERT INTO "Log__c" VALUES(74,'15.0','Not at all','2020-01-31','Song total method affect. Group pull spring forget feeling. Section their trip already guess.','Nicholas','25.0','14.0','0127e000001EaTQAA0','False','True','Some enjoyment','Virtual','Only a little','Option these present which top can. Themselves sport hotel field rise fight. Degree in article remain all.','108','2','78','3');
INSERT INTO "Log__c" VALUES(75,'40.0','Not at all','2015-01-07','Term size call current teach instead under. Character nothing expert reveal. Car peace lay.','Dorothy','83.0','17.0','0127e000001EaTQAA0','True','True','No enjoyment','Virtual','Rather much','Question window smile. Product partner suffer address ball pretty. Threat sign technology position available something community foreign.','101','5','96','101');
INSERT INTO "Log__c" VALUES(76,'86.0','Very much','2018-04-29','Future street also say. Back shake million before tree finish you. Such prove worker management.','Bailey','66.0','11.0','0127e000001EaTQAA0','True','True','No enjoyment','Virtual','Not at all','Movement whether job. Arrive collection president owner as game. Force author decide become ground let. Check magazine return he may.','102','5','96','86');
INSERT INTO "Log__c" VALUES(77,'46.0','Rather much','2018-02-05','People town special let. Manage building doctor loss account. Today may lot weight several ok.','Tonya','57.0','19.0','0127e000001EaTRAA0','False','False','Rather much enjoyment','In Person','Rather much','Pay describe oil wrong pressure western. Bit own minute produce. Other cost head sound situation structure present oil.','111','6','28','118');
INSERT INTO "Log__c" VALUES(78,'91.0','To some extent','2017-12-21','President should him. Something tell election able perform figure peace. Real stage read south seven organization.','Mike','54.0','11.0','0127e000001EaTRAA0','False','True','A little enjoyment','In Person','To some extent','Buy debate end like home. Million wonder under phone method since. Season people executive make. Lead service course energy family dream water tell.','110','6','34','26');
INSERT INTO "Log__c" VALUES(79,'40.0','Only a little','2016-09-24','Issue more itself international. Until sit green add receive exist future. Character while finally occur.','Priscilla','27.0','77.0','0127e000001EaTRAA0','True','True','No enjoyment','Virtual','Not at all','Understand appear century study consider pass. Actually begin book thousand big middle free sea. Image group operation east laugh.','110','6','23','117');
INSERT INTO "Log__c" VALUES(80,'29.0','Very much','2021-01-20','Get change someone some. Answer nature fish address adult statement toward suffer. Hope loss maintain goal.','Ariel','63.0','80.0','0127e000001EaTRAA0','False','True','Extreme amount of enjoyment','Virtual','Very much','Start interesting set rise partner plant visit. Company left reveal something mouth after kind traditional.','110','6','28','114');
INSERT INTO "Log__c" VALUES(81,'80.0','Very much','2017-10-10','Clearly get organization wish school beat firm. If accept as prevent if pay main.','Maureen','100.0','63.0','0127e000001EaTRAA0','False','True','Some enjoyment','Virtual','Only a little','People purpose mean real prevent. Tax property benefit bag white.','110','6','25','25');
INSERT INTO "Log__c" VALUES(82,'41.0','Very much','2017-04-04','Certain past significant seven air television man. Too least visit former. Race name pull any various different.','Logan','46.0','69.0','0127e000001EaTRAA0','True','True','No enjoyment','Virtual','Not at all','Drug laugh want. Argue together town space anything somebody upon. Her small which another.','25','6','123','109');
INSERT INTO "Log__c" VALUES(83,'69.0','Rather much','2016-12-09','Discover put region radio whatever couple. Subject to herself machine room despite appear.','Fernando','79.0','36.0','0127e000001EaTQAA0','True','True','Some enjoyment','In Person','Not at all','Shake who beautiful meeting town. Person behind drug full.','4','2','10','1');
INSERT INTO "Log__c" VALUES(84,'56.0','Rather much','2015-08-05','Radio sea industry action raise. Hard sound discuss from could black break remember.','Laurie','16.0','38.0','0127e000001EaTRAA0','True','False','A little enjoyment','Virtual','To some extent','Right point beyond mission federal. Economy resource treatment night strong fight political.','23','6','31','32');
INSERT INTO "Log__c" VALUES(85,'84.0','Only a little','2021-02-22','Other could gun author watch home between service. Line old interview second goal.','Glenda','9.0','62.0','0127e000001EaTRAA0','True','True','No enjoyment','In Person','Not at all','Clear success company including big. Music type yet drop memory decide religious especially.','23','6','123','117');
INSERT INTO "Log__c" VALUES(86,'49.0','Only a little','2020-01-03','Space only everything create realize government president against. Color author center future wrong over west. Line fact improve cut his financial prove keep.','Michaela','40.0','91.0','0127e000001EaTRAA0','False','False','Rather much enjoyment','Virtual','Rather much','Black scene present hospital lawyer. Worker gun certain work. Response behavior experience bank determine strong network TV. Market production garden serve method attack shake.','69','4','62','65');
INSERT INTO "Log__c" VALUES(87,'36.0','Only a little','2020-09-07','Field world middle hot traditional where color. Data design message store.','Alec','92.0','71.0','0127e000001EaTRAA0','False','True','No enjoyment','In Person','Only a little','Third factor chance. Not culture it actually. No kind day pressure believe.','69','4','52','62');
INSERT INTO "Log__c" VALUES(88,'79.0','Not at all','2015-03-09','Unit charge figure maintain indeed. Factor window garden month performance. Stop pass end mission many stock card fire.','Leah','41.0','55.0','0127e000001EaTQAA0','True','False','Rather much enjoyment','Virtual','Very much','Well course store strategy movie significant evening bag. Week both conference design animal.','69','4','76','67');
INSERT INTO "Log__c" VALUES(89,'16.0','Very much','2019-12-09','Plan answer few plan Democrat type involve. Rich choice usually medical. Leg room involve process.','Alejandro','50.0','1.0','0127e000001EaTRAA0','True','True','Rather much enjoyment','In Person','Very much','Traditional agency laugh population share rich. A day trade read. Page senior among grow although letter list.','70','4','65','54');
INSERT INTO "Log__c" VALUES(90,'4.0','Rather much','2022-07-20','General door against hour. Agent paper it finally term buy adult. Cup process inside career region.','Kristi','0.0','67.0','0127e000001EaTQAA0','False','False','Extreme amount of enjoyment','In Person','Rather much','Natural occur family everything total common account. Everybody fire two.','70','4','71','74');
INSERT INTO "Log__c" VALUES(91,'74.0','Not at all','2019-11-07','Year career occur expert continue however worry.','Alexandria','71.0','86.0','0127e000001EaTQAA0','True','False','Rather much enjoyment','In Person','Rather much','Whether glass ready. Public product project both son maintain. Program sound hour reach remain time room. Painting rich computer form traditional pressure bring.','66','4','68','66');
INSERT INTO "Log__c" VALUES(92,'90.0','Only a little','2021-07-21','Decide magazine class major. Computer door job.','Zoe','90.0','54.0','0127e000001EaTRAA0','True','False','A little enjoyment','In Person','Not at all','Know trial feel yard lot consider. Home social animal off beautiful eye artist. Military though road subject effort big.','74','4','66','55');
INSERT INTO "Log__c" VALUES(93,'65.0','To some extent','2017-09-12','Whose these fill air until minute suddenly newspaper. Wear financial tonight name be how property be. Suddenly gas response assume line deep authority into. On manager marriage that others tend author its.','Dean','41.0','5.0','0127e000001EaTRAA0','False','False','A little enjoyment','In Person','Rather much','Heavy should yourself physical room fast store. Top Mrs kind step much outside. North long cost assume town until I.','74','4','62','65');
INSERT INTO "Log__c" VALUES(94,'83.0','Not at all','2020-03-28','Thought school understand measure able teach already activity. Specific top although role according. Any continue although end short forward.','Clarence','36.0','19.0','0127e000001EaTQAA0','False','True','Rather much enjoyment','In Person','Not at all','Government staff entire third nor position total. Continue Democrat six occur drug born foot.','75','4','68','59');
INSERT INTO "Log__c" VALUES(95,'37.0','Very much','2020-02-01','Ask huge head interview information impact.','Ariel','55.0','58.0','0127e000001EaTRAA0','True','False','Some enjoyment','In Person','Rather much','Speak government program gas place set politics fish. Western far beyond everyone around style really base. Magazine entire million military cost.','106','2','77','3');
INSERT INTO "Log__c" VALUES(96,'59.0','Very much','2021-10-28','By job owner well do behavior meet. Trouble day hair ask. President available certainly create threat head offer.','Cathy','32.0','23.0','0127e000001EaTQAA0','False','False','No enjoyment','In Person','Not at all','Detail national example name listen person allow. Difference speech source analysis stand record continue.','73','4','63','58');
INSERT INTO "Log__c" VALUES(97,'38.0','Very much','2018-05-29','Sort memory eight police worker project them. Success find foreign us.','Reginald','96.0','100.0','0127e000001EaTQAA0','True','False','No enjoyment','In Person','Rather much','Us car role it morning oil. Table turn phone small pass tax.','73','4','65','70');
INSERT INTO "Log__c" VALUES(98,'93.0','To some extent','2021-12-09','Knowledge assume store pay article leave better. Provide attention compare system music sound.','Marilyn','14.0','18.0','0127e000001EaTQAA0','False','False','Rather much enjoyment','In Person','Only a little','Foot avoid inside free. Sport physical cause effort blood.','84','5','90','99');
INSERT INTO "Log__c" VALUES(99,'59.0','To some extent','2020-07-20','Mouth concern level certainly though. Leader possible main some human quickly. Concern debate break region relationship since.','Krista','68.0','34.0','0127e000001EaTQAA0','True','True','A little enjoyment','In Person','Rather much','Price choice tell dark research affect.','83','5','96','84');
INSERT INTO "Log__c" VALUES(100,'52.0','Very much','2021-09-03','View so foreign nor official. Hour win help peace high gun recent.','Madeline','25.0','69.0','0127e000001EaTQAA0','True','True','A little enjoyment','In Person','Very much','Two claim bring magazine best country rest. Economic degree paper word likely.','83','5','103','94');
CREATE TABLE "Log__c_rt_mapping" (
	record_type_id VARCHAR(18) NOT NULL, 
	developer_name VARCHAR(255), 
	PRIMARY KEY (record_type_id)
);
INSERT INTO "Log__c_rt_mapping" VALUES('0127e000001EaTQAA0','Client');
INSERT INTO "Log__c_rt_mapping" VALUES('0127e000001EaTRAA0','TeamFacilitator');
CREATE TABLE "ProgramAssignment__c" (
	id INTEGER NOT NULL, 
	"AssignedDate__c" VARCHAR(255), 
	"CompletionDate__c" VARCHAR(255), 
	"ExpectedCompletion__c" VARCHAR(255), 
	"Status__c" VARCHAR(255), 
	"Contact__c" VARCHAR(255), 
	"Program__c" VARCHAR(255), 
	PRIMARY KEY (id)
);
INSERT INTO "ProgramAssignment__c" VALUES(1,'2018-09-29','2022-06-03','2019-05-18','Removed','112','107');
INSERT INTO "ProgramAssignment__c" VALUES(2,'2018-01-18','2019-12-09','2018-07-14','Removed','7','22');
INSERT INTO "ProgramAssignment__c" VALUES(3,'2018-04-03','2022-07-24','2019-06-23','Removed','43','43');
INSERT INTO "ProgramAssignment__c" VALUES(4,'2015-02-28','2022-05-23','2015-10-06','Completed','65','45');
INSERT INTO "ProgramAssignment__c" VALUES(5,'2020-12-27','2022-05-22','2021-02-05','Discontinued','95','67');
INSERT INTO "ProgramAssignment__c" VALUES(6,'2022-08-29','','2023-02-25','In Progress','34','108');
INSERT INTO "ProgramAssignment__c" VALUES(7,'2022-12-04','','2024-01-03','In Progress','119','20');
INSERT INTO "ProgramAssignment__c" VALUES(8,'2022-09-26','','2023-03-25','Pending','120','108');
CREATE TABLE "Program__c" (
	id INTEGER NOT NULL, 
	"CEU__c" VARCHAR(255), 
	"Current__c" VARCHAR(255), 
	"Months__c" VARCHAR(255), 
	"Name" VARCHAR(255), 
	"Reminder__c" VARCHAR(255), 
	"Standalone__c" VARCHAR(255), 
	PRIMARY KEY (id)
);
INSERT INTO "Program__c" VALUES(1,'False','True','6.0','Client Certification','30.0','False');
INSERT INTO "Program__c" VALUES(2,'False','True','1.0','Fitness','','True');
INSERT INTO "Program__c" VALUES(3,'True','True','1.5','Fitness [CEU]','','True');
INSERT INTO "Program__c" VALUES(4,'False','True','1.0','Medical Disability','','True');
INSERT INTO "Program__c" VALUES(5,'False','True','1.5','Medical Disability [CEU]','','True');
INSERT INTO "Program__c" VALUES(6,'False','True','1.0','Medical Disability','','True');
INSERT INTO "Program__c" VALUES(7,'False','True','1.5','Medical Disability [CEU]','','True');
INSERT INTO "Program__c" VALUES(8,'True','True','4.0','OT Advanced Bundle [CEU]','','True');
INSERT INTO "Program__c" VALUES(9,'False','True','1.0','Psychiatric Disability','','True');
INSERT INTO "Program__c" VALUES(10,'True','True','1.5','Psychiatric Disability [CEU]','','True');
INSERT INTO "Program__c" VALUES(11,'False','True','4.0','Puppy Raiser','30.0','False');
INSERT INTO "Program__c" VALUES(12,'False','True','1.0','Service Dog Selection','','True');
INSERT INTO "Program__c" VALUES(13,'True','True','1.5','Service Dog Selection [CEU]','','True');
INSERT INTO "Program__c" VALUES(14,'True','True','4.0','Service Dog Training Bundle','','True');
INSERT INTO "Program__c" VALUES(15,'False','True','1.0','Service Dogs Foundations','','True');
INSERT INTO "Program__c" VALUES(16,'False','True','1.5','Service Dogs Foundations [CEU]','','True');
INSERT INTO "Program__c" VALUES(17,'False','True','0.3','Staff','7.0','False');
INSERT INTO "Program__c" VALUES(18,'True','True','3.0','Sweet Snoopers [CEU]','','True');
INSERT INTO "Program__c" VALUES(19,'False','True','4.0','Team Facilitator','30.0','True');
INSERT INTO "Program__c" VALUES(20,'False','True','6.0','Teams Set in Motion Client','','True');
INSERT INTO "Program__c" VALUES(21,'True','True','9.0','Trainer Certification','30.0','False');
INSERT INTO "Program__c" VALUES(22,'False','True','0.5','Volunteer','7.0','False');
INSERT INTO "Program__c" VALUES(23,'False','True','6.0','Client Certification','30.0','False');
INSERT INTO "Program__c" VALUES(24,'False','True','1.0','Fitness','','True');
INSERT INTO "Program__c" VALUES(25,'True','True','1.5','Fitness [CEU]','','True');
INSERT INTO "Program__c" VALUES(26,'False','True','1.0','Medical Disability','','True');
INSERT INTO "Program__c" VALUES(27,'False','True','1.5','Medical Disability [CEU]','','True');
INSERT INTO "Program__c" VALUES(28,'False','True','1.0','Medical Disability','','True');
INSERT INTO "Program__c" VALUES(29,'False','True','1.5','Medical Disability [CEU]','','True');
INSERT INTO "Program__c" VALUES(30,'True','True','4.0','OT Advanced Bundle [CEU]','','True');
INSERT INTO "Program__c" VALUES(31,'False','True','1.0','Psychiatric Disability','','True');
INSERT INTO "Program__c" VALUES(32,'True','True','1.5','Psychiatric Disability [CEU]','','True');
INSERT INTO "Program__c" VALUES(33,'False','True','4.0','Puppy Raiser','30.0','False');
INSERT INTO "Program__c" VALUES(34,'False','True','1.0','Service Dog Selection','','True');
INSERT INTO "Program__c" VALUES(35,'True','True','1.5','Service Dog Selection [CEU]','','True');
INSERT INTO "Program__c" VALUES(36,'True','True','4.0','Service Dog Training Bundle','','True');
INSERT INTO "Program__c" VALUES(37,'False','True','1.0','Service Dogs Foundations','','True');
INSERT INTO "Program__c" VALUES(38,'False','True','1.5','Service Dogs Foundations [CEU]','','True');
INSERT INTO "Program__c" VALUES(39,'False','True','0.3','Staff','7.0','False');
INSERT INTO "Program__c" VALUES(40,'True','True','3.0','Sweet Snoopers [CEU]','','True');
INSERT INTO "Program__c" VALUES(41,'False','True','4.0','Team Facilitator','30.0','True');
INSERT INTO "Program__c" VALUES(42,'False','True','6.0','Teams Set in Motion Client','','True');
INSERT INTO "Program__c" VALUES(43,'True','True','9.0','Trainer Certification','30.0','False');
INSERT INTO "Program__c" VALUES(44,'False','True','0.5','Volunteer','7.0','False');
INSERT INTO "Program__c" VALUES(45,'False','True','6.0','Client Certification','30.0','False');
INSERT INTO "Program__c" VALUES(46,'False','True','1.0','Fitness','','True');
INSERT INTO "Program__c" VALUES(47,'True','True','1.5','Fitness [CEU]','','True');
INSERT INTO "Program__c" VALUES(48,'False','True','1.0','Medical Disability','','True');
INSERT INTO "Program__c" VALUES(49,'False','True','1.5','Medical Disability [CEU]','','True');
INSERT INTO "Program__c" VALUES(50,'False','True','1.0','Medical Disability','','True');
INSERT INTO "Program__c" VALUES(51,'False','True','1.5','Medical Disability [CEU]','','True');
INSERT INTO "Program__c" VALUES(52,'True','True','4.0','OT Advanced Bundle [CEU]','','True');
INSERT INTO "Program__c" VALUES(53,'False','True','1.0','Psychiatric Disability','','True');
INSERT INTO "Program__c" VALUES(54,'True','True','1.5','Psychiatric Disability [CEU]','','True');
INSERT INTO "Program__c" VALUES(55,'False','True','4.0','Puppy Raiser','30.0','False');
INSERT INTO "Program__c" VALUES(56,'False','True','1.0','Service Dog Selection','','True');
INSERT INTO "Program__c" VALUES(57,'True','True','1.5','Service Dog Selection [CEU]','','True');
INSERT INTO "Program__c" VALUES(58,'True','True','4.0','Service Dog Training Bundle','','True');
INSERT INTO "Program__c" VALUES(59,'False','True','1.0','Service Dogs Foundations','','True');
INSERT INTO "Program__c" VALUES(60,'False','True','1.5','Service Dogs Foundations [CEU]','','True');
INSERT INTO "Program__c" VALUES(61,'False','True','0.3','Staff','7.0','False');
INSERT INTO "Program__c" VALUES(62,'True','True','3.0','Sweet Snoopers [CEU]','','True');
INSERT INTO "Program__c" VALUES(63,'False','True','4.0','Team Facilitator','30.0','True');
INSERT INTO "Program__c" VALUES(64,'False','True','6.0','Teams Set in Motion Client','','True');
INSERT INTO "Program__c" VALUES(65,'True','True','9.0','Trainer Certification','30.0','False');
INSERT INTO "Program__c" VALUES(66,'False','True','0.5','Volunteer','7.0','False');
INSERT INTO "Program__c" VALUES(67,'False','True','6.0','Client Certification','30.0','False');
INSERT INTO "Program__c" VALUES(68,'False','True','1.0','Fitness','','True');
INSERT INTO "Program__c" VALUES(69,'True','True','1.5','Fitness [CEU]','','True');
INSERT INTO "Program__c" VALUES(70,'False','True','1.0','Medical Disability','','True');
INSERT INTO "Program__c" VALUES(71,'False','True','1.5','Medical Disability [CEU]','','True');
INSERT INTO "Program__c" VALUES(72,'False','True','1.0','Medical Disability','','True');
INSERT INTO "Program__c" VALUES(73,'False','True','1.5','Medical Disability [CEU]','','True');
INSERT INTO "Program__c" VALUES(74,'True','True','4.0','OT Advanced Bundle [CEU]','','True');
INSERT INTO "Program__c" VALUES(75,'False','True','1.0','Psychiatric Disability','','True');
INSERT INTO "Program__c" VALUES(76,'True','True','1.5','Psychiatric Disability [CEU]','','True');
INSERT INTO "Program__c" VALUES(77,'False','True','4.0','Puppy Raiser','30.0','False');
INSERT INTO "Program__c" VALUES(78,'False','True','1.0','Service Dog Selection','','True');
INSERT INTO "Program__c" VALUES(79,'True','True','1.5','Service Dog Selection [CEU]','','True');
INSERT INTO "Program__c" VALUES(80,'True','True','4.0','Service Dog Training Bundle','','True');
INSERT INTO "Program__c" VALUES(81,'False','True','1.0','Service Dogs Foundations','','True');
INSERT INTO "Program__c" VALUES(82,'False','True','1.5','Service Dogs Foundations [CEU]','','True');
INSERT INTO "Program__c" VALUES(83,'False','True','0.3','Staff','7.0','False');
INSERT INTO "Program__c" VALUES(84,'True','True','3.0','Sweet Snoopers [CEU]','','True');
INSERT INTO "Program__c" VALUES(85,'False','True','4.0','Team Facilitator','30.0','True');
INSERT INTO "Program__c" VALUES(86,'False','True','6.0','Teams Set in Motion Client','','True');
INSERT INTO "Program__c" VALUES(87,'True','True','9.0','Trainer Certification','30.0','False');
INSERT INTO "Program__c" VALUES(88,'False','True','0.5','Volunteer','7.0','False');
INSERT INTO "Program__c" VALUES(89,'False','True','6.0','Client Certification','30.0','False');
INSERT INTO "Program__c" VALUES(90,'False','True','1.0','Fitness','','True');
INSERT INTO "Program__c" VALUES(91,'True','True','1.5','Fitness [CEU]','','True');
INSERT INTO "Program__c" VALUES(92,'False','True','1.0','Medical Disability','','True');
INSERT INTO "Program__c" VALUES(93,'False','True','1.5','Medical Disability [CEU]','','True');
INSERT INTO "Program__c" VALUES(94,'False','True','1.0','Medical Disability','','True');
INSERT INTO "Program__c" VALUES(95,'False','True','1.5','Medical Disability [CEU]','','True');
INSERT INTO "Program__c" VALUES(96,'True','True','4.0','OT Advanced Bundle [CEU]','','True');
INSERT INTO "Program__c" VALUES(97,'False','True','1.0','Psychiatric Disability','','True');
INSERT INTO "Program__c" VALUES(98,'True','True','1.5','Psychiatric Disability [CEU]','','True');
INSERT INTO "Program__c" VALUES(99,'False','True','4.0','Puppy Raiser','30.0','False');
INSERT INTO "Program__c" VALUES(100,'False','True','1.0','Service Dog Selection','','True');
INSERT INTO "Program__c" VALUES(101,'True','True','1.5','Service Dog Selection [CEU]','','True');
INSERT INTO "Program__c" VALUES(102,'True','True','4.0','Service Dog Training Bundle','','True');
INSERT INTO "Program__c" VALUES(103,'False','True','1.0','Service Dogs Foundations','','True');
INSERT INTO "Program__c" VALUES(104,'False','True','1.5','Service Dogs Foundations [CEU]','','True');
INSERT INTO "Program__c" VALUES(105,'False','True','0.3','Staff','7.0','False');
INSERT INTO "Program__c" VALUES(106,'True','True','3.0','Sweet Snoopers [CEU]','','True');
INSERT INTO "Program__c" VALUES(107,'False','True','4.0','Team Facilitator','30.0','True');
INSERT INTO "Program__c" VALUES(108,'False','True','6.0','Teams Set in Motion Client','','True');
INSERT INTO "Program__c" VALUES(109,'True','True','9.0','Trainer Certification','30.0','False');
INSERT INTO "Program__c" VALUES(110,'False','True','0.5','Volunteer','7.0','False');
CREATE TABLE "PublicAccessTest__c" (
	id INTEGER NOT NULL, 
	"AssessorComments__c" VARCHAR(255), 
	"DateCompleted__c" VARCHAR(255), 
	"Location__c" VARCHAR(255), 
	"ReviewComments__c" VARCHAR(255), 
	"Status__c" VARCHAR(255), 
	"Type__c" VARCHAR(255), 
	"ValidUntil__c" VARCHAR(255), 
	"Assessor__c" VARCHAR(255), 
	"Team__c" VARCHAR(255), 
	PRIMARY KEY (id)
);
INSERT INTO "PublicAccessTest__c" VALUES(1,'Form large our case brother.','2022-04-18','Virtual','Cost president computer pull environment out idea. Forget standard response ask various. Forget create century.','Failed','Retest','2023-04-18','115','1');
INSERT INTO "PublicAccessTest__c" VALUES(2,'Last along health marriage. Question maybe Democrat according.','2022-06-13','In Person','Full public member walk realize leave. Social fast civil month quickly wear. Else soon require.','Provisionally Passed','Recertification','2023-06-13','9','3');
INSERT INTO "PublicAccessTest__c" VALUES(3,'Happen threat world large without. Door character writer American cover. Hundred look ahead performance artist executive growth drug. Travel house through return lead.','2022-06-29','In Person','Box decide herself none. Idea throw such fish activity space. Common nearly likely station management theory wind.','Provisionally Passed','Retest','2023-06-29','39','2');
INSERT INTO "PublicAccessTest__c" VALUES(4,'Finally news protect billion policy. Happen million mother close number. Character worry help member operation like development.','2021-12-10','Virtual','Respond me task young. Ability probably drive important in decision just. Response need fear reduce eight economic last.','Failed','Recertification','2022-12-10','68','4');
INSERT INTO "PublicAccessTest__c" VALUES(5,'Learn what capital choose air. Maintain but clear everyone. Care save remember wonder sport.','2022-10-11','Virtual','Make interest place any. Thank Congress economic question manager air then.','Provisionally Passed','Retest','2023-10-11','95','5');
CREATE TABLE "Team__c" (
	id INTEGER NOT NULL, 
	"Name" VARCHAR(255), 
	"PatCount__c" VARCHAR(255), 
	"PatValidUntil__c" VARCHAR(255), 
	"PrimaryCertification__c" VARCHAR(255), 
	"SecondaryCertification__c" VARCHAR(255), 
	"Client__c" VARCHAR(255), 
	"Dog__c" VARCHAR(255), 
	"Handler__c" VARCHAR(255), 
	PRIMARY KEY (id)
);
INSERT INTO "Team__c" VALUES(1,'TammyOrr_Sierra','3.0','2023-08-27','Hearing Alert','Seizure Response','29','6','33');
INSERT INTO "Team__c" VALUES(2,'JohnsJason_Sammy','1.0','2023-05-09','Autism','Medical Alert','45','3','15');
INSERT INTO "Team__c" VALUES(3,'MezaScott_Copper','3.0','2023-11-24','Autism','Seizure Response','78','2','10');
INSERT INTO "Team__c" VALUES(4,'JoannDavies_Toby','3.0','2023-01-24','Mobility','Diabetes Alert','63','4','54');
INSERT INTO "Team__c" VALUES(5,'GouldHannah_Olive','2.0','2023-09-27','Hearing Alert','Seizure Response','83','5','98');
CREATE TABLE "npe4__Relationship__c" (
	id INTEGER NOT NULL, 
	"npe4__Type__c" VARCHAR(255), 
	"npe4__Contact__c" VARCHAR(255), 
	"npe4__RelatedContact__c" VARCHAR(255), 
	PRIMARY KEY (id)
);
INSERT INTO "npe4__Relationship__c" VALUES(1,'Primary Emergency Contact','4','1');
INSERT INTO "npe4__Relationship__c" VALUES(2,'Secondary Emergency Contact','4','2');
INSERT INTO "npe4__Relationship__c" VALUES(3,'Partner','4','78');
INSERT INTO "npe4__Relationship__c" VALUES(4,'Primary Emergency Contact','26','23');
INSERT INTO "npe4__Relationship__c" VALUES(5,'Volunteer','26','23');
INSERT INTO "npe4__Relationship__c" VALUES(6,'Secondary Emergency Contact','26','24');
INSERT INTO "npe4__Relationship__c" VALUES(7,'Primary Emergency Contact','31','27');
INSERT INTO "npe4__Relationship__c" VALUES(8,'Secondary Emergency Contact','31','28');
INSERT INTO "npe4__Relationship__c" VALUES(9,'Grandmother','31','25');
INSERT INTO "npe4__Relationship__c" VALUES(10,'Parent','112','23');
INSERT INTO "npe4__Relationship__c" VALUES(11,'Primary Emergency Contact','112','32');
INSERT INTO "npe4__Relationship__c" VALUES(12,'Secondary Emergency Contact','112','33');
INSERT INTO "npe4__Relationship__c" VALUES(13,'Primary Emergency Contact','117','113');
INSERT INTO "npe4__Relationship__c" VALUES(14,'Secondary Emergency Contact','117','114');
INSERT INTO "npe4__Relationship__c" VALUES(15,'Wife','117','110');
INSERT INTO "npe4__Relationship__c" VALUES(16,'Employer','123','26');
INSERT INTO "npe4__Relationship__c" VALUES(17,'Primary Emergency Contact','123','119');
INSERT INTO "npe4__Relationship__c" VALUES(18,'Secondary Emergency Contact','123','120');
INSERT INTO "npe4__Relationship__c" VALUES(19,'Primary Emergency Contact','7','5');
INSERT INTO "npe4__Relationship__c" VALUES(20,'Secondary Emergency Contact','7','6');
INSERT INTO "npe4__Relationship__c" VALUES(21,'Grandson','7','78');
INSERT INTO "npe4__Relationship__c" VALUES(22,'Grandmother','10','79');
INSERT INTO "npe4__Relationship__c" VALUES(23,'Primary Emergency Contact','10','8');
INSERT INTO "npe4__Relationship__c" VALUES(24,'Secondary Emergency Contact','10','9');
INSERT INTO "npe4__Relationship__c" VALUES(25,'Primary Emergency Contact','14','12');
INSERT INTO "npe4__Relationship__c" VALUES(26,'Secondary Emergency Contact','14','13');
INSERT INTO "npe4__Relationship__c" VALUES(27,'Team Facilitator Lead','14','78');
INSERT INTO "npe4__Relationship__c" VALUES(28,'Primary Emergency Contact','18','15');
INSERT INTO "npe4__Relationship__c" VALUES(29,'Friend','18','15');
INSERT INTO "npe4__Relationship__c" VALUES(30,'Secondary Emergency Contact','18','16');
INSERT INTO "npe4__Relationship__c" VALUES(31,'TSiM Referral','36','17');
INSERT INTO "npe4__Relationship__c" VALUES(32,'Primary Emergency Contact','36','19');
INSERT INTO "npe4__Relationship__c" VALUES(33,'Secondary Emergency Contact','36','20');
INSERT INTO "npe4__Relationship__c" VALUES(34,'Primary Emergency Contact','81','77');
INSERT INTO "npe4__Relationship__c" VALUES(35,'Husband','81','77');
INSERT INTO "npe4__Relationship__c" VALUES(36,'Secondary Emergency Contact','81','78');
INSERT INTO "npe4__Relationship__c" VALUES(37,'Uncle','40','40');
INSERT INTO "npe4__Relationship__c" VALUES(38,'Primary Emergency Contact','40','37');
INSERT INTO "npe4__Relationship__c" VALUES(39,'Secondary Emergency Contact','40','38');
INSERT INTO "npe4__Relationship__c" VALUES(40,'Mother','43','21');
INSERT INTO "npe4__Relationship__c" VALUES(41,'Primary Emergency Contact','43','41');
INSERT INTO "npe4__Relationship__c" VALUES(42,'Secondary Emergency Contact','43','42');
INSERT INTO "npe4__Relationship__c" VALUES(43,'Trainer','46','22');
INSERT INTO "npe4__Relationship__c" VALUES(44,'Primary Emergency Contact','46','44');
INSERT INTO "npe4__Relationship__c" VALUES(45,'Secondary Emergency Contact','46','45');
INSERT INTO "npe4__Relationship__c" VALUES(46,'Employer','50','22');
INSERT INTO "npe4__Relationship__c" VALUES(47,'Primary Emergency Contact','50','48');
INSERT INTO "npe4__Relationship__c" VALUES(48,'Secondary Emergency Contact','50','49');
INSERT INTO "npe4__Relationship__c" VALUES(49,'Primary Emergency Contact','53','51');
INSERT INTO "npe4__Relationship__c" VALUES(50,'Mother','53','51');
INSERT INTO "npe4__Relationship__c" VALUES(51,'Secondary Emergency Contact','53','52');
INSERT INTO "npe4__Relationship__c" VALUES(52,'Wife','57','53');
INSERT INTO "npe4__Relationship__c" VALUES(53,'Primary Emergency Contact','57','54');
INSERT INTO "npe4__Relationship__c" VALUES(54,'Secondary Emergency Contact','57','55');
INSERT INTO "npe4__Relationship__c" VALUES(55,'TSiM Referral','60','53');
INSERT INTO "npe4__Relationship__c" VALUES(56,'Primary Emergency Contact','60','58');
INSERT INTO "npe4__Relationship__c" VALUES(57,'Secondary Emergency Contact','60','59');
INSERT INTO "npe4__Relationship__c" VALUES(58,'Friend','65','55');
INSERT INTO "npe4__Relationship__c" VALUES(59,'Primary Emergency Contact','65','61');
INSERT INTO "npe4__Relationship__c" VALUES(60,'Secondary Emergency Contact','65','62');
INSERT INTO "npe4__Relationship__c" VALUES(61,'Primary Emergency Contact','108','106');
INSERT INTO "npe4__Relationship__c" VALUES(62,'Secondary Emergency Contact','108','107');
INSERT INTO "npe4__Relationship__c" VALUES(63,'Cousin','108','107');
INSERT INTO "npe4__Relationship__c" VALUES(64,'Partner','70','64');
INSERT INTO "npe4__Relationship__c" VALUES(65,'Primary Emergency Contact','70','66');
INSERT INTO "npe4__Relationship__c" VALUES(66,'Secondary Emergency Contact','70','67');
INSERT INTO "npe4__Relationship__c" VALUES(67,'Volunteer','76','69');
INSERT INTO "npe4__Relationship__c" VALUES(68,'Primary Emergency Contact','76','72');
INSERT INTO "npe4__Relationship__c" VALUES(69,'Secondary Emergency Contact','76','73');
INSERT INTO "npe4__Relationship__c" VALUES(70,'Primary Emergency Contact','84','82');
INSERT INTO "npe4__Relationship__c" VALUES(71,'Daughter','84','82');
INSERT INTO "npe4__Relationship__c" VALUES(72,'Secondary Emergency Contact','84','83');
INSERT INTO "npe4__Relationship__c" VALUES(73,'Parent','87','82');
INSERT INTO "npe4__Relationship__c" VALUES(74,'Primary Emergency Contact','87','85');
INSERT INTO "npe4__Relationship__c" VALUES(75,'Secondary Emergency Contact','87','86');
INSERT INTO "npe4__Relationship__c" VALUES(76,'Cousin','91','83');
INSERT INTO "npe4__Relationship__c" VALUES(77,'Primary Emergency Contact','91','88');
INSERT INTO "npe4__Relationship__c" VALUES(78,'Secondary Emergency Contact','91','89');
INSERT INTO "npe4__Relationship__c" VALUES(79,'Daughter','95','90');
INSERT INTO "npe4__Relationship__c" VALUES(80,'Primary Emergency Contact','95','92');
INSERT INTO "npe4__Relationship__c" VALUES(81,'Secondary Emergency Contact','95','93');
INSERT INTO "npe4__Relationship__c" VALUES(82,'Son','99','86');
INSERT INTO "npe4__Relationship__c" VALUES(83,'Primary Emergency Contact','99','96');
INSERT INTO "npe4__Relationship__c" VALUES(84,'Secondary Emergency Contact','99','97');
INSERT INTO "npe4__Relationship__c" VALUES(85,'Grandmother','105','89');
INSERT INTO "npe4__Relationship__c" VALUES(86,'Primary Emergency Contact','105','101');
INSERT INTO "npe4__Relationship__c" VALUES(87,'Secondary Emergency Contact','105','102');
INSERT INTO "npe4__Relationship__c" VALUES(88,'Trainer Referral','111','111');
INSERT INTO "npe4__Relationship__c" VALUES(89,'Primary Emergency Contact','111','109');
INSERT INTO "npe4__Relationship__c" VALUES(90,'Secondary Emergency Contact','111','110');
INSERT INTO "npe4__Relationship__c" VALUES(91,'Primary Emergency Contact','1','4');
INSERT INTO "npe4__Relationship__c" VALUES(92,'Secondary Emergency Contact','2','4');
INSERT INTO "npe4__Relationship__c" VALUES(93,'Partner','78','4');
INSERT INTO "npe4__Relationship__c" VALUES(94,'Primary Emergency Contact','23','26');
INSERT INTO "npe4__Relationship__c" VALUES(95,'Volunteer','23','26');
INSERT INTO "npe4__Relationship__c" VALUES(96,'Secondary Emergency Contact','24','26');
INSERT INTO "npe4__Relationship__c" VALUES(97,'Primary Emergency Contact','27','31');
INSERT INTO "npe4__Relationship__c" VALUES(98,'Secondary Emergency Contact','28','31');
INSERT INTO "npe4__Relationship__c" VALUES(99,'Grandmother','25','31');
INSERT INTO "npe4__Relationship__c" VALUES(100,'Parent','23','112');
INSERT INTO "npe4__Relationship__c" VALUES(101,'Primary Emergency Contact','32','112');
INSERT INTO "npe4__Relationship__c" VALUES(102,'Secondary Emergency Contact','33','112');
INSERT INTO "npe4__Relationship__c" VALUES(103,'Primary Emergency Contact','113','117');
INSERT INTO "npe4__Relationship__c" VALUES(104,'Secondary Emergency Contact','114','117');
INSERT INTO "npe4__Relationship__c" VALUES(105,'Wife','110','117');
INSERT INTO "npe4__Relationship__c" VALUES(106,'Employer','26','123');
INSERT INTO "npe4__Relationship__c" VALUES(107,'Primary Emergency Contact','119','123');
INSERT INTO "npe4__Relationship__c" VALUES(108,'Secondary Emergency Contact','120','123');
INSERT INTO "npe4__Relationship__c" VALUES(109,'Primary Emergency Contact','5','7');
INSERT INTO "npe4__Relationship__c" VALUES(110,'Secondary Emergency Contact','6','7');
INSERT INTO "npe4__Relationship__c" VALUES(111,'Grandson','78','7');
INSERT INTO "npe4__Relationship__c" VALUES(112,'Grandmother','79','10');
INSERT INTO "npe4__Relationship__c" VALUES(113,'Primary Emergency Contact','8','10');
INSERT INTO "npe4__Relationship__c" VALUES(114,'Secondary Emergency Contact','9','10');
INSERT INTO "npe4__Relationship__c" VALUES(115,'Primary Emergency Contact','12','14');
INSERT INTO "npe4__Relationship__c" VALUES(116,'Secondary Emergency Contact','13','14');
INSERT INTO "npe4__Relationship__c" VALUES(117,'Team Facilitator Lead','78','14');
INSERT INTO "npe4__Relationship__c" VALUES(118,'Primary Emergency Contact','15','18');
INSERT INTO "npe4__Relationship__c" VALUES(119,'Secondary Emergency Contact','67','70');
INSERT INTO "npe4__Relationship__c" VALUES(120,'Friend','15','18');
INSERT INTO "npe4__Relationship__c" VALUES(121,'Secondary Emergency Contact','16','18');
INSERT INTO "npe4__Relationship__c" VALUES(122,'TSiM Referral','17','36');
INSERT INTO "npe4__Relationship__c" VALUES(123,'Primary Emergency Contact','19','36');
INSERT INTO "npe4__Relationship__c" VALUES(124,'Secondary Emergency Contact','20','36');
INSERT INTO "npe4__Relationship__c" VALUES(125,'Primary Emergency Contact','77','81');
INSERT INTO "npe4__Relationship__c" VALUES(126,'Husband','77','81');
INSERT INTO "npe4__Relationship__c" VALUES(127,'Secondary Emergency Contact','78','81');
INSERT INTO "npe4__Relationship__c" VALUES(128,'Uncle','40','40');
INSERT INTO "npe4__Relationship__c" VALUES(129,'Primary Emergency Contact','37','40');
INSERT INTO "npe4__Relationship__c" VALUES(130,'Secondary Emergency Contact','38','40');
INSERT INTO "npe4__Relationship__c" VALUES(131,'Mother','21','43');
INSERT INTO "npe4__Relationship__c" VALUES(132,'Primary Emergency Contact','41','43');
INSERT INTO "npe4__Relationship__c" VALUES(133,'Secondary Emergency Contact','42','43');
INSERT INTO "npe4__Relationship__c" VALUES(134,'Trainer','22','46');
INSERT INTO "npe4__Relationship__c" VALUES(135,'Primary Emergency Contact','44','46');
INSERT INTO "npe4__Relationship__c" VALUES(136,'Secondary Emergency Contact','45','46');
INSERT INTO "npe4__Relationship__c" VALUES(137,'Employer','22','50');
INSERT INTO "npe4__Relationship__c" VALUES(138,'Primary Emergency Contact','48','50');
INSERT INTO "npe4__Relationship__c" VALUES(139,'Secondary Emergency Contact','49','50');
INSERT INTO "npe4__Relationship__c" VALUES(140,'Primary Emergency Contact','51','53');
INSERT INTO "npe4__Relationship__c" VALUES(141,'Mother','51','53');
INSERT INTO "npe4__Relationship__c" VALUES(142,'Secondary Emergency Contact','52','53');
INSERT INTO "npe4__Relationship__c" VALUES(143,'Wife','53','57');
INSERT INTO "npe4__Relationship__c" VALUES(144,'Primary Emergency Contact','54','57');
INSERT INTO "npe4__Relationship__c" VALUES(145,'Secondary Emergency Contact','55','57');
INSERT INTO "npe4__Relationship__c" VALUES(146,'TSiM Referral','53','60');
INSERT INTO "npe4__Relationship__c" VALUES(147,'Primary Emergency Contact','58','60');
INSERT INTO "npe4__Relationship__c" VALUES(148,'Secondary Emergency Contact','59','60');
INSERT INTO "npe4__Relationship__c" VALUES(149,'Friend','55','65');
INSERT INTO "npe4__Relationship__c" VALUES(150,'Primary Emergency Contact','61','65');
INSERT INTO "npe4__Relationship__c" VALUES(151,'Secondary Emergency Contact','62','65');
INSERT INTO "npe4__Relationship__c" VALUES(152,'Primary Emergency Contact','106','108');
INSERT INTO "npe4__Relationship__c" VALUES(153,'Secondary Emergency Contact','107','108');
INSERT INTO "npe4__Relationship__c" VALUES(154,'Cousin','107','108');
INSERT INTO "npe4__Relationship__c" VALUES(155,'Partner','64','70');
INSERT INTO "npe4__Relationship__c" VALUES(156,'Primary Emergency Contact','66','70');
INSERT INTO "npe4__Relationship__c" VALUES(157,'Volunteer','69','76');
INSERT INTO "npe4__Relationship__c" VALUES(158,'Primary Emergency Contact','72','76');
INSERT INTO "npe4__Relationship__c" VALUES(159,'Secondary Emergency Contact','73','76');
INSERT INTO "npe4__Relationship__c" VALUES(160,'Primary Emergency Contact','82','84');
INSERT INTO "npe4__Relationship__c" VALUES(161,'Daughter','82','84');
INSERT INTO "npe4__Relationship__c" VALUES(162,'Secondary Emergency Contact','83','84');
INSERT INTO "npe4__Relationship__c" VALUES(163,'Parent','82','87');
INSERT INTO "npe4__Relationship__c" VALUES(164,'Primary Emergency Contact','85','87');
INSERT INTO "npe4__Relationship__c" VALUES(165,'Secondary Emergency Contact','86','87');
INSERT INTO "npe4__Relationship__c" VALUES(166,'Cousin','83','91');
INSERT INTO "npe4__Relationship__c" VALUES(167,'Primary Emergency Contact','88','91');
INSERT INTO "npe4__Relationship__c" VALUES(168,'Secondary Emergency Contact','89','91');
INSERT INTO "npe4__Relationship__c" VALUES(169,'Daughter','90','95');
INSERT INTO "npe4__Relationship__c" VALUES(170,'Primary Emergency Contact','92','95');
INSERT INTO "npe4__Relationship__c" VALUES(171,'Secondary Emergency Contact','93','95');
INSERT INTO "npe4__Relationship__c" VALUES(172,'Son','86','99');
INSERT INTO "npe4__Relationship__c" VALUES(173,'Primary Emergency Contact','96','99');
INSERT INTO "npe4__Relationship__c" VALUES(174,'Secondary Emergency Contact','97','99');
INSERT INTO "npe4__Relationship__c" VALUES(175,'Grandmother','89','105');
INSERT INTO "npe4__Relationship__c" VALUES(176,'Primary Emergency Contact','101','105');
INSERT INTO "npe4__Relationship__c" VALUES(177,'Secondary Emergency Contact','102','105');
INSERT INTO "npe4__Relationship__c" VALUES(178,'Trainer Referral','111','111');
INSERT INTO "npe4__Relationship__c" VALUES(179,'Primary Emergency Contact','109','111');
INSERT INTO "npe4__Relationship__c" VALUES(180,'Secondary Emergency Contact','110','111');
CREATE TABLE "npo02__Household__c" (
	id INTEGER NOT NULL, 
	"Name" VARCHAR(255), 
	"npo02__Addressee__c" VARCHAR(255), 
	"npo02__Always_Anonymous__c" VARCHAR(255), 
	"npo02__AverageAmount__c" VARCHAR(255), 
	"npo02__Best_Gift_Year_Total__c" VARCHAR(255), 
	"npo02__Best_Gift_Year__c" VARCHAR(255), 
	"npo02__FirstCloseDate__c" VARCHAR(255), 
	"npo02__Formal_Greeting__c" VARCHAR(255), 
	"npo02__HouseholdEmail__c" VARCHAR(255), 
	"npo02__HouseholdPhone__c" VARCHAR(255), 
	"npo02__Household_ID__c" VARCHAR(255), 
	"npo02__Informal_Greeting__c" VARCHAR(255), 
	"npo02__LargestAmount__c" VARCHAR(255), 
	"npo02__LastCloseDate__c" VARCHAR(255), 
	"npo02__LastMembershipAmount__c" VARCHAR(255), 
	"npo02__LastMembershipDate__c" VARCHAR(255), 
	"npo02__LastMembershipLevel__c" VARCHAR(255), 
	"npo02__LastMembershipOrigin__c" VARCHAR(255), 
	"npo02__LastOppAmount__c" VARCHAR(255), 
	"npo02__MailingCity__c" VARCHAR(255), 
	"npo02__MailingCountry__c" VARCHAR(255), 
	"npo02__MailingPostalCode__c" VARCHAR(255), 
	"npo02__MailingState__c" VARCHAR(255), 
	"npo02__MailingStreet__c" VARCHAR(255), 
	"npo02__MembershipEndDate__c" VARCHAR(255), 
	"npo02__MembershipJoinDate__c" VARCHAR(255), 
	"npo02__NumberOfClosedOpps__c" VARCHAR(255), 
	"npo02__NumberOfMembershipOpps__c" VARCHAR(255), 
	"npo02__OppAmount2YearsAgo__c" VARCHAR(255), 
	"npo02__OppAmountLastNDays__c" VARCHAR(255), 
	"npo02__OppAmountLastYear__c" VARCHAR(255), 
	"npo02__OppAmountThisYear__c" VARCHAR(255), 
	"npo02__OppsClosed2YearsAgo__c" VARCHAR(255), 
	"npo02__OppsClosedLastNDays__c" VARCHAR(255), 
	"npo02__OppsClosedLastYear__c" VARCHAR(255), 
	"npo02__OppsClosedThisYear__c" VARCHAR(255), 
	"npo02__SYSTEM_CUSTOM_NAMING__c" VARCHAR(255), 
	"npo02__SmallestAmount__c" VARCHAR(255), 
	"npo02__TotalMembershipOppAmount__c" VARCHAR(255), 
	"npo02__TotalOppAmount__c" VARCHAR(255), 
	"npsp__Number_of_Household_Members__c" VARCHAR(255), 
	PRIMARY KEY (id)
);
CREATE TABLE "npsp__Address__c" (
	id INTEGER NOT NULL, 
	"npsp__API_Response__c" VARCHAR(255), 
	"npsp__Address_Type__c" VARCHAR(255), 
	"npsp__Administrative_Area__c" VARCHAR(255), 
	"npsp__Ambiguous__c" VARCHAR(255), 
	"npsp__Congressional_District__c" VARCHAR(255), 
	"npsp__County_Name__c" VARCHAR(255), 
	"npsp__Default_Address__c" VARCHAR(255), 
	"npsp__Latest_End_Date__c" VARCHAR(255), 
	"npsp__Latest_Start_Date__c" VARCHAR(255), 
	"npsp__MailingCity__c" VARCHAR(255), 
	"npsp__MailingCountry__c" VARCHAR(255), 
	"npsp__MailingPostalCode__c" VARCHAR(255), 
	"npsp__MailingState__c" VARCHAR(255), 
	"npsp__MailingStreet2__c" VARCHAR(255), 
	"npsp__MailingStreet__c" VARCHAR(255), 
	"npsp__Pre_Verification_Address__c" VARCHAR(255), 
	"npsp__Seasonal_End_Day__c" VARCHAR(255), 
	"npsp__Seasonal_End_Month__c" VARCHAR(255), 
	"npsp__Seasonal_Start_Day__c" VARCHAR(255), 
	"npsp__Seasonal_Start_Month__c" VARCHAR(255), 
	"npsp__State_Lower_District__c" VARCHAR(255), 
	"npsp__State_Upper_District__c" VARCHAR(255), 
	"npsp__Verification_Status__c" VARCHAR(255), 
	"npsp__Verified__c" VARCHAR(255), 
	"npsp__Household_Account__c" VARCHAR(255), 
	PRIMARY KEY (id)
);
INSERT INTO "npsp__Address__c" VALUES(1,'','Home','','False','','','False','','','Bradshawshire','','03819','Kentucky','','0776 Mccullough Radial Apt. 607','','','','','','','','','False','72');
INSERT INTO "npsp__Address__c" VALUES(2,'','Home','','False','','','False','','','South Francisview','','23248','Oregon','','52804 Harper Crest Apt. 372','','','','','','','','','False','81');
INSERT INTO "npsp__Address__c" VALUES(3,'','Home','','False','','','False','','','Kerrifort','','54985','New York','','3189 Kevin Meadow Apt. 988','','','','','','','','','False','83');
INSERT INTO "npsp__Address__c" VALUES(4,'','Home','','False','','','False','','','Bradyburgh','','78342','Vermont','','15080 Mckinney Radial Suite 865','','','','','','','','','False','85');
INSERT INTO "npsp__Address__c" VALUES(5,'','Home','','False','','','False','','','Marshallberg','','82290','Michigan','','7305 Zuniga Estates','','','','','','','','','False','87');
INSERT INTO "npsp__Address__c" VALUES(6,'','Home','','False','','','False','','','New Kathyburgh','','91486','Delaware','','9142 Colon Loaf','','','','','','','','','False','90');
INSERT INTO "npsp__Address__c" VALUES(7,'','Home','','False','','','False','','','Lake Sydney','','88683','Connecticut','','313 Tracy Ramp','','','','','','','','','False','92');
INSERT INTO "npsp__Address__c" VALUES(8,'','Home','','False','','','False','','','Port Caitlynburgh','','20125','California','','77105 Candice Highway','','','','','','','','','False','97');
INSERT INTO "npsp__Address__c" VALUES(9,'','Home','','False','','','False','','','Fuentesville','','41310','New York','','7547 Martinez Green','','','','','','','','','False','99');
INSERT INTO "npsp__Address__c" VALUES(10,'','Home','','False','','','False','','','Rhodesmouth','','42347','Delaware','','216 Cassandra Stream','','','','','','','','','False','1');
INSERT INTO "npsp__Address__c" VALUES(11,'','Home','','False','','','False','','','North Bruceberg','','80748','Nebraska','','36081 Juan Shores Apt. 628','','','','','','','','','False','3');
INSERT INTO "npsp__Address__c" VALUES(12,'','Home','','False','','','False','','','Bruceview','','27086','Oregon','','78517 Carey Divide Apt. 924','','','','','','','','','False','5');
INSERT INTO "npsp__Address__c" VALUES(13,'','Home','','False','','','False','','','West Benjaminland','','97207','South Carolina','','4765 Shields Rapids Suite 162','','','','','','','','','False','7');
INSERT INTO "npsp__Address__c" VALUES(14,'','Home','','False','','','False','','','Camachochester','','84793','Idaho','','724 Angel Loaf','','','','','','','','','False','10');
INSERT INTO "npsp__Address__c" VALUES(15,'','Home','','False','','','False','','','Port Cameron','','92232','Wisconsin','','0351 Laura Ways','','','','','','','','','False','12');
INSERT INTO "npsp__Address__c" VALUES(16,'','Home','','False','','','False','','','Mcdanielmouth','','52406','Ohio','','1937 Baxter Island','','','','','','','','','False','17');
INSERT INTO "npsp__Address__c" VALUES(17,'','Home','','False','','','False','','','North Meredithland','','61453','New Jersey','','4883 Carlos Path Suite 901','','','','','','','','','False','19');
INSERT INTO "npsp__Address__c" VALUES(18,'','Home','','False','','','False','','','East Rickbury','','81752','Connecticut','','267 Mitchell Mountains Suite 514','','','','','','','','','False','21');
INSERT INTO "npsp__Address__c" VALUES(19,'','Home','','False','','','False','','','New Heather','','57323','New Hampshire','','5183 Ivan Mission Apt. 310','','','','','','','','','False','23');
INSERT INTO "npsp__Address__c" VALUES(20,'','Home','','False','','','False','','','Kirbyshire','','01236','Montana','','93614 Conley Springs Apt. 714','','','','','','','','','False','25');
INSERT INTO "npsp__Address__c" VALUES(21,'','Home','','False','','','False','','','Carlyfort','','64028','Indiana','','0825 Zavala Mount Apt. 553','','','','','','','','','False','27');
INSERT INTO "npsp__Address__c" VALUES(22,'','Home','','False','','','False','','','South Robynmouth','','41399','Kentucky','','6289 Kristie Tunnel Apt. 320','','','','','','','','','False','30');
INSERT INTO "npsp__Address__c" VALUES(23,'','Home','','False','','','False','','','Moralesshire','','95278','Kansas','','7262 Christie Roads Apt. 401','','','','','','','','','False','77');
INSERT INTO "npsp__Address__c" VALUES(24,'','Home','','False','','','False','','','Shawchester','','27443','Hawaii','','1376 Hicks Tunnel','','','','','','','','','False','32');
INSERT INTO "npsp__Address__c" VALUES(25,'','Home','','False','','','False','','','Tristantown','','23076','Vermont','','0314 Laura Mills Suite 099','','','','','','','','','False','37');
INSERT INTO "npsp__Address__c" VALUES(26,'','Home','','False','','','False','','','Parkerport','','32172','New Hampshire','','28145 Joy Stream Apt. 560','','','','','','','','','False','39');
INSERT INTO "npsp__Address__c" VALUES(27,'','Home','','False','','','False','','','West Claire','','19487','Louisiana','','81384 Glenn Village Apt. 692','','','','','','','','','False','41');
INSERT INTO "npsp__Address__c" VALUES(28,'','Home','','False','','','False','','','Lake Martintown','','84342','Alabama','','59120 Odom Trace Suite 619','','','','','','','','','False','43');
INSERT INTO "npsp__Address__c" VALUES(29,'','Home','','False','','','False','','','Port Kristiland','','81476','Virginia','','907 Mercer Crescent','','','','','','','','','False','45');
INSERT INTO "npsp__Address__c" VALUES(30,'','Home','','False','','','False','','','West Savannahside','','04909','Nevada','','2636 Tasha Manors Suite 928','','','','','','','','','False','47');
INSERT INTO "npsp__Address__c" VALUES(31,'','Home','','False','','','False','','','South Stuart','','09741','Missouri','','0981 Barnett Prairie Suite 306','','','','','','','','','False','50');
INSERT INTO "npsp__Address__c" VALUES(32,'','Home','','False','','','False','','','West Jerry','','55335','Tennessee','','7316 Marsh Oval Suite 719','','','','','','','','','False','79');
INSERT INTO "npsp__Address__c" VALUES(33,'','Home','','False','','','False','','','Mathisside','','40662','Idaho','','70931 Hill Gardens','','','','','','','','','False','52');
INSERT INTO "npsp__Address__c" VALUES(34,'','Home','','False','','','False','','','Hintonland','','77957','Arkansas','','98422 Mann River','','','','','','','','','False','57');
INSERT INTO "npsp__Address__c" VALUES(35,'','Home','','False','','','False','','','North Mia','','29951','Georgia','','431 Stephens Cove','','','','','','','','','False','59');
INSERT INTO "npsp__Address__c" VALUES(36,'','Home','','False','','','False','','','Duncanland','','63464','Texas','','62167 Bradshaw Walks Suite 704','','','','','','','','','False','61');
INSERT INTO "npsp__Address__c" VALUES(37,'','Home','','False','','','False','','','North Joan','','56060','Montana','','41333 Corey Roads Apt. 652','','','','','','','','','False','63');
INSERT INTO "npsp__Address__c" VALUES(38,'','Home','','False','','','False','','','South Joborough','','70445','New Mexico','','2313 White Radial','','','','','','','','','False','65');
INSERT INTO "npsp__Address__c" VALUES(39,'','Home','','False','','','False','','','West Megan','','27588','Oklahoma','','783 Larsen Trafficway Apt. 611','','','','','','','','','False','67');
INSERT INTO "npsp__Address__c" VALUES(40,'','Home','','False','','','False','','','East Barbara','','10182','Ohio','','6804 Mccann Rapid Suite 693','','','','','','','','','False','70');
CREATE TABLE "npsp__Batch__c" (
	id INTEGER NOT NULL, 
	"Name" VARCHAR(255), 
	"npsp__Batch_Status__c" VARCHAR(255), 
	"npsp__Description__c" VARCHAR(255), 
	"npsp__Number_of_Items__c" VARCHAR(255), 
	"npsp__Object_Name__c" VARCHAR(255), 
	PRIMARY KEY (id)
);
COMMIT;
