BEGIN TRANSACTION;
CREATE TABLE "Account" (
	id INTEGER NOT NULL, 
	"Name" VARCHAR(255), 
	"RecordTypeId" VARCHAR(255), 
	"npe01__SYSTEMIsIndividual__c" VARCHAR(255), 
	"npe01__SYSTEM_AccountType__c" VARCHAR(255), 
	"npo02__AverageAmount__c" VARCHAR(255), 
	"npo02__Best_Gift_Year_Total__c" VARCHAR(255), 
	"npo02__Best_Gift_Year__c" VARCHAR(255), 
	"npo02__FirstCloseDate__c" VARCHAR(255), 
	"npo02__Formal_Greeting__c" VARCHAR(255), 
	"npo02__HouseholdPhone__c" VARCHAR(255), 
	"npo02__Informal_Greeting__c" VARCHAR(255), 
	"npo02__LargestAmount__c" VARCHAR(255), 
	"npo02__LastCloseDate__c" VARCHAR(255), 
	"npo02__LastMembershipAmount__c" VARCHAR(255), 
	"npo02__LastMembershipDate__c" VARCHAR(255), 
	"npo02__LastMembershipLevel__c" VARCHAR(255), 
	"npo02__LastMembershipOrigin__c" VARCHAR(255), 
	"npo02__LastOppAmount__c" VARCHAR(255), 
	"npo02__MembershipEndDate__c" VARCHAR(255), 
	"npo02__MembershipJoinDate__c" VARCHAR(255), 
	"npo02__NumberOfClosedOpps__c" VARCHAR(255), 
	"npo02__NumberOfMembershipOpps__c" VARCHAR(255), 
	"npo02__OppAmount2YearsAgo__c" VARCHAR(255), 
	"npo02__OppAmountLastNDays__c" VARCHAR(255), 
	"npo02__OppAmountLastYear__c" VARCHAR(255), 
	"npo02__OppAmountThisYear__c" VARCHAR(255), 
	"npo02__OppsClosed2YearsAgo__c" VARCHAR(255), 
	"npo02__OppsClosedLastNDays__c" VARCHAR(255), 
	"npo02__OppsClosedLastYear__c" VARCHAR(255), 
	"npo02__OppsClosedThisYear__c" VARCHAR(255), 
	"npo02__SYSTEM_CUSTOM_NAMING__c" VARCHAR(255), 
	"npo02__SmallestAmount__c" VARCHAR(255), 
	"npo02__TotalMembershipOppAmount__c" VARCHAR(255), 
	"npo02__TotalOppAmount__c" VARCHAR(255), 
	"npsp__Funding_Focus__c" VARCHAR(255), 
	"npsp__Grantmaker__c" VARCHAR(255), 
	"npsp__Matching_Gift_Administrator_Name__c" VARCHAR(255), 
	"npsp__Matching_Gift_Amount_Max__c" VARCHAR(255), 
	"npsp__Matching_Gift_Amount_Min__c" VARCHAR(255), 
	"npsp__Matching_Gift_Annual_Employee_Max__c" VARCHAR(255), 
	"npsp__Matching_Gift_Comments__c" VARCHAR(255), 
	"npsp__Matching_Gift_Company__c" VARCHAR(255), 
	"npsp__Matching_Gift_Email__c" VARCHAR(255), 
	"npsp__Matching_Gift_Info_Updated__c" VARCHAR(255), 
	"npsp__Matching_Gift_Percent__c" VARCHAR(255), 
	"npsp__Matching_Gift_Phone__c" VARCHAR(255), 
	"npsp__Matching_Gift_Request_Deadline__c" VARCHAR(255), 
	"npsp__Number_of_Household_Members__c" VARCHAR(255), 
	"ParentId" VARCHAR(255), 
	"npe01__One2OneContact__c" VARCHAR(255), 
	"npsp__Batch__c" VARCHAR(255), 
	PRIMARY KEY (id)
);
INSERT INTO "Account" VALUES(1,'Fitzgerald and Sons','0128A000002Z0WUQA0','False','','0.0','','','','','','','0.0','','0.0','','','','0.0','','','0.0','0.0','0.0','0.0','0.0','0.0','0.0','0.0','0.0','0.0','','0.0','0.0','0.0','','False','','','','','','False','','','','','','','','','');
INSERT INTO "Account" VALUES(2,'Walter Household','0128A000002Z0WTQA0','True','Household Account','0.0','','','','Ms. Davis Walter','','Sir or Madam','0.0','','0.0','','','','0.0','','','0.0','0.0','0.0','0.0','0.0','0.0','0.0','0.0','0.0','0.0','','0.0','0.0','0.0','','False','','','','','','False','','','','','','1.0','','28','');
INSERT INTO "Account" VALUES(3,'Jennings-Lozano','0128A000002Z0WUQA0','False','','0.0','','','','','','','0.0','','0.0','','','','0.0','','','0.0','0.0','0.0','0.0','0.0','0.0','0.0','0.0','0.0','0.0','','0.0','0.0','0.0','','False','','','','','','False','','','','','','','','','');
INSERT INTO "Account" VALUES(4,'Darlene Household','0128A000002Z0WTQA0','True','Household Account','0.0','','','','Prof. Crosby Darlene','','Sir or Madam','0.0','','0.0','','','','0.0','','','0.0','0.0','0.0','0.0','0.0','0.0','0.0','0.0','0.0','0.0','','0.0','0.0','0.0','','False','','','','','','False','','','','','','1.0','','21','');
INSERT INTO "Account" VALUES(5,'Jackson and Sons','0128A000002Z0WUQA0','False','','0.0','','','','','','','0.0','','0.0','','','','0.0','','','0.0','0.0','0.0','0.0','0.0','0.0','0.0','0.0','0.0','0.0','','0.0','0.0','0.0','','False','','','','','','False','','','','','','','','','');
INSERT INTO "Account" VALUES(6,'Jesus and Kristin Household','0128A000002Z0WTQA0','True','Household Account','0.0','','','','Dr. Hamilton Jesus and Dr. Bernard Kristin','','Sir or Madam','0.0','','0.0','','','','0.0','','','0.0','0.0','0.0','0.0','0.0','0.0','0.0','0.0','0.0','0.0','','0.0','0.0','0.0','','False','','','','','','False','','','','','','2.0','','23','');
INSERT INTO "Account" VALUES(7,'Terry-Mcbride','0128A000002Z0WUQA0','False','','0.0','','','','','','','0.0','','0.0','','','','0.0','','','0.0','0.0','0.0','0.0','0.0','0.0','0.0','0.0','0.0','0.0','','0.0','0.0','0.0','','False','','','','','','False','','','','','','','','','');
INSERT INTO "Account" VALUES(8,'The Household','0128A000002Z0WTQA0','True','Household Account','0.0','','','','','','','0.0','','0.0','','','','0.0','','','0.0','0.0','0.0','0.0','0.0','0.0','0.0','0.0','0.0','0.0','','0.0','0.0','0.0','','False','','','','','','False','','','','','','','','','');
INSERT INTO "Account" VALUES(9,'Robbins Ltd','0128A000002Z0WUQA0','False','','0.0','','','','','','','0.0','','0.0','','','','0.0','','','0.0','0.0','0.0','0.0','0.0','0.0','0.0','0.0','0.0','0.0','','0.0','0.0','0.0','','False','','','','','','False','','','','','','','','','');
INSERT INTO "Account" VALUES(10,'Jeanette, Benjamin and Jerome Household','0128A000002Z0WTQA0','True','Household Account','0.0','','','','Prof. Christian Jeanette and Ms. Chung Benjamin','','Galvan','0.0','','0.0','','','','0.0','','','0.0','0.0','0.0','0.0','0.0','0.0','0.0','0.0','0.0','0.0','','0.0','0.0','0.0','','False','','','','','','False','','','','','','3.0','','26','');
INSERT INTO "Account" VALUES(11,'Murray-Kim','0128A000002Z0WUQA0','False','','0.0','','','','','','','0.0','','0.0','','','','0.0','','','0.0','0.0','0.0','0.0','0.0','0.0','0.0','0.0','0.0','0.0','','0.0','0.0','0.0','','False','','','','','','False','','','','','','','','','');
INSERT INTO "Account" VALUES(12,'Willis, Turner and Fisher','0128A000002Z0WUQA0','False','','0.0','','','','','','','0.0','','0.0','','','','0.0','','','0.0','0.0','0.0','0.0','0.0','0.0','0.0','0.0','0.0','0.0','','0.0','0.0','0.0','','False','','','','','','False','','','','','','','','','');
INSERT INTO "Account" VALUES(13,'Teresa and Shawna Household','0128A000002Z0WTQA0','True','Household Account','0.0','','','','Mrs. Simpson Teresa, Mr. Walton Bailey and Ms. Ayala Shawna','','Walton','0.0','','0.0','','','','0.0','','','0.0','0.0','0.0','0.0','0.0','0.0','0.0','0.0','0.0','0.0','','0.0','0.0','0.0','','False','','','','','','False','','','','','','3.0','','50','');
INSERT INTO "Account" VALUES(14,'Alexander, Hancock and Solomon','0128A000002Z0WUQA0','False','','0.0','','','','','','','0.0','','0.0','','','','0.0','','','0.0','0.0','0.0','0.0','0.0','0.0','0.0','0.0','0.0','0.0','','0.0','0.0','0.0','','False','','','','','','False','','','','','','','','','');
INSERT INTO "Account" VALUES(15,'The Household','0128A000002Z0WTQA0','True','Household Account','0.0','','','','','','','0.0','','0.0','','','','0.0','','','0.0','0.0','0.0','0.0','0.0','0.0','0.0','0.0','0.0','0.0','','0.0','0.0','0.0','','False','','','','','','False','','','','','','','','','');
INSERT INTO "Account" VALUES(16,'Fitzgerald-Davies','0128A000002Z0WUQA0','False','','0.0','','','','','','','0.0','','0.0','','','','0.0','','','0.0','0.0','0.0','0.0','0.0','0.0','0.0','0.0','0.0','0.0','','0.0','0.0','0.0','','False','','','','','','False','','','','','','','','','');
INSERT INTO "Account" VALUES(17,'Velasquez Inc','0128A000002Z0WTQA0','True','Household Account','0.0','','','','','','','0.0','','0.0','','','','0.0','','','0.0','0.0','0.0','0.0','0.0','0.0','0.0','0.0','0.0','0.0','','0.0','0.0','0.0','','False','','','','','','False','','','','','','','','','');
INSERT INTO "Account" VALUES(18,'Vasquez','0128A000002Z0WUQA0','False','','0.0','','','','','','','0.0','','0.0','','','','0.0','','','0.0','0.0','0.0','0.0','0.0','0.0','0.0','0.0','0.0','0.0','','0.0','0.0','0.0','','False','','','','','','False','','','','','','','','','');
INSERT INTO "Account" VALUES(19,'Franklin and Sons','0128A000002Z0WUQA0','False','Issue only above five key.','0.0','66679.0','1985','2021-05-16','May east thought class red cover whole. Final middle scientist issue trade could budget.','+1-944-886-0650x5361','Cause outside decade scene. Life voice resource morning.','0.0','2021-09-18','0.0','2021-08-05','Part one his suddenly religious side. Important law write get two economic improve unit.','Probably will stop alone everything bad national father.','0.0','2021-05-25','2021-07-24','0.0','0.0','0.0','0.0','0.0','0.0','0.0','0.0','0.0','0.0','Informal_Greeting__c','0.0','0.0','0.0','Arts and Culture','False','Mrs. Robin Cummings PhD','45751.0','11594.0','19062.0','Generation sing beyond assume suddenly over.','False','ortegalogan@example.org','2020-12-12','59.0','(945)864-5861x87648','Spend person state summer. Society treatment north three. First minute wind health box.','37718.0','','','');
INSERT INTO "Account" VALUES(20,'Marissa Household','0128A000002Z0WTQA0','True','Household Account','0.0','','','','Sir or Madam','','Aguilar','0.0','','0.0','','','','0.0','','','0.0','0.0','0.0','0.0','0.0','0.0','0.0','0.0','0.0','0.0','','0.0','0.0','0.0','','False','','','','','','False','','','','','','1.0','','32','');
INSERT INTO "Account" VALUES(21,'Ryan-Ross','0128A000002Z0WUQA0','False','','0.0','','','','','','','0.0','','0.0','','','','0.0','','','0.0','0.0','0.0','0.0','0.0','0.0','0.0','0.0','0.0','0.0','','0.0','0.0','0.0','','False','','','','','','False','','','','','','','','','');
INSERT INTO "Account" VALUES(22,'Autumn Household','0128A000002Z0WTQA0','True','Household Account','0.0','','','','Sir or Madam','','Rivers','0.0','','0.0','','','','0.0','','','0.0','0.0','0.0','0.0','0.0','0.0','0.0','0.0','0.0','0.0','','0.0','0.0','0.0','','False','','','','','','False','','','','','','1.0','','33','');
INSERT INTO "Account" VALUES(23,'Ewing, Buckley and Roman','0128A000002Z0WUQA0','False','','0.0','','','','','','','0.0','','0.0','','','','0.0','','','0.0','0.0','0.0','0.0','0.0','0.0','0.0','0.0','0.0','0.0','','0.0','0.0','0.0','','False','','','','','','False','','','','','','','','','');
INSERT INTO "Account" VALUES(24,'Brandi Household','0128A000002Z0WTQA0','True','Household Account','0.0','','','','Ms. Le Maxwell','','Le and Avery','0.0','','0.0','','','','0.0','','','0.0','0.0','0.0','0.0','0.0','0.0','0.0','0.0','0.0','0.0','','0.0','0.0','0.0','','False','','','','','','False','','','','','','2.0','','35','');
INSERT INTO "Account" VALUES(25,'Ross and Sons','0128A000002Z0WUQA0','False','','0.0','','','','','','','0.0','','0.0','','','','0.0','','','0.0','0.0','0.0','0.0','0.0','0.0','0.0','0.0','0.0','0.0','','0.0','0.0','0.0','','False','','','','','','False','','','','','','','','','');
INSERT INTO "Account" VALUES(26,'Veronica and Virginia Household','0128A000002Z0WTQA0','True','Household Account','0.0','','','','Mrs. Arroyo Veronica, Mr. Pruitt Virginia and Prof. Miranda Candice','','Miranda','0.0','','0.0','','','','0.0','','','0.0','0.0','0.0','0.0','0.0','0.0','0.0','0.0','0.0','0.0','','0.0','0.0','0.0','','False','','','','','','False','','','','','','3.0','','38','');
INSERT INTO "Account" VALUES(27,'Kelly Ltd','0128A000002Z0WUQA0','False','','0.0','','','','','','','0.0','','0.0','','','','0.0','','','0.0','0.0','0.0','0.0','0.0','0.0','0.0','0.0','0.0','0.0','','0.0','0.0','0.0','','False','','','','','','False','','','','','','','','','');
INSERT INTO "Account" VALUES(28,'The Household','0128A000002Z0WTQA0','True','Household Account','0.0','','','','','','','0.0','','0.0','','','','0.0','','','0.0','0.0','0.0','0.0','0.0','0.0','0.0','0.0','0.0','0.0','','0.0','0.0','0.0','','False','','','','','','False','','','','','','','','','');
INSERT INTO "Account" VALUES(29,'Reese-Bates','0128A000002Z0WUQA0','False','','0.0','','','','','','','0.0','','0.0','','','','0.0','','','0.0','0.0','0.0','0.0','0.0','0.0','0.0','0.0','0.0','0.0','','0.0','0.0','0.0','','False','','','','','','False','','','','','','','','','');
INSERT INTO "Account" VALUES(30,'Mitchell, Jacqueline and Ashlee Household','0128A000002Z0WTQA0','True','Household Account','0.0','','','','Ms. Best Jacqueline and Mrs. Spears Ashlee','','Shelton','0.0','','0.0','','','','0.0','','','0.0','0.0','0.0','0.0','0.0','0.0','0.0','0.0','0.0','0.0','','0.0','0.0','0.0','','False','','','','','','False','','','','','','3.0','','53','');
INSERT INTO "Account" VALUES(31,'Hardy Inc','0128A000002Z0WUQA0','False','','0.0','','','','','','','0.0','','0.0','','','','0.0','','','0.0','0.0','0.0','0.0','0.0','0.0','0.0','0.0','0.0','0.0','','0.0','0.0','0.0','','False','','','','','','False','','','','','','','','','');
INSERT INTO "Account" VALUES(32,'Harrington-Golden','0128A000002Z0WUQA0','False','','0.0','','','','','','','0.0','','0.0','','','','0.0','','','0.0','0.0','0.0','0.0','0.0','0.0','0.0','0.0','0.0','0.0','','0.0','0.0','0.0','','False','','','','','','False','','','','','','','','','');
INSERT INTO "Account" VALUES(33,'Roy Household','0128A000002Z0WTQA0','True','Household Account','0.0','','','','Mr. Harrell Roy and Dr. Meyer Tabitha','','Meyer','0.0','','0.0','','','','0.0','','','0.0','0.0','0.0','0.0','0.0','0.0','0.0','0.0','0.0','0.0','','0.0','0.0','0.0','','False','','','','','','False','','','','','','2.0','','56','');
INSERT INTO "Account" VALUES(34,'French Ltd','0128A000002Z0WUQA0','False','','0.0','','','','','','','0.0','','0.0','','','','0.0','','','0.0','0.0','0.0','0.0','0.0','0.0','0.0','0.0','0.0','0.0','','0.0','0.0','0.0','','False','','','','','','False','','','','','','','','','');
INSERT INTO "Account" VALUES(35,'The Household','0128A000002Z0WTQA0','True','Household Account','0.0','','','','','','','0.0','','0.0','','','','0.0','','','0.0','0.0','0.0','0.0','0.0','0.0','0.0','0.0','0.0','0.0','','0.0','0.0','0.0','','False','','','','','','False','','','','','','','','','');
INSERT INTO "Account" VALUES(36,'Allen and Sons','0128A000002Z0WUQA0','False','','0.0','','','','','','','0.0','','0.0','','','','0.0','','','0.0','0.0','0.0','0.0','0.0','0.0','0.0','0.0','0.0','0.0','','0.0','0.0','0.0','','False','','','','','','False','','','','','','','','','');
INSERT INTO "Account" VALUES(37,'Lane, Booker and Burke','0128A000002Z0WTQA0','True','Household Account','0.0','','','','','','','0.0','','0.0','','','','0.0','','','0.0','0.0','0.0','0.0','0.0','0.0','0.0','0.0','0.0','0.0','','0.0','0.0','0.0','','False','','','','','','False','','','','','','','','','');
INSERT INTO "Account" VALUES(38,'Gallagher','0128A000002Z0WUQA0','False','','0.0','','','','','','','0.0','','0.0','','','','0.0','','','0.0','0.0','0.0','0.0','0.0','0.0','0.0','0.0','0.0','0.0','','0.0','0.0','0.0','','False','','','','','','False','','','','','','','','','');
INSERT INTO "Account" VALUES(39,'Mills-Garrison','0128A000002Z0WUQA0','False','Those knowledge matter true camera head main. Majority director me federal mention age nation.','0.0','38830.0','1993','2021-02-05','Back man once water goal assume sister chance. Knowledge pattern color. Current walk tonight true.','(910)673-8458x8638','Different always strategy win strategy hear laugh class.','0.0','2020-12-17','0.0','2021-09-19','Apply service everyone others PM nothing know. Economic hotel somebody side realize.','Effect southern Republican hold pull join boy. Amount career region some left.','0.0','2021-09-28','2021-08-10','0.0','0.0','0.0','0.0','0.0','0.0','0.0','0.0','0.0','0.0','Formal_Greeting__c','0.0','0.0','0.0','Human Services','False','Adam Lowery','62044.0','51533.0','63883.0','Old exist hospital I think. To phone specific beautiful particular perhaps page.','False','stacieruiz@example.net','2021-06-01','79.0','+1-236-448-1126','Really recent cause appear themselves civil poor. Increase power option style future.','34189.0','','','');
INSERT INTO "Account" VALUES(40,'Kenneth and Cesar Household','0128A000002Z0WTQA0','True','Household Account','0.0','','','','Mrs. Beard Cesar and Ms. Stanton Alicia','','Zamora and Stanton','0.0','','0.0','','','','0.0','','','0.0','0.0','0.0','0.0','0.0','0.0','0.0','0.0','0.0','0.0','','0.0','0.0','0.0','','False','','','','','','False','','','','','','3.0','','72','');
INSERT INTO "Account" VALUES(41,'Baird PLC','0128A000002Z0WUQA0','False','','0.0','','','','','','','0.0','','0.0','','','','0.0','','','0.0','0.0','0.0','0.0','0.0','0.0','0.0','0.0','0.0','0.0','','0.0','0.0','0.0','','False','','','','','','False','','','','','','','','','');
INSERT INTO "Account" VALUES(42,'Penny Household','0128A000002Z0WTQA0','True','Household Account','0.0','','','','Sir or Madam','','Parrish','0.0','','0.0','','','','0.0','','','0.0','0.0','0.0','0.0','0.0','0.0','0.0','0.0','0.0','0.0','','0.0','0.0','0.0','','False','','','','','','False','','','','','','1.0','','73','');
INSERT INTO "Account" VALUES(43,'Bright, Villa and Stephenson','0128A000002Z0WUQA0','False','','0.0','','','','','','','0.0','','0.0','','','','0.0','','','0.0','0.0','0.0','0.0','0.0','0.0','0.0','0.0','0.0','0.0','','0.0','0.0','0.0','','False','','','','','','False','','','','','','','','','');
INSERT INTO "Account" VALUES(44,'Tanya and Jared Household','0128A000002Z0WTQA0','True','Household Account','0.0','','','','Mrs. Bauer Tanya and Prof. Lozano Harold','','Dunlap and Lozano','0.0','','0.0','','','','0.0','','','0.0','0.0','0.0','0.0','0.0','0.0','0.0','0.0','0.0','0.0','','0.0','0.0','0.0','','False','','','','','','False','','','','','','3.0','','76','');
INSERT INTO "Account" VALUES(45,'Lamb, Holland and Khan','0128A000002Z0WUQA0','False','','0.0','','','','','','','0.0','','0.0','','','','0.0','','','0.0','0.0','0.0','0.0','0.0','0.0','0.0','0.0','0.0','0.0','','0.0','0.0','0.0','','False','','','','','','False','','','','','','','','','');
INSERT INTO "Account" VALUES(46,'Kathryn and Gabrielle Household','0128A000002Z0WTQA0','True','Household Account','0.0','','','','Ms. Mahoney Kathryn, Mrs. Cantrell Gabrielle and Prof. Buchanan Caitlyn','','Buchanan','0.0','','0.0','','','','0.0','','','0.0','0.0','0.0','0.0','0.0','0.0','0.0','0.0','0.0','0.0','','0.0','0.0','0.0','','False','','','','','','False','','','','','','3.0','','89','');
INSERT INTO "Account" VALUES(47,'Collier, Pham and Ochoa','0128A000002Z0WUQA0','False','','0.0','','','','','','','0.0','','0.0','','','','0.0','','','0.0','0.0','0.0','0.0','0.0','0.0','0.0','0.0','0.0','0.0','','0.0','0.0','0.0','','False','','','','','','False','','','','','','','','','');
INSERT INTO "Account" VALUES(48,'The Household','0128A000002Z0WTQA0','True','Household Account','0.0','','','','','','','0.0','','0.0','','','','0.0','','','0.0','0.0','0.0','0.0','0.0','0.0','0.0','0.0','0.0','0.0','','0.0','0.0','0.0','','False','','','','','','False','','','','','','','','','');
INSERT INTO "Account" VALUES(49,'Freeman-Rosales','0128A000002Z0WUQA0','False','','0.0','','','','','','','0.0','','0.0','','','','0.0','','','0.0','0.0','0.0','0.0','0.0','0.0','0.0','0.0','0.0','0.0','','0.0','0.0','0.0','','False','','','','','','False','','','','','','','','','');
INSERT INTO "Account" VALUES(50,'Meagan and Kaitlyn Household','0128A000002Z0WTQA0','True','Household Account','0.0','','','','Dr. Salas Ernest and Dr. Wang Kaitlyn','','Salas and Boyd','0.0','','0.0','','','','0.0','','','0.0','0.0','0.0','0.0','0.0','0.0','0.0','0.0','0.0','0.0','','0.0','0.0','0.0','','False','','','','','','False','','','','','','3.0','','92','');
INSERT INTO "Account" VALUES(51,'Wolfe LLC','0128A000002Z0WUQA0','False','','0.0','','','','','','','0.0','','0.0','','','','0.0','','','0.0','0.0','0.0','0.0','0.0','0.0','0.0','0.0','0.0','0.0','','0.0','0.0','0.0','','False','','','','','','False','','','','','','','','','');
INSERT INTO "Account" VALUES(52,'Castaneda Inc','0128A000002Z0WUQA0','False','','0.0','','','','','','','0.0','','0.0','','','','0.0','','','0.0','0.0','0.0','0.0','0.0','0.0','0.0','0.0','0.0','0.0','','0.0','0.0','0.0','','False','','','','','','False','','','','','','','','','');
INSERT INTO "Account" VALUES(53,'Joe, Crystal and Glen Household','0128A000002Z0WTQA0','True','Household Account','0.0','','','','Prof. Baker Glen','','Cox and Mathis','0.0','','0.0','','','','0.0','','','0.0','0.0','0.0','0.0','0.0','0.0','0.0','0.0','0.0','0.0','','0.0','0.0','0.0','','False','','','','','','False','','','','','','3.0','','96','');
INSERT INTO "Account" VALUES(54,'Bennett Ltd','0128A000002Z0WUQA0','False','','0.0','','','','','','','0.0','','0.0','','','','0.0','','','0.0','0.0','0.0','0.0','0.0','0.0','0.0','0.0','0.0','0.0','','0.0','0.0','0.0','','False','','','','','','False','','','','','','','','','');
INSERT INTO "Account" VALUES(55,'The Household','0128A000002Z0WTQA0','True','Household Account','0.0','','','','','','','0.0','','0.0','','','','0.0','','','0.0','0.0','0.0','0.0','0.0','0.0','0.0','0.0','0.0','0.0','','0.0','0.0','0.0','','False','','','','','','False','','','','','','','','','');
INSERT INTO "Account" VALUES(56,'Holder, Byrd and Frank','0128A000002Z0WUQA0','False','','0.0','','','','','','','0.0','','0.0','','','','0.0','','','0.0','0.0','0.0','0.0','0.0','0.0','0.0','0.0','0.0','0.0','','0.0','0.0','0.0','','False','','','','','','False','','','','','','','','','');
INSERT INTO "Account" VALUES(57,'Cantu-Moran','0128A000002Z0WTQA0','True','Household Account','0.0','','','','','','','0.0','','0.0','','','','0.0','','','0.0','0.0','0.0','0.0','0.0','0.0','0.0','0.0','0.0','0.0','','0.0','0.0','0.0','','False','','','','','','False','','','','','','','','','');
INSERT INTO "Account" VALUES(58,'Hunter','0128A000002Z0WUQA0','False','','0.0','','','','','','','0.0','','0.0','','','','0.0','','','0.0','0.0','0.0','0.0','0.0','0.0','0.0','0.0','0.0','0.0','','0.0','0.0','0.0','','False','','','','','','False','','','','','','','','','');
INSERT INTO "Account" VALUES(59,'Lucas-Dixon','0128A000002Z0WUQA0','False','Mind bag their box break century seven. Sound energy evening everything alone case imagine.','0.0','92416.0','1985','2021-06-01','Moment use four effort. Recently take bring eat.','001-143-324-1007x1528','Player day able rich cause. Field ready stock administration. Cell again address month.','0.0','2020-12-27','0.0','2021-02-03','Economy argue water but box series nearly. Often case night certain worker.','Over beautiful call those study detail. Age argue until anything establish big check.','0.0','2020-12-27','2021-04-10','0.0','0.0','0.0','0.0','0.0','0.0','0.0','0.0','0.0','0.0','Informal_Greeting__c','0.0','0.0','0.0','Environmental','False','Kurt Valencia','64134.0','36188.0','44.0','Tonight TV happy foot season trial think. Choose art authority wind.','False','lukewood@example.com','2021-02-04','91.0','001-095-764-1601','Catch job light travel record something. Kid soon energy hit around including with.','54101.0','','','');
INSERT INTO "Account" VALUES(60,'Guy, Rebecca and Robert Household','0128A000002Z0WTQA0','True','Household Account','0.0','','','','Mrs. English Guy, Dean Rebecca and Mcpherson Robert','','Dean and Mcpherson','0.0','','0.0','','','','0.0','','','0.0','0.0','0.0','0.0','0.0','0.0','0.0','0.0','0.0','0.0','','0.0','0.0','0.0','','False','','','','','','False','','','','','','3.0','','86','');
INSERT INTO "Account" VALUES(61,'Krause Group','0128A000002Z0WUQA0','False','','0.0','','','','','','','0.0','','0.0','','','','0.0','','','0.0','0.0','0.0','0.0','0.0','0.0','0.0','0.0','0.0','0.0','','0.0','0.0','0.0','','False','','','','','','False','','','','','','','','','');
INSERT INTO "Account" VALUES(62,'William, Eddie and Jacob Household','0128A000002Z0WTQA0','True','Household Account','0.0','','','','Mrs. Roberson Selena, Miller Eddie and Dillon Jacob','','Jacobs, Roberson, Miller and Dillon','0.0','','0.0','','','','0.0','','','0.0','0.0','0.0','0.0','0.0','0.0','0.0','0.0','0.0','0.0','','0.0','0.0','0.0','','False','','','','','','False','','','','','','4.0','','8','');
INSERT INTO "Account" VALUES(63,'Berg-Nunez','0128A000002Z0WUQA0','False','','0.0','','','','','','','0.0','','0.0','','','','0.0','','','0.0','0.0','0.0','0.0','0.0','0.0','0.0','0.0','0.0','0.0','','0.0','0.0','0.0','','False','','','','','','False','','','','','','','','','');
INSERT INTO "Account" VALUES(64,'Adrienne, Bobby and Tiffany Household','0128A000002Z0WTQA0','True','Household Account','0.0','','','','Rosario Bobby and Watts Tiffany','','Harrison, Rosario and Watts','0.0','','0.0','','','','0.0','','','0.0','0.0','0.0','0.0','0.0','0.0','0.0','0.0','0.0','0.0','','0.0','0.0','0.0','','False','','','','','','False','','','','','','3.0','','31','');
INSERT INTO "Account" VALUES(65,'Donaldson LLC','0128A000002Z0WUQA0','False','','0.0','','','','','','','0.0','','0.0','','','','0.0','','','0.0','0.0','0.0','0.0','0.0','0.0','0.0','0.0','0.0','0.0','','0.0','0.0','0.0','','False','','','','','','False','','','','','','','','','');
INSERT INTO "Account" VALUES(66,'Christine, Darius and Glen Household','0128A000002Z0WTQA0','True','Household Account','0.0','','','','Prof. Cantu Alan, Graham Darius and Lynch Glen','','Cantu, Roberts, Graham and Lynch','0.0','','0.0','','','','0.0','','','0.0','0.0','0.0','0.0','0.0','0.0','0.0','0.0','0.0','0.0','','0.0','0.0','0.0','','False','','','','','','False','','','','','','4.0','','60','');
INSERT INTO "Account" VALUES(67,'Gibson PLC','0128A000002Z0WUQA0','False','','0.0','','','','','','','0.0','','0.0','','','','0.0','','','0.0','0.0','0.0','0.0','0.0','0.0','0.0','0.0','0.0','0.0','','0.0','0.0','0.0','','False','','','','','','False','','','','','','','','','');
INSERT INTO "Account" VALUES(68,'The Household','0128A000002Z0WTQA0','True','Household Account','0.0','','','','','','','0.0','','0.0','','','','0.0','','','0.0','0.0','0.0','0.0','0.0','0.0','0.0','0.0','0.0','0.0','','0.0','0.0','0.0','','False','','','','','','False','','','','','','','','','');
INSERT INTO "Account" VALUES(69,'Valdez, Martin and House','0128A000002Z0WUQA0','False','','0.0','','','','','','','0.0','','0.0','','','','0.0','','','0.0','0.0','0.0','0.0','0.0','0.0','0.0','0.0','0.0','0.0','','0.0','0.0','0.0','','False','','','','','','False','','','','','','','','','');
INSERT INTO "Account" VALUES(70,'Marie, Kaitlin and Alexis Household','0128A000002Z0WTQA0','True','Household Account','0.0','','','','Prof. Hopkins Marie, Perkins Kaitlin and Rhodes Alexis','','Perkins and Rhodes','0.0','','0.0','','','','0.0','','','0.0','0.0','0.0','0.0','0.0','0.0','0.0','0.0','0.0','0.0','','0.0','0.0','0.0','','False','','','','','','False','','','','','','3.0','','108','');
INSERT INTO "Account" VALUES(71,'Estrada LLC','0128A000002Z0WUQA0','False','','0.0','','','','','','','0.0','','0.0','','','','0.0','','','0.0','0.0','0.0','0.0','0.0','0.0','0.0','0.0','0.0','0.0','','0.0','0.0','0.0','','False','','','','','','False','','','','','','','','','');
INSERT INTO "Account" VALUES(72,'Hubbard PLC','0128A000002Z0WUQA0','False','','0.0','','','','','','','0.0','','0.0','','','','0.0','','','0.0','0.0','0.0','0.0','0.0','0.0','0.0','0.0','0.0','0.0','','0.0','0.0','0.0','','False','','','','','','False','','','','','','','','','');
INSERT INTO "Account" VALUES(73,'Courtney, Drew, Angelica and Karla Household','0128A000002Z0WTQA0','True','Household Account','0.0','','','','Ms. Holmes Darius, Mrs. Wheeler Courtney, Ms. Lyons Drew, Moss Angelica and Drake Karla','','Holmes, Moss and Drake','0.0','','0.0','','','','0.0','','','0.0','0.0','0.0','0.0','0.0','0.0','0.0','0.0','0.0','0.0','','0.0','0.0','0.0','','False','','','','','','False','','','','','','5.0','','111','');
INSERT INTO "Account" VALUES(74,'Cain, Callahan and Park','0128A000002Z0WUQA0','False','','0.0','','','','','','','0.0','','0.0','','','','0.0','','','0.0','0.0','0.0','0.0','0.0','0.0','0.0','0.0','0.0','0.0','','0.0','0.0','0.0','','False','','','','','','False','','','','','','','','','');
INSERT INTO "Account" VALUES(75,'The Household','0128A000002Z0WTQA0','True','Household Account','0.0','','','','','','','0.0','','0.0','','','','0.0','','','0.0','0.0','0.0','0.0','0.0','0.0','0.0','0.0','0.0','0.0','','0.0','0.0','0.0','','False','','','','','','False','','','','','','','','','');
INSERT INTO "Account" VALUES(76,'Salas-Barnett','0128A000002Z0WUQA0','False','','0.0','','','','','','','0.0','','0.0','','','','0.0','','','0.0','0.0','0.0','0.0','0.0','0.0','0.0','0.0','0.0','0.0','','0.0','0.0','0.0','','False','','','','','','False','','','','','','','','','');
INSERT INTO "Account" VALUES(77,'Booth-Maxwell','0128A000002Z0WTQA0','True','Household Account','0.0','','','','','','','0.0','','0.0','','','','0.0','','','0.0','0.0','0.0','0.0','0.0','0.0','0.0','0.0','0.0','0.0','','0.0','0.0','0.0','','False','','','','','','False','','','','','','','','','');
INSERT INTO "Account" VALUES(78,'Harrison','0128A000002Z0WUQA0','False','','0.0','','','','','','','0.0','','0.0','','','','0.0','','','0.0','0.0','0.0','0.0','0.0','0.0','0.0','0.0','0.0','0.0','','0.0','0.0','0.0','','False','','','','','','False','','','','','','','','','');
INSERT INTO "Account" VALUES(79,'Flowers-Sullivan','0128A000002Z0WUQA0','False','Provide issue kitchen consumer report later stuff. Care over join may.','0.0','8705.0','1992','2021-09-02','See media network similar realize allow finish full. Help positive at hospital may tree.','(709)441-2723','Field health stay. Ask group maintain past. Every off peace around include.','0.0','2021-07-21','0.0','2021-04-14','Staff exactly outside ahead girl ball. Daughter capital local arm.','Debate according law around. Sea charge understand capital others some style.','0.0','2021-02-10','2021-01-08','0.0','0.0','0.0','0.0','0.0','0.0','0.0','0.0','0.0','0.0','Formal_Greeting__c','0.0','0.0','0.0','Capacity Building','False','Lawrence Taylor','68117.0','1359.0','95721.0','Right three expert table. Effect interview whatever none.','False','coffeyleroy@example.net','2021-02-26','60.0','586.273.2081x56222','Read yard natural foreign same area. Meet man song sport.','65756.0','','','');
INSERT INTO "Account" VALUES(80,'Jim Household','0128A000002Z0WTQA0','True','Household Account','0.0','','','','Mrs. House Jim and Ms. Cruz Dalton','','Cruz','0.0','','0.0','','','','0.0','','','0.0','0.0','0.0','0.0','0.0','0.0','0.0','0.0','0.0','0.0','','0.0','0.0','0.0','','False','','','','','','False','','','','','','2.0','','16','');
INSERT INTO "Account" VALUES(81,'Moody-Strong','0128A000002Z0WUQA0','False','','0.0','','','','','','','0.0','','0.0','','','','0.0','','','0.0','0.0','0.0','0.0','0.0','0.0','0.0','0.0','0.0','0.0','','0.0','0.0','0.0','','False','','','','','','False','','','','','','','','','');
INSERT INTO "Account" VALUES(82,'Dakota and Steve Household','0128A000002Z0WTQA0','True','Household Account','0.0','','','','Dr. Ford Dakota and Mr. Mcgee Steve','','Sir or Madam','0.0','','0.0','','','','0.0','','','0.0','0.0','0.0','0.0','0.0','0.0','0.0','0.0','0.0','0.0','','0.0','0.0','0.0','','False','','','','','','False','','','','','','2.0','','18','');
INSERT INTO "Account" VALUES(83,'Wise, Sims and Douglas','0128A000002Z0WUQA0','False','','0.0','','','','','','','0.0','','0.0','','','','0.0','','','0.0','0.0','0.0','0.0','0.0','0.0','0.0','0.0','0.0','0.0','','0.0','0.0','0.0','','False','','','','','','False','','','','','','','','','');
INSERT INTO "Account" VALUES(84,'Christy Household','0128A000002Z0WTQA0','True','Household Account','0.0','','','','Mr. Ferguson Allison','','Ferguson and Cervantes','0.0','','0.0','','','','0.0','','','0.0','0.0','0.0','0.0','0.0','0.0','0.0','0.0','0.0','0.0','','0.0','0.0','0.0','','False','','','','','','False','','','','','','2.0','','20','');
INSERT INTO "Account" VALUES(85,'Contreras, Grant and Lyons','0128A000002Z0WUQA0','False','','0.0','','','','','','','0.0','','0.0','','','','0.0','','','0.0','0.0','0.0','0.0','0.0','0.0','0.0','0.0','0.0','0.0','','0.0','0.0','0.0','','False','','','','','','False','','','','','','','','','');
INSERT INTO "Account" VALUES(86,'Anonymous Household','0128A000002Z0WTQA0','True','Household Account','0.0','','','','Mrs. Leonard Allison and Mrs. Barajas Jorge','','Leonard and Barajas','0.0','','0.0','','','','0.0','','','0.0','0.0','0.0','0.0','0.0','0.0','0.0','0.0','0.0','0.0','','0.0','0.0','0.0','','False','','','','','','False','','','','','','2.0','','40','');
INSERT INTO "Account" VALUES(87,'Robinson-Mayer','0128A000002Z0WUQA0','False','','0.0','','','','','','','0.0','','0.0','','','','0.0','','','0.0','0.0','0.0','0.0','0.0','0.0','0.0','0.0','0.0','0.0','','0.0','0.0','0.0','','False','','','','','','False','','','','','','','','','');
INSERT INTO "Account" VALUES(88,'The Household','0128A000002Z0WTQA0','True','Household Account','0.0','','','','','','','0.0','','0.0','','','','0.0','','','0.0','0.0','0.0','0.0','0.0','0.0','0.0','0.0','0.0','0.0','','0.0','0.0','0.0','','False','','','','','','False','','','','','','','','','');
INSERT INTO "Account" VALUES(89,'Day, Henderson and Kennedy','0128A000002Z0WUQA0','False','','0.0','','','','','','','0.0','','0.0','','','','0.0','','','0.0','0.0','0.0','0.0','0.0','0.0','0.0','0.0','0.0','0.0','','0.0','0.0','0.0','','False','','','','','','False','','','','','','','','','');
INSERT INTO "Account" VALUES(90,'Paul and Kristy Household','0128A000002Z0WTQA0','True','Household Account','0.0','','','','Sir or Madam','','Frazier and Medina','0.0','','0.0','','','','0.0','','','0.0','0.0','0.0','0.0','0.0','0.0','0.0','0.0','0.0','0.0','','0.0','0.0','0.0','','False','','','','','','False','','','','','','2.0','','42','');
INSERT INTO "Account" VALUES(91,'Roberts PLC','0128A000002Z0WUQA0','False','','0.0','','','','','','','0.0','','0.0','','','','0.0','','','0.0','0.0','0.0','0.0','0.0','0.0','0.0','0.0','0.0','0.0','','0.0','0.0','0.0','','False','','','','','','False','','','','','','','','','');
INSERT INTO "Account" VALUES(92,'Lowe Ltd','0128A000002Z0WUQA0','False','','0.0','','','','','','','0.0','','0.0','','','','0.0','','','0.0','0.0','0.0','0.0','0.0','0.0','0.0','0.0','0.0','0.0','','0.0','0.0','0.0','','False','','','','','','False','','','','','','','','','');
INSERT INTO "Account" VALUES(93,'Gina Household','0128A000002Z0WTQA0','True','Household Account','0.0','','','','Mrs. Russell Casey','','Jimenez and Russell','0.0','','0.0','','','','0.0','','','0.0','0.0','0.0','0.0','0.0','0.0','0.0','0.0','0.0','0.0','','0.0','0.0','0.0','','False','','','','','','False','','','','','','2.0','','45','');
INSERT INTO "Account" VALUES(94,'Duarte, Clay and Ball','0128A000002Z0WUQA0','False','','0.0','','','','','','','0.0','','0.0','','','','0.0','','','0.0','0.0','0.0','0.0','0.0','0.0','0.0','0.0','0.0','0.0','','0.0','0.0','0.0','','False','','','','','','False','','','','','','','','','');
INSERT INTO "Account" VALUES(95,'The Household','0128A000002Z0WTQA0','True','Household Account','0.0','','','','','','','0.0','','0.0','','','','0.0','','','0.0','0.0','0.0','0.0','0.0','0.0','0.0','0.0','0.0','0.0','','0.0','0.0','0.0','','False','','','','','','False','','','','','','','','','');
INSERT INTO "Account" VALUES(96,'Russo, Harrell and Sheppard','0128A000002Z0WUQA0','False','','0.0','','','','','','','0.0','','0.0','','','','0.0','','','0.0','0.0','0.0','0.0','0.0','0.0','0.0','0.0','0.0','0.0','','0.0','0.0','0.0','','False','','','','','','False','','','','','','','','','');
INSERT INTO "Account" VALUES(97,'Vasquez-Porter','0128A000002Z0WTQA0','True','Household Account','0.0','','','','','','','0.0','','0.0','','','','0.0','','','0.0','0.0','0.0','0.0','0.0','0.0','0.0','0.0','0.0','0.0','','0.0','0.0','0.0','','False','','','','','','False','','','','','','','','','');
INSERT INTO "Account" VALUES(98,'Powell','0128A000002Z0WUQA0','False','','0.0','','','','','','','0.0','','0.0','','','','0.0','','','0.0','0.0','0.0','0.0','0.0','0.0','0.0','0.0','0.0','0.0','','0.0','0.0','0.0','','False','','','','','','False','','','','','','','','','');
INSERT INTO "Account" VALUES(99,'Gonzalez, Gay and Garza','0128A000002Z0WUQA0','False','Shoulder among point contain. Would gun force cup eye. Vote say full parent federal can.','0.0','42150.0','2005','2021-02-02','Region seven else maybe. Move training adult teacher stage less.','2130026510','West water physical hair together. Quality ok whom cultural drop senior east.','0.0','2021-09-16','0.0','2021-01-17','Space doctor decade character analysis particular debate. Own mean bag simple us drug nation.','When leave red series or religious. Day speech word shake bag. Main decade can pick when.','0.0','2021-04-23','2021-04-17','0.0','0.0','0.0','0.0','0.0','0.0','0.0','0.0','0.0','0.0','Name','0.0','0.0','0.0','Human Services','False','Miss Christine Donaldson','20649.0','9611.0','49448.0','Necessary attack garden service better note. Positive ready generation you kitchen.','False','tabithamueller@example.net','2021-04-29','23.0','(304)010-5281','Buy full risk red card box benefit industry.','91378.0','','','');
INSERT INTO "Account" VALUES(100,'Anna and Samantha Household','0128A000002Z0WTQA0','True','Household Account','0.0','','','','Ms. Mcgee Isaiah, Prof. Russo Anna and Dr. Henderson Samantha','','Mcgee','0.0','','0.0','','','','0.0','','','0.0','0.0','0.0','0.0','0.0','0.0','0.0','0.0','0.0','0.0','','0.0','0.0','0.0','','False','','','','','','False','','','','','','3.0','','61','');
INSERT INTO "Account" VALUES(101,'Pruitt Group','0128A000002Z0WUQA0','False','','0.0','','','','','','','0.0','','0.0','','','','0.0','','','0.0','0.0','0.0','0.0','0.0','0.0','0.0','0.0','0.0','0.0','','0.0','0.0','0.0','','False','','','','','','False','','','','','','','','','');
INSERT INTO "Account" VALUES(102,'Vickie, Donna and Hunter Household','0128A000002Z0WTQA0','True','Household Account','0.0','','','','Mrs. Bullock Vickie and Mrs. Ayala Hunter','','Adams','0.0','','0.0','','','','0.0','','','0.0','0.0','0.0','0.0','0.0','0.0','0.0','0.0','0.0','0.0','','0.0','0.0','0.0','','False','','','','','','False','','','','','','3.0','','64','');
INSERT INTO "Account" VALUES(103,'Reid, Bullock and Velasquez','0128A000002Z0WUQA0','False','','0.0','','','','','','','0.0','','0.0','','','','0.0','','','0.0','0.0','0.0','0.0','0.0','0.0','0.0','0.0','0.0','0.0','','0.0','0.0','0.0','','False','','','','','','False','','','','','','','','','');
INSERT INTO "Account" VALUES(104,'Anonymous Household','0128A000002Z0WTQA0','True','Household Account','0.0','','','','Ms. Cardenas Melanie','','Cardenas','0.0','','0.0','','','','0.0','','','0.0','0.0','0.0','0.0','0.0','0.0','0.0','0.0','0.0','0.0','','0.0','0.0','0.0','','False','','','','','','False','','','','','','1.0','','65','');
INSERT INTO "Account" VALUES(105,'Baker-Glass','0128A000002Z0WUQA0','False','','0.0','','','','','','','0.0','','0.0','','','','0.0','','','0.0','0.0','0.0','0.0','0.0','0.0','0.0','0.0','0.0','0.0','','0.0','0.0','0.0','','False','','','','','','False','','','','','','','','','');
INSERT INTO "Account" VALUES(106,'Stephanie and Robyn Household','0128A000002Z0WTQA0','True','Household Account','0.0','','','','Dr. Ramsey Stephanie and Ms. Frey Ricky','','Mitchell and Frey','0.0','','0.0','','','','0.0','','','0.0','0.0','0.0','0.0','0.0','0.0','0.0','0.0','0.0','0.0','','0.0','0.0','0.0','','False','','','','','','False','','','','','','3.0','','68','');
INSERT INTO "Account" VALUES(107,'Middleton and Sons','0128A000002Z0WUQA0','False','','0.0','','','','','','','0.0','','0.0','','','','0.0','','','0.0','0.0','0.0','0.0','0.0','0.0','0.0','0.0','0.0','0.0','','0.0','0.0','0.0','','False','','','','','','False','','','','','','','','','');
INSERT INTO "Account" VALUES(108,'The Household','0128A000002Z0WTQA0','True','Household Account','0.0','','','','','','','0.0','','0.0','','','','0.0','','','0.0','0.0','0.0','0.0','0.0','0.0','0.0','0.0','0.0','0.0','','0.0','0.0','0.0','','False','','','','','','False','','','','','','','','','');
INSERT INTO "Account" VALUES(109,'Pratt-Miles','0128A000002Z0WUQA0','False','','0.0','','','','','','','0.0','','0.0','','','','0.0','','','0.0','0.0','0.0','0.0','0.0','0.0','0.0','0.0','0.0','0.0','','0.0','0.0','0.0','','False','','','','','','False','','','','','','','','','');
INSERT INTO "Account" VALUES(110,'Deborah and Harry Household','0128A000002Z0WTQA0','True','Household Account','0.0','','','','Prof. Weaver Brittney and Prof. Boone Deborah','','Weaver and Vincent','0.0','','0.0','','','','0.0','','','0.0','0.0','0.0','0.0','0.0','0.0','0.0','0.0','0.0','0.0','','0.0','0.0','0.0','','False','','','','','','False','','','','','','3.0','','80','');
INSERT INTO "Account" VALUES(111,'Gray, Stafford and Duke','0128A000002Z0WUQA0','False','','0.0','','','','','','','0.0','','0.0','','','','0.0','','','0.0','0.0','0.0','0.0','0.0','0.0','0.0','0.0','0.0','0.0','','0.0','0.0','0.0','','False','','','','','','False','','','','','','','','','');
INSERT INTO "Account" VALUES(112,'Chen, Rojas and Randall','0128A000002Z0WUQA0','False','','0.0','','','','','','','0.0','','0.0','','','','0.0','','','0.0','0.0','0.0','0.0','0.0','0.0','0.0','0.0','0.0','0.0','','0.0','0.0','0.0','','False','','','','','','False','','','','','','','','','');
INSERT INTO "Account" VALUES(113,'Ashley and Mckenzie Household','0128A000002Z0WTQA0','True','Household Account','0.0','','','','Sir or Madam','','Church and Huff','0.0','','0.0','','','','0.0','','','0.0','0.0','0.0','0.0','0.0','0.0','0.0','0.0','0.0','0.0','','0.0','0.0','0.0','','False','','','','','','False','','','','','','2.0','','83','');
INSERT INTO "Account" VALUES(114,'Beasley-Cruz','0128A000002Z0WUQA0','False','','0.0','','','','','','','0.0','','0.0','','','','0.0','','','0.0','0.0','0.0','0.0','0.0','0.0','0.0','0.0','0.0','0.0','','0.0','0.0','0.0','','False','','','','','','False','','','','','','','','','');
INSERT INTO "Account" VALUES(115,'The Household','0128A000002Z0WTQA0','True','Household Account','0.0','','','','','','','0.0','','0.0','','','','0.0','','','0.0','0.0','0.0','0.0','0.0','0.0','0.0','0.0','0.0','0.0','','0.0','0.0','0.0','','False','','','','','','False','','','','','','','','','');
INSERT INTO "Account" VALUES(116,'Aguirre, Wise and Cardenas','0128A000002Z0WUQA0','False','','0.0','','','','','','','0.0','','0.0','','','','0.0','','','0.0','0.0','0.0','0.0','0.0','0.0','0.0','0.0','0.0','0.0','','0.0','0.0','0.0','','False','','','','','','False','','','','','','','','','');
INSERT INTO "Account" VALUES(117,'Burns-Yates','0128A000002Z0WTQA0','True','Household Account','0.0','','','','','','','0.0','','0.0','','','','0.0','','','0.0','0.0','0.0','0.0','0.0','0.0','0.0','0.0','0.0','0.0','','0.0','0.0','0.0','','False','','','','','','False','','','','','','','','','');
INSERT INTO "Account" VALUES(118,'Ferrell','0128A000002Z0WUQA0','False','','0.0','','','','','','','0.0','','0.0','','','','0.0','','','0.0','0.0','0.0','0.0','0.0','0.0','0.0','0.0','0.0','0.0','','0.0','0.0','0.0','','False','','','','','','False','','','','','','','','','');
INSERT INTO "Account" VALUES(119,'Woods-Terrell','0128A000002Z0WUQA0','False','Attention who shoulder wrong. Particularly score drop end field respond return listen.','0.0','89041.0','2006','2021-04-16','Hear watch local foreign forward now black. Great manager growth floor.','180.092.7412x2917','Resource onto degree cup. Beautiful foot huge very wait step.','0.0','2021-03-15','0.0','2021-02-18','Data national weight. Own their employee word. Let unit lay myself north computer.','Off develop against build officer hand street. Question realize there because lead bar seven.','0.0','2021-05-13','2021-06-03','0.0','0.0','0.0','0.0','0.0','0.0','0.0','0.0','0.0','0.0','Name','0.0','0.0','0.0','Arts and Culture','False','Mr. Eddie Barker','90254.0','74879.0','55876.0','Page claim spend suffer born different. Age voice money we.','False','kayla79@example.net','2021-04-08','15.0','622-059-7174x7984','Cup from defense movement. Section pressure positive television.','22011.0','','','');
INSERT INTO "Account" VALUES(120,'Phyllis and Billy Household','0128A000002Z0WTQA0','True','Household Account','0.0','','','','Mr. Potts Phyllis and Prof. Frost Joshua','','Frost and Gutierrez','0.0','','0.0','','','','0.0','','','0.0','0.0','0.0','0.0','0.0','0.0','0.0','0.0','0.0','0.0','','0.0','0.0','0.0','','False','','','','','','False','','','','','','3.0','','106','');
INSERT INTO "Account" VALUES(121,'Silva LLC','0128A000002Z0WUQA0','False','','0.0','','','','','','','0.0','','0.0','','','','0.0','','','0.0','0.0','0.0','0.0','0.0','0.0','0.0','0.0','0.0','0.0','','0.0','0.0','0.0','','False','','','','','','False','','','','','','','','','');
INSERT INTO "Account" VALUES(122,'Brittany and Eileen Household','0128A000002Z0WTQA0','True','Household Account','0.0','','','','Ms. Davies Belinda','','Travis, Davies and Barrera','0.0','','0.0','','','','0.0','','','0.0','0.0','0.0','0.0','0.0','0.0','0.0','0.0','0.0','0.0','','0.0','0.0','0.0','','False','','','','','','False','','','','','','3.0','','107','');
INSERT INTO "Account" VALUES(123,'Ingram, Foster and Hale','0128A000002Z0WUQA0','False','','0.0','','','','','','','0.0','','0.0','','','','0.0','','','0.0','0.0','0.0','0.0','0.0','0.0','0.0','0.0','0.0','0.0','','0.0','0.0','0.0','','False','','','','','','False','','','','','','','','','');
INSERT INTO "Account" VALUES(124,'Earl and Matthew Household','0128A000002Z0WTQA0','True','Household Account','0.0','','','','Dr. Wang Adam','','Rios, Thornton and Wang','0.0','','0.0','','','','0.0','','','0.0','0.0','0.0','0.0','0.0','0.0','0.0','0.0','0.0','0.0','','0.0','0.0','0.0','','False','','','','','','False','','','','','','3.0','','103','');
INSERT INTO "Account" VALUES(125,'Benton PLC','0128A000002Z0WUQA0','False','','0.0','','','','','','','0.0','','0.0','','','','0.0','','','0.0','0.0','0.0','0.0','0.0','0.0','0.0','0.0','0.0','0.0','','0.0','0.0','0.0','','False','','','','','','False','','','','','','','','','');
INSERT INTO "Account" VALUES(126,'Anna Household','0128A000002Z0WTQA0','True','Household Account','0.0','','','','Sir or Madam','','Boyle','0.0','','0.0','','','','0.0','','','0.0','0.0','0.0','0.0','0.0','0.0','0.0','0.0','0.0','0.0','','0.0','0.0','0.0','','False','','','','','','False','','','','','','1.0','','104','');
INSERT INTO "Account" VALUES(127,'Gutierrez PLC','0128A000002Z0WUQA0','False','','0.0','','','','','','','0.0','','0.0','','','','0.0','','','0.0','0.0','0.0','0.0','0.0','0.0','0.0','0.0','0.0','0.0','','0.0','0.0','0.0','','False','','','','','','False','','','','','','','','','');
INSERT INTO "Account" VALUES(128,'The Household','0128A000002Z0WTQA0','True','Household Account','0.0','','','','','','','0.0','','0.0','','','','0.0','','','0.0','0.0','0.0','0.0','0.0','0.0','0.0','0.0','0.0','0.0','','0.0','0.0','0.0','','False','','','','','','False','','','','','','','','','');
INSERT INTO "Account" VALUES(129,'French Group','0128A000002Z0WUQA0','False','','0.0','','','','','','','0.0','','0.0','','','','0.0','','','0.0','0.0','0.0','0.0','0.0','0.0','0.0','0.0','0.0','0.0','','0.0','0.0','0.0','','False','','','','','','False','','','','','','','','','');
INSERT INTO "Account" VALUES(130,'Roberta and Savannah Household','0128A000002Z0WTQA0','True','Household Account','0.0','','','','Mr. Brady Amy, Mr. Howard Roberta and Mrs. Ward Savannah','','Brady','0.0','','0.0','','','','0.0','','','0.0','0.0','0.0','0.0','0.0','0.0','0.0','0.0','0.0','0.0','','0.0','0.0','0.0','','False','','','','','','False','','','','','','3.0','','105','');
INSERT INTO "Account" VALUES(131,'Zimmerman Group','0128A000002Z0WUQA0','False','','0.0','','','','','','','0.0','','0.0','','','','0.0','','','0.0','0.0','0.0','0.0','0.0','0.0','0.0','0.0','0.0','0.0','','0.0','0.0','0.0','','False','','','','','','False','','','','','','','','','');
INSERT INTO "Account" VALUES(132,'Velazquez-Wiley','0128A000002Z0WUQA0','False','','0.0','','','','','','','0.0','','0.0','','','','0.0','','','0.0','0.0','0.0','0.0','0.0','0.0','0.0','0.0','0.0','0.0','','0.0','0.0','0.0','','False','','','','','','False','','','','','','','','','');
INSERT INTO "Account" VALUES(133,'Carol Household','0128A000002Z0WTQA0','True','Household Account','0.0','','','','Sir or Madam','','Grant','0.0','','0.0','','','','0.0','','','0.0','0.0','0.0','0.0','0.0','0.0','0.0','0.0','0.0','0.0','','0.0','0.0','0.0','','False','','','','','','False','','','','','','1.0','','4','');
INSERT INTO "Account" VALUES(134,'Walker Ltd','0128A000002Z0WUQA0','False','','0.0','','','','','','','0.0','','0.0','','','','0.0','','','0.0','0.0','0.0','0.0','0.0','0.0','0.0','0.0','0.0','0.0','','0.0','0.0','0.0','','False','','','','','','False','','','','','','','','','');
INSERT INTO "Account" VALUES(135,'The Household','0128A000002Z0WTQA0','True','Household Account','0.0','','','','','','','0.0','','0.0','','','','0.0','','','0.0','0.0','0.0','0.0','0.0','0.0','0.0','0.0','0.0','0.0','','0.0','0.0','0.0','','False','','','','','','False','','','','','','','','','');
INSERT INTO "Account" VALUES(136,'Meyer, Lyons and Ponce','0128A000002Z0WUQA0','False','','0.0','','','','','','','0.0','','0.0','','','','0.0','','','0.0','0.0','0.0','0.0','0.0','0.0','0.0','0.0','0.0','0.0','','0.0','0.0','0.0','','False','','','','','','False','','','','','','','','','');
INSERT INTO "Account" VALUES(137,'Garner-Oneill','0128A000002Z0WTQA0','True','Household Account','0.0','','','','','','','0.0','','0.0','','','','0.0','','','0.0','0.0','0.0','0.0','0.0','0.0','0.0','0.0','0.0','0.0','','0.0','0.0','0.0','','False','','','','','','False','','','','','','','','','');
INSERT INTO "Account" VALUES(138,'Serrano','0128A000002Z0WUQA0','False','','0.0','','','','','','','0.0','','0.0','','','','0.0','','','0.0','0.0','0.0','0.0','0.0','0.0','0.0','0.0','0.0','0.0','','0.0','0.0','0.0','','False','','','','','','False','','','','','','','','','');
INSERT INTO "Account" VALUES(139,'Aguilar, Wood and Donovan','0128A000002Z0WUQA0','False','Person lose even. Range program hospital two smile head. Probably along west house cause any.','0.0','93608.0','2007','2021-09-21','Politics age claim while language lead. Option price seat.','081.721.4481x5671','Area authority skill consider everything TV too school. Light one several fall those so speak.','0.0','2021-07-25','0.0','2020-12-08','Reveal five billion color home focus second dog. Resource sign skill million.','True herself unit third that a mean. Table get share player similar part trial.','0.0','2021-08-29','2021-05-03','0.0','0.0','0.0','0.0','0.0','0.0','0.0','0.0','0.0','0.0','Name','0.0','0.0','0.0','Capacity Building','False','Greg Serrano MD','25400.0','1362.0','14130.0','Always treatment away cell rise. Task choose clear a.','False','bianca81@example.org','2021-03-21','66.0','+1-033-160-0952x067','Or wife course light. Contain agent example point. Social lot identify memory.','94594.0','','','');
INSERT INTO "Account" VALUES(140,'Leroy and Lydia Household','0128A000002Z0WTQA0','True','Household Account','0.0','','','','Dr. Gould Adam','','Gould, Washington and Hutchinson','0.0','','0.0','','','','0.0','','','0.0','0.0','0.0','0.0','0.0','0.0','0.0','0.0','0.0','0.0','','0.0','0.0','0.0','','False','','','','','','False','','','','','','3.0','','11','');
INSERT INTO "Account" VALUES(141,'Sample Account for Entitlements','','False','','','','','','','','','','','','','','','','','','','','','','','','','','','','','','','','','False','','','','','','False','','','','','','','','','');
CREATE TABLE "Account_rt_mapping" (
	record_type_id VARCHAR(18) NOT NULL, 
	developer_name VARCHAR(255), 
	PRIMARY KEY (record_type_id)
);
INSERT INTO "Account_rt_mapping" VALUES('0128A000002Z0WTQA0','HH_Account');
INSERT INTO "Account_rt_mapping" VALUES('0128A000002Z0WUQA0','Organization');
CREATE TABLE "BackgroundCheck__c" (
	id INTEGER NOT NULL, 
	"Date__c" VARCHAR(255), 
	"Notes__c" VARCHAR(255), 
	"Result__c" VARCHAR(255), 
	"Contact__c" VARCHAR(255), 
	PRIMARY KEY (id)
);
INSERT INTO "BackgroundCheck__c" VALUES(1,'2003-03-24','Both three agree drive eight foot. Sense officer investment into.','Pass','6');
INSERT INTO "BackgroundCheck__c" VALUES(2,'2010-12-20','Sure measure whole feeling situation next quite. Over house point pick by your recognize. Firm they clear activity final discussion. Hospital base work finish moment which.','None','33');
INSERT INTO "BackgroundCheck__c" VALUES(3,'2018-11-25','Technology how which already your there. Here who official drop. Realize interview debate sell voice see.','Fail','72');
INSERT INTO "BackgroundCheck__c" VALUES(4,'2008-02-16','Time however charge crime leader child. Early pay receive remain.','Pass','28');
INSERT INTO "BackgroundCheck__c" VALUES(5,'2000-08-14','Skill structure woman eye discuss. Environmental able write discuss day. Draw my people share. He indicate place.','Fail','17');
INSERT INTO "BackgroundCheck__c" VALUES(6,'2002-07-27','Building bit firm. Continue realize however floor positive.','None','61');
INSERT INTO "BackgroundCheck__c" VALUES(7,'2010-02-19','Eat tough western our learn appear after. During author field ago month particularly increase.','Fail','87');
CREATE TABLE "Contact" (
	id INTEGER NOT NULL, 
	"BoardMemberAcceptedDate__c" VARCHAR(255), 
	"BoardMemberStatus__c" VARCHAR(255), 
	"ClientMedicalDevices__c" VARCHAR(255), 
	"ClientStatus__c" VARCHAR(255), 
	"ClientTeamPrimaryCertification__c" VARCHAR(255), 
	"ClientTeamSecondaryCertification__c" VARCHAR(255), 
	"CriminalConvictionNotes__c" VARCHAR(255), 
	"CriminalConviction__c" VARCHAR(255), 
	"DateStarted__c" VARCHAR(255), 
	"FacilitatorInterviewNotes__c" VARCHAR(255), 
	"FacilitatorStatus__c" VARCHAR(255), 
	"FirstName" VARCHAR(255), 
	"LastName" VARCHAR(255), 
	"LeadComments__c" VARCHAR(255), 
	"LeadFacilitatorStatus__c" VARCHAR(255), 
	"LeadInterest__c" VARCHAR(255), 
	"LeadSourceOther__c" VARCHAR(255), 
	"Positions__c" VARCHAR(255), 
	"PronounOther__c" VARCHAR(255), 
	"Pronoun__c" VARCHAR(255), 
	"TrainerBoardTrain__c" VARCHAR(255), 
	"TrainerCEUStatus__c" VARCHAR(255), 
	"TrainerSpecialties__c" VARCHAR(255), 
	"TrainerStatus__c" VARCHAR(255), 
	"VolunteerAccess__c" VARCHAR(255), 
	"VolunteerBackground__c" VARCHAR(255), 
	"VolunteerFocus__c" VARCHAR(255), 
	"VolunteerInterviewNotes__c" VARCHAR(255), 
	"VolunteerStatus__c" VARCHAR(255), 
	"npe01__AlternateEmail__c" VARCHAR(255), 
	"npe01__HomeEmail__c" VARCHAR(255), 
	"npe01__PreferredPhone__c" VARCHAR(255), 
	"npe01__Preferred_Email__c" VARCHAR(255), 
	"npe01__Primary_Address_Type__c" VARCHAR(255), 
	"npe01__Private__c" VARCHAR(255), 
	"npe01__Secondary_Address_Type__c" VARCHAR(255), 
	"npe01__WorkEmail__c" VARCHAR(255), 
	"npe01__WorkPhone__c" VARCHAR(255), 
	"npo02__AverageAmount__c" VARCHAR(255), 
	"npo02__Best_Gift_Year_Total__c" VARCHAR(255), 
	"npo02__Best_Gift_Year__c" VARCHAR(255), 
	"npo02__FirstCloseDate__c" VARCHAR(255), 
	"npo02__Household_Naming_Order__c" VARCHAR(255), 
	"npo02__LargestAmount__c" VARCHAR(255), 
	"npo02__LastCloseDate__c" VARCHAR(255), 
	"npo02__LastMembershipAmount__c" VARCHAR(255), 
	"npo02__LastMembershipDate__c" VARCHAR(255), 
	"npo02__LastMembershipLevel__c" VARCHAR(255), 
	"npo02__LastMembershipOrigin__c" VARCHAR(255), 
	"npo02__LastOppAmount__c" VARCHAR(255), 
	"npo02__MembershipEndDate__c" VARCHAR(255), 
	"npo02__MembershipJoinDate__c" VARCHAR(255), 
	"npo02__Naming_Exclusions__c" VARCHAR(255), 
	"npo02__NumberOfClosedOpps__c" VARCHAR(255), 
	"npo02__NumberOfMembershipOpps__c" VARCHAR(255), 
	"npo02__OppAmount2YearsAgo__c" VARCHAR(255), 
	"npo02__OppAmountLastNDays__c" VARCHAR(255), 
	"npo02__OppAmountLastYear__c" VARCHAR(255), 
	"npo02__OppAmountThisYear__c" VARCHAR(255), 
	"npo02__OppsClosed2YearsAgo__c" VARCHAR(255), 
	"npo02__OppsClosedLastNDays__c" VARCHAR(255), 
	"npo02__OppsClosedLastYear__c" VARCHAR(255), 
	"npo02__OppsClosedThisYear__c" VARCHAR(255), 
	"npo02__SmallestAmount__c" VARCHAR(255), 
	"npo02__Soft_Credit_Last_Year__c" VARCHAR(255), 
	"npo02__Soft_Credit_This_Year__c" VARCHAR(255), 
	"npo02__Soft_Credit_Total__c" VARCHAR(255), 
	"npo02__Soft_Credit_Two_Years_Ago__c" VARCHAR(255), 
	"npo02__TotalMembershipOppAmount__c" VARCHAR(255), 
	"npo02__TotalOppAmount__c" VARCHAR(255), 
	"npsp__Deceased__c" VARCHAR(255), 
	"npsp__Do_Not_Contact__c" VARCHAR(255), 
	"npsp__Exclude_from_Household_Formal_Greeting__c" VARCHAR(255), 
	"npsp__Exclude_from_Household_Informal_Greeting__c" VARCHAR(255), 
	"npsp__Exclude_from_Household_Name__c" VARCHAR(255), 
	"npsp__First_Soft_Credit_Amount__c" VARCHAR(255), 
	"npsp__First_Soft_Credit_Date__c" VARCHAR(255), 
	"npsp__Largest_Soft_Credit_Amount__c" VARCHAR(255), 
	"npsp__Largest_Soft_Credit_Date__c" VARCHAR(255), 
	"npsp__Last_Soft_Credit_Amount__c" VARCHAR(255), 
	"npsp__Last_Soft_Credit_Date__c" VARCHAR(255), 
	"npsp__Number_of_Soft_Credits_Last_N_Days__c" VARCHAR(255), 
	"npsp__Number_of_Soft_Credits_Last_Year__c" VARCHAR(255), 
	"npsp__Number_of_Soft_Credits_This_Year__c" VARCHAR(255), 
	"npsp__Number_of_Soft_Credits_Two_Years_Ago__c" VARCHAR(255), 
	"npsp__Number_of_Soft_Credits__c" VARCHAR(255), 
	"npsp__Soft_Credit_Last_N_Days__c" VARCHAR(255), 
	"npsp__is_Address_Override__c" VARCHAR(255), 
	"AccountId" VARCHAR(255), 
	"ReportsToId" VARCHAR(255), 
	"npo02__Household__c" VARCHAR(255), 
	"npsp__Batch__c" VARCHAR(255), 
	"npsp__Current_Address__c" VARCHAR(255), 
	"npsp__Primary_Affiliation__c" VARCHAR(255), 
	PRIMARY KEY (id)
);
INSERT INTO "Contact" VALUES(1,'','Onboarding','Explain card charge send order.','Initial Inquiry','CBCC','Atlas','Develop likely before man let government partner. Others figure them interesting democratic situation hard.','False','2004-10-27','Might environmental item choose change test. Individual this stage finally often establish success.','Certified','Ward','Savannah','Attention white stock however walk view billion culture. World significant effect all similar keep whatever when.','Active','Assistance Dogs Set in Motion Program','Bass, Miller and King','Staff','Message.','she','False','In Progress','Emotional Trauma','In Training','Active Projects- Branding and Marketing','Film executive turn development low seven effect. Discuss TV daughter.','Marketing- Photo','Inside cause chair reveal identify which pressure. Study foot get east gas. Add even build election garden.','Inactive','savannah+ward47@example.net','savannah+ward7@example.org','Home','Personal','Home','False','Home','saward1@example.com','921.492.7941','0.0','56056.0','1973','2021-10-26','91241.0','0.0','2021-09-07','0.0','2021-06-01','Minute tell parent training none not. Down beat any apply join war.','Window court reduce pull others inside. Great little become hear news Mrs quality.','0.0','2021-04-15','2020-12-04','Household__c.Informal_Greeting__c','0.0','0.0','0.0','0.0','0.0','0.0','0.0','0.0','0.0','0.0','0.0','49677.0','648.0','69850.0','31710.0','0.0','0.0','False','False','False','True','False','34369.0','2021-06-10','36971.0','2021-09-04','4035.0','','33283.0','26939.0','86804.0','27429.0','20801.0','0.0','False','130','','','','46','');
INSERT INTO "Contact" VALUES(2,'','None','By bring certainly.','Certified','KPA','Atlas','Create or industry occur. When American design.','True','2015-04-01','Say fill its way us. Customer beautiful couple be speak computer.','Initial Inquiry','Howard','Roberta','Color able at either. Up cost sell relate yourself citizen.','Inactive','Sponsorship/Donations','Harrison-Pruitt','Volunteer;Team Facilitator','Seem.','he','False','None','Emotional Trauma','Onboarding','Operations- Volunteer and Staff','Lot personal time consumer break. Threat talk this mother seven.','Marketing- Graphic Design','Idea south growth provide role debate democratic. Feel product board lay this group. Wind carry for thus.','Inactive','roberta-howard@example.com','r_howard@example.com','Home','Personal','Home','False','Work','ro-howard@example.com','018-586-6198','0.0','98845.0','2014','2021-04-11','78224.0','0.0','2021-08-15','0.0','2021-09-25','Guy avoid prove. Hope whose rich toward. Week rise remain. Individual stock note maybe.','Guy remember action. Bad opportunity still as. High inside feeling none.','0.0','2021-01-30','2021-02-11','Household__c.Informal_Greeting__c','0.0','0.0','0.0','0.0','0.0','0.0','0.0','0.0','0.0','0.0','0.0','37082.0','42049.0','21739.0','1445.0','0.0','0.0','False','False','False','True','False','39168.0','2021-08-07','75153.0','2021-08-23','79255.0','','68431.0','36039.0','80307.0','98970.0','63439.0','0.0','False','130','','','','46','');
INSERT INTO "Contact" VALUES(3,'','','','','Atlas','Atlas','','False','','','','Moody','Marissa','','','','','Volunteer','','','False','','','','','','','','','m-moody@example.com','m-moody8@example.org','Home','Personal','Work','False','Work','m-moody@example.org','(334)836-1988','0.0','','','','','0.0','','0.0','','','','0.0','','','','0.0','0.0','0.0','0.0','0.0','0.0','0.0','0.0','0.0','0.0','0.0','','','','','0.0','0.0','False','False','False','False','False','','','','','','','','','','','','0.0','False','132','','','','','');
INSERT INTO "Contact" VALUES(4,'','Inactive','Today close person eat energy firm.','On Hold','None','IAABC','Campaign food discover those knowledge. Start plant common oil find. Author few bar watch.','True','2015-03-04','Page seem very to less phone price. Nice rise remain.','Onboarding','Grant','Carol','May operation certain show agreement per. Put quite range cup campaign hit. Couple sea evidence right grow.','None','Teams Set in Motion Program','Ward-Malone','Board Member','Anyone.','he','True','Up to Date','Eye Dog','Certified','Sensitive Info- Board','Per instead project fine toward. All everybody pattern. Lawyer set stay list agent.','Outreach- Medical Providers','Within reflect owner. Shoulder support discussion cut.','Onboarding','carol-grant1960@example.net','carol-grant1@example.com','Home','Personal','Home','False','Home','ca_grant4@example.com','2853460529','0.0','87545.0','1987','2020-11-02','58962.0','0.0','2020-11-03','0.0','2021-09-13','Per front wish though. Thought change this though.','Result yeah air wrong among never still. Similar exist rich woman.','0.0','2021-05-10','2020-11-20','Household__c.Formal_Greeting__c','0.0','0.0','0.0','0.0','0.0','0.0','0.0','0.0','0.0','0.0','0.0','40372.0','75457.0','5423.0','14253.0','0.0','0.0','False','False','True','False','False','12284.0','2021-01-15','75958.0','2021-06-22','64028.0','','639.0','49246.0','11123.0','80082.0','79296.0','0.0','False','133','','','','47','');
INSERT INTO "Contact" VALUES(5,'','','','','Atlas','Atlas','','False','','','','Miller','Eddie','','','','','Volunteer','','','False','','','','','','','','','ed+miller@example.net','eddiemiller77@example.org','Home','Personal','','False','Work','ed_miller95@example.com','001-726-983-8129x92404','0.0','','','','','0.0','','0.0','','','','0.0','','','','0.0','0.0','0.0','0.0','0.0','0.0','0.0','0.0','0.0','0.0','0.0','','','','','0.0','0.0','False','False','False','False','False','','','','','','','','','','','','0.0','False','62','','','','','');
INSERT INTO "Contact" VALUES(6,'','','','','Atlas','Atlas','','False','','','','Dillon','Jacob','','','','','Volunteer','','','False','','','','','','','','','jacob+dillon4@example.com','jacob.dillon65@example.net','Home','Personal','','False','Home','jacob-dillon6@example.org','498.686.9964x697','0.0','','','','','0.0','','0.0','','','','0.0','','','','0.0','0.0','0.0','0.0','0.0','0.0','0.0','0.0','0.0','0.0','0.0','','','','','0.0','0.0','False','False','False','False','False','','','','','','','','','','','','0.0','False','62','','','','','');
INSERT INTO "Contact" VALUES(7,'','Active','Bed which much yes we this.','In Training','None','KPA','Truth so instead. Here southern system plant law. Begin college site language prepare.','True','2006-10-14','Cost parent result political force. Win sing law gun actually nice.','None','Jacobs','William','Beyond organization day TV. Right national drop good.','Active','Trainer Certification','Maldonado-Trevino','Trainer','Pattern.','they','False','In Progress','Hearing Dog','Onboarding','Active Projects- ADI','Than me so sit. Resource hope soon physical picture perhaps.','Outreach- Disability Orgs','Doctor manage claim. Manage forward oil standard true determine wonder. Behavior thank new. Month continue food quickly certain despite win.','Inactive','wi_jacobs55@example.org','w_jacobs1@example.org','Home','Personal','Home','False','Work','w.jacobs1984@example.com','(155)613-9892','0.0','63073.0','2009','2021-04-24','59720.0','0.0','2020-12-20','0.0','2020-12-11','Admit white mother both apply entire. Share office heart key. Nature also value successful.','Dinner mind pattern size though. Fund laugh court suffer strategy.','0.0','2021-10-27','2021-01-14','Household__c.Formal_Greeting__c','0.0','0.0','0.0','0.0','0.0','0.0','0.0','0.0','0.0','0.0','0.0','42775.0','68185.0','1238.0','39114.0','0.0','0.0','False','False','True','False','False','93695.0','2021-01-29','58726.0','2020-11-18','29303.0','','75169.0','68612.0','63686.0','5904.0','34368.0','0.0','False','62','','','','48','');
INSERT INTO "Contact" VALUES(8,'','Initial Inquiry','Throughout walk available.','On Hold','Atlas','IAABC','Include budget Republican physical despite. Trip out him across central.','False','2021-03-18','Education couple better yes. Old brother film involve.','Inactive','Roberson','Selena','Nice candidate region alone structure truth evening. Song short begin green activity level.','Active','Volunteering','Vaughn, Randolph and Gardner','Volunteer;Team Facilitator Lead;Client','Suddenly.','he','True','Need Renewal','Hearing Dog','None','Active Projects- Scholarships','Sit third walk low popular.','Marketing- Sales','Test dog mind you east activity red region. Recent serve final walk recently.','Onboarding','sroberson2@example.net','seroberson53@example.net','Home','Personal','Home','False','Other','s_roberson9@example.com','9769476278','0.0','68035.0','2008','2021-02-05','68797.0','0.0','2021-08-25','0.0','2021-08-10','Admit rise movement write over major black. Agent once alone analysis. Down finally entire.','Young economy return they. New employee go put.','0.0','2021-04-04','2021-08-01','Household__c.Name','0.0','0.0','0.0','0.0','0.0','0.0','0.0','0.0','0.0','0.0','0.0','57517.0','11015.0','12086.0','73321.0','0.0','0.0','False','False','False','False','True','88070.0','2021-08-07','50275.0','2020-11-03','19958.0','','2698.0','57663.0','55260.0','78926.0','60308.0','0.0','False','62','','','','48','');
INSERT INTO "Contact" VALUES(9,'','Initial Inquiry','Carry half character history section situation stuff.','Certified','None','CBCC','Sometimes cut fly perhaps.','False','2018-04-26','Smile walk force get. Once protect table by. Current bed commercial nation medical.','Certified','Washington','Leroy','Financial finally big force month beyond. Land organization plant choice far treat long. Guess he no brother Democrat organization return.','Active','Sweet Snoopers Training Program','Snyder-Elliott','Volunteer;Client','Air.','they','False','In Progress','Basic Training','In Training','Active Projects- Scholarships','Necessary church need wife three. While despite pull focus professor know.','Outreach- Disability Orgs','Program maybe generation let fact. Tend bar thank think. Television somebody person TV young remain.','None','leroy+washington@example.com','leroy+washington64@example.net','Home','Personal','Home','False','Home','lwashington@example.net','912.840.9415x2814','0.0','23633.0','1981','2021-01-14','38275.0','0.0','2020-11-18','0.0','2020-11-23','Base own fly general cup. Stock light security anything cut type learn.','Environment most general fight type personal. Exactly adult before direction blue reduce assume.','0.0','2021-10-17','2021-07-11','Household__c.Formal_Greeting__c','0.0','0.0','0.0','0.0','0.0','0.0','0.0','0.0','0.0','0.0','0.0','89760.0','44881.0','25834.0','79835.0','0.0','0.0','False','False','True','False','False','90826.0','2020-12-31','408.0','2021-02-06','78808.0','','19271.0','84142.0','4911.0','82480.0','66176.0','0.0','False','140','','','','50','');
INSERT INTO "Contact" VALUES(10,'','None','Level money best most direction probably.','Onboarding','KPA','KPA','Skin low cultural leg suggest trade. Customer laugh difficult professional whose realize respond.','True','2018-03-17','Boy measure small office court. Authority hope visit industry. Card election again every author. Summer general small sea.','In Training','Gould','Adam','Black series car. Central price memory. Color recently brother score my early.','Inactive','Team Facilitator Certification','Barber, Stephenson and Floyd','Volunteer;Team Facilitator Lead;Client','Network.','they','True','Up to Date','Basic Training','Inactive','Active Projects- Scholarships','Magazine cold painting ask would simply. Say consider down decide ahead generation.','Administrative- Volunteer','Hotel beautiful gas. Value avoid behind admit.','Inactive','a-gould1999@example.org','a+gould@example.org','Home','Personal','Home','False','Home','a_gould4@example.org','001-122-491-1011x1206','0.0','77628.0','1978','2021-07-28','31546.0','0.0','2021-03-02','0.0','2021-01-18','Agree development glass water social per. Among crime worker bit take foreign.','Million sing candidate man perform out talk station. Clearly candidate century a.','0.0','2021-06-17','2021-07-07','Household__c.Name','0.0','0.0','0.0','0.0','0.0','0.0','0.0','0.0','0.0','0.0','0.0','23687.0','26640.0','22537.0','81654.0','0.0','0.0','False','False','False','False','True','32648.0','2021-09-06','9534.0','2021-10-25','67768.0','','51225.0','9771.0','407.0','28105.0','15258.0','0.0','False','140','','','','50','');
INSERT INTO "Contact" VALUES(11,'','Inactive','Rate him section if statement successful task.','Onboarding','KPA','CBCC','We player involve. Lay hit street south indeed pass. Owner country career away soon establish degree. After defense discuss peace argue health father recent.','True','2003-04-14','Director range begin pick national. Ground really often lose. Dinner color rule million truth college. Behavior recent much citizen.','In Training','Hutchinson','Lydia','Land build senior scene write big assume pass. Development win southern respond attention.','Inactive','Volunteering','Warner-Chen','Team Facilitator Lead','Why.','he','True','In Progress','Epilepsy','None','Operations- Volunteer and Staff','Dream already fast child coach bar ask. Discover popular green customer other reality size.','Outreach- Medical Providers','Six benefit want many trial. Consumer relate second need. Camera manage Democrat story television pass free low.','Initial Inquiry','lydia-hutchinson69@example.net','lydia.hutchinson@example.net','Home','Personal','Home','False','Home','lydia_hutchinson96@example.net','(717)879-2283x958','0.0','16610.0','1991','2021-01-17','48968.0','0.0','2021-06-22','0.0','2021-10-15','Growth woman civil size describe capital develop. Carry remain force us become study.','Truth woman risk Mr these. Nature writer song offer mouth recognize.','0.0','2021-04-14','2021-09-01','Household__c.Formal_Greeting__c','0.0','0.0','0.0','0.0','0.0','0.0','0.0','0.0','0.0','0.0','0.0','89127.0','60421.0','46530.0','91444.0','0.0','0.0','False','False','True','False','False','28026.0','2021-06-13','425.0','2021-10-11','82594.0','','51587.0','58368.0','77234.0','34911.0','65973.0','0.0','False','140','','','','50','');
INSERT INTO "Contact" VALUES(12,'','Inactive','Mrs whole positive value.','In Training','Atlas','CBCC','Direction time each way fire. Reality table heavy statement around factor check data.','False','2011-08-19','Community world bring a very build instead. Better because term leg above adult friend read.','Inactive','Lyons','Drew','College accept action. Office lose receive side.','Active','Client Certification','Spencer Ltd','Volunteer;Trainer','Find drop.','she','True','Need Renewal','Basic Training','Inactive','Active Projects- Scholarships','Green pass carry. To why material nice run doctor real wish.','Outreach- Medical Providers','Ago where score student current street. With by have southern.','Active','dr+lyons@example.org','d_lyons@example.net','Home','Personal','Home','False','Home','drew_lyons46@example.net','001-867-766-9192','0.0','27128.0','1996','2021-06-21','61157.0','0.0','2020-12-12','0.0','2021-03-03','Remember city break others. Build old detail.','Down computer argue result. Side type impact animal.','0.0','2021-03-21','2021-09-13','Household__c.Informal_Greeting__c','0.0','0.0','0.0','0.0','0.0','0.0','0.0','0.0','0.0','0.0','0.0','2373.0','20046.0','62510.0','74922.0','0.0','0.0','False','False','False','True','False','20235.0','2021-10-22','36191.0','2021-03-31','96691.0','','63415.0','60296.0','24139.0','27105.0','56667.0','0.0','False','73','','','','22','');
INSERT INTO "Contact" VALUES(13,'','Initial Inquiry','Very one police.','Decertified','Atlas','IAABC','Scientist claim different down remain newspaper without he. Office apply benefit perhaps.','False','2004-05-04','Truth concern magazine could coach forget. Career already total event reflect.','In Training','Wheeler','Courtney','Receive indeed political series second focus garden. Resource story figure space set. Mention action already natural. This another factor law.','None','General info/Other','Camacho Ltd','Trainer','Me mean.','they','True','Need Renewal','Epilepsy','In Training','Active Projects- Volunteer Recruitment and Retention','Pattern appear trade artist amount. Skin leader large particularly herself.','Marketing- Video','Garden nearly style news our. Agreement information federal big. Environmental will her help body quickly forward.','None','c_wheeler1974@example.org','co-wheeler@example.net','Home','Personal','Home','False','Work','c-wheeler4@example.org','632-035-8322x01494','0.0','30992.0','1996','2020-11-23','54622.0','0.0','2021-08-30','0.0','2021-10-21','Teacher visit benefit simple family age relationship. Debate team fly rest hour.','Station family compare. Million wish rate purpose likely. Star break about drive able church.','0.0','2021-01-02','2021-02-20','Household__c.Informal_Greeting__c','0.0','0.0','0.0','0.0','0.0','0.0','0.0','0.0','0.0','0.0','0.0','58581.0','51985.0','93907.0','52825.0','0.0','0.0','False','False','False','True','False','30273.0','2021-05-09','95166.0','2021-10-17','44029.0','','23555.0','35856.0','48978.0','81974.0','1131.0','0.0','False','73','','','','22','');
INSERT INTO "Contact" VALUES(14,'','Active','Writer expert chance allow.','Certified','None','Atlas','Much office next president within. Anything thousand tell hospital throw. Method available science without everything.','True','2013-08-06','Kitchen leader growth return. Line final always close investment role.','None','Holmes','Darius','Success water stuff treatment old impact. Peace property wife can interesting whatever reveal true. Figure manage beautiful appear cell somebody.','Inactive','Sponsorship/Donations','Frederick-Robertson','Board Member','Response.','she','True','Up to Date','Hearing Dog','Certified','Active Projects- Trainer Certification','Hope experience nor. Nothing million public hold job.','Administrative- Technology','Agreement the base wind. Popular project television value peace.','Onboarding','d_holmes2@example.org','da+holmes1951@example.org','Home','Personal','Home','False','Work','da-holmes@example.com','6901555920','0.0','28947.0','1971','2020-11-26','4608.0','0.0','2021-10-08','0.0','2021-01-12','Fund line bed bad question often. Home on most style bring. Make manage old hear guy activity.','Spend interview later development effort. Reveal teach kind number final. Its have officer suffer.','0.0','2021-04-26','2021-09-22','Household__c.Name','0.0','0.0','0.0','0.0','0.0','0.0','0.0','0.0','0.0','0.0','0.0','66670.0','41489.0','8302.0','62797.0','0.0','0.0','False','False','False','False','True','28871.0','2021-02-17','29993.0','2021-07-26','50487.0','','17985.0','20089.0','53256.0','26230.0','73382.0','0.0','False','73','','','','22','');
INSERT INTO "Contact" VALUES(15,'','Initial Inquiry','Deep act administration item land ready.','On Hold','CCPDT','CCPDT','Movement forward yourself support professional focus dark chair. Loss series set the apply.','True','2016-09-25','Six animal property focus authority from candidate. Far able success mind industry perform sister management. Before trouble kitchen as talk.','Inactive','Cruz','Dalton','Nor since course style single people modern. Quickly the probably around third. Art meeting old country ok public always.','None','Sponsorship/Donations','Beard Ltd','Donor','Both.','she','True','Need Renewal','Epilepsy','Initial Inquiry','Active Projects- Governance, Compliance and Operations','Indeed may agree huge popular yourself sell. Around air miss bit.','Marketing- Sales','See then much agency avoid rest. My civil piece with contain plant.','Initial Inquiry','dalton_cruz01@example.org','da.cruz1942@example.com','Home','Personal','Home','False','Home','dalton-cruz@example.org','001-254-798-6883x48471','0.0','80001.0','1974','2021-03-27','96837.0','0.0','2021-06-24','0.0','2021-08-04','Hundred know contain. Stay something over focus decision.','Must majority area local instead boy common. Month about fall talk politics trade fine.','0.0','2021-01-29','2021-10-23','Household__c.Name','0.0','0.0','0.0','0.0','0.0','0.0','0.0','0.0','0.0','0.0','0.0','34592.0','28273.0','11842.0','18583.0','0.0','0.0','False','False','False','False','True','75329.0','2021-04-29','35074.0','2021-09-12','34817.0','','79760.0','85590.0','58929.0','87923.0','44419.0','0.0','False','80','','','','24','');
INSERT INTO "Contact" VALUES(16,'','Initial Inquiry','Give east while.','Initial Inquiry','CBCC','CBCC','Else professor town ago. Create crime sort support company others. Clear can low head ball hospital.','True','2013-06-11','Because would movement accept cell company. Happen send only once responsibility board him. Wish respond professional course probably police huge.','Certified','House','Jim','Toward wife reach not free politics. Event later speech medical shoulder reflect. Us hard glass my.','Active','Client Certification','Petersen, Adkins and Blackburn','Staff','Present.','she','True','Up to Date','Emotional Trauma','Initial Inquiry','Active Projects- Trainer Certification','Purpose can magazine debate resource their reason listen.','Academy-Content Creator','Radio argue than artist be. Could yes Democrat. Wrong name put under example war smile. Practice business perform.','Active','jim+house@example.com','jim-house84@example.net','Home','Personal','Home','False','Home','jim.house64@example.net','+1-602-434-9429','0.0','49666.0','2016','2021-02-15','16411.0','0.0','2021-01-30','0.0','2021-07-22','Spend town first choice hope what defense. Benefit suggest often baby have.','Fight upon go oil. Behind dark door win each deep.','0.0','2021-03-20','2021-01-31','Household__c.Informal_Greeting__c','0.0','0.0','0.0','0.0','0.0','0.0','0.0','0.0','0.0','0.0','0.0','8401.0','40880.0','96775.0','65908.0','0.0','0.0','False','False','False','True','False','94894.0','2021-10-23','44164.0','2021-05-08','9937.0','','41217.0','28984.0','25650.0','15371.0','17833.0','0.0','False','80','','','','24','');
INSERT INTO "Contact" VALUES(17,'','Initial Inquiry','Include pull by prepare prove.','Inactive','Atlas','None','Win training relationship. Because fast walk wonder treat treatment assume. Right mother girl small. Around half win wonder ten write son sound.','False','2006-09-01','Foreign through experience last line. Purpose use defense offer through indicate. Along group population able brother player new. Later lay finally its impact nice season.','None','Ford','Dakota','Matter eye central weight. High war training agree.','Inactive','General info/Other','Shea, Rivas and Reynolds','Staff','Action.','they','True','Need Renewal','Basic Training','Initial Inquiry','Sensitive Info- Trainer','Keep enter true professional among husband eye. Magazine guess food write everybody save.','Outreach- Clients','Among build anything why.','Inactive','da-ford1953@example.com','da-ford1977@example.com','Home','Personal','Home','False','Other','d-ford1979@example.org','835.422.0663x403','0.0','70609.0','1973','2021-09-11','17660.0','0.0','2020-12-02','0.0','2021-10-01','Difficult budget case option. Begin conference brother.','Charge those nature exist involve yet. President save section. Among eight whose many who.','0.0','2021-06-18','2021-09-29','Household__c.Informal_Greeting__c','0.0','0.0','0.0','0.0','0.0','0.0','0.0','0.0','0.0','0.0','0.0','44036.0','4980.0','20537.0','61151.0','0.0','0.0','False','False','False','True','False','13966.0','2021-07-02','67019.0','2021-08-08','65010.0','','84204.0','90866.0','76390.0','90257.0','64582.0','0.0','False','82','','','','25','');
INSERT INTO "Contact" VALUES(18,'','Active','Environment employee interview thank available.','Certified','CCPDT','KPA','Plan interesting resource such dinner spend live. American leave draw. Condition feel us physical save over.','True','2007-10-09','Evening morning group public can. Night just its name.','Onboarding','Mcgee','Steve','Property west career star like year just.','None','Sponsorship/Donations','Roy, Rush and Callahan','Staff','People.','they','True','Need Renewal','Eye Dog','Initial Inquiry','Active Projects- State Registration','Think choice crime ahead. Born two line simply food pass. Order pick reveal PM.','Academy-Content Creator','Chance dark stand challenge. Party coach concern. Very from also theory. Fall program place save gun view property.','Active','s.mcgee2@example.org','st.mcgee@example.com','Home','Personal','Home','False','Other','st+mcgee98@example.org','(443)779-9827','0.0','15050.0','1988','2021-10-19','43049.0','0.0','2021-04-01','0.0','2021-01-15','Fear hospital usually red. Bill discover them source order base. Moment ground child physical.','Key wrong tell big start democratic. Suffer capital radio arrive action.','0.0','2021-05-23','2021-02-19','Household__c.Informal_Greeting__c','0.0','0.0','0.0','0.0','0.0','0.0','0.0','0.0','0.0','0.0','0.0','31760.0','14357.0','11975.0','43818.0','0.0','0.0','False','False','False','True','False','71875.0','2021-01-11','59605.0','2021-03-20','47139.0','','34245.0','91228.0','41289.0','36220.0','14017.0','0.0','False','82','','','','25','');
INSERT INTO "Contact" VALUES(19,'','None','Break new draw common region.','On Hold','CCPDT','Atlas','Cold growth away than red off. Design man goal.','True','2011-03-02','This ok process feel. Two require this.','Initial Inquiry','Ferguson','Allison','Station up nation item record. Let candidate level risk coach girl behind. Administration body until degree six push themselves.','None','Team Facilitator Certification','Black and Sons','Staff','Subject.','specify','False','None','Eye Dog','None','Active Projects- Volunteer Recruitment and Retention','Believe identify lead. Run address list before air answer we first.','Marketing- Sales','Us per consider order who rate new. Language hear president. Bill team conference us pull pull rock.','Onboarding','al-ferguson@example.com','alferguson2000@example.com','Home','Personal','Home','False','Other','a+ferguson5@example.net','(759)349-6589x8824','0.0','90283.0','1985','2021-08-08','53091.0','0.0','2021-05-03','0.0','2021-04-28','Middle situation area news food. Hand use probably light price.','So talk crime wish voice west. Bit page however final task price.','0.0','2021-08-16','2021-04-25','Household__c.Name','0.0','0.0','0.0','0.0','0.0','0.0','0.0','0.0','0.0','0.0','0.0','27012.0','24874.0','58867.0','3742.0','0.0','0.0','False','False','False','False','True','6843.0','2021-07-02','82099.0','2021-05-10','51987.0','','83024.0','75294.0','67953.0','19871.0','24897.0','0.0','False','84','','','','26','');
INSERT INTO "Contact" VALUES(20,'','None','Movie deal raise.','Inactive','CCPDT','CCPDT','Medical create brother company true. Add again wish serious product foot throughout.','False','2012-09-13','Of own deep onto. We thank blue ground prevent type.','Inactive','Cervantes','Christy','Road course somebody religious born us increase. Movie represent rise brother. Child prove place risk she standard. Through democratic kind return officer work.','Inactive','Trainer Certification','Richard and Sons','Board Member','Wait.','he','False','Need Renewal','Epilepsy','Onboarding','Active Projects- ADI','Newspaper prepare put even forward sea will. From matter physical recently while fact term.','Marketing- Events','Relate the marriage answer while service. Interest father land model. Imagine budget than official night five school.','Initial Inquiry','ccervantes@example.net','ccervantes1988@example.org','Home','Personal','Home','False','Other','christy+cervantes1988@example.com','(457)894-3241x652','0.0','31609.0','1982','2021-01-16','99026.0','0.0','2021-08-08','0.0','2020-12-11','Face treat step try speak. Sure create capital form over energy police month.','East film firm choose. Degree fish south score adult rock foot. Economy off than success yard.','0.0','2021-05-27','2020-11-08','Household__c.Formal_Greeting__c','0.0','0.0','0.0','0.0','0.0','0.0','0.0','0.0','0.0','0.0','0.0','36482.0','54442.0','17379.0','30301.0','0.0','0.0','False','False','True','False','False','14164.0','2021-07-14','45945.0','2021-05-13','20430.0','','22983.0','96044.0','73360.0','62961.0','51317.0','0.0','False','84','','','','26','');
INSERT INTO "Contact" VALUES(21,'','Active','Few same break mention draw.','On Hold','CBCC','KPA','Movement shake create population law. Successful rich degree item western hair.','True','2014-11-17','Affect threat along receive then whatever. Focus sell result quickly author politics century. Design bag development military protect huge.','Onboarding','Crosby','Darlene','With politics stuff herself rule. Similar happy spend interesting step.','Inactive','Trainer Certification','Donovan-Rose','Trainer;Client','Practice.','they','False','Need Renewal','Emotional Trauma','In Training','Sensitive Info- Volunteer and Staff','Particular according miss state left detail. Baby first window this.','Marketing- Leadership','Institution from show me majority. Which clearly happy paper. Test answer everybody serve trial piece.','Active','darlene.crosby8@example.com','da.crosby1967@example.com','Home','Personal','Home','False','Home','da.crosby9@example.net','+1-273-871-0757','0.0','33229.0','2011','2021-09-24','44321.0','0.0','2021-08-21','0.0','2020-11-09','Story heavy enter vote color. Fear production talk pass create box.','Type provide notice owner rate truth. Yeah standard hour call note young so.','0.0','2021-04-19','2021-02-01','Household__c.Informal_Greeting__c','0.0','0.0','0.0','0.0','0.0','0.0','0.0','0.0','0.0','0.0','0.0','49598.0','35317.0','67695.0','49810.0','0.0','0.0','False','False','False','True','False','68864.0','2021-06-22','56356.0','2021-03-09','61503.0','','58412.0','42421.0','64177.0','97557.0','7676.0','0.0','False','4','','','','52','');
INSERT INTO "Contact" VALUES(22,'','Initial Inquiry','Sound range challenge audience right look.','Initial Inquiry','KPA','None','Soon service table career explain. Doctor class suddenly address. Citizen say pass yard reach.','False','2020-08-02','Than fly policy western social teach fight. Example machine property kind continue goal whom. Recognize stock visit size front bring man election.','Initial Inquiry','Hamilton','Jesus','Expect artist hundred building weight thus. Stock material who or along.','Active','Sweet Snoopers Training Program','Choi, Anthony and Simpson','Trainer;Client','Name.','she','True','None','Hearing Dog','Certified','Active Projects- Governance, Compliance and Operations','Why list center home sea accept response. Former have approach try must.','Marketing- Graphic Design','What why long here study security. Inside human will last. Level spend plant his.','Onboarding','jesus_hamilton9@example.org','je_hamilton1@example.org','Home','Personal','Home','False','Home','jesushamilton64@example.net','494-888-4574x2104','0.0','84359.0','2019','2020-11-07','33731.0','0.0','2020-11-24','0.0','2021-01-29','Military week type. Five happen analysis fish threat.','Actually sort option stay rich.','0.0','2021-08-01','2021-08-02','Household__c.Informal_Greeting__c','0.0','0.0','0.0','0.0','0.0','0.0','0.0','0.0','0.0','0.0','0.0','13084.0','75732.0','90441.0','51717.0','0.0','0.0','False','False','False','True','False','32564.0','2021-03-30','32391.0','2021-08-06','59816.0','','10050.0','8153.0','60302.0','4026.0','42661.0','0.0','False','6','','','','53','');
INSERT INTO "Contact" VALUES(23,'','Initial Inquiry','Place management sister section interview they.','Inactive','None','CCPDT','Decide report fact daughter education across stock. Market race long and condition study concern.','True','2001-05-23','Pressure cost up decision enter instead gas maintain. Run effort show development ago.','Initial Inquiry','Bernard','Kristin','Win arm arrive agency bad per.','Active','Sweet Snoopers Training Program','Potts, Christian and Rocha','Volunteer;Trainer','See week.','specify','False','Up to Date','Hearing Dog','Onboarding','Sensitive Info- Trainer','Different by strategy song sound because energy. By item house magazine cup.','Marketing- Writing','Why benefit peace set line civil. Center firm stock realize various their decide friend.','Active','kr.bernard@example.net','kbernard72@example.org','Home','Personal','Home','False','Other','k-bernard2009@example.com','001-912-165-5668x1715','0.0','42261.0','2009','2021-02-16','96614.0','0.0','2021-03-09','0.0','2020-11-07','Cause home according from understand operation. Box town director hear.','By grow window but then. Outside travel food stop seven war. Color value along ground opportunity.','0.0','2021-10-15','2021-07-01','Household__c.Informal_Greeting__c','0.0','0.0','0.0','0.0','0.0','0.0','0.0','0.0','0.0','0.0','0.0','41697.0','11551.0','43868.0','4350.0','0.0','0.0','False','False','False','True','False','57991.0','2021-04-28','98390.0','2021-03-13','92096.0','','46064.0','35326.0','59868.0','87339.0','98540.0','0.0','False','6','','','','53','');
INSERT INTO "Contact" VALUES(24,'','None','Year weight already indicate structure though.','Initial Inquiry','Atlas','None','Fund hear green whom old.','False','2013-07-06','Fish west deep successful different down. Read interview recent guy police pull plan very. Surface what care issue.','Initial Inquiry','Christian','Jeanette','Financial live term. Himself result direction catch ago record coach. Maybe speak sister particular.','None','Sweet Snoopers Training Program','Santos-Blake','Volunteer;Team Facilitator','Carry.','she','False','None','Eye Dog','Certified','Operations- Trainer','Key image them road police fact next. Onto chance bring him five serve coach.','Administrative- Volunteer','Compare claim technology across do. Project along role look. Continue close public.','None','j-christian@example.org','jeanette.christian@example.com','Home','Personal','Home','False','Other','jeanette+christian9@example.org','+1-035-665-7817','0.0','9416.0','2012','2021-05-21','20828.0','0.0','2021-04-16','0.0','2021-01-24','Personal order significant especially bank too. Never letter top without.','Experience number help him manager. Learn be daughter seek.','0.0','2020-11-18','2020-12-23','Household__c.Informal_Greeting__c','0.0','0.0','0.0','0.0','0.0','0.0','0.0','0.0','0.0','0.0','0.0','52845.0','8684.0','47526.0','2720.0','0.0','0.0','False','False','False','True','False','40251.0','2021-07-20','51035.0','2021-10-12','9689.0','','70219.0','13297.0','83934.0','9831.0','14911.0','0.0','False','10','','','','55','');
INSERT INTO "Contact" VALUES(25,'','Initial Inquiry','Someone citizen focus stay rather.','Initial Inquiry','Atlas','None','Environmental me author fall. Wind worry great protect hard including other. Design state school movement key.','False','2009-03-20','Near chance how matter.','Onboarding','Chung','Benjamin','Put clearly food security any particularly. Yet center pressure floor ball trial.','Inactive','Sponsorship/Donations','Bender and Sons','Board Member','Week fear.','they','False','Need Renewal','Basic Training','Certified','Active Projects- Research and Development','Determine beautiful play thing act. His all pick top technology.','Marketing- Sales','Bar agent fish task and.','Initial Inquiry','benjamin+chung1989@example.com','benjamin.chung1976@example.net','Home','Personal','Home','False','Work','be+chung49@example.net','001-905-726-8338x577','0.0','87515.0','2013','2021-01-21','28939.0','0.0','2021-02-28','0.0','2021-03-04','Either pull west board issue wrong. Our sing heart need bring. Approach sing voice.','Include work add threat world painting. Nation product conference every power.','0.0','2021-08-31','2021-08-28','Household__c.Informal_Greeting__c','0.0','0.0','0.0','0.0','0.0','0.0','0.0','0.0','0.0','0.0','0.0','31729.0','29470.0','61291.0','80425.0','0.0','0.0','False','False','False','True','False','1295.0','2021-02-20','40673.0','2021-08-05','67975.0','','34138.0','43895.0','55011.0','3123.0','88466.0','0.0','False','10','','','','55','');
INSERT INTO "Contact" VALUES(26,'','Active','Drive budget service our course hit hand.','Certified','IAABC','IAABC','Tree owner how member. Throughout building nation produce institution anyone even pay. Change establish million worry face.','True','2011-05-19','Help study social however moment recognize. Eat success southern five support within. Whom than simple wonder.','In Training','Galvan','Jerome','Our head idea girl approach ball others trouble. End oil hold listen citizen score. He occur good image record size population. How physical everyone box.','Active','Assistance Dogs Set in Motion Program','Ibarra-White','Staff','Recognize.','he','False','Up to Date','Hearing Dog','None','Operations- Financial','Interview really similar do sure. Camera eat gas represent. Skin amount ready.','Administrative- General','Fact wear on beyond go. Score debate consumer phone culture though child major.','Inactive','je_galvan1966@example.net','jegalvan@example.com','Home','Personal','Home','False','Home','jgalvan@example.org','+1-091-989-0743x2624','0.0','64945.0','1973','2021-01-24','95105.0','0.0','2021-02-08','0.0','2021-03-31','Surface since research issue. Name head mention word.','Measure make page. Ask magazine street listen.','0.0','2021-03-16','2021-07-30','Household__c.Formal_Greeting__c','0.0','0.0','0.0','0.0','0.0','0.0','0.0','0.0','0.0','0.0','0.0','69371.0','53263.0','77567.0','66824.0','0.0','0.0','False','False','True','False','False','66092.0','2021-01-15','80668.0','2021-02-03','39948.0','','96845.0','63939.0','13908.0','66215.0','3669.0','0.0','False','10','','','','55','');
INSERT INTO "Contact" VALUES(27,'','','','','Atlas','Atlas','','False','','','','Fritz','Cole','','','','','Volunteer','','','False','','','','','','','','','co_fritz53@example.com','co+fritz@example.org','Home','Personal','Work','False','Other','co+fritz79@example.net','(142)032-9965x571','0.0','','','','','0.0','','0.0','','','','0.0','','','','0.0','0.0','0.0','0.0','0.0','0.0','0.0','0.0','0.0','0.0','0.0','','','','','0.0','0.0','False','False','False','False','False','','','','','','','','','','','','0.0','False','12','','','','','');
INSERT INTO "Contact" VALUES(28,'','Onboarding','Century old much already.','Onboarding','CCPDT','None','Station control century dog. Challenge compare nearly poor little.','True','2006-11-23','Voice consumer pull give. Doctor strategy hear. Officer customer southern past.','Suspended','Davis','Walter','House change south special give seven power. Market north paper mother treatment marriage body. Rest over however treatment theory.','Active','General info/Other','Stevens, Gutierrez and Stewart','Team Facilitator Lead','Do.','she','True','Need Renewal','Epilepsy','Onboarding','Operations- Trainer','Across upon during operation stage push even. Once region politics national.','Outreach- Medical Providers','Hard argue line capital describe television see. Over have own effect value single.','Active','w-davis07@example.net','walter.davis1@example.net','Home','Personal','Home','False','Home','walter+davis01@example.net','836.721.0810x3727','0.0','27727.0','2002','2020-12-31','61020.0','0.0','2021-06-17','0.0','2020-11-05','Within him late behavior. Apply put high set hour next production mind. Wide road seven we.','Reduce perform political key. Team imagine return opportunity sit blood general.','0.0','2021-09-02','2021-10-18','Household__c.Informal_Greeting__c','0.0','0.0','0.0','0.0','0.0','0.0','0.0','0.0','0.0','0.0','0.0','36182.0','45212.0','32955.0','77770.0','0.0','0.0','False','False','False','True','False','22678.0','2021-06-07','46457.0','2021-09-21','3511.0','','99097.0','44446.0','47544.0','30376.0','44917.0','0.0','False','2','','','','51','');
INSERT INTO "Contact" VALUES(29,'','','','','Atlas','Atlas','','False','','','','Rosario','Bobby','','','','','Volunteer','','','False','','','','','','','','','b+rosario@example.org','borosario5@example.net','Home','Personal','','False','Work','bobby_rosario7@example.net','525-380-2663x388','0.0','','','','','0.0','','0.0','','','','0.0','','','','0.0','0.0','0.0','0.0','0.0','0.0','0.0','0.0','0.0','0.0','0.0','','','','','0.0','0.0','False','False','False','False','False','','','','','','','','','','','','0.0','False','64','','','','','');
INSERT INTO "Contact" VALUES(30,'','','','','Atlas','Atlas','','False','','','','Watts','Tiffany','','','','','Volunteer','','','False','','','','','','','','','tiffany.watts@example.com','ti_watts98@example.com','Home','Personal','','False','Work','tiwatts1975@example.org','001-870-063-2850x04890','0.0','','','','','0.0','','0.0','','','','0.0','','','','0.0','0.0','0.0','0.0','0.0','0.0','0.0','0.0','0.0','0.0','0.0','','','','','0.0','0.0','False','False','False','False','False','','','','','','','','','','','','0.0','False','64','','','','','');
INSERT INTO "Contact" VALUES(31,'','Onboarding','Before investment today together agent establish significant.','Onboarding','Atlas','CCPDT','Letter better open charge. Sell foot summer woman piece forget. Score result we trip. Eat during eight.','True','2009-11-07','Especially and drop half action represent along.','Onboarding','Harrison','Adrienne','Teach national image fine specific.','None','General info/Other','Livingston, Hester and Fowler','Volunteer;Team Facilitator','Sport.','they','True','Up to Date','Epilepsy','Certified','Active Projects- Dog Availability','Billion them expert. Ball couple word Mrs important remember.','Marketing- Advertising','Key step reduce color. Trip responsibility again born across.','Active','a_harrison4@example.com','aharrison4@example.net','Home','Personal','Home','False','Other','ad.harrison6@example.net','+1-897-522-6353x796','0.0','27016.0','2001','2020-12-09','73059.0','0.0','2021-09-08','0.0','2021-03-05','Bad movie collection Mrs. Include it company certain.','Value common development four usually. Western across power beautiful child.','0.0','2021-04-10','2021-09-20','Household__c.Formal_Greeting__c','0.0','0.0','0.0','0.0','0.0','0.0','0.0','0.0','0.0','0.0','0.0','65496.0','97063.0','70266.0','14303.0','0.0','0.0','False','False','True','False','False','21120.0','2021-01-06','84690.0','2021-01-25','17834.0','','35900.0','23776.0','29659.0','66027.0','60406.0','0.0','False','64','','','','2','');
INSERT INTO "Contact" VALUES(32,'','Initial Inquiry','Agent cover would authority.','Initial Inquiry','Atlas','CBCC','Kid born act new. Gas theory section standard trip.','False','2006-12-15','Why door foot officer. Would world director find beyond identify begin.','Suspended','Aguilar','Marissa','Smile heart perform serve sense. We anything both late stuff. Go there heavy cause blood knowledge see. Much job white serious relationship.','Inactive','Volunteering','Brandt-Winters','Team Facilitator','Tonight.','he','True','Need Renewal','Basic Training','In Training','Active Projects- Academy','Throw out already TV.','Outreach- Disability Orgs','Benefit young tax run chair scene. Pull you three majority style indicate box. Year necessary station meet themselves.','Inactive','marissaaguilar4@example.com','maaguilar1@example.com','Home','Personal','Home','False','Work','m+aguilar4@example.org','6923554798','0.0','57809.0','1993','2021-09-16','2858.0','0.0','2021-08-19','0.0','2021-10-29','Draw name better peace. Road rich cultural off yet.','Tv city although action. Receive course answer father pressure. Treat should chance same give.','0.0','2020-11-05','2020-12-12','Household__c.Formal_Greeting__c','0.0','0.0','0.0','0.0','0.0','0.0','0.0','0.0','0.0','0.0','0.0','49969.0','30327.0','52910.0','77591.0','0.0','0.0','False','False','True','False','False','30074.0','2021-04-26','46873.0','2021-08-26','82623.0','','92665.0','76472.0','38383.0','75680.0','88710.0','0.0','False','20','','','','4','');
INSERT INTO "Contact" VALUES(33,'','Active','Activity traditional reveal investment court whatever resource expect.','Onboarding','KPA','IAABC','Home each dinner newspaper area. Small material company issue themselves spring seem.','False','2002-06-30','Seem certainly natural management player. Above say kitchen.','In Training','Rivers','Autumn','Program situation industry worker attack. Price somebody health conference. Beautiful though follow drug. Away above everybody.','Inactive','General info/Other','Knight, Gibbs and Singleton','Volunteer','Until.','specify','True','Need Renewal','Epilepsy','In Training','Active Projects- State Registration','Travel light study fear. Either prepare management walk happy Congress.','Marketing- Sales','Far medical series then their. Name organization yard. Example teach sign about year simple.','None','a+rivers1969@example.org','autumn+rivers@example.com','Home','Personal','Home','False','Home','arivers@example.com','(155)202-3599','0.0','88795.0','1972','2021-02-17','34522.0','0.0','2021-06-23','0.0','2020-12-09','Painting to wear material play.','Summer measure interesting oil. Information purpose lead husband kind.','0.0','2021-07-17','2021-04-04','Household__c.Formal_Greeting__c','0.0','0.0','0.0','0.0','0.0','0.0','0.0','0.0','0.0','0.0','0.0','57247.0','14184.0','22346.0','55470.0','0.0','0.0','False','False','True','False','False','75568.0','2021-08-30','9921.0','2021-09-20','37100.0','','21836.0','49966.0','76511.0','5221.0','45447.0','0.0','False','22','','','','5','');
INSERT INTO "Contact" VALUES(34,'','Onboarding','Loss soon media record worry.','In Training','CCPDT','None','Age find ground teacher manage second. Figure company nor social discover doctor. Visit value blood get. Institution policy head amount.','False','2014-07-21','Game hotel law history head question piece. Collection window station return assume. Wife without talk eight necessary pay paper.','Suspended','Avery','Brandi','Budget person clear after have. Including how significant might learn art.','Inactive','Sweet Snoopers Training Program','Warren, Shepherd and Wilkins','Staff','Wrong.','she','False','Need Renewal','Emotional Trauma','Onboarding','Operations- Volunteer and Staff','Time myself plan accept really somebody behavior. Thought image suddenly our writer over bit.','Marketing- Sales','Mouth head live rule ok sister. Executive personal mean either push ball economy. Yeah lose join movie guess especially news.','Active','b-avery1989@example.org','br+avery4@example.net','Home','Personal','Home','False','Home','b-avery@example.net','097-196-2997','0.0','69055.0','1993','2021-08-21','83968.0','0.0','2021-08-02','0.0','2021-04-06','Then nature guy style fine. Piece term assume indeed. Walk rate son.','Politics note play. Weight partner realize will yeah number.','0.0','2021-08-02','2021-03-15','Household__c.Formal_Greeting__c','0.0','0.0','0.0','0.0','0.0','0.0','0.0','0.0','0.0','0.0','0.0','61809.0','32165.0','3511.0','87084.0','0.0','0.0','False','False','True','False','False','9961.0','2021-02-12','36981.0','2021-03-03','81398.0','','67760.0','99619.0','43175.0','26679.0','52124.0','0.0','False','24','','','','6','');
INSERT INTO "Contact" VALUES(35,'','Initial Inquiry','Standard collection bill pretty mind offer bag.','On Hold','KPA','None','Themselves throughout security far around wonder. Coach let baby final. A prevent what meet rule go floor. Wish society follow pick your case anyone.','False','2019-07-18','Huge recent travel still level his political radio. Would instead position each personal security available stop.','In Training','Le','Maxwell','Picture none time notice reduce. Include before responsibility important by result.','Active','Teams Set in Motion Program','Hayden PLC','Trainer','Almost.','he','False','None','Epilepsy','Onboarding','Operations- Volunteer and Staff','Painting provide he direction. Environmental position would idea soldier.','Marketing- Graphic Design','Whom arrive choice. Experience money southern professor mention measure college establish. The her such likely ball think.','Inactive','ma_le05@example.net','maxwell.le2@example.net','Home','Personal','Home','False','Other','ma+le60@example.com','(122)569-5976','0.0','89138.0','1994','2021-09-28','12395.0','0.0','2021-08-15','0.0','2021-04-13','Economic drive happy they. Although theory eat build consumer.','Cup central born participant rate else. Opportunity quickly alone compare car.','0.0','2021-08-25','2021-04-20','Household__c.Name','0.0','0.0','0.0','0.0','0.0','0.0','0.0','0.0','0.0','0.0','0.0','33461.0','87528.0','4248.0','8087.0','0.0','0.0','False','False','False','False','True','31131.0','2021-10-05','69842.0','2021-08-15','70499.0','','27296.0','21913.0','41088.0','73829.0','78922.0','0.0','False','24','','','','6','');
INSERT INTO "Contact" VALUES(36,'','Initial Inquiry','Including require kid president.','Decertified','CBCC','CCPDT','Size far exist must none. Maybe return degree option.','False','2009-08-05','Exactly soon before still institution apply. Against heavy its character.','Onboarding','Arroyo','Veronica','Until effect its why church actually same. Picture hot tell most he baby add.','Inactive','Trainer Certification','Tapia and Sons','Volunteer;Trainer','Country.','specify','False','None','Eye Dog','Certified','Operations- Volunteer and Staff','Control dream sit morning traditional drive if. Soon where three statement walk raise.','Administrative- Technology','Front author again. City wide sing floor treat dream picture. Rise professional staff all reach hard.','Active','v.arroyo2010@example.com','veronicaarroyo1@example.net','Home','Personal','Home','False','Other','veronica-arroyo44@example.net','(769)516-9290x413','0.0','39893.0','2002','2021-01-17','21960.0','0.0','2021-01-24','0.0','2021-06-13','Shoulder candidate build almost special growth.','Poor offer skin whether.','0.0','2020-12-06','2021-10-16','Household__c.Informal_Greeting__c','0.0','0.0','0.0','0.0','0.0','0.0','0.0','0.0','0.0','0.0','0.0','34219.0','48976.0','96367.0','69686.0','0.0','0.0','False','False','False','True','False','98813.0','2020-12-29','78608.0','2021-05-19','82793.0','','25021.0','33106.0','85762.0','30527.0','50269.0','0.0','False','26','','','','7','');
INSERT INTO "Contact" VALUES(37,'','Initial Inquiry','A operation understand free rock opportunity interest generation.','In Training','KPA','CBCC','Political southern sit along thousand. Year huge hour entire identify. Front interest strategy purpose voice.','True','2001-10-02','Message seven half whose reality director change left. Way new politics simple beyond. Hotel reality activity single show brother. It second budget grow I method exactly.','Onboarding','Miranda','Candice','Ok attack machine enter design. Key huge pull enter.','None','General info/Other','Curtis, Harrison and Levy','Team Facilitator','Knowledge.','they','True','In Progress','Hearing Dog','None','Active Projects- Scholarships','Outside area company rule I black. Ask road seat attention bring five education.','Outreach- Disability Orgs','Make lawyer game same bar. Left political while chance here throughout.','Active','candicemiranda1966@example.com','candice+miranda91@example.net','Home','Personal','Home','False','Other','c.miranda1983@example.net','(196)342-6036','0.0','65535.0','1987','2021-03-04','80344.0','0.0','2021-07-18','0.0','2021-09-28','Foreign notice gas pretty family. Adult since difference read letter again.','Money war yard great. Class rise past. Easy matter traditional.','0.0','2021-02-08','2021-03-04','Household__c.Name','0.0','0.0','0.0','0.0','0.0','0.0','0.0','0.0','0.0','0.0','0.0','69923.0','88949.0','31772.0','94424.0','0.0','0.0','False','False','False','False','True','36777.0','2021-06-16','12395.0','2021-09-17','27774.0','','66738.0','28752.0','77008.0','15093.0','86291.0','0.0','False','26','','','','7','');
INSERT INTO "Contact" VALUES(38,'','Active','By another face energy might opportunity beat.','In Training','Atlas','IAABC','Line where certain word buy. Collection pretty baby girl notice deep treat over. Lead black state I finally. Public knowledge economic.','False','2019-04-26','Fear century adult cup by television grow especially. Standard test build building see true.','Initial Inquiry','Pruitt','Virginia','Capital health never trial authority rest reflect. Marriage idea throughout ahead.','Active','General info/Other','Melton LLC','Board Member','Happy.','she','True','None','Hearing Dog','Inactive','Operations- Master Docs - READ ONLY','Next after shake speech family its. Occur nor wrong second blue down.','Outreach- Diversity','Suggest religious month speak property left time. Many try break take chance who human college.','Inactive','virginia-pruitt@example.org','v-pruitt2010@example.org','Home','Personal','Home','False','Other','virginia-pruitt@example.org','001-794-468-5834x6608','0.0','89456.0','2017','2021-09-21','55911.0','0.0','2021-09-22','0.0','2021-08-12','Similar back international do she keep. Add tree increase character build tax.','Indeed result nice war improve. Dog success describe. Old page growth them like leave human.','0.0','2021-07-15','2021-05-03','Household__c.Informal_Greeting__c','0.0','0.0','0.0','0.0','0.0','0.0','0.0','0.0','0.0','0.0','0.0','30752.0','21319.0','26786.0','32653.0','0.0','0.0','False','False','False','True','False','5485.0','2021-01-23','9450.0','2021-03-03','64865.0','','40563.0','88864.0','15249.0','39574.0','82100.0','0.0','False','26','','','','7','');
INSERT INTO "Contact" VALUES(39,'','Onboarding','Support television particularly seek recently religious national.','Certified','Atlas','CCPDT','Computer low energy might house fish trip. Well doctor low respond building business ability fire. Child forward thus front final thousand. Seat month total public movement.','False','2012-09-08','Look trial suddenly new born chair. Time notice image important heavy decade military.','Onboarding','Barajas','Jorge','Magazine campaign range rate size enter field firm. Plant newspaper brother develop.','Active','Team Facilitator Certification','Henderson Ltd','Donor','Pass.','they','False','Need Renewal','Epilepsy','None','Operations- Client','Here certain fact until civil. Response standard partner woman agency baby value.','Outreach- Clients','Assume parent control fine buy value relate. Sense site house feel represent however student. Play officer analysis later.','None','j.barajas1989@example.net','jorgebarajas@example.net','Home','Personal','Home','False','Other','jorgebarajas02@example.org','+1-538-224-1692x4824','0.0','77036.0','2008','2021-08-03','99437.0','0.0','2020-11-23','0.0','2020-11-04','Over tell able hard. Any focus myself meeting method already. Democrat six heavy type.','Main south respond. Effort clear can thank. Must great event security remember with itself spend.','0.0','2021-10-24','2021-08-13','Household__c.Name','0.0','0.0','0.0','0.0','0.0','0.0','0.0','0.0','0.0','0.0','0.0','26035.0','68875.0','59247.0','31927.0','0.0','0.0','False','False','False','False','True','94610.0','2021-07-07','59117.0','2020-12-29','42395.0','','17280.0','5355.0','67552.0','73250.0','76954.0','0.0','False','86','','','','27','');
INSERT INTO "Contact" VALUES(40,'','None','Happy student either very open break rate.','Inactive','KPA','KPA','Head successful expert nearly. Kid industry he think fly throw remain. Adult science collection nor her major think.','False','2014-02-13','Building question where. Rate same seven. Off early fear amount.','Initial Inquiry','Leonard','Allison','Write meet give drop institution. Catch again then kid walk your.','None','Trainer Certification','Kane, Dyer and Thompson','Client','Drive.','she','True','Up to Date','Eye Dog','In Training','Board','Your responsibility help. Admit officer want dog blood trade.','Marketing- Photo','Car science who continue tonight. Herself from society tough job catch. Opportunity popular friend take check. Teach wear reason over once idea instead.','Active','a+leonard6@example.com','allison_leonard2@example.com','Home','Personal','Home','False','Work','a.leonard1995@example.net','292.349.4874x0898','0.0','49250.0','1981','2021-06-24','54457.0','0.0','2021-02-13','0.0','2021-05-30','Son knowledge article go model career. Paper size defense.','Type live dog control throw.','0.0','2021-04-30','2021-03-16','Household__c.Name','0.0','0.0','0.0','0.0','0.0','0.0','0.0','0.0','0.0','0.0','0.0','76998.0','88855.0','70703.0','8353.0','0.0','0.0','False','False','False','False','True','19568.0','2021-07-19','3267.0','2021-02-11','2116.0','','29032.0','6113.0','52890.0','78284.0','2557.0','0.0','False','86','','','','27','');
INSERT INTO "Contact" VALUES(41,'','None','Threat because range foot ground change mouth possible.','Onboarding','CCPDT','None','Bank charge section reach. Yourself thus really make.','True','2013-09-11','Citizen common rather participant already catch. Use democratic computer might bill seven. Well budget time.','None','Medina','Kristy','Activity hot physical culture. Firm minute decade I their level.','Active','Volunteering','Donovan-Willis','Donor','Improve.','specify','True','In Progress','Hearing Dog','Inactive','Active Projects- Dog Availability','Arrive could thought best. Their enough less. Century and agree set.','Marketing- Graphic Design','Then thousand stuff force management community.','Inactive','kr-medina@example.net','kr+medina58@example.net','Home','Personal','Home','False','Other','kr.medina4@example.com','001-395-323-7657x560','0.0','52534.0','2017','2021-08-08','40493.0','0.0','2020-12-10','0.0','2021-10-10','Purpose movie community affect push. Question two unit best central a. Same try strategy her.','His away available suffer. Key whom kind night.','0.0','2021-02-08','2021-06-14','Household__c.Formal_Greeting__c','0.0','0.0','0.0','0.0','0.0','0.0','0.0','0.0','0.0','0.0','0.0','82135.0','54564.0','90303.0','27230.0','0.0','0.0','False','False','True','False','False','6262.0','2020-11-09','41813.0','2020-11-26','70639.0','','91266.0','65952.0','44453.0','14474.0','52879.0','0.0','False','90','','','','29','');
INSERT INTO "Contact" VALUES(42,'','Onboarding','Imagine player road member determine.','Inactive','Atlas','CCPDT','Specific add rich determine firm either accept heart. Special music teach interest behavior. Never hope mission green ever many.','True','2016-02-29','Close when reflect without civil would student make. Head about than increase them poor more.','Onboarding','Frazier','Paul','In world instead. Miss see others very cultural page also.','None','Sweet Snoopers Training Program','Esparza, Rowland and Peck','Volunteer;Team Facilitator','How bill.','he','True','Up to Date','Hearing Dog','None','Sensitive Info- Trainer','Leave reveal create six learn. Where opportunity mind. Piece player certain page race leave.','Outreach- Disability Orgs','Well threat right range. Consider car hot minute summer energy how. Million nor consider fish seven. Its side new view international security.','Active','pa-frazier67@example.org','p_frazier7@example.com','Home','Personal','Home','False','Work','paul_frazier@example.com','+1-619-867-0250x3878','0.0','17782.0','1989','2021-01-06','12522.0','0.0','2021-06-22','0.0','2021-08-10','Day get financial these. Say quickly up around.','Shake energy discuss little law pull only. Act sing thing employee range before letter clear.','0.0','2021-08-22','2021-04-29','Household__c.Formal_Greeting__c','0.0','0.0','0.0','0.0','0.0','0.0','0.0','0.0','0.0','0.0','0.0','99947.0','87703.0','44500.0','41707.0','0.0','0.0','False','False','True','False','False','76245.0','2021-04-17','46792.0','2021-07-08','17123.0','','7149.0','32413.0','34381.0','62612.0','82495.0','0.0','False','90','','','','29','');
INSERT INTO "Contact" VALUES(43,'','','','','Atlas','Atlas','','False','','','','Kerr','Walter','','','','','Volunteer','','','False','','','','','','','','','walter-kerr56@example.net','walter_kerr1949@example.org','Home','Personal','Work','False','Work','walter+kerr@example.net','(096)074-6859','0.0','','','','','0.0','','0.0','','','','0.0','','','','0.0','0.0','0.0','0.0','0.0','0.0','0.0','0.0','0.0','0.0','0.0','','','','','0.0','0.0','False','False','False','False','False','','','','','','','','','','','','0.0','False','92','','','','','');
INSERT INTO "Contact" VALUES(44,'','Inactive','Seven key despite brother who.','None','IAABC','CCPDT','Yeah specific many challenge now red. Her section wrong close beautiful job. Program city knowledge rock.','False','2002-12-03','Majority position present nation history treat growth include. Cause late exactly off point my group. Audience mouth find southern.','Inactive','Jimenez','Gina','End yourself ever me camera. Building vote apply all budget everybody south nice.','Active','Sweet Snoopers Training Program','Combs-Bender','Team Facilitator','Hope.','he','True','Up to Date','Emotional Trauma','In Training','Active Projects- Dog Availability','Theory Mrs common. Notice hear especially economic country.','Outreach- Clients','Report fire phone new. Office everybody right meet able how vote. Defense hand customer agreement free morning own.','Initial Inquiry','gijimenez1983@example.net','gi.jimenez05@example.com','Home','Personal','Home','False','Work','gi-jimenez@example.net','514.863.6810','0.0','88335.0','1984','2020-11-25','15158.0','0.0','2021-07-03','0.0','2021-01-12','Challenge citizen weight resource. Other where down daughter protect. Strategy provide focus.','Wear least fast service. Film century right relationship appear recently.','0.0','2020-12-25','2021-05-19','Household__c.Formal_Greeting__c','0.0','0.0','0.0','0.0','0.0','0.0','0.0','0.0','0.0','0.0','0.0','22754.0','22560.0','16601.0','29412.0','0.0','0.0','False','False','True','False','False','36494.0','2021-06-19','8540.0','2021-03-10','18402.0','','30501.0','72622.0','37000.0','8460.0','28218.0','0.0','False','93','','','','30','');
INSERT INTO "Contact" VALUES(45,'','Active','Man others various as.','None','CCPDT','CCPDT','Small wide share environmental believe administration TV. Total challenge ability cover into pick. Happy example into enjoy available answer.','False','2008-03-30','Deep smile employee. Six consider risk Congress pattern. Education whom citizen sea.','Onboarding','Russell','Casey','Big government fund free color. Into from notice dinner month court although. Writer natural think responsibility.','None','Volunteering','Sanchez-Avila','Trainer;Client','Material.','specify','False','Up to Date','Emotional Trauma','Onboarding','Active Projects- Governance, Compliance and Operations','How kitchen drive list free compare. Nothing less face speech these. Upon foot involve show.','Outreach- Veterinarians','Drug outside which should bit eat reveal.','Inactive','c-russell@example.com','casey.russell4@example.com','Home','Personal','Home','False','Work','c-russell@example.org','602.856.0118','0.0','40301.0','2007','2021-02-19','26290.0','0.0','2020-11-01','0.0','2021-09-24','Head sport election finally. Sort who recently something traditional.','Bag south television into design child coach. Risk sign dinner financial process must fund system.','0.0','2021-01-04','2021-05-30','Household__c.Name','0.0','0.0','0.0','0.0','0.0','0.0','0.0','0.0','0.0','0.0','0.0','18325.0','33029.0','49785.0','6789.0','0.0','0.0','False','False','False','False','True','49870.0','2021-02-07','20045.0','2021-02-04','17986.0','','47977.0','76433.0','9893.0','88593.0','535.0','0.0','False','93','','','','30','');
INSERT INTO "Contact" VALUES(46,'','Active','While lay moment opportunity blood.','Initial Inquiry','IAABC','Atlas','Throughout look continue treat allow detail. Enjoy election allow win protect mission.','True','2002-12-11','Allow just ball share at threat interesting.','Certified','Russo','Anna','Drop short behavior full. American kind everyone establish business. Threat have station entire finish move per.','None','Client Certification','Moyer, Chandler and Robinson','Client','Near into.','they','False','Up to Date','Eye Dog','Inactive','Active Projects- Client Certification','Brother imagine show letter. Floor toward pattern forward lot turn.','Marketing- Graphic Design','Despite again leader end long director. Doctor order defense such spend. Describe common recognize situation director where serious performance.','Initial Inquiry','an.russo64@example.org','anna_russo90@example.org','Home','Personal','Home','False','Other','anna_russo@example.org','(963)080-6511x4098','0.0','75536.0','1994','2021-02-16','69176.0','0.0','2021-03-03','0.0','2021-09-06','Hair final together offer. Task five sign admit chair store party. Recognize up little many book.','Example send spring program though.','0.0','2020-12-22','2021-05-09','Household__c.Informal_Greeting__c','0.0','0.0','0.0','0.0','0.0','0.0','0.0','0.0','0.0','0.0','0.0','45263.0','40736.0','45651.0','30422.0','0.0','0.0','False','False','False','True','False','1419.0','2021-06-05','30843.0','2021-07-06','95826.0','','30850.0','26562.0','68163.0','55080.0','22795.0','0.0','False','100','','','','32','');
INSERT INTO "Contact" VALUES(47,'','Onboarding','Religious speech fact total.','Certified','IAABC','KPA','A west policy easy. Kind indicate price what who among. Environment speak reason difficult attention perform.','False','2015-09-05','Age maintain movement will. Four data summer body family modern society. That main guess evening.','Onboarding','Mcgee','Isaiah','Voice ask of cold over else. Back box plant story series carry east.','None','Team Facilitator Certification','Todd, Horne and Carey','Board Member','Brother.','she','True','Need Renewal','Hearing Dog','Suspended','Sensitive Info- Board','Source economy now father. Probably work born news thus.','Outreach- Disability Orgs','Subject lead kid response plant kind white. Whose hope than pretty building approach attention will.','Initial Inquiry','ismcgee9@example.com','is_mcgee1970@example.org','Home','Personal','Home','False','Home','isaiahmcgee1963@example.net','3121272368','0.0','98802.0','1987','2021-09-17','15845.0','0.0','2020-12-02','0.0','2021-09-26','Get relate suddenly rock. Very win stay image fast this. Trial attack half way receive.','Final teach article. Top feel drop himself.','0.0','2021-08-15','2021-04-10','Household__c.Name','0.0','0.0','0.0','0.0','0.0','0.0','0.0','0.0','0.0','0.0','0.0','61082.0','50339.0','65563.0','95317.0','0.0','0.0','False','False','False','False','True','60227.0','2021-02-23','6280.0','2020-11-22','78018.0','','5946.0','79665.0','77913.0','89691.0','58288.0','0.0','False','100','','','','32','');
INSERT INTO "Contact" VALUES(48,'','Initial Inquiry','Single test right anything himself do.','In Training','IAABC','CBCC','This control rate stand admit everyone wrong. Threat attack raise rather source argue.','True','2004-12-11','Run hour sure American draw young practice. Especially can past project adult well material well.','None','Simpson','Teresa','Room thus help structure often mother. Possible leg however evening left what. Old ground act common yard.','None','Client Certification','Daugherty LLC','Donor','Sing.','they','False','Need Renewal','Hearing Dog','Onboarding','Active Projects- Academy','Leader once attorney per dinner commercial. Would carry thought interview practice accept national.','Outreach- Clients','Budget from high player. Anything rest present public.','Onboarding','te-simpson1978@example.org','teresa+simpson1989@example.com','Home','Personal','Home','False','Work','teresasimpson2008@example.org','839.904.7983x3672','0.0','94209.0','1996','2021-10-12','10877.0','0.0','2021-08-20','0.0','2021-03-18','Cost generation follow mouth save.','Bad religious until accept develop current series. Senior local product among cut.','0.0','2021-03-16','2021-01-07','Household__c.Informal_Greeting__c','0.0','0.0','0.0','0.0','0.0','0.0','0.0','0.0','0.0','0.0','0.0','60853.0','18267.0','4551.0','22537.0','0.0','0.0','False','False','False','True','False','90613.0','2021-04-07','99299.0','2021-01-22','64908.0','','69943.0','77435.0','66636.0','50927.0','55508.0','0.0','False','13','','','','56','');
INSERT INTO "Contact" VALUES(49,'','Active','Value follow up because.','Onboarding','Atlas','IAABC','Human owner table enter church cost Republican arrive. Small bar nice their. Improve me training position beat record before.','False','2005-03-28','Choice still with stuff executive point boy. Entire create democratic speech approach day.','Certified','Ayala','Shawna','Magazine carry avoid amount stay. Class social onto difference magazine body relate indicate. Share require pick lose.','Inactive','Volunteering','Rangel-Arnold','Volunteer;Team Facilitator Lead;Client','Lose near.','he','True','Up to Date','Emotional Trauma','Initial Inquiry','Operations- Volunteer and Staff','Player former beyond federal think television near sing. Yard see throughout feel little on.','Administrative- General','General treatment view decide. Discussion experience right expect gun yard traditional lay. Certain writer bank during man hospital quality.','None','shawnaayala2@example.net','shawna_ayala@example.org','Home','Personal','Home','False','Work','sh-ayala10@example.com','738-184-4208','0.0','66956.0','2004','2021-09-26','51874.0','0.0','2021-10-05','0.0','2021-02-26','Front language include choice. Son imagine spend my let prepare eye lawyer.','Discussion wrong between large arm most cultural. Impact analysis recently account policy.','0.0','2021-01-23','2021-03-18','Household__c.Informal_Greeting__c','0.0','0.0','0.0','0.0','0.0','0.0','0.0','0.0','0.0','0.0','0.0','74110.0','60327.0','93935.0','90169.0','0.0','0.0','False','False','False','True','False','36456.0','2021-08-05','72995.0','2021-04-22','5926.0','','48036.0','48272.0','51323.0','3210.0','23792.0','0.0','False','13','','','','56','');
INSERT INTO "Contact" VALUES(50,'','None','Baby mother ability capital himself agent.','None','None','CBCC','Speech short catch standard own always. National prepare room major board sister.','False','2021-06-20','Go woman memory something with open pressure sound. Collection in effort this peace test. Friend blue read power during mention big mean.','In Training','Walton','Bailey','Alone computer after eat social must feel. Picture attorney statement impact discussion figure cultural. Always relationship carry husband involve issue base.','None','Team Facilitator Certification','Kim-Warner','Board Member','Hour.','he','True','Need Renewal','Basic Training','Inactive','Active Projects- Fund Development','Body language form choose exist may. Appear war civil.','Outreach- Dogs','Large could write who career. Form recent bring program product imagine indicate. Central nothing job agency.','Inactive','ba.walton83@example.net','ba+walton@example.org','Home','Personal','Home','False','Work','b_walton@example.org','646-850-1337x64946','0.0','8992.0','1986','2021-05-19','48402.0','0.0','2021-04-22','0.0','2021-09-01','Do kitchen into language federal. Put take amount firm simply. Mention he coach century.','During special affect they idea whether later easy. Teach economy hair although.','0.0','2021-10-28','2021-03-12','Household__c.Name','0.0','0.0','0.0','0.0','0.0','0.0','0.0','0.0','0.0','0.0','0.0','36514.0','8757.0','41281.0','32332.0','0.0','0.0','False','False','False','False','True','2212.0','2021-02-10','86782.0','2021-05-04','84218.0','','91331.0','37271.0','6514.0','73022.0','90358.0','0.0','False','13','','','','56','');
INSERT INTO "Contact" VALUES(51,'','Inactive','Information quality baby note use authority onto.','Certified','Atlas','KPA','Region soldier phone everyone bag western recent. Base cut different despite natural word too.','False','2002-12-20','Hour parent paper perhaps. War young growth. On unit system when discover.','Initial Inquiry','Shelton','Mitchell','Seek right born. Several my probably. Throughout should throughout world.','Inactive','Sweet Snoopers Training Program','Giles LLC','Volunteer;Trainer','Court.','specify','True','Up to Date','Epilepsy','Certified','Active Projects- State Registration','Avoid nothing reduce military other. Meet however message world name those.','Outreach- Dogs','No enough girl cut hospital about can. Develop find issue number. Activity something air care. Ask every me money.','Inactive','m-shelton45@example.com','m+shelton@example.com','Home','Personal','Home','False','Home','mishelton1946@example.org','(891)555-7374x5004','0.0','93693.0','1981','2021-06-02','33874.0','0.0','2021-04-27','0.0','2020-12-17','Owner as why specific specific. Anyone carry responsibility hold.','Almost you project talk dark six so American. Individual kitchen cold us fish.','0.0','2021-01-08','2021-05-01','Household__c.Formal_Greeting__c','0.0','0.0','0.0','0.0','0.0','0.0','0.0','0.0','0.0','0.0','0.0','84595.0','75906.0','87110.0','98051.0','0.0','0.0','False','False','True','False','False','67024.0','2021-04-04','43985.0','2021-02-10','42455.0','','26506.0','1722.0','99794.0','18764.0','99393.0','0.0','False','30','','','','9','');
INSERT INTO "Contact" VALUES(52,'','Initial Inquiry','Successful send include likely as.','In Training','CBCC','IAABC','Along talk turn change stay. Technology any popular keep doctor military must add.','True','2013-07-09','Even person pretty improve husband voice firm. Thus only oil quality camera stand. Member need range agreement then. Middle factor individual lawyer campaign.','None','Best','Jacqueline','Bad discover ready successful necessary beyond thus owner. Strong probably research alone goal should.','None','Sponsorship/Donations','Crane and Sons','Volunteer','Everyone.','specify','False','None','Eye Dog','None','Active Projects- Fund Development','Trade almost yourself western realize then throughout outside.','Outreach- Medical Providers','Data low operation end official anything.','Active','ja-best6@example.org','jacqueline_best@example.org','Home','Personal','Home','False','Home','jabest@example.org','(923)388-0542','0.0','62370.0','2003','2021-04-26','35126.0','0.0','2020-12-17','0.0','2021-06-28','East hotel in model myself senior. Sure environment decide protect maintain true hand.','Change nearly term. Reveal many course culture catch democratic more.','0.0','2021-09-09','2021-07-02','Household__c.Informal_Greeting__c','0.0','0.0','0.0','0.0','0.0','0.0','0.0','0.0','0.0','0.0','0.0','86390.0','49383.0','50823.0','95410.0','0.0','0.0','False','False','False','True','False','37197.0','2021-06-06','88553.0','2021-02-11','83132.0','','47864.0','27011.0','54440.0','83995.0','78436.0','0.0','False','30','','','','9','');
INSERT INTO "Contact" VALUES(53,'','None','Management character pretty church might effort few.','In Training','KPA','IAABC','Edge why school minute information Congress culture. Hundred tell growth whole. Own line give stop it late.','False','2020-02-13','Hot office far child cultural all. Citizen but let want resource traditional. Why price five.','Initial Inquiry','Spears','Ashlee','Television exactly sport record tough weight box. Along common voice north chair able notice.','None','Sponsorship/Donations','Steele Group','Volunteer','Nothing.','they','False','In Progress','Basic Training','Inactive','Sensitive Info- Trainer','Main response production fill.
Fine nothing feel court gun along best.','Marketing- SEO','And drug issue image my up risk avoid. Range some travel firm pick field past.','None','as_spears@example.net','a.spears1949@example.net','Home','Personal','Home','False','Other','ashleespears@example.net','(782)307-6398','0.0','4466.0','2004','2021-01-29','45133.0','0.0','2021-10-29','0.0','2021-06-24','Six short risk. History information bring address. Present door use discuss look.','Career where a bad. The read if similar hear task. Room establish there east who value explain.','0.0','2021-03-03','2021-01-08','Household__c.Informal_Greeting__c','0.0','0.0','0.0','0.0','0.0','0.0','0.0','0.0','0.0','0.0','0.0','52737.0','3149.0','65599.0','2510.0','0.0','0.0','False','False','False','True','False','93816.0','2021-07-18','44425.0','2021-10-08','56722.0','','66371.0','20074.0','49985.0','14893.0','96002.0','0.0','False','30','','','','9','');
INSERT INTO "Contact" VALUES(54,'','','','','Atlas','Atlas','','False','','','','Knight','Preston','','','','','Volunteer','','','False','','','','','','','','','preston-knight3@example.org','p+knight@example.com','Home','Personal','Work','False','Other','pr+knight1965@example.net','(765)809-2829x9106','0.0','','','','','0.0','','0.0','','','','0.0','','','','0.0','0.0','0.0','0.0','0.0','0.0','0.0','0.0','0.0','0.0','0.0','','','','','0.0','0.0','False','False','False','False','False','','','','','','','','','','','','0.0','False','32','','','','','');
INSERT INTO "Contact" VALUES(55,'','Initial Inquiry','Picture hospital professor.','Initial Inquiry','None','CBCC','Enough fight carry cut yes stay fire test. Fine cup final itself.','False','2016-12-12','A material late truth. Prove thus because guess very participant collection.','None','Harrell','Roy','Financial raise develop catch be discussion stay picture. Throw ready respond young. Wrong hear industry change federal value range. Alone avoid staff get energy small many happy.','Active','Client Certification','Stokes-Crane','Donor','Light.','they','False','None','Hearing Dog','None','Operations- Volunteer and Staff','Hold because whom. Including without major business to small.','Marketing- Advertising','Lay true culture represent after. Listen model image instead. Apply one return cover.','None','royharrell@example.org','ro_harrell@example.org','Home','Personal','Home','False','Home','rharrell2007@example.com','(576)062-4681x61275','0.0','37238.0','2007','2020-12-11','36460.0','0.0','2021-02-11','0.0','2021-10-21','Attorney relate finally pick low job production.','Decision gas daughter. As so box food view us.','0.0','2021-04-07','2021-01-23','Household__c.Informal_Greeting__c','0.0','0.0','0.0','0.0','0.0','0.0','0.0','0.0','0.0','0.0','0.0','67918.0','34794.0','91289.0','60242.0','0.0','0.0','False','False','False','True','False','68435.0','2020-11-14','40835.0','2021-02-19','81587.0','','67306.0','65500.0','28242.0','69235.0','24068.0','0.0','False','33','','','','10','');
INSERT INTO "Contact" VALUES(56,'','None','Themselves real subject scene.','None','CBCC','Atlas','Simple of back. Outside tax million thus. Remember effect social record.','True','2019-09-23','Bill street note occur travel. Brother Congress fall question perhaps out who.','None','Meyer','Tabitha','Easy discuss final large. Relationship source such learn low avoid raise. Only listen choose serve.','Inactive','Team Facilitator Certification','Rush-Velasquez','Team Facilitator Lead','Meeting.','he','False','None','Eye Dog','Certified','Active Projects- Research and Development','Thank economy true under national child political. Floor manager truth hand care apply.','Marketing- Events','Response range true food put. Poor would stay. Right determine than really consumer.','Inactive','t.meyer74@example.com','tabitha-meyer@example.com','Home','Personal','Home','False','Other','tabitha.meyer@example.org','(720)522-5096','0.0','52171.0','2001','2021-07-19','72548.0','0.0','2021-03-18','0.0','2020-11-27','Will economy across politics show year start. Woman their necessary.','Society new contain single fill democratic. Reduce reveal tax hope. Help city for.','0.0','2021-01-26','2021-04-29','Household__c.Name','0.0','0.0','0.0','0.0','0.0','0.0','0.0','0.0','0.0','0.0','0.0','55183.0','29265.0','35980.0','56206.0','0.0','0.0','False','False','False','False','True','88109.0','2021-05-20','60133.0','2021-07-20','48818.0','','18784.0','47670.0','81852.0','8249.0','10745.0','0.0','False','33','','','','10','');
INSERT INTO "Contact" VALUES(57,'','','','','Atlas','Atlas','','False','','','','Graham','Darius','','','','','Volunteer','','','False','','','','','','','','','dariusgraham1979@example.net','d.graham1@example.net','Home','Personal','','False','Other','da-graham3@example.net','+1-995-798-7867x5374','0.0','','','','','0.0','','0.0','','','','0.0','','','','0.0','0.0','0.0','0.0','0.0','0.0','0.0','0.0','0.0','0.0','0.0','','','','','0.0','0.0','False','False','False','False','False','','','','','','','','','','','','0.0','False','66','','','','','');
INSERT INTO "Contact" VALUES(58,'','','','','Atlas','Atlas','','False','','','','Lynch','Glen','','','','','Volunteer','','','False','','','','','','','','','gl_lynch5@example.com','gl.lynch@example.com','Home','Personal','','False','Home','gllynch1989@example.com','+1-108-004-2351x456','0.0','','','','','0.0','','0.0','','','','0.0','','','','0.0','0.0','0.0','0.0','0.0','0.0','0.0','0.0','0.0','0.0','0.0','','','','','0.0','0.0','False','False','False','False','False','','','','','','','','','','','','0.0','False','66','','','','','');
INSERT INTO "Contact" VALUES(59,'','Onboarding','Seven tell anything new though PM lot.','On Hold','CCPDT','CBCC','Relationship condition network trial coach own skill. Hear back sort worry throughout western special. Size color top lose heart also well.','True','2015-05-18','Window everyone such some team case. Think upon memory. Stuff together fish recent day threat.','Initial Inquiry','Roberts','Christine','Should return decision policy. Can charge in scientist space key detail.','Inactive','Teams Set in Motion Program','Bauer LLC','Trainer;Client','Way.','he','False','In Progress','Basic Training','Certified','Operations- Volunteer and Staff','Bad agree too which race safe activity upon. Main cover east sort add main choose member.','Marketing- Leadership','Plant crime our despite. Approach your your use agreement answer contain. Size nearly hotel hundred.','Inactive','christine_roberts@example.org','croberts1994@example.com','Home','Personal','Home','False','Other','christine_roberts9@example.com','527-122-0065','0.0','18267.0','2021','2021-05-16','81759.0','0.0','2021-10-04','0.0','2021-01-30','Dream lose around response military. War step brother discuss.','Send dream investment rock without possible present.','0.0','2021-01-17','2021-08-21','Household__c.Formal_Greeting__c','0.0','0.0','0.0','0.0','0.0','0.0','0.0','0.0','0.0','0.0','0.0','97268.0','2116.0','19096.0','91711.0','0.0','0.0','False','False','True','False','False','99294.0','2020-11-24','78761.0','2021-06-25','28479.0','','91234.0','2007.0','46150.0','41953.0','31390.0','0.0','False','66','','','','11','');
INSERT INTO "Contact" VALUES(60,'','Active','Me subject expert answer tonight throughout.','On Hold','CCPDT','IAABC','Down responsibility own more among seven focus. Work interview worker right opportunity low news.','False','2013-01-29','Possible though check will town their save. Guy certainly people. Keep nice near today claim act.','None','Cantu','Alan','Level forget behind peace pressure leave.','Inactive','Sweet Snoopers Training Program','Olson-Gaines','Volunteer','Hotel.','they','True','Need Renewal','Epilepsy','Certified','Active Projects- Community Outreach and Education','Least wrong class lead. Southern decade forget choice.','Administrative- Volunteer','Save treat need us talk bill right chair. Stage move she unit term person.','None','alan.cantu1992@example.com','alan_cantu4@example.com','Home','Personal','Home','False','Home','al+cantu51@example.org','001-618-689-4395x816','0.0','69571.0','2009','2021-06-23','58409.0','0.0','2021-04-14','0.0','2021-05-28','Yard before hold election sea. Show bit trial study project white while.','However top letter myself house. On two most management.','0.0','2020-12-23','2021-09-26','Household__c.Name','0.0','0.0','0.0','0.0','0.0','0.0','0.0','0.0','0.0','0.0','0.0','92007.0','17918.0','22564.0','27848.0','0.0','0.0','False','False','False','False','True','98748.0','2021-05-04','78191.0','2021-06-23','9696.0','','35691.0','15147.0','72420.0','56585.0','70004.0','0.0','False','66','','','','11','');
INSERT INTO "Contact" VALUES(61,'','Inactive','Into job herself give knowledge fish.','Decertified','CBCC','None','Join cell interest any natural could full. Write free society space I grow. Simply course view say family require.','True','2013-08-03','Everything cut plan two beautiful culture. Reflect one run hour.','Certified','Henderson','Samantha','Society as argue face understand east always. Also send pressure spring mission. However himself suggest trade with.','Inactive','Team Facilitator Certification','Glenn, Carlson and Norton','Volunteer;Client','Take just.','they','True','Up to Date','Basic Training','None','Operations- Master Docs - READ ONLY','City later coach laugh down. Spend science most become reduce meeting range.','Academy-Content Creator','Prove fear military future adult huge home. Officer avoid while keep want part about. Its note among magazine.','Inactive','s+henderson4@example.org','sa_henderson1989@example.com','Home','Personal','Home','False','Work','s.henderson0@example.org','001-274-683-9383','0.0','14970.0','2019','2021-10-26','82312.0','0.0','2021-08-06','0.0','2021-02-23','Mention world back. Sure type prepare car.','Brother by political lot moment century. Indicate much name arrive about wait.','0.0','2020-11-17','2021-07-19','Household__c.Informal_Greeting__c','0.0','0.0','0.0','0.0','0.0','0.0','0.0','0.0','0.0','0.0','0.0','41713.0','18033.0','68184.0','87543.0','0.0','0.0','False','False','False','True','False','38084.0','2021-05-05','68414.0','2021-01-04','24540.0','','58180.0','80192.0','35112.0','87511.0','9589.0','0.0','False','100','','','','32','');
INSERT INTO "Contact" VALUES(62,'','Initial Inquiry','Control east debate no good.','Initial Inquiry','IAABC','CBCC','Data likely factor top north house attorney. Commercial information bad Congress suffer shake risk. Already way space upon.','True','2014-11-28','Pm require stuff fire. Himself five we forward pull each amount.','Initial Inquiry','Ayala','Hunter','Conference new impact Mr no place. Western inside similar even job. Speak until magazine chance final.','Active','General info/Other','Reilly Group','Board Member','Life talk.','she','False','None','Emotional Trauma','Initial Inquiry','Operations- Volunteer and Staff','Window trial project. Bank throw cost dark down. Interview election later rate expect.','Marketing- Events','Situation whether almost recognize decision she. About truth sort idea herself nation.','Active','h+ayala@example.net','hu.ayala1945@example.com','Home','Personal','Home','False','Work','h+ayala@example.org','825.629.1261','0.0','167.0','1975','2021-01-04','72198.0','0.0','2021-03-11','0.0','2021-03-05','Blood how body everything.','Short century physical foot. Affect either water claim. Mean affect support glass law state.','0.0','2021-06-28','2021-02-23','Household__c.Informal_Greeting__c','0.0','0.0','0.0','0.0','0.0','0.0','0.0','0.0','0.0','0.0','0.0','76260.0','96003.0','75093.0','63181.0','0.0','0.0','False','False','False','True','False','26594.0','2021-04-24','32420.0','2021-03-12','97656.0','','46479.0','3676.0','51126.0','35793.0','21422.0','0.0','False','102','','','','33','');
INSERT INTO "Contact" VALUES(63,'','Active','Cold development save about response.','In Training','None','CCPDT','Detail training most attorney action. Student billion compare mother. Break student rather particularly.','True','2004-03-26','Special entire know and actually. Exactly list morning able industry seat possible.','None','Bullock','Vickie','Thing sort even third. Woman medical imagine popular start small teacher. Tree story interest reality reach after.','None','Teams Set in Motion Program','Berg, Patrick and Boyer','Team Facilitator Lead','Ago.','he','False','None','Eye Dog','In Training','Active Projects- Community Outreach and Education','She ground pass morning low. Or quite home then six per when. Husband marriage kid.','Marketing- Video','Four general through three center. Shake life ground. Unit lead future real work system.','None','vi-bullock8@example.com','vickie-bullock1947@example.com','Home','Personal','Home','False','Home','v+bullock5@example.com','048.607.5623x032','0.0','44606.0','1984','2020-10-31','9705.0','0.0','2021-01-18','0.0','2020-11-02','Land behind official.','Strategy strategy each effect raise. Rate anyone skill next each structure edge.','0.0','2020-11-05','2020-11-17','Household__c.Informal_Greeting__c','0.0','0.0','0.0','0.0','0.0','0.0','0.0','0.0','0.0','0.0','0.0','46423.0','51800.0','17919.0','57655.0','0.0','0.0','False','False','False','True','False','58088.0','2020-11-25','61427.0','2021-01-14','48837.0','','63136.0','23335.0','74518.0','29233.0','43308.0','0.0','False','102','','','','33','');
INSERT INTO "Contact" VALUES(64,'','None','Amount table southern increase be manager.','In Training','Atlas','Atlas','Just car light give model explain these. Fill whose step garden environmental environment challenge. Campaign street rich walk strong expert later report.','False','2015-01-04','Agency statement son city. Statement character nice. Marriage sometimes ready painting spring continue region.','None','Adams','Donna','None can should everything who. Available day more recently detail truth lot. Compare individual away study nature thus.','Inactive','General info/Other','Ortega, Cannon and Fleming','Trainer;Client','Degree.','he','True','Up to Date','Emotional Trauma','In Training','Active Projects- Client Certification','Least sit beat someone finish benefit professor writer. Article product agent.','Marketing- Leadership','Avoid suffer just health environmental. Enter middle sort major forward. Material face fund fight toward turn staff.','Inactive','dadams@example.net','d_adams@example.com','Home','Personal','Home','False','Other','d-adams@example.org','001-215-664-6562x213','0.0','71354.0','1992','2021-03-26','58855.0','0.0','2021-05-31','0.0','2021-02-09','Heart wear education writer. Reason growth case a off.','Its score try among enter. Raise create while.','0.0','2021-09-27','2021-01-13','Household__c.Formal_Greeting__c','0.0','0.0','0.0','0.0','0.0','0.0','0.0','0.0','0.0','0.0','0.0','86466.0','25125.0','7794.0','18830.0','0.0','0.0','False','False','True','False','False','31229.0','2020-11-14','80887.0','2021-07-01','79697.0','','40779.0','27097.0','32898.0','86066.0','76122.0','0.0','False','102','','','','33','');
INSERT INTO "Contact" VALUES(65,'','Initial Inquiry','Kid really near challenge.','Inactive','CCPDT','IAABC','Result tough sometimes home us activity. Especially when area ok up total senior.','True','2001-07-05','Less vote ability actually. Myself effect doctor property it read certain. Join themselves race near bit clear boy section.','In Training','Cardenas','Melanie','Know different computer voice total girl strategy least. Already nation police. Land fear sing mouth show. Almost magazine wide responsibility yet arm tax.','Active','Assistance Dogs Set in Motion Program','Stephenson LLC','Volunteer;Trainer','Event.','specify','True','Need Renewal','Hearing Dog','In Training','Active Projects- Branding and Marketing','Recognize hand instead piece worry different whose. Certain last be within it picture.','Outreach- Clients','Check thank Democrat care much. How scene either because involve draw list. Worker behind but report sort wife.','Active','m.cardenas@example.com','melanie-cardenas9@example.com','Home','Personal','Home','False','Home','me_cardenas@example.org','(530)932-6001x7432','0.0','98353.0','1987','2020-12-02','53806.0','0.0','2021-06-02','0.0','2021-06-04','Watch after perhaps clearly ten. Machine free star if. Draw medical control church bad world.','Question series successful likely too show. Four step record health can house.','0.0','2020-12-06','2021-05-23','Household__c.Name','0.0','0.0','0.0','0.0','0.0','0.0','0.0','0.0','0.0','0.0','0.0','53492.0','6894.0','18225.0','64764.0','0.0','0.0','False','False','False','False','True','86507.0','2021-09-30','75549.0','2021-01-11','67659.0','','69491.0','25603.0','1894.0','59199.0','98619.0','0.0','False','104','','','','34','');
INSERT INTO "Contact" VALUES(66,'','Initial Inquiry','Small building too half anyone daughter easy.','On Hold','CBCC','CCPDT','Store speak song year bring. Buy you great onto go place author. Put professional parent project hit place.','True','2018-03-30','Me cover place know hundred would. Change might unit executive still imagine. Very civil through have.','Suspended','Ramsey','Stephanie','Daughter PM father half indicate put watch. Myself night conference.','Inactive','Teams Set in Motion Program','David-Kemp','Team Facilitator','Ready.','he','True','None','Hearing Dog','In Training','Active Projects- Dog Availability','Continue toward money society sort. Authority until control much year.','Administrative- Client','Art politics sell artist realize strategy this. Boy pick themselves impact evidence final. Local see order news seven service perhaps. Pressure far brother sound itself appear.','None','stephanie_ramsey@example.org','s-ramsey1968@example.net','Home','Personal','Home','False','Home','st+ramsey89@example.org','(837)888-1792','0.0','12515.0','1983','2021-01-10','709.0','0.0','2020-12-03','0.0','2021-04-28','Size hair store respond American kind. Now more customer knowledge.','Space fine religious mind. Third tell weight second describe. Success everybody you son buy news.','0.0','2021-08-01','2021-09-27','Household__c.Informal_Greeting__c','0.0','0.0','0.0','0.0','0.0','0.0','0.0','0.0','0.0','0.0','0.0','96034.0','84584.0','52197.0','103.0','0.0','0.0','False','False','False','True','False','116.0','2021-01-02','58909.0','2021-03-08','13141.0','','19776.0','63303.0','49844.0','15572.0','11772.0','0.0','False','106','','','','35','');
INSERT INTO "Contact" VALUES(67,'','Inactive','Issue drug side top kid table sea.','None','None','CBCC','Entire job himself pretty human. Sound only reveal since finish.','True','2016-08-15','Support standard leader your grow. Physical image sister loss artist.','In Training','Mitchell','Robyn','Tv director police certain. Help through wish key.','None','Sweet Snoopers Training Program','Mccann PLC','Trainer','Middle.','they','False','Up to Date','Emotional Trauma','Inactive','Active Projects- ADI','Great half window book attack fight night.
Take traditional mean later next blue collection upon.','Marketing- Sales','Project authority health good movie case choice. Majority buy cup threat.','None','robyn_mitchell89@example.org','r_mitchell86@example.net','Home','Personal','Home','False','Other','robyn_mitchell9@example.net','(394)889-4885x04031','0.0','14607.0','2010','2021-06-19','42196.0','0.0','2021-07-19','0.0','2021-05-14','Against bed against their. Field information find less.','Meeting never country writer. Age value herself focus fine law thus.','0.0','2021-05-19','2021-06-08','Household__c.Formal_Greeting__c','0.0','0.0','0.0','0.0','0.0','0.0','0.0','0.0','0.0','0.0','0.0','62944.0','94061.0','58609.0','15030.0','0.0','0.0','False','False','True','False','False','36606.0','2020-12-15','75158.0','2021-03-20','20271.0','','45937.0','19300.0','69230.0','41640.0','7947.0','0.0','False','106','','','','35','');
INSERT INTO "Contact" VALUES(68,'','Active','Current ago personal shoulder smile machine charge easy.','In Training','CCPDT','Atlas','Tv wish leader heart turn. Someone natural election out suddenly matter amount.','False','2006-01-07','Fall need food change skin exactly of. Record anyone type day one seven performance. Financial cold movie. Particularly market include.','In Training','Frey','Ricky','Million senior make stand camera. Religious animal will fact hot country. Office want dog.','Active','Sponsorship/Donations','Dillon, Barron and Cabrera','Trainer','Choose.','he','True','None','Epilepsy','None','Active Projects- ADI','Ground address economy set really prevent young.','Marketing- Website','Single report develop soldier even lawyer. Seat seven likely into become drive significant.','None','rifrey1984@example.org','ri.frey5@example.net','Home','Personal','Home','False','Other','ricky+frey1995@example.com','(707)778-7516','0.0','86296.0','2013','2021-03-10','64706.0','0.0','2020-12-08','0.0','2021-01-15','Particularly candidate doctor.','Apply sea why second source through individual gas. Relationship young various move.','0.0','2021-05-26','2021-10-20','Household__c.Name','0.0','0.0','0.0','0.0','0.0','0.0','0.0','0.0','0.0','0.0','0.0','26004.0','30488.0','43131.0','48096.0','0.0','0.0','False','False','False','False','True','69461.0','2021-09-28','37161.0','2021-02-08','23772.0','','3983.0','40898.0','65758.0','41280.0','48084.0','0.0','False','106','','','','35','');
INSERT INTO "Contact" VALUES(69,'','Onboarding','Actually century successful computer thing often.','Initial Inquiry','CCPDT','None','Beat may available coach draw item we. Five deal sign do ago east. Someone rate town born camera west.','False','2008-07-21','Reason over fight war. Evidence cause stay theory war politics. Bank without member action check research job teach.','Suspended','Weaver','Brittney','She mind hear number as author. Quickly deal describe operation marriage wear short seem.','Inactive','General info/Other','Cummings-Colon','Team Facilitator Lead','Month.','she','False','Up to Date','Epilepsy','Initial Inquiry','Sensitive Info- Trainer','Amount century bit pass process. Under woman however pass bill raise book.','Marketing- Graphic Design','First page she food executive her both. Short discussion they bring positive.','Active','brittneyweaver8@example.org','b.weaver1955@example.net','Home','Personal','Home','False','Home','b_weaver@example.com','+1-088-159-8773x154','0.0','81594.0','1971','2021-04-16','41551.0','0.0','2021-02-03','0.0','2020-12-18','Work factor visit call. System hard should. Popular specific car threat fall.','Something cold game. Buy far trip. Ball fine fact every serve receive style.','0.0','2021-03-14','2021-04-13','Household__c.Name','0.0','0.0','0.0','0.0','0.0','0.0','0.0','0.0','0.0','0.0','0.0','95105.0','93601.0','78851.0','65700.0','0.0','0.0','False','False','False','False','True','46028.0','2021-05-24','91323.0','2021-01-10','41917.0','','61998.0','36102.0','4518.0','53464.0','43962.0','0.0','False','110','','','','37','');
INSERT INTO "Contact" VALUES(70,'','Inactive','Common how man.','Onboarding','KPA','None','Lead but during. Authority down party region. Avoid get similar represent time.','False','2015-11-15','Couple man wonder decide about that prepare where. Loss second go ball.','Inactive','Stanton','Alicia','Lay say special security. Mission break respond major community let. Must lot care card first. Job case stage level toward around.','Active','Sweet Snoopers Training Program','Pratt Group','Team Facilitator Lead','Identify.','they','False','In Progress','Epilepsy','Onboarding','Active Projects- Governance, Compliance and Operations','Own computer fear whose policy. Probably worker with generation choice. Real page camera civil.','Marketing- Sales','Indeed ground rather maybe. Own specific character down explain say majority management. Person nature long dream defense bed. Election within each court billion system hour.','Inactive','al+stanton9@example.org','alicia.stanton65@example.org','Home','Personal','Home','False','Work','aliciastanton7@example.com','(232)349-5307','0.0','60578.0','1975','2021-10-25','48435.0','0.0','2021-10-05','0.0','2021-09-16','Edge investment remember oil. Member pay state car improve.','Seem born drive when quality. Name show break affect town.','0.0','2021-08-23','2021-06-05','Household__c.Name','0.0','0.0','0.0','0.0','0.0','0.0','0.0','0.0','0.0','0.0','0.0','30907.0','51430.0','65928.0','69542.0','0.0','0.0','False','False','False','False','True','10171.0','2021-08-18','94176.0','2020-11-10','3474.0','','11632.0','88951.0','96750.0','73485.0','27567.0','0.0','False','40','','','','13','');
INSERT INTO "Contact" VALUES(71,'','Initial Inquiry','Guess stop protect role.','Certified','KPA','CCPDT','Training seek seem simple kid. Class statement minute ever run white. Modern point theory true mind.','True','2011-10-01','Part seven beautiful night near send. School soon maybe begin class capital difference.','Certified','Zamora','Kenneth','Nothing how attack help term west.','None','General info/Other','Baker Ltd','Donor','Southern.','they','True','Need Renewal','Emotional Trauma','Certified','Active Projects- Volunteer Recruitment and Retention','Final old buy describe. Spring pressure enjoy mean. Open single medical push reveal control ready.','Outreach- Dogs','Work size area hold admit anyone easy. Reality stage subject example wonder. Mother international first day staff alone. Increase rate dream instead smile.','Onboarding','kzamora9@example.org','kezamora3@example.net','Home','Personal','Home','False','Work','kenneth+zamora1982@example.net','170.461.2202x22140','0.0','7514.0','2012','2021-07-04','11347.0','0.0','2021-03-27','0.0','2020-11-08','People fall especially light. Growth area feel.','Base move theory movie executive trade. Accept available alone.','0.0','2021-07-06','2021-10-06','Household__c.Formal_Greeting__c','0.0','0.0','0.0','0.0','0.0','0.0','0.0','0.0','0.0','0.0','0.0','91041.0','65337.0','16338.0','65819.0','0.0','0.0','False','False','True','False','False','30610.0','2021-09-14','10343.0','2021-05-26','94149.0','','26487.0','23508.0','26374.0','78232.0','10196.0','0.0','False','40','','','','13','');
INSERT INTO "Contact" VALUES(72,'','Active','Voice scientist dog continue environment authority.','On Hold','None','IAABC','Star that Mrs health. Pretty north recent involve serve require bad.','False','2000-05-02','New research color catch ball president up. Situation difficult house market.','Onboarding','Beard','Cesar','Idea who none wide production. Body win approach professional according room space his. It pattern wait. Fish wrong too future economic employee size issue.','Inactive','Client Certification','Hampton, Castillo and Robles','Team Facilitator Lead','This time.','they','False','Need Renewal','Emotional Trauma','Onboarding','Active Projects- Community Outreach and Education','Movie technology who memory add real. Station attorney answer sound think bill.','Outreach- Medical Providers','Western early hard. Interesting treat health life weight.','Inactive','cesar.beard53@example.com','cesarbeard5@example.com','Home','Personal','Home','False','Other','c.beard2004@example.org','049-045-0441','0.0','65796.0','2014','2020-12-14','35473.0','0.0','2020-11-15','0.0','2020-10-31','Still sure charge report. Class require radio write place.','Third fund water six.','0.0','2021-10-10','2021-06-23','Household__c.Informal_Greeting__c','0.0','0.0','0.0','0.0','0.0','0.0','0.0','0.0','0.0','0.0','0.0','73486.0','86197.0','82999.0','49265.0','0.0','0.0','False','False','False','True','False','39566.0','2021-01-06','35035.0','2021-09-04','68325.0','','54503.0','29318.0','99170.0','15465.0','47628.0','0.0','False','40','','','','13','');
INSERT INTO "Contact" VALUES(73,'','None','Ok task seem guess.','None','None','Atlas','Size foreign trip treat within yourself. Number always likely ability piece sense law. Final court area soldier body itself.','False','2017-02-01','Control include need because owner good himself wait.','Suspended','Parrish','Penny','Add sea key Mr different southern. Red doctor after player true to box. According law all.','Active','Client Certification','Blake, Shannon and Moore','Volunteer;Team Facilitator Lead;Client','Mission.','he','False','None','Hearing Dog','In Training','Active Projects- Trainer Certification','Relate at college stuff certain.','Marketing- Website','Leave measure event two about service modern. Among sound add any.','Inactive','penny_parrish97@example.net','peparrish9@example.org','Home','Personal','Home','False','Home','pe+parrish@example.net','400.305.4963x639','0.0','58725.0','1975','2020-12-09','7015.0','0.0','2021-07-07','0.0','2021-06-13','Say capital about summer start short though. Include no upon behavior bag daughter chair.','Yourself product late middle. Half tell three once son already wish cover.','0.0','2021-03-29','2021-03-12','Household__c.Formal_Greeting__c','0.0','0.0','0.0','0.0','0.0','0.0','0.0','0.0','0.0','0.0','0.0','28039.0','3746.0','81131.0','27246.0','0.0','0.0','False','False','True','False','False','68445.0','2021-01-18','40096.0','2021-03-28','92229.0','','19.0','61837.0','45409.0','44900.0','92107.0','0.0','False','42','','','','14','');
INSERT INTO "Contact" VALUES(74,'','Active','Shoulder voice your color decide character bed.','Initial Inquiry','Atlas','None','Service traditional east purpose. Instead memory structure argue head.','False','2002-03-10','Low production tree. Decision middle wonder hospital television space. Population environmental catch some audience you. Rise point tonight draw its drug ahead.','In Training','Bauer','Tanya','War measure color beautiful president economic. Teacher open bring lose sing sister. Remember actually drop interview whatever.','Active','Teams Set in Motion Program','Larsen-Odom','Volunteer','Under.','they','True','Need Renewal','Hearing Dog','In Training','Operations- Trainer','Like court several walk full. Read authority sign film peace fact across foreign.','Marketing- Video','Simple people reality member finally important lay her. Religious herself get police five north. Brother current card.','Onboarding','ta_bauer68@example.com','tanya-bauer62@example.org','Home','Personal','Home','False','Work','t.bauer@example.net','858.628.6378x0329','0.0','94636.0','2013','2021-03-19','1730.0','0.0','2020-12-26','0.0','2021-01-26','Water may product news environmental. Culture others then value buy wall public soldier.','Something doctor mission city wall head.','0.0','2020-12-13','2021-04-02','Household__c.Informal_Greeting__c','0.0','0.0','0.0','0.0','0.0','0.0','0.0','0.0','0.0','0.0','0.0','77289.0','57302.0','28375.0','26098.0','0.0','0.0','False','False','False','True','False','38021.0','2020-12-02','98419.0','2021-01-30','92210.0','','26485.0','46119.0','40635.0','91386.0','25039.0','0.0','False','44','','','','15','');
INSERT INTO "Contact" VALUES(75,'','Onboarding','Very perform lose degree everybody box sister.','Inactive','KPA','CCPDT','Such modern service these game energy have. Wear know out allow side. Nature individual security fight store order prove.','False','2019-09-03','Attorney live including give. Perform hand charge record economic phone music. However letter story.','Suspended','Dunlap','Jared','Example college right market truth. Music hold commercial strong rest. Step response certain or town.','Active','Teams Set in Motion Program','Hendricks-Joseph','Team Facilitator Lead','Stop.','he','True','None','Basic Training','Onboarding','Active Projects- Research and Development','Practice meeting chance. Either live drive see lawyer.','Marketing- Writing','Best avoid big maybe. Wide inside name skill ahead economy side. Group many than little.','Initial Inquiry','jared+dunlap93@example.net','jared_dunlap2009@example.com','Home','Personal','Home','False','Other','j-dunlap2003@example.org','033-862-2993','0.0','38980.0','2018','2021-02-04','55328.0','0.0','2021-03-28','0.0','2021-02-28','Policy finally education science where huge only charge. Keep like east under smile behavior.','Same true arm visit modern.','0.0','2021-08-07','2021-02-05','Household__c.Formal_Greeting__c','0.0','0.0','0.0','0.0','0.0','0.0','0.0','0.0','0.0','0.0','0.0','79012.0','24017.0','38625.0','89747.0','0.0','0.0','False','False','True','False','False','82282.0','2020-12-27','43667.0','2021-01-29','98705.0','','24513.0','87209.0','34346.0','81075.0','75706.0','0.0','False','44','','','','15','');
INSERT INTO "Contact" VALUES(76,'','Initial Inquiry','Quickly find religious mother.','Decertified','None','CBCC','Cold whatever goal successful. Meeting occur step option win building international. So nor look finally act back next.','True','2019-05-11','Head care west return speak. Resource direction could cultural safe individual. Think success think member draw blue. Necessary high thousand avoid spend manager character more.','None','Lozano','Harold','Employee improve billion program other minute. Career fine maybe fund off administration art.','None','Team Facilitator Certification','Barajas, Lam and Bullock','Volunteer;Team Facilitator','Return.','he','False','None','Eye Dog','Certified','Active Projects- Dog Availability','Service after describe husband. Suggest morning value section.','Outreach- Veterinarians','Throw reason especially because fund house rule. Mrs speech cover somebody one.','Active','ha+lozano1960@example.com','ha.lozano@example.net','Home','Personal','Home','False','Work','halozano1970@example.com','001-007-334-1402x3790','0.0','27407.0','1987','2020-11-19','95575.0','0.0','2021-03-19','0.0','2021-01-05','Simply deep land give mention community. Class rich quickly family very.','Executive appear force itself write. Loss fund lawyer find. Region song blue build hot.','0.0','2021-09-24','2021-05-23','Household__c.Name','0.0','0.0','0.0','0.0','0.0','0.0','0.0','0.0','0.0','0.0','0.0','88034.0','16027.0','72832.0','49422.0','0.0','0.0','False','False','False','False','True','24945.0','2021-02-14','43723.0','2021-01-24','23241.0','','32889.0','78465.0','52731.0','19988.0','68351.0','0.0','False','44','','','','15','');
INSERT INTO "Contact" VALUES(77,'','Onboarding','Agent pretty under respond.','Certified','CBCC','None','Along blood line car outside child second. Certain artist discover sister arrive summer during. Total week clear accept brother.','True','2013-03-26','Build strong nation. Near agree hair task discuss upon. Investment usually here note beyond.','None','Mahoney','Kathryn','Professional here artist foreign song condition trouble. Age individual site miss behavior.','Inactive','Client Certification','Hurley and Sons','Volunteer;Trainer','Wall hard.','he','False','In Progress','Epilepsy','Onboarding','Active Projects- Trainer Certification','Picture upon have give concern few. Measure radio evidence quite father woman.','Marketing- Leadership','Best wrong letter no. Everything admit thousand rate.','Initial Inquiry','ka+mahoney1950@example.com','k+mahoney06@example.org','Home','Personal','Home','False','Other','ka-mahoney74@example.net','+1-557-524-8356x05775','0.0','73085.0','1993','2021-03-02','3513.0','0.0','2021-04-27','0.0','2021-01-17','Election popular deep sign. Chance and quickly red manager.','Those key democratic community movie mean over. Positive night experience seat decade huge.','0.0','2021-05-21','2021-05-29','Household__c.Informal_Greeting__c','0.0','0.0','0.0','0.0','0.0','0.0','0.0','0.0','0.0','0.0','0.0','20013.0','88002.0','80452.0','70781.0','0.0','0.0','False','False','False','True','False','50641.0','2021-03-31','74044.0','2021-08-05','27406.0','','2565.0','79445.0','75731.0','60761.0','97625.0','0.0','False','46','','','','16','');
INSERT INTO "Contact" VALUES(78,'','Initial Inquiry','Common will finish take.','Onboarding','None','KPA','Before out vote whatever painting. Recently new along move off room. Bed son professional security less.','False','2018-03-14','Area purpose put chair enter. Your history student section purpose police large produce. Run major current little agreement drug.','Certified','Buchanan','Caitlyn','Draw response establish though international kitchen themselves.','Active','Client Certification','Phillips LLC','Team Facilitator','Keep.','they','False','Need Renewal','Epilepsy','Certified','Operations- Master Docs - READ ONLY','Mention act clear behavior college main research. Citizen word organization up theory area.','Administrative- General','Job key property inside feeling. Home create in plant low. Food something give eye decade policy phone discuss.','Inactive','caitlyn-buchanan@example.com','c+buchanan@example.net','Home','Personal','Home','False','Home','caitlyn+buchanan1979@example.org','001-106-384-7014x973','0.0','38452.0','1994','2021-07-12','92588.0','0.0','2021-08-19','0.0','2020-10-31','His meet office consider long not. Wind plan almost work nor. Letter win federal born.','Group politics occur their doctor. Want reveal business strategy color able level.','0.0','2021-05-18','2021-03-04','Household__c.Name','0.0','0.0','0.0','0.0','0.0','0.0','0.0','0.0','0.0','0.0','0.0','40688.0','58173.0','73971.0','58627.0','0.0','0.0','False','False','False','False','True','83461.0','2021-06-06','88518.0','2021-08-05','66245.0','','85825.0','80986.0','5096.0','39845.0','83605.0','0.0','False','46','','','','16','');
INSERT INTO "Contact" VALUES(79,'','Initial Inquiry','Feeling season at within threat authority all.','Certified','None','IAABC','Less analysis significant score. Point relate guy every individual hair. Big report keep. Compare picture total that begin evening.','False','2011-01-01','Radio series worry successful. Center through me several particular away.','Suspended','Boone','Deborah','Morning science would letter pass between recent. Father talk degree foot. Because out garden commercial none people how discuss.','Active','Sweet Snoopers Training Program','Murphy, Beard and Barnett','Volunteer','Machine.','she','True','Up to Date','Hearing Dog','None','Operations- Financial','Public whatever I little white six.
Small glass reason effort west tonight.','Marketing- SEO','Technology activity present back role. Cover ten business country guess affect happen.','Onboarding','de-boone0@example.net','deborahboone2010@example.net','Home','Personal','Home','False','Work','de-boone@example.org','223.911.7533x982','0.0','96716.0','1997','2020-12-19','79616.0','0.0','2020-10-31','0.0','2021-08-13','South north program guess remain want science. Maintain employee think because.','Fire left able deep. Level not picture right space seek action. Painting the teach little.','0.0','2021-01-28','2021-06-16','Household__c.Informal_Greeting__c','0.0','0.0','0.0','0.0','0.0','0.0','0.0','0.0','0.0','0.0','0.0','74140.0','75601.0','407.0','68483.0','0.0','0.0','False','False','False','True','False','13720.0','2021-08-22','17459.0','2021-08-25','86611.0','','2332.0','78367.0','82630.0','90702.0','49274.0','0.0','False','110','','','','37','');
INSERT INTO "Contact" VALUES(80,'','Initial Inquiry','Decision meeting keep.','Inactive','IAABC','CBCC','Arm leave else let option system.','False','2013-10-15','Realize above once. That professional herself. Movement information least matter current ground.','Suspended','Vincent','Harry','Factor newspaper piece choice until somebody. Couple hope go.','None','Trainer Certification','Jimenez LLC','Client','Finish.','they','True','Up to Date','Emotional Trauma','None','Active Projects- Team Facilitator Certification','Help recognize cut natural. Than church animal would relate. Stuff attention race add.','Outreach- Veterinarians','Drug social new campaign institution expert. Everybody side character line draw term. Until cup traditional form.','Onboarding','ha_vincent1@example.com','havincent59@example.com','Home','Personal','Home','False','Home','harryvincent0@example.net','+1-357-785-5890','0.0','21041.0','1989','2021-05-05','84006.0','0.0','2021-04-07','0.0','2020-11-14','Either his alone claim term change. Recognize service space once chair.','Attention century write nature left the. Prove bed few treatment thing between make space.','0.0','2021-06-22','2021-06-22','Household__c.Formal_Greeting__c','0.0','0.0','0.0','0.0','0.0','0.0','0.0','0.0','0.0','0.0','0.0','86364.0','59343.0','7607.0','73682.0','0.0','0.0','False','False','True','False','False','42918.0','2020-11-02','88575.0','2021-03-19','71029.0','','92591.0','15227.0','13271.0','85711.0','52725.0','0.0','False','110','','','','37','');
INSERT INTO "Contact" VALUES(81,'','','','','Atlas','Atlas','','False','','','','Owens','Jack','','','','','Volunteer','','','False','','','','','','','','','j_owens1971@example.org','ja-owens9@example.net','Home','Personal','Work','False','Other','jaowens5@example.org','(308)824-7123x08818','0.0','','','','','0.0','','0.0','','','','0.0','','','','0.0','0.0','0.0','0.0','0.0','0.0','0.0','0.0','0.0','0.0','0.0','','','','','0.0','0.0','False','False','False','False','False','','','','','','','','','','','','0.0','False','112','','','','','');
INSERT INTO "Contact" VALUES(82,'','Inactive','Public record grow improve management serious key.','On Hold','IAABC','CBCC','Else attention court hope development help many. Soon various growth sister ahead. Suddenly middle let number writer another.','True','2017-03-31','Good student knowledge Congress. Wife plant would chair customer information tree.','Suspended','Huff','Mckenzie','Course part happy media religious hotel book. Nation rule probably whether population world.','None','Assistance Dogs Set in Motion Program','Odom, Bray and Braun','Team Facilitator Lead','Run.','she','True','Up to Date','Epilepsy','None','Active Projects- Dog Availability','Manager clearly evening process unit my everybody investment. Leg executive talk family make.','Outreach- Dogs','Decision easy management sign quite. Along offer single consider. Water hear order.','Active','mckenziehuff@example.com','mckenzie_huff43@example.com','Home','Personal','Home','False','Other','m+huff2@example.net','626-501-4608x89095','0.0','68336.0','2017','2021-06-24','72136.0','0.0','2021-04-18','0.0','2021-07-14','Discuss take education skill world. He watch soon.','Force matter policy single. Cost church paper administration go.','0.0','2020-12-15','2021-02-09','Household__c.Formal_Greeting__c','0.0','0.0','0.0','0.0','0.0','0.0','0.0','0.0','0.0','0.0','0.0','6387.0','44544.0','20642.0','87562.0','0.0','0.0','False','False','True','False','False','12856.0','2021-03-03','38946.0','2020-11-30','31713.0','','60939.0','91489.0','29644.0','97745.0','93274.0','0.0','False','113','','','','38','');
INSERT INTO "Contact" VALUES(83,'','Active','Box need political price officer.','On Hold','None','None','Long throw figure green leave health. In expect life throw world. Total summer air nice hair.','True','2021-10-11','Cell information professor travel start field. Yeah wide new us success.','Certified','Church','Ashley','Clear defense board beat short treatment blood. Your tonight group movement front because often probably. Political during movie few place.','Active','Team Facilitator Certification','Bolton Group','Staff','Large the.','she','False','Need Renewal','Emotional Trauma','None','Active Projects- Academy','Society level market difficult three year list we. Congress thought join.','Academy-Content Creator','Against fill support travel make order. Travel win environment speak conference hand training gun.','Inactive','ashley+church08@example.net','a.church@example.org','Home','Personal','Home','False','Other','a.church@example.com','580.595.3014','0.0','52657.0','2001','2021-08-25','61236.0','0.0','2021-05-30','0.0','2021-07-16','Agency door trade situation result land somebody.','Speech high later. Account happy open tough.','0.0','2020-12-23','2020-11-13','Household__c.Formal_Greeting__c','0.0','0.0','0.0','0.0','0.0','0.0','0.0','0.0','0.0','0.0','0.0','62136.0','58953.0','59187.0','93700.0','0.0','0.0','False','False','True','False','False','18958.0','2021-08-19','24321.0','2021-05-28','48691.0','','41888.0','93870.0','18522.0','45328.0','13774.0','0.0','False','113','','','','38','');
INSERT INTO "Contact" VALUES(84,'','','','','Atlas','Atlas','','False','','','','Dean','Rebecca','','','','','Volunteer','','','False','','','','','','','','','rebecca+dean@example.org','r_dean9@example.net','Home','Personal','','False','Home','rebecca-dean56@example.com','+1-605-515-6782x4665','0.0','','','','','0.0','','0.0','','','','0.0','','','','0.0','0.0','0.0','0.0','0.0','0.0','0.0','0.0','0.0','0.0','0.0','','','','','0.0','0.0','False','False','False','False','False','','','','','','','','','','','','0.0','False','60','','','','','');
INSERT INTO "Contact" VALUES(85,'','','','','Atlas','Atlas','','False','','','','Mcpherson','Robert','','','','','Volunteer','','','False','','','','','','','','','r+mcpherson0@example.net','robert_mcpherson81@example.org','Home','Personal','','False','Work','r.mcpherson1971@example.org','191.734.3975x0178','0.0','','','','','0.0','','0.0','','','','0.0','','','','0.0','0.0','0.0','0.0','0.0','0.0','0.0','0.0','0.0','0.0','0.0','','','','','0.0','0.0','False','False','False','False','False','','','','','','','','','','','','0.0','False','60','','','','','');
INSERT INTO "Contact" VALUES(86,'','Inactive','East be west model prepare others whether.','Certified','None','None','Speech garden different majority. Attention gas much smile development commercial card while. Increase decision my nice. Even son artist family.','True','2011-10-09','And painting management just seat make. Least country commercial. Among value speak benefit manager step.','Inactive','English','Guy','Place than score see mind up. Let generation past step institution. Mission after man cut relate board.','Inactive','Sponsorship/Donations','Howard-Le','Donor','Fast.','she','False','In Progress','Epilepsy','Initial Inquiry','Active Projects- Community Outreach and Education','Skill party see by commercial seat. Realize remain each quite reduce start.','Academy-Content Editor','Check position civil against home either result. Able and sing return not story.','Initial Inquiry','guy_english@example.net','gu+english1976@example.com','Home','Personal','Home','False','Other','gu_english@example.org','3009882566','0.0','75772.0','1974','2021-09-29','88522.0','0.0','2021-09-01','0.0','2021-09-04','Simply let wait account Congress career then. Gas half she adult. Often draw hard important should.','Police pick let fill garden avoid another. Follow yet alone left pass.','0.0','2020-11-25','2020-11-07','Household__c.Informal_Greeting__c','0.0','0.0','0.0','0.0','0.0','0.0','0.0','0.0','0.0','0.0','0.0','35515.0','53689.0','42637.0','25484.0','0.0','0.0','False','False','False','True','False','80249.0','2021-02-22','91726.0','2021-10-26','54418.0','','92166.0','36250.0','57899.0','38948.0','65325.0','0.0','False','60','','','','39','');
INSERT INTO "Contact" VALUES(87,'','Onboarding','By catch despite administration school news woman.','Certified','Atlas','CCPDT','Popular point born western. Address general although scene continue. Provide leave sister.','False','2003-12-04','Learn perhaps country really world.','Inactive','Gutierrez','Billy','Middle choice drive yard. Letter population age travel trial action. You discuss event couple main of.','Inactive','Client Certification','Zhang, Skinner and Ibarra','Team Facilitator','Write.','specify','False','Up to Date','Hearing Dog','Initial Inquiry','Sensitive Info- Volunteer and Staff','Before southern article evening base leave. Special employee station particularly foreign computer.','Outreach- Dogs','Wife eight quite beautiful hour. Matter study like eat campaign final.','Onboarding','bi-gutierrez1991@example.net','bgutierrez2004@example.org','Home','Personal','Home','False','Work','billy_gutierrez81@example.com','753-673-7268x060','0.0','58963.0','2015','2021-05-07','90543.0','0.0','2021-10-27','0.0','2021-09-16','Kitchen window safe. Wind record speak pull concern.','As billion stay. Focus yourself Republican to hour. House mission exist chance middle.','0.0','2021-07-08','2021-06-17','Household__c.Formal_Greeting__c','0.0','0.0','0.0','0.0','0.0','0.0','0.0','0.0','0.0','0.0','0.0','78307.0','26991.0','20629.0','96290.0','0.0','0.0','False','False','True','False','False','64037.0','2021-08-06','31056.0','2021-04-30','74353.0','','2719.0','3358.0','31982.0','97690.0','55699.0','0.0','False','120','','','','41','');
INSERT INTO "Contact" VALUES(88,'','Onboarding','Unit break woman thing.','In Training','Atlas','None','Professional turn charge either. Find school gas. Likely ask political miss environmental.','True','2015-10-06','Require company letter past kid. Win fine although debate hundred dinner young.','Inactive','Potts','Phyllis','Summer them start finish. Instead mission training your goal those mother.','None','Sweet Snoopers Training Program','Benton-Hobbs','Trainer;Client','Bring.','they','False','Up to Date','Eye Dog','None','Active Projects- Technology Infrastructure','Boy hotel scientist leader view. Away at dog. Person goal court data themselves world camera.','Marketing- Video','Ahead old attorney author study event.','Onboarding','phyllis-potts2006@example.com','ph_potts3@example.net','Home','Personal','Home','False','Work','p_potts01@example.net','822.476.4904x67726','0.0','26290.0','1980','2021-08-01','62357.0','0.0','2021-03-10','0.0','2021-10-31','Yard edge pull trip him mention. Dark argue wind item popular box.','Cell network focus option amount player myself suddenly. Job memory edge only.','0.0','2021-04-12','2021-09-04','Household__c.Informal_Greeting__c','0.0','0.0','0.0','0.0','0.0','0.0','0.0','0.0','0.0','0.0','0.0','97504.0','3507.0','56829.0','77948.0','0.0','0.0','False','False','False','True','False','11012.0','2021-01-28','74796.0','2020-12-13','35236.0','','25447.0','49463.0','90423.0','68279.0','47919.0','0.0','False','120','','','','41','');
INSERT INTO "Contact" VALUES(89,'','Onboarding','Any reach success per.','Onboarding','None','KPA','Food buy fund apply although fund that money. Knowledge indicate upon get contain explain policy. Interest for difficult place.','False','2018-06-13','Sell billion total mother. Candidate buy everyone.','Onboarding','Cantrell','Gabrielle','Green me Congress factor. Analysis door community star note loss.','Active','Sponsorship/Donations','Hooper and Sons','Donor','Enough.','he','True','None','Eye Dog','Inactive','Operations- Volunteer and Staff','Side TV too must phone. Local after politics others just official study ever.','Academy-Content Creator','Position leg six effort between put. Lot technology skin over together sport.','None','g.cantrell0@example.org','gabrielle-cantrell@example.org','Home','Personal','Home','False','Work','ga.cantrell83@example.com','192.573.7157','0.0','86185.0','1973','2021-08-24','20474.0','0.0','2021-10-15','0.0','2021-04-02','Soldier piece long. Treat get place pay one benefit. Forget change rise summer describe establish.','Record movement wide scientist where question. Bring day budget might control fund.','0.0','2020-12-31','2021-04-28','Household__c.Informal_Greeting__c','0.0','0.0','0.0','0.0','0.0','0.0','0.0','0.0','0.0','0.0','0.0','542.0','84176.0','87726.0','73445.0','0.0','0.0','False','False','False','True','False','6384.0','2021-10-15','50965.0','2021-06-25','55678.0','','29014.0','93644.0','42015.0','15710.0','54110.0','0.0','False','46','','','','16','');
INSERT INTO "Contact" VALUES(90,'','Initial Inquiry','Team suggest down.','Decertified','CBCC','Atlas','Arm factor back themselves others suddenly red. Happy summer investment. Difference issue lawyer democratic receive ask care.','False','2005-10-01','Require pretty idea reason. Cause authority wall full. Pressure check left.','Certified','Wang','Kaitlyn','Thing perform off person choose.','None','Sweet Snoopers Training Program','Stein-Chandler','Trainer','Century.','he','True','Need Renewal','Epilepsy','Inactive','Active Projects- Team Facilitator Certification','Writer will pull college. Case present term now.','Outreach- Diversity','Mean price include half.','Initial Inquiry','kaitlynwang1982@example.net','k_wang45@example.com','Home','Personal','Home','False','Home','ka+wang1958@example.net','238-027-8889','0.0','85410.0','1972','2021-07-18','96017.0','0.0','2020-11-13','0.0','2021-05-05','Produce miss it spring simply. Wait many upon PM interview.','Argue Congress always start no. Run three movie especially church interest message.','0.0','2021-09-28','2020-11-16','Household__c.Informal_Greeting__c','0.0','0.0','0.0','0.0','0.0','0.0','0.0','0.0','0.0','0.0','0.0','67912.0','72872.0','60394.0','21658.0','0.0','0.0','False','False','False','True','False','21340.0','2021-02-11','47063.0','2021-03-16','39787.0','','21423.0','12323.0','72942.0','46595.0','73876.0','0.0','False','50','','','','18','');
INSERT INTO "Contact" VALUES(91,'','Active','Garden maybe color open result structure specific respond.','Certified','CBCC','CCPDT','Message common state. Great vote southern deep later eight sound sure. Defense stay protect off customer.','True','2001-03-07','Cover skill task sell become. Yard upon collection PM. Onto stage fine growth.','In Training','Boyd','Meagan','Sit everything scene more land current where. Garden example their.','Inactive','Sponsorship/Donations','Fritz Inc','Donor','Final bed.','they','True','In Progress','Emotional Trauma','In Training','Sensitive Info- Trainer','Three statement reflect how statement involve. No deal agency career entire everybody onto.','Marketing- Video','Career standard experience kitchen thought. Cost election east issue.','Active','meagan.boyd@example.org','m.boyd4@example.net','Home','Personal','Home','False','Other','mboyd2009@example.net','8055140649','0.0','80009.0','1977','2021-10-18','91351.0','0.0','2021-05-28','0.0','2021-08-23','Crime action everybody. This though sound guess.','Matter pull eat less. Lay stage mind generation think general.','0.0','2021-06-10','2021-01-27','Household__c.Formal_Greeting__c','0.0','0.0','0.0','0.0','0.0','0.0','0.0','0.0','0.0','0.0','0.0','35616.0','32596.0','82759.0','71711.0','0.0','0.0','False','False','True','False','False','25898.0','2021-07-18','57699.0','2021-09-08','49305.0','','24833.0','41259.0','87967.0','31741.0','77745.0','0.0','False','50','','','','18','');
INSERT INTO "Contact" VALUES(92,'','None','According pass especially peace election reveal.','In Training','Atlas','CBCC','Manager pull to one friend. Attention behavior loss significant call and. Defense person sing behavior.','False','2012-06-29','Apply letter like in environment than. Least fish society myself. According rich film without stock final example. Accept threat second sport.','Certified','Salas','Ernest','Prove value election wind. Those his finally various.','Inactive','Sweet Snoopers Training Program','Wilcox, Martinez and Stuart','Team Facilitator','Least.','he','False','Up to Date','Eye Dog','Inactive','Operations- Master Docs - READ ONLY','Score reveal side guess such. This stuff she oil base school.','Administrative- General','Near walk go.','None','ernest.salas@example.com','er.salas1962@example.net','Home','Personal','Home','False','Work','ersalas3@example.net','(098)894-0422x32525','0.0','39877.0','1971','2021-08-15','72486.0','0.0','2021-07-11','0.0','2021-07-08','Drive time face visit trouble back. Bar ability view second less outside down.','Safe interview thousand tell. Assume purpose mouth store.','0.0','2021-07-06','2021-03-15','Household__c.Name','0.0','0.0','0.0','0.0','0.0','0.0','0.0','0.0','0.0','0.0','0.0','33241.0','32193.0','47939.0','86584.0','0.0','0.0','False','False','False','False','True','7563.0','2020-11-07','30523.0','2021-07-21','73079.0','','41621.0','55492.0','18339.0','76923.0','48601.0','0.0','False','50','','','','18','');
INSERT INTO "Contact" VALUES(93,'','','','','Atlas','Atlas','','False','','','','Ball','Kyle','','','','','Volunteer','','','False','','','','','','','','','ky_ball@example.net','kyle.ball90@example.net','Home','Personal','Work','False','Work','kyle_ball@example.net','001-272-109-0933x67175','0.0','','','','','0.0','','0.0','','','','0.0','','','','0.0','0.0','0.0','0.0','0.0','0.0','0.0','0.0','0.0','0.0','0.0','','','','','0.0','0.0','False','False','False','False','False','','','','','','','','','','','','0.0','False','52','','','','','');
INSERT INTO "Contact" VALUES(94,'','Active','Here also early out style.','Inactive','IAABC','CBCC','Themselves area computer truth ever social. Store before image Democrat front account.','True','2013-03-20','Full suffer various deal he less turn movement. Letter officer feel receive. Sea rule offer occur size worry south.','Onboarding','Cox','Joe','Foot amount training now choice. Discover how their standard reduce force leave.','None','Sweet Snoopers Training Program','Leonard-Roberson','Volunteer;Team Facilitator','Total.','she','True','Up to Date','Basic Training','In Training','Operations- Trainer','Treat truth include get which management care.','Marketing- Sales','Leader become above since market beyond not. Affect run compare power energy environment authority in.','None','j_cox2003@example.org','jocox@example.com','Home','Personal','Home','False','Home','jcox@example.com','401-134-3707','0.0','36642.0','1973','2020-12-13','11219.0','0.0','2021-03-05','0.0','2021-03-31','Opportunity field phone daughter find happy staff. Nature lose different nor daughter health.','Think traditional board listen position less head.','0.0','2020-11-07','2021-06-19','Household__c.Formal_Greeting__c','0.0','0.0','0.0','0.0','0.0','0.0','0.0','0.0','0.0','0.0','0.0','38580.0','89611.0','30504.0','60856.0','0.0','0.0','False','False','True','False','False','29813.0','2020-11-12','35033.0','2021-01-22','51283.0','','83683.0','64290.0','56739.0','83363.0','15735.0','0.0','False','53','','','','19','');
INSERT INTO "Contact" VALUES(95,'','None','Room future shake station doctor paper study miss.','Initial Inquiry','None','None','Hotel special stage. Future leader huge possible dinner either scene. Serious high certain know.','True','2012-03-21','Store them keep citizen environmental prevent. Whose various out set from either support role.','Inactive','Baker','Glen','Source guess she leave specific board listen. Deal knowledge significant probably. Hour policy defense so.','Inactive','Assistance Dogs Set in Motion Program','Friedman Ltd','Staff','Center.','she','True','Up to Date','Eye Dog','Inactive','Active Projects- Governance, Compliance and Operations','Book set write usually near little. Risk father perhaps worker which house pass.','Marketing- Photo','Child popular style conference. Story memory news sense. These manager future case sort Republican.','Active','glenbaker07@example.net','glen_baker1996@example.net','Home','Personal','Home','False','Home','gl+baker09@example.com','394.184.2791','0.0','92105.0','1971','2021-05-05','64546.0','0.0','2020-12-17','0.0','2021-05-06','Case network since. Turn the huge her body wind. Large leg on Mr position might look feeling.','Begin expert take movie ball single upon modern. Sort machine computer its international sign then.','0.0','2021-02-25','2020-11-10','Household__c.Informal_Greeting__c','0.0','0.0','0.0','0.0','0.0','0.0','0.0','0.0','0.0','0.0','0.0','44144.0','19189.0','33375.0','38588.0','0.0','0.0','False','False','False','True','False','82706.0','2020-12-02','76065.0','2021-03-06','50383.0','','80536.0','31939.0','66953.0','64805.0','28960.0','0.0','False','53','','','','19','');
INSERT INTO "Contact" VALUES(96,'','Onboarding','Message now quite per listen glass.','Decertified','CBCC','None','Pressure doctor central scientist thing seat. Best save some explain ask black major down.','True','2021-07-29','Explain expect mean mother hard whether. Science play them she dinner.','Onboarding','Mathis','Crystal','Medical five short.','None','Teams Set in Motion Program','Haley, Huynh and Kim','Team Facilitator','First.','specify','False','Need Renewal','Eye Dog','Inactive','Active Projects- ADI','Rate major start above stuff. Cultural result pressure strong.','Marketing- Advertising','Collection news perhaps baby whatever relationship. Speech me police data. Director low stock rich she little.','Inactive','cr+mathis@example.com','crystal+mathis1949@example.org','Home','Personal','Home','False','Home','c.mathis7@example.com','416.155.1440','0.0','88306.0','1975','2021-02-12','31788.0','0.0','2021-05-04','0.0','2020-12-16','Current society local collection seem. Responsibility character stay stop design thank.','Hold she you do ago. Book admit in your realize. Manage his moment allow movement indicate.','0.0','2021-04-30','2021-09-14','Household__c.Formal_Greeting__c','0.0','0.0','0.0','0.0','0.0','0.0','0.0','0.0','0.0','0.0','0.0','35557.0','6553.0','20345.0','69955.0','0.0','0.0','False','False','True','False','False','64447.0','2021-01-13','73677.0','2021-07-29','36371.0','','98710.0','18916.0','24744.0','30232.0','58861.0','0.0','False','53','','','','19','');
INSERT INTO "Contact" VALUES(97,'','','','','Atlas','Atlas','','False','','','','Perkins','Kaitlin','','','','','Volunteer','','','False','','','','','','','','','ka_perkins@example.net','kaitlinperkins99@example.org','Home','Personal','','False','Home','kperkins47@example.com','833.206.9034x00652','0.0','','','','','0.0','','0.0','','','','0.0','','','','0.0','0.0','0.0','0.0','0.0','0.0','0.0','0.0','0.0','0.0','0.0','','','','','0.0','0.0','False','False','False','False','False','','','','','','','','','','','','0.0','False','70','','','','','');
INSERT INTO "Contact" VALUES(98,'','','','','Atlas','Atlas','','False','','','','Rhodes','Alexis','','','','','Volunteer','','','False','','','','','','','','','alexis-rhodes@example.net','a.rhodes1@example.net','Home','Personal','','False','Work','alrhodes0@example.com','878.907.3872x82660','0.0','','','','','0.0','','0.0','','','','0.0','','','','0.0','0.0','0.0','0.0','0.0','0.0','0.0','0.0','0.0','0.0','0.0','','','','','0.0','0.0','False','False','False','False','False','','','','','','','','','','','','0.0','False','70','','','','','');
INSERT INTO "Contact" VALUES(99,'','None','Staff guess true tax between either key.','None','KPA','Atlas','Commercial actually point front mention offer. Sell stop daughter show successful team.','False','2017-08-17','Food anything Democrat thousand. Imagine lay employee sit information enough music. Arm task operation admit front movement explain school. Center item power almost hospital heavy vote.','None','Travis','Brittany','Bit drug within. Trade detail manage career white try. Camera service charge color.','Inactive','Volunteering','Odonnell, Brock and Savage','Team Facilitator Lead','Evening.','specify','True','In Progress','Eye Dog','Inactive','Active Projects- State Registration','Soon camera prepare offer argue once. Mother beautiful next total fact involve main.','Outreach- Disability Orgs','Under million mind there attorney. Receive pay just it. Beyond career way situation glass financial.','Active','brittany.travis@example.net','b-travis@example.com','Home','Personal','Home','False','Home','br_travis@example.net','1243465014','0.0','69586.0','1982','2021-04-23','9539.0','0.0','2021-10-15','0.0','2021-09-14','Area tend rock unit point. Perhaps politics entire dream. Several talk too choose place girl.','Game few glass unit personal which present. Child spring yes successful church page.','0.0','2021-01-10','2021-05-20','Household__c.Formal_Greeting__c','0.0','0.0','0.0','0.0','0.0','0.0','0.0','0.0','0.0','0.0','0.0','33159.0','67979.0','63722.0','98588.0','0.0','0.0','False','False','True','False','False','17523.0','2021-05-30','1243.0','2020-11-17','70405.0','','3529.0','68751.0','98261.0','59690.0','26418.0','0.0','False','122','','','','42','');
INSERT INTO "Contact" VALUES(100,'','Active','Million decide simply direction safe back laugh.','Initial Inquiry','None','IAABC','Culture one story. Forget someone blood travel.','True','2017-02-13','Small interview we million. Point stay particularly loss bag production. Production test shake say.','Initial Inquiry','Barrera','Eileen','Almost to event painting evidence.','None','Team Facilitator Certification','Schwartz-Massey','Volunteer','Start.','specify','True','Need Renewal','Basic Training','Onboarding','Active Projects- State Registration','Car still without pay we. Mean main model fall land store late professor.','Outreach- Dogs','Science serious city trip his. Stuff much resource born. Section place laugh role court poor article season.','Active','ebarrera87@example.org','eileen_barrera1944@example.org','Home','Personal','Home','False','Home','e_barrera@example.com','9442506117','0.0','7091.0','2020','2020-12-30','97522.0','0.0','2021-05-18','0.0','2021-03-29','Anyone the bit. Have similar operation itself finally.','Yeah care cup discuss. Mother weight life give beat.','0.0','2021-08-30','2021-10-17','Household__c.Formal_Greeting__c','0.0','0.0','0.0','0.0','0.0','0.0','0.0','0.0','0.0','0.0','0.0','35519.0','69108.0','72655.0','4515.0','0.0','0.0','False','False','True','False','False','19195.0','2021-09-27','64488.0','2021-04-22','39444.0','','28086.0','30503.0','68662.0','10826.0','37689.0','0.0','False','122','','','','42','');
INSERT INTO "Contact" VALUES(101,'','Initial Inquiry','We method when very indicate.','Inactive','KPA','None','Argue improve ball. Nation world training continue per.','True','2017-05-06','Economy range mother candidate. New weight former force statement nothing culture. Eight see public style.','In Training','Thornton','Matthew','Push class edge never. Man cup however less prove.','None','Sweet Snoopers Training Program','Robertson-Barajas','Volunteer;Team Facilitator Lead;Client','Fly.','specify','False','In Progress','Basic Training','Onboarding','Operations- Master Docs - READ ONLY','Economy whose focus air yes which TV expert. Government most near one. Prove general may.','Administrative- Trainer','Accept last contain seem not offer. Major picture sometimes how order. Energy discover time leave.','Onboarding','matthew_thornton4@example.com','matthewthornton1995@example.net','Home','Personal','Home','False','Work','matthewthornton56@example.com','+1-012-888-0130','0.0','85276.0','1997','2021-05-02','79141.0','0.0','2021-02-13','0.0','2021-03-24','Away somebody everybody continue less establish card. Article visit ahead right concern contain.','Radio paper ok much.','0.0','2021-06-05','2021-01-26','Household__c.Formal_Greeting__c','0.0','0.0','0.0','0.0','0.0','0.0','0.0','0.0','0.0','0.0','0.0','28452.0','63339.0','61841.0','19687.0','0.0','0.0','False','False','True','False','False','98810.0','2021-03-11','60962.0','2021-03-02','84602.0','','32564.0','73962.0','40199.0','34701.0','50403.0','0.0','False','124','','','','43','');
INSERT INTO "Contact" VALUES(102,'','Active','Education certain sort relate single might.','On Hold','KPA','CBCC','Myself modern chair half skin land east. Role think decision.','False','2000-07-30','Small now decision stay billion yeah itself. Reality religious late way treatment. Interesting meet leave wait foot industry sing top.','Inactive','Wang','Adam','Ten society rather month. There both hold raise capital finally a law. Issue even site what accept me.','None','Sweet Snoopers Training Program','Rojas PLC','Volunteer;Team Facilitator Lead;Client','Figure.','she','True','In Progress','Epilepsy','Certified','Active Projects- Volunteer Recruitment and Retention','Order imagine factor. For people information.','Academy-Content Creator','Process voice more someone camera level business result. Painting beat put public from.','None','awang6@example.net','adam_wang1964@example.net','Home','Personal','Home','False','Home','ad+wang@example.org','001-875-580-8519','0.0','76292.0','2016','2020-11-26','95942.0','0.0','2021-02-21','0.0','2021-01-11','Per do follow money line most. Community local study reality range others.','Pm politics modern about market decide. Husband production house less. World seat region method.','0.0','2021-03-02','2021-01-29','Household__c.Name','0.0','0.0','0.0','0.0','0.0','0.0','0.0','0.0','0.0','0.0','0.0','4401.0','43153.0','56049.0','12879.0','0.0','0.0','False','False','False','False','True','34428.0','2021-10-13','22340.0','2021-05-27','59716.0','','19420.0','90123.0','3176.0','76992.0','80650.0','0.0','False','124','','','','43','');
INSERT INTO "Contact" VALUES(103,'','Inactive','Go raise audience whose style member somebody.','Certified','CBCC','IAABC','Kid deep act about what another read learn. Seven place hope scientist rise. Phone check decide account. Face manager check before each discover concern.','True','2004-01-02','Fact reveal south writer respond record. Stage at beat big.','Onboarding','Rios','Earl','Instead mean according table.','Active','Trainer Certification','Marshall, Nielsen and Black','Volunteer;Trainer','Free.','they','True','Up to Date','Basic Training','Onboarding','Active Projects- Governance, Compliance and Operations','Individual upon answer begin prove organization.','Outreach- Disability Orgs','Major during marriage matter. Bad remember citizen know tend scientist.','Active','earl_rios04@example.org','earl_rios1974@example.org','Home','Personal','Home','False','Other','earl_rios@example.org','001-291-874-0401x81408','0.0','70045.0','2005','2021-03-16','42849.0','0.0','2020-11-22','0.0','2020-12-03','Drop wife exist themselves. Rock thus pretty prepare decade.','Make without rich order buy amount. Way half again half. Second network personal federal.','0.0','2021-06-21','2021-06-21','Household__c.Formal_Greeting__c','0.0','0.0','0.0','0.0','0.0','0.0','0.0','0.0','0.0','0.0','0.0','66682.0','14337.0','74620.0','95195.0','0.0','0.0','False','False','True','False','False','5359.0','2021-03-31','5096.0','2021-06-25','91624.0','','7674.0','40097.0','58153.0','68360.0','88928.0','0.0','False','124','','','','43','');
INSERT INTO "Contact" VALUES(104,'','Inactive','Want sell sense far.','In Training','KPA','IAABC','Over last watch always from plan lay. Race south herself likely meeting not movie financial. Option start store important break star.','False','2018-09-23','Sister school visit floor fast capital yourself send. Without themselves skin prepare cultural gas recognize data.','Suspended','Boyle','Anna','Ability value represent. Lead leader positive young laugh.','Inactive','Teams Set in Motion Program','Lawson LLC','Volunteer;Team Facilitator Lead;Client','Run boy.','specify','True','Need Renewal','Hearing Dog','None','Board','Hundred hard green tend. Guess line former which. Man music drive total to glass.','Marketing- Sales','Science partner care space sense education. Chair court know father.','Inactive','annaboyle@example.net','a.boyle1952@example.net','Home','Personal','Home','False','Work','a-boyle6@example.com','+1-151-868-7003','0.0','41584.0','2020','2021-08-03','98724.0','0.0','2021-10-26','0.0','2021-09-28','Thank watch clear. South wall yourself speak.','Green five all fly. Policy action national each.','0.0','2021-08-30','2021-07-26','Household__c.Formal_Greeting__c','0.0','0.0','0.0','0.0','0.0','0.0','0.0','0.0','0.0','0.0','0.0','80302.0','40765.0','9752.0','95364.0','0.0','0.0','False','False','True','False','False','81475.0','2021-01-27','14312.0','2021-09-23','39811.0','','1863.0','93937.0','86321.0','20654.0','53156.0','0.0','False','126','','','','44','');
INSERT INTO "Contact" VALUES(105,'','None','Less prevent ball blue summer laugh address seat.','None','CCPDT','None','Writer indeed without force very whole. Its put politics quite method trip property situation.','True','2006-09-07','Very society budget old manager. Management room blue hear.','None','Brady','Amy','Throw author cultural local. Provide fund group PM. Pretty daughter second scene value.','None','Volunteering','Holder-Bright','Volunteer;Team Facilitator Lead;Client','Fact.','they','True','Up to Date','Eye Dog','None','Active Projects- Fund Development','Physical Mrs century democratic really movie send. Simple staff sign kid. Day return every.','Marketing- Graphic Design','Color quickly real dark choice practice. Among campaign produce into there.','Onboarding','am.brady46@example.com','a-brady@example.com','Home','Personal','Home','False','Work','amybrady94@example.net','857.886.2852x1478','0.0','48242.0','1971','2021-01-17','68836.0','0.0','2020-11-22','0.0','2021-02-23','Phone democratic pass region realize training oil data. Choice side look drive staff.','Impact though read project western. Important enter power property mission consider space whatever.','0.0','2021-04-05','2020-10-31','Household__c.Name','0.0','0.0','0.0','0.0','0.0','0.0','0.0','0.0','0.0','0.0','0.0','96039.0','59401.0','7104.0','3470.0','0.0','0.0','False','False','False','False','True','68305.0','2021-05-14','48954.0','2020-12-27','78929.0','','40313.0','29536.0','82547.0','67142.0','57377.0','0.0','False','130','','','','46','');
INSERT INTO "Contact" VALUES(106,'','None','Three north game personal age.','None','KPA','KPA','Include quickly instead field. Turn air sit grow.','True','2012-03-05','Live once fire science service without. Something raise more feeling. Main old medical suddenly indeed.','Initial Inquiry','Frost','Joshua','Either play recently you prevent national. Wish ahead short push.','None','Teams Set in Motion Program','Dunlap Inc','Team Facilitator','Food.','she','True','Up to Date','Eye Dog','Inactive','Operations- Financial','Season walk market why reduce onto get. Stay believe customer air.','Marketing- Writing','Pm fine maintain financial. Truth serve course.','Active','jo-frost6@example.com','j.frost4@example.org','Home','Personal','Home','False','Other','jo_frost1994@example.net','(438)139-8711','0.0','33700.0','2019','2021-09-15','71149.0','0.0','2020-12-28','0.0','2021-09-25','Fill listen benefit more. Shoulder investment radio meet cut.','Choice practice include good. Power be week exactly public benefit pull account.','0.0','2021-01-21','2021-04-11','Household__c.Name','0.0','0.0','0.0','0.0','0.0','0.0','0.0','0.0','0.0','0.0','0.0','28531.0','64253.0','99323.0','43750.0','0.0','0.0','False','False','False','False','True','83919.0','2021-07-24','36068.0','2021-01-13','45231.0','','18740.0','94156.0','52960.0','37683.0','83644.0','0.0','False','120','','','','41','');
INSERT INTO "Contact" VALUES(107,'','Active','Nothing hotel someone arrive give purpose.','On Hold','IAABC','KPA','Product event size certainly. Seek technology experience alone.','True','2004-11-16','City sure arm minute many stock. Serve detail sell study.','Onboarding','Davies','Belinda','From story trouble chance her. Customer tonight worker husband accept throughout. Before time situation character.','None','Client Certification','Gillespie and Sons','Board Member','Spring.','specify','True','None','Hearing Dog','Onboarding','Operations- Trainer','Pass against model bring expect fund. Record respond finish fire natural.','Outreach- Veterinarians','Newspaper apply main anything radio. Forward production lawyer need.','Initial Inquiry','belinda+davies61@example.net','belindadavies@example.com','Home','Personal','Home','False','Other','belinda_davies7@example.net','(066)939-9828x4337','0.0','87348.0','2021','2021-06-10','75098.0','0.0','2021-01-29','0.0','2021-01-02','Pretty age agree peace notice or show. Great offer partner agreement factor maybe impact.','Lawyer character travel we although. Affect time rich live. Opportunity and tonight meet.','0.0','2020-12-12','2020-11-01','Household__c.Name','0.0','0.0','0.0','0.0','0.0','0.0','0.0','0.0','0.0','0.0','0.0','132.0','60371.0','99224.0','52534.0','0.0','0.0','False','False','False','False','True','84591.0','2021-07-10','73758.0','2021-09-20','33554.0','','12901.0','45900.0','19617.0','44007.0','37505.0','0.0','False','122','','','','42','');
INSERT INTO "Contact" VALUES(108,'','None','Miss religious remain view social.','Initial Inquiry','IAABC','KPA','Cause fight discover guy. Hit say whether side.','True','2009-06-01','Network sister more have. Trouble yet cost air thank third someone.','Initial Inquiry','Hopkins','Marie','Herself student guy effort follow fire. Event smile particularly sea rather without. Each offer old expert become likely.','Inactive','Volunteering','Odom, Eaton and Chen','Team Facilitator','May.','they','False','Need Renewal','Emotional Trauma','Inactive','Active Projects- Team Facilitator Certification','Think actually agreement memory. Morning training reality toward four.','Outreach- Medical Providers','However put opportunity. Talk do local behind let teacher.','Inactive','m-hopkins1980@example.com','marie-hopkins1995@example.com','Home','Personal','Home','False','Other','m.hopkins@example.org','(316)796-0994','0.0','46022.0','1984','2021-05-12','39103.0','0.0','2020-10-31','0.0','2021-04-09','Safe sister animal often body until stop positive. Black they same while her edge.','Ability buy but hair. Guy hotel drug own according than.','0.0','2021-08-04','2020-12-10','Household__c.Informal_Greeting__c','0.0','0.0','0.0','0.0','0.0','0.0','0.0','0.0','0.0','0.0','0.0','52993.0','26404.0','86987.0','23617.0','0.0','0.0','False','False','False','True','False','81862.0','2021-04-03','62035.0','2021-01-08','44297.0','','62802.0','526.0','13840.0','62398.0','512.0','0.0','False','70','','','','21','');
INSERT INTO "Contact" VALUES(109,'','','','','Atlas','Atlas','','False','','','','Montoya','Adam','','','','','Volunteer','','','False','','','','','','','','','ad-montoya@example.org','admontoya7@example.net','Home','Personal','Work','False','Other','ad+montoya@example.org','+1-813-120-1328','0.0','','','','','0.0','','0.0','','','','0.0','','','','0.0','0.0','0.0','0.0','0.0','0.0','0.0','0.0','0.0','0.0','0.0','','','','','0.0','0.0','False','False','False','False','False','','','','','','','','','','','','0.0','False','72','','','','','');
INSERT INTO "Contact" VALUES(110,'','','','','Atlas','Atlas','','False','','','','Drake','Karla','','','','','Volunteer','','','False','','','','','','','','','k.drake53@example.org','karla-drake7@example.org','Home','Personal','','False','Work','kdrake@example.org','377-282-7840x724','0.0','','','','','0.0','','0.0','','','','0.0','','','','0.0','0.0','0.0','0.0','0.0','0.0','0.0','0.0','0.0','0.0','0.0','','','','','0.0','0.0','False','False','False','False','False','','','','','','','','','','','','0.0','False','73','','','','','');
INSERT INTO "Contact" VALUES(111,'','','','','Atlas','Atlas','','False','','','','Moss','Angelica','','','','','Volunteer','','','False','','','','','','','','','a.moss1959@example.com','angelica.moss1983@example.org','Home','Personal','','False','Work','a_moss1997@example.com','(710)812-2470x10903','0.0','','','','','0.0','','0.0','','','','0.0','','','','0.0','0.0','0.0','0.0','0.0','0.0','0.0','0.0','0.0','0.0','0.0','','','','','0.0','0.0','False','False','False','False','False','','','','','','','','','','','','0.0','False','73','','','','','');
CREATE TABLE "ContinuingEducationUnit__c" (
	id INTEGER NOT NULL, 
	"AuthorityOther__c" VARCHAR(255), 
	"Authority__c" VARCHAR(255), 
	"Comments__c" VARCHAR(255), 
	"DateCompleted__c" VARCHAR(255), 
	"DateSubmitted__c" VARCHAR(255), 
	"Name" VARCHAR(255), 
	"ProgramDate__c" VARCHAR(255), 
	"ProgramHours__c" VARCHAR(255), 
	"ProgramTitle__c" VARCHAR(255), 
	"Quantity__c" VARCHAR(255), 
	"Role__c" VARCHAR(255), 
	"Status__c" VARCHAR(255), 
	"Trainer__c" VARCHAR(255), 
	PRIMARY KEY (id)
);
INSERT INTO "ContinuingEducationUnit__c" VALUES(1,'Castillo-Horne','Other','Place than show until western.','2013-03-23','2007-08-27','Re-contextualized object-oriented migration','2020-08-29','615.0','Multi-layered zero tolerance forecast','8.0','Attendee','Pending','30');
INSERT INTO "ContinuingEducationUnit__c" VALUES(2,'Oneal, Nichols and Wheeler','Other','Whom Mrs perhaps able bill.','2015-08-09','2013-05-02','Object-based disintermediate Graphical User Interface','2012-11-23','977.0','Centralized actuating pricing structure','6.0','Presenter','Approved','76');
INSERT INTO "ContinuingEducationUnit__c" VALUES(3,'Bush LLC','IAABC','Type ok court soldier ok race lawyer.','2017-05-06','2010-01-22','Integrated transitional process improvement','2013-08-28','1989.0','Self-enabling responsive collaboration','10.0','Attendee','Approved','20');
INSERT INTO "ContinuingEducationUnit__c" VALUES(4,'Pugh, Lester and Ortiz','CCPDT','Field base hold fall use allow.','2004-08-14','2003-03-25','Secured local neural-net','2004-07-27','790.0','Digitized asymmetric data-warehouse','15.0','Attendee','Approved','65');
INSERT INTO "ContinuingEducationUnit__c" VALUES(5,'Mcclure, Short and Arroyo','None','Sell again scientist model discussion place.','2020-09-29','2019-09-24','Adaptive fault-tolerant alliance','2019-12-06','1685.0','Integrated optimal capacity','1.0','Attendee','Pending','103');
INSERT INTO "ContinuingEducationUnit__c" VALUES(6,'Velez, Padilla and Meyers','IAABC','Increase impact conference arm write.','2019-08-23','2015-02-04','Up-sized interactive alliance','2008-12-06','635.0','Sharable modular access','13.0','Attendee','Approved','21');
INSERT INTO "ContinuingEducationUnit__c" VALUES(7,'Rogers-Pineda','CBCC','Language foreign include season new news.','2015-07-04','2009-03-22','Public-key global Graphic Interface','2010-07-21','1395.0','Persistent 24hour infrastructure','6.0','Attendee','Pending','35');
CREATE TABLE "DogRelationship__c" (
	id INTEGER NOT NULL, 
	"Type__c" VARCHAR(255), 
	"Contact__c" VARCHAR(255), 
	"Dog__c" VARCHAR(255), 
	PRIMARY KEY (id)
);
INSERT INTO "DogRelationship__c" VALUES(1,'Owner','90','6');
INSERT INTO "DogRelationship__c" VALUES(2,'Client','90','6');
INSERT INTO "DogRelationship__c" VALUES(3,'Veterinarian','93','6');
INSERT INTO "DogRelationship__c" VALUES(4,'Veterinarian','109','7');
INSERT INTO "DogRelationship__c" VALUES(5,'Owner','16','1');
INSERT INTO "DogRelationship__c" VALUES(6,'Breeder','18','1');
INSERT INTO "DogRelationship__c" VALUES(7,'Client','41','1');
INSERT INTO "DogRelationship__c" VALUES(8,'Veterinarian','43','1');
INSERT INTO "DogRelationship__c" VALUES(9,'Owner','47','2');
INSERT INTO "DogRelationship__c" VALUES(10,'Breeder','61','2');
INSERT INTO "DogRelationship__c" VALUES(11,'Client','7','7');
INSERT INTO "DogRelationship__c" VALUES(12,'Client','66','2');
INSERT INTO "DogRelationship__c" VALUES(13,'Veterinarian','81','2');
INSERT INTO "DogRelationship__c" VALUES(14,'Owner','87','3');
INSERT INTO "DogRelationship__c" VALUES(15,'Client','99','3');
INSERT INTO "DogRelationship__c" VALUES(16,'Client','101','3');
INSERT INTO "DogRelationship__c" VALUES(17,'Breeder','5','7');
INSERT INTO "DogRelationship__c" VALUES(18,'Veterinarian','3','3');
INSERT INTO "DogRelationship__c" VALUES(19,'Owner','6','7');
INSERT INTO "DogRelationship__c" VALUES(20,'Client','22','4');
INSERT INTO "DogRelationship__c" VALUES(21,'Owner','24','4');
INSERT INTO "DogRelationship__c" VALUES(22,'Client','25','4');
INSERT INTO "DogRelationship__c" VALUES(23,'Veterinarian','27','4');
INSERT INTO "DogRelationship__c" VALUES(24,'Breeder','34','5');
INSERT INTO "DogRelationship__c" VALUES(25,'Owner','37','5');
INSERT INTO "DogRelationship__c" VALUES(26,'Client','51','5');
INSERT INTO "DogRelationship__c" VALUES(27,'Veterinarian','54','5');
INSERT INTO "DogRelationship__c" VALUES(28,'Client','74','6');
CREATE TABLE "Dog__c" (
	id INTEGER NOT NULL, 
	"ActivationDate__c" VARCHAR(255), 
	"Birthdate__c" VARCHAR(255), 
	"Breed__c" VARCHAR(255), 
	"Gender__c" VARCHAR(255), 
	"LatestPhysicalExamOutcome__c" VARCHAR(255), 
	"MicrochipNumber__c" VARCHAR(255), 
	"Name" VARCHAR(255), 
	"Notes__c" VARCHAR(255), 
	"PhysicalExamDue__c" VARCHAR(255), 
	"Picture__c" VARCHAR(255), 
	"Program__c" VARCHAR(255), 
	"SpayedNeutered__c" VARCHAR(255), 
	"Status__c" VARCHAR(255), 
	"VaccineDueDistemper__c" VARCHAR(255), 
	"VaccineDueHepatitis__c" VARCHAR(255), 
	"VaccineDueParainfluenza__c" VARCHAR(255), 
	"VaccineDueParvovirus__c" VARCHAR(255), 
	"VaccineDueRabies__c" VARCHAR(255), 
	"VetClinic__c" VARCHAR(255), 
	PRIMARY KEY (id)
);
INSERT INTO "Dog__c" VALUES(1,'2012-06-06','2010-07-22','Samoyed','Male','Pass','1-877216-63-1','Rocky','Mention by simply campaign difficult fill court. Happen usually little.','2022-10-28','https://www.lorempixel.com/60/60','Team Certification','True','On Hold','2019-11-20','2022-08-13','2020-09-24','2021-01-08','2017-12-04','92');
INSERT INTO "Dog__c" VALUES(2,'2018-04-07','2015-11-20','Samoyed','Female','Pass','0-424-08649-2','Honey','Music have produce address local gas far. Summer stage every other figure former.','2021-03-24','https://dummyimage.com/60x60','Assistance Dogs Set In Motion','False','None','2020-01-31','2020-04-25','2022-04-27','2021-05-30','2023-08-01','112');
INSERT INTO "Dog__c" VALUES(3,'2004-02-03','2015-09-12','Great Dane','Female','Fail','1-77202-302-7','Sally','Of short because nature look. Plan down into be painting ball may. Region hold year.','2022-06-17','https://placeimg.com/60/60/any','Assistance Dogs Set In Motion','False','In Training','2021-02-17','2022-04-09','2022-04-01','2021-01-21','2022-07-17','132');
INSERT INTO "Dog__c" VALUES(4,'2002-08-03','2017-06-14','Chihuahua','Female','Fail','1-09-066410-9','Ellie','Carry across civil nation full cover government and. Still success class analysis information have beautiful.','2022-08-08','https://www.lorempixel.com/60/60','Team Certification','True','Certified','2021-12-25','2022-10-27','2020-08-28','2021-03-21','2022-12-08','12');
INSERT INTO "Dog__c" VALUES(5,'2013-08-04','2008-02-07','Havanese','Male','Fail','0-486-93609-0','Milo','Imagine responsibility control fly. From along debate possible interest miss.','2022-03-04','https://placekitten.com/60/60','Assistance Dogs Set In Motion','False','Certified','2022-02-26','2020-12-01','2022-09-09','2021-05-08','2019-03-11','32');
INSERT INTO "Dog__c" VALUES(6,'2006-05-21','2012-03-28','Bloodhound','Female','Pass','0-673-92004-6','Chloe','Increase fight others watch campaign hot bill. Task if television career set because strong.','2021-08-28','https://www.lorempixel.com/60/60','Assistance Dogs Set In Motion','True','Decertified','2020-07-16','2022-08-01','2022-09-12','2021-05-24','2022-12-10','52');
INSERT INTO "Dog__c" VALUES(7,'2000-05-02','2016-12-16','Husky','Female','Fail','0-604-35630-7','Callie','Between across discussion past eight tell. Each attack Mr marriage. Charge success eight third myself particularly word. Effort interest current life rather.','2021-09-14','https://placekitten.com/60/60','Team Certification','True','In Training','2021-02-21','2022-05-16','2019-11-26','2021-05-27','2022-08-08','72');
CREATE TABLE "Lead" (
	id INTEGER NOT NULL, 
	"City" VARCHAR(255), 
	"Company" VARCHAR(255), 
	"Country" VARCHAR(255), 
	"Email" VARCHAR(255), 
	"FirstName" VARCHAR(255), 
	"IsConverted" VARCHAR(255), 
	"IsUnreadByOwner" VARCHAR(255), 
	"LastName" VARCHAR(255), 
	"LeadInterest__c" VARCHAR(255), 
	"LeadSource" VARCHAR(255), 
	"LeadSourceOther__c" VARCHAR(255), 
	"MobilePhone" VARCHAR(255), 
	"Phone" VARCHAR(255), 
	"PostalCode" VARCHAR(255), 
	"PronounOther__c" VARCHAR(255), 
	"Pronoun__c" VARCHAR(255), 
	"State" VARCHAR(255), 
	"Status" VARCHAR(255), 
	"Street" VARCHAR(255), 
	"npe01__Preferred_Email__c" VARCHAR(255), 
	"npe01__Preferred_Phone__c" VARCHAR(255), 
	"npsp__CompanyCity__c" VARCHAR(255), 
	"npsp__CompanyCountry__c" VARCHAR(255), 
	"npsp__CompanyPostalCode__c" VARCHAR(255), 
	"npsp__CompanyState__c" VARCHAR(255), 
	"npsp__CompanyStreet__c" VARCHAR(255), 
	"npsp__Batch__c" VARCHAR(255), 
	PRIMARY KEY (id)
);
INSERT INTO "Lead" VALUES(1,'Lake Nathan','N/A','Egypt','wlin@example.net','Destiny','False','True','Leach','Sweet Snoopers Training Program','Health Provider','','3811747238','+1-801-226-5745','72355','Whole.','he','Hawaii','Open - Not Contacted','9797 Castro Plaza','Personal','Home','','','','','','');
INSERT INTO "Lead" VALUES(2,'Samanthaville','N/A','Spain','lonnie95@example.net','Pedro','False','True','Pierce','Assistance Dogs Set in Motion Program','Instagram','','+1-913-944-4691x24593','503.258.6510x45485','59213','Reveal.','specify','Connecticut','Open - Not Contacted','1344 Monique Village Suite 104','Personal','Mobile','','','','','','');
INSERT INTO "Lead" VALUES(3,'South Monicaton','N/A','Dominica','gmendoza@example.org','Tammy','False','True','Grant','Sponsorship/Donations','Other','','(263)424-0018x34097','2033653315','93697','Toward.','they','Arkansas','Working - Contacted','26247 Charlotte Falls','Personal','Work','','','','','','');
INSERT INTO "Lead" VALUES(4,'Rodneyfort','N/A','Reunion','gregg44@example.com','Joan','False','True','Blackburn','General info/Other','Search Engine','','923.510.5783x1579','001-625-879-2361x2894','17111','Voice job.','she','New York','Working - Contacted','159 Crystal Summit Suite 288','Personal','Work','','','','','','');
INSERT INTO "Lead" VALUES(5,'New Mollyfort','N/A','Singapore','corey32@example.com','Troy','False','True','Mata','Assistance Dogs Set in Motion Program','Instagram','','378-500-3239','(686)289-6388','37694','Cost.','she','Oregon','Working - Contacted','82051 Kennedy Point Suite 670','Alternate','Other','','','','','','');
INSERT INTO "Lead" VALUES(6,'North Candiceshire','N/A','New Zealand','howelljerry@example.org','Michaela','False','True','Nguyen','Sweet Snoopers Training Program','Health Provider','','794-387-3402','001-111-430-1212x3979','46172','Nature.','she','Hawaii','Open - Not Contacted','899 Jordan Squares Suite 550','Alternate','Mobile','','','','','','');
INSERT INTO "Lead" VALUES(7,'Lake Luisport','N/A','Senegal','harrellheather@example.org','Kenneth','False','True','Wall','Client Certification','Twitter','','027.349.5254','137.764.9471x710','23764','Appear.','she','Illinois','Working - Contacted','3968 Debbie Rue','Alternate','Home','','','','','','');
CREATE TABLE "Log__c" (
	id INTEGER NOT NULL, 
	"ClientHours__c" VARCHAR(255), 
	"ClientStress__c" VARCHAR(255), 
	"Date__c" VARCHAR(255), 
	"Details__c" VARCHAR(255), 
	"Handler__c" VARCHAR(255), 
	"OtherHours__c" VARCHAR(255), 
	"PublicAccessHours__c" VARCHAR(255), 
	"RecordTypeId" VARCHAR(255), 
	"RequestSupportFromAtlas__c" VARCHAR(255), 
	"RequestSupportFromTeam__c" VARCHAR(255), 
	"Satisfaction__c" VARCHAR(255), 
	"SessionType__c" VARCHAR(255), 
	"Stress__c" VARCHAR(255), 
	"SupportDetails__c" VARCHAR(255), 
	"Type__c" VARCHAR(255), 
	"Client__c" VARCHAR(255), 
	"Dog__c" VARCHAR(255), 
	"Facilitator__c" VARCHAR(255), 
	"Submitter__c" VARCHAR(255), 
	PRIMARY KEY (id)
);
INSERT INTO "Log__c" VALUES(1,'49.0','To some extent','2021-06-13','Message common task argue ago fast seat. Throughout yes simple free trip. Camera war determine a reality.','Willie','65.0','99.0','','False','True','Some enjoyment','Virtual','Not at all','Section continue product mean find accept forget. Likely face prepare item few give. Without career hot direction herself.','Client','86','7','111','14');
INSERT INTO "Log__c" VALUES(2,'25.0','Only a little','2020-09-03','Agent indeed like.','Kari','100.0','26.0','','False','True','Some enjoyment','Virtual','Rather much','Shoulder relationship include. Mouth newspaper program act word forward matter despite. Happy hotel get.','Client','30','7','110','57');
INSERT INTO "Log__c" VALUES(3,'97.0','Only a little','2015-09-02','Why should yourself amount turn air. Particularly medical little expert.','Frances','89.0','12.0','','True','True','Rather much enjoyment','Virtual','Only a little','Seem anyone idea explain spend. Behind measure answer western radio sing number through. Season positive choose crime.','Client','30','7','86','7');
INSERT INTO "Log__c" VALUES(4,'7.0','To some extent','2019-07-12','Address economic six spend truth radio.','Katrina','7.0','43.0','','True','False','No enjoyment','In Person','Not at all','School design discussion move create stand.','Facilitator','75','6','77','92');
INSERT INTO "Log__c" VALUES(5,'22.0','Very much','2016-01-17','Simply front prevent full candidate. Without near factor mention eight it.','Paula','40.0','45.0','','True','True','Extreme amount of enjoyment','In Person','Only a little','Religious space could language. Specific produce several however law. Say suffer dark development us.','Client','92','6','89','94');
INSERT INTO "Log__c" VALUES(6,'72.0','Only a little','2018-10-20','View professor imagine that family black save. Rich into best prevent firm ground production think.','Sophia','23.0','62.0','','False','True','No enjoyment','Virtual','Rather much','Head point charge. Yeah whether person source major. Ahead close population culture result role.','Facilitator','92','6','78','95');
INSERT INTO "Log__c" VALUES(7,'17.0','Not at all','2018-07-29','Financial need reveal fire prepare. Five surface statement dinner science standard. Camera wind certain culture trip fact.','Olivia','60.0','15.0','','True','False','Rather much enjoyment','Virtual','To some extent','Hand hair however fight system. Plant first little bag career sing.','Facilitator','93','6','93','72');
INSERT INTO "Log__c" VALUES(8,'46.0','Rather much','2018-04-27','Size especially spring group however. Administration dinner office. Center wonder purpose catch less whole senior.','Barry','49.0','77.0','','False','False','Rather much enjoyment','In Person','To some extent','Must finally doctor lay half hand. Do themselves adult begin interesting.','Facilitator','94','6','73','95');
INSERT INTO "Log__c" VALUES(9,'18.0','To some extent','2018-07-01','Along as class morning hit sport. Look class wonder model capital hold drug. Very young month collection next.','Theodore','17.0','1.0','','True','True','Extreme amount of enjoyment','In Person','Very much','Science serve water itself environmental enter. Student weight performance himself protect tell. Center carry your finish former control idea.','Client','94','6','72','73');
INSERT INTO "Log__c" VALUES(10,'18.0','To some extent','2021-06-20','Party put similar large. World race exactly. Make person foot generation sport.','Mikayla','43.0','75.0','','False','False','No enjoyment','In Person','Rather much','Center these begin certain cold. Rock majority rise figure old only. Past you run friend then.','Client','59','7','6','85');
INSERT INTO "Log__c" VALUES(11,'78.0','Not at all','2018-05-09','Ever popular last study structure suddenly. Rise what next. Store he college skin.','Nathan','100.0','64.0','','True','False','Some enjoyment','In Person','Only a little','Thing down science only budget. Quickly prevent what case available product exactly. It under ground near entire on president.','Facilitator','95','6','72','92');
INSERT INTO "Log__c" VALUES(12,'100.0','Very much','2018-05-01','Already available exist throw sure. Among less letter market policy surface. Concern likely little water hard party once. Memory explain value rule society likely.','Evan','43.0','91.0','','False','False','Some enjoyment','Virtual','To some extent','Authority sell term. Sometimes accept woman great.','Client','95','6','89','93');
INSERT INTO "Log__c" VALUES(13,'39.0','Not at all','2020-12-10','Husband pretty simple build. Option hospital join plant take event kind. War know street author tend away program by.','Warren','93.0','77.0','','True','False','No enjoyment','Virtual','Only a little','Force war movement individual whole. Consumer cover energy suddenly create firm. Customer manage country management data vote. Cell this five.','Client','66','2','62','66');
INSERT INTO "Log__c" VALUES(14,'17.0','Not at all','2020-11-18','Billion standard another clear serious might but. Decide message onto let action thousand. Thank break answer team prove where.','Julia','77.0','85.0','','True','False','A little enjoyment','In Person','Very much','Forget TV learn she road food address. Check arrive be people front physical.','Client','67','2','47','47');
INSERT INTO "Log__c" VALUES(15,'42.0','To some extent','2020-08-18','Quickly another theory outside serve. Determine visit building article decade kid skill anything.','Sherry','85.0','16.0','','True','True','A little enjoyment','Virtual','Not at all','For kid treat decide still already. Left service move reason past sense style.','Client','67','2','80','62');
INSERT INTO "Log__c" VALUES(16,'3.0','Rather much','2019-11-18','Just property three last choose subject. Despite trade center support. Class produce much partner charge rock.','Holly','14.0','81.0','','True','True','A little enjoyment','In Person','Rather much','Now after former. Him meet early win a. Television sign last reflect music both.','Facilitator','67','2','63','82');
INSERT INTO "Log__c" VALUES(17,'24.0','Very much','2018-12-22','News line culture a east wear voice. Consumer election mind out speak let.','Caleb','22.0','35.0','','False','True','No enjoyment','In Person','Only a little','Brother six best trip majority so price happen. Language according as buy part add.','Facilitator','68','2','64','69');
INSERT INTO "Log__c" VALUES(18,'6.0','Only a little','2019-09-17','Four answer down. Public them college deep experience deal everything above. He find Democrat tonight.','Linda','97.0','24.0','','False','True','No enjoyment','In Person','To some extent','Better response member before miss father visit. Himself coach early TV and lead.','Facilitator','68','2','47','80');
INSERT INTO "Log__c" VALUES(19,'43.0','To some extent','2017-11-24','Democratic body pass visit direction do network term.','Chad','75.0','52.0','','True','False','A little enjoyment','In Person','Rather much','I boy receive newspaper. Prevent type last foot own.','Facilitator','68','2','66','80');
INSERT INTO "Log__c" VALUES(20,'17.0','Only a little','2017-08-25','Affect together threat cut. Dark relate center floor service us add industry.','Geoffrey','81.0','93.0','','False','True','No enjoyment','Virtual','Only a little','Any put within movement media among just admit. Different PM newspaper career feel. Result detail must spend reveal force material.','Facilitator','69','2','47','47');
INSERT INTO "Log__c" VALUES(21,'67.0','Not at all','2021-03-15','Buy work far five marriage draw. Raise all report since glass travel increase number.','Miranda','24.0','63.0','','True','False','A little enjoyment','In Person','Very much','Sure every quickly item. Throughout less quality key reduce change.','Facilitator','69','2','64','66');
INSERT INTO "Log__c" VALUES(22,'68.0','Only a little','2019-09-02','Hair newspaper it method stand music. Newspaper similar various.','Crystal','61.0','67.0','','False','False','A little enjoyment','In Person','Not at all','Middle religious try view assume play foreign.','Client','8','7','31','84');
INSERT INTO "Log__c" VALUES(23,'10.0','Only a little','2018-05-08','Lead employee bill water. Spring difficult including he across.','Alejandro','56.0','28.0','','True','True','A little enjoyment','Virtual','Rather much','Stage and mention. Probably provide prove join physical.','Facilitator','8','7','7','111');
INSERT INTO "Log__c" VALUES(24,'15.0','Only a little','2018-07-22','Value director within today take activity. Feel main arrive wind people rich.','Erica','2.0','69.0','','True','False','No enjoyment','Virtual','Not at all','If arm long become in evidence smile east. Significant eye how sound no. Put training serious way student.','Facilitator','82','2','80','68');
INSERT INTO "Log__c" VALUES(25,'49.0','Very much','2017-12-25','Do really ball box interesting six. Finally society while former ever threat respond.','Amber','62.0','89.0','','False','False','No enjoyment','In Person','Rather much','Industry church across teach beautiful apply sea. Mean plan ago today. By great last mission piece he.','Client','83','2','65','66');
INSERT INTO "Log__c" VALUES(26,'25.0','To some extent','2020-03-09','Same environmental partner red force test shake degree. Although study daughter see music. Buy at must stand finally glass page.','Krystal','47.0','41.0','','False','False','Extreme amount of enjoyment','In Person','Very much','Term right state music positive. Law fast list debate no almost deep. Culture amount standard most strategy of but.','Client','83','2','69','81');
INSERT INTO "Log__c" VALUES(27,'100.0','Not at all','2017-02-25','Him case politics according especially question. People meet candidate people perhaps class. Since ready just young manage.','Alicia','9.0','42.0','','True','True','Rather much enjoyment','In Person','Not at all','Citizen also audience music popular. Special cup its anyone environment something return.','Client','88','3','106','102');
INSERT INTO "Log__c" VALUES(28,'59.0','To some extent','2017-09-13','Effort laugh American Republican fear what. Available tend their girl question but.','Dennis','21.0','21.0','','True','False','Some enjoyment','Virtual','Very much','Because generation sure then. Have fire decision remember television yes carry.','Client','106','3','87','102');
INSERT INTO "Log__c" VALUES(29,'19.0','Rather much','2017-08-31','Similar character his per oil agreement team old. Paper Democrat need along sign standard.','Katherine','27.0','0.0','','False','True','Some enjoyment','In Person','Only a little','Appear lot authority again hot piece. Could lead accept situation large painting. Country total including little open you.','Client','107','3','2','88');
INSERT INTO "Log__c" VALUES(30,'86.0','Very much','2020-02-04','Chance knowledge contain in degree. Put camera always. Probably character significant read join.','Kristina','93.0','100.0','','True','False','Extreme amount of enjoyment','In Person','Not at all','Environmental bank generation reality participant. Between protect throughout arm. Customer read upon type international.','Client','107','3','3','4');
INSERT INTO "Log__c" VALUES(31,'81.0','Only a little','2018-03-05','Food provide grow heart state series. Foreign change last worker paper.','Shawna','98.0','47.0','','False','True','No enjoyment','Virtual','Rather much','Exactly nature project within success evening the value. Performance rock small much. Side usually certainly.','Client','99','3','3','106');
INSERT INTO "Log__c" VALUES(32,'7.0','Not at all','2017-10-24','Training build interest nor since especially alone. Example record past.','Harry','89.0','70.0','','False','True','A little enjoyment','Virtual','To some extent','Organization daughter allow large family science professional. Pay strategy necessary own party offer.','Facilitator','99','3','105','107');
INSERT INTO "Log__c" VALUES(33,'67.0','Rather much','2016-07-20','Guess attack set through yet oil. Pressure finish sit tend imagine responsibility pass offer. Attention child blue tax bag enough.','Cristina','71.0','24.0','','True','False','A little enjoyment','In Person','Rather much','Significant cause lay language yet. Beat bill debate red alone individual song.','Facilitator','99','3','88','2');
INSERT INTO "Log__c" VALUES(34,'22.0','Not at all','2017-06-29','Both team stage nature. Traditional article bed.','Aaron','34.0','14.0','','False','True','No enjoyment','Virtual','Only a little','Others might quality. Girl heart hotel learn. Perform adult despite myself major.','Facilitator','100','3','106','87');
INSERT INTO "Log__c" VALUES(35,'79.0','To some extent','2015-06-07','Record seven itself back lawyer. Best agent dark operation during.','Mathew','21.0','7.0','','True','True','Extreme amount of enjoyment','In Person','To some extent','Star forward human. Son when decision example focus forward eye. Sometimes president rest.','Facilitator','100','3','106','101');
INSERT INTO "Log__c" VALUES(36,'52.0','Only a little','2017-06-14','Effort bank air writer beyond hundred professional thus. Around thus like young. Southern sport big describe final spend southern Mrs.','Tiffany','1.0','17.0','','True','True','Some enjoyment','Virtual','Rather much','Light sea TV tell when.','Facilitator','101','3','104','103');
INSERT INTO "Log__c" VALUES(37,'93.0','Rather much','2019-08-26','Discuss gun behavior true ready. It give audience PM television try history.','Tammie','94.0','55.0','','False','True','Some enjoyment','In Person','Very much','Drive phone food Democrat me.','Client','5','7','108','85');
INSERT INTO "Log__c" VALUES(38,'65.0','To some extent','2017-11-29','Argue charge despite PM. Want win eat anyone paper despite compare. Protect loss green whole by finish. Again training away quality appear total require feel.','Victor','97.0','56.0','','True','False','Extreme amount of enjoyment','In Person','Not at all','Song need visit every alone successful wall. Among find carry education fund. Commercial through garden old. Occur low state trip.','Facilitator','103','3','1','107');
INSERT INTO "Log__c" VALUES(39,'46.0','Only a little','2019-06-30','Remain experience century develop father station. Mean leave really decide onto better.','Kerry','17.0','37.0','','True','False','Rather much enjoyment','Virtual','To some extent','Themselves nice none citizen. Operation look raise real maintain happen hot.','Facilitator','103','3','1','102');
INSERT INTO "Log__c" VALUES(40,'93.0','Very much','2020-06-08','Probably successful say sell mention. Article for why day program clearly later.','Darius','44.0','50.0','','False','False','No enjoyment','Virtual','Very much','Serious change mother run. Evidence cut reveal know economy stage court year. Just animal knowledge other ever far.','Facilitator','104','3','87','87');
INSERT INTO "Log__c" VALUES(41,'65.0','To some extent','2019-09-01','Industry soon discover especially ever. Feeling them dog receive. Interesting smile ten its.','Casey','81.0','66.0','','True','False','Rather much enjoyment','Virtual','Not at all','Follow much compare past. Free every suffer chance peace.','Facilitator','104','3','99','104');
INSERT INTO "Log__c" VALUES(42,'86.0','Rather much','2015-09-17','Sound most modern hot follow common thing investment. Fund team affect word. Water argue green collection exactly spend special. Fear media Mrs he war.','Jasmine','14.0','40.0','','False','False','Extreme amount of enjoyment','Virtual','Rather much','Risk degree stuff include fear. Information family music us effort recently. Catch tax able stop rule. Where house sometimes its total necessary resource within.','Client','105','3','101','1');
INSERT INTO "Log__c" VALUES(43,'51.0','Only a little','2020-12-09','Attack reflect forward consumer water. Return performance personal stock defense table movie what.','Rick','61.0','24.0','','False','True','No enjoyment','In Person','Not at all','Including during relationship no development often crime. Even action stage window work black product goal. Listen stay benefit loss shake management.','Client','1','3','104','88');
INSERT INTO "Log__c" VALUES(44,'29.0','Rather much','2018-11-20','Cover top Congress understand and share answer. Some future per make reveal suddenly.','Luis','70.0','10.0','','True','True','Some enjoyment','Virtual','Not at all','Unit enter large well miss.','Client','2','3','102','107');
INSERT INTO "Log__c" VALUES(45,'17.0','To some extent','2020-11-26','Well amount spend Democrat ability exactly culture. Method charge age sing stop student late.','Wyatt','22.0','63.0','','False','False','Extreme amount of enjoyment','Virtual','Only a little','Run seem general born travel. Although cause nice different.','Facilitator','3','3','88','101');
INSERT INTO "Log__c" VALUES(46,'56.0','Only a little','2016-08-17','Better energy worry rock. Whether lose hundred family from. Send bag company decision tonight thank model.','Lucas','70.0','54.0','','True','False','Rather much enjoyment','In Person','Only a little','Student forget myself know then medical social. Six body common task.','Client','3','3','104','102');
INSERT INTO "Log__c" VALUES(47,'63.0','Rather much','2018-05-23','Ok product there forget tough blue. Might guess bad get its another still. Meet open down explain knowledge next response.','Veronica','31.0','62.0','','True','True','Rather much enjoyment','In Person','Rather much','Author against seat customer pressure discussion.','Client','4','3','104','87');
INSERT INTO "Log__c" VALUES(48,'95.0','Rather much','2021-05-05','Per never much activity wonder behind.','Guy','68.0','54.0','','True','True','Rather much enjoyment','In Person','Only a little','Official heavy key item approach owner ready. East response street consumer. Care join compare find discuss.','Client','10','4','24','10');
INSERT INTO "Log__c" VALUES(49,'10.0','Rather much','2016-05-23','Force politics maintain. Unit professional language step full. Poor parent pull nothing.','Candace','74.0','79.0','','False','True','Rather much enjoyment','Virtual','Rather much','Billion risk truth coach. Medical hundred defense difficult sell animal organization may.','Facilitator','11','4','27','23');
INSERT INTO "Log__c" VALUES(50,'28.0','Not at all','2018-10-08','Key up range political. Who or surface think. Contain fly class born end.','Jorge','57.0','83.0','','False','True','Rather much enjoyment','Virtual','Very much','Treatment interest leg value. Bit everyone language. Worry issue these certain real sea treat daughter.','Client','11','4','25','50');
INSERT INTO "Log__c" VALUES(51,'53.0','Rather much','2017-08-15','Firm almost economy risk attention past church. Rule room how arrive.','Marc','16.0','71.0','','True','True','Rather much enjoyment','Virtual','Very much','Rich Republican partner successful. Perform trial eight student somebody everyone company. Understand great until share agreement.','Client','28','4','21','22');
INSERT INTO "Log__c" VALUES(52,'52.0','Rather much','2016-10-17','Morning part over value bed produce serious responsibility. Address pull along simply close entire. Time bill experience project cold local station.','Drew','27.0','13.0','','True','True','Rather much enjoyment','In Person','To some extent','Season ability part sign try out shake. Born seek professor moment.','Facilitator','28','4','27','50');
INSERT INTO "Log__c" VALUES(53,'81.0','Very much','2016-02-16','Director time how report hot relationship opportunity. Item above remain glass themselves firm term. Carry across heavy program reduce good new.','Lynn','12.0','68.0','','True','True','Extreme amount of enjoyment','In Person','Very much','Newspaper believe claim trial. Let seek discuss less deal traditional serious. Wall usually follow.','Facilitator','21','4','49','26');
INSERT INTO "Log__c" VALUES(54,'21.0','Rather much','2016-10-22','Option north likely various yet make best create. Follow modern later picture.','Gregg','69.0','2.0','','True','True','Extreme amount of enjoyment','Virtual','Rather much','Couple each maintain blue effort election. Conference fill few whatever research. Describe dinner authority oil box shoulder.','Client','22','4','26','26');
INSERT INTO "Log__c" VALUES(55,'70.0','To some extent','2017-04-27','Consumer financial drop language. Change by paper law he.','Jenna','56.0','67.0','','True','False','A little enjoyment','Virtual','Very much','Plant onto once open old determine word indeed. Difference price pretty lose sort. Exactly suddenly lawyer various Mr.','Client','24','4','11','11');
INSERT INTO "Log__c" VALUES(56,'21.0','To some extent','2020-10-08','Vote herself let letter. Conference heart sister present.','Craig','96.0','75.0','','True','True','Extreme amount of enjoyment','In Person','Very much','Spring gun sometimes area check. Threat fine yourself record enter sister.','Facilitator','24','4','24','27');
INSERT INTO "Log__c" VALUES(57,'2.0','Rather much','2021-02-21','Hope street onto rock. Mouth until skill ago after.','Kristine','9.0','85.0','','False','True','A little enjoyment','In Person','To some extent','South interview thought response maybe commercial. Mean institution buy customer team miss. Leave cause both of two black.','Facilitator','25','4','27','24');
INSERT INTO "Log__c" VALUES(58,'19.0','Rather much','2017-09-30','Number notice degree everything of trouble various glass. Condition per available practice where continue market. Window government vote article push.','Kent','6.0','53.0','','False','False','No enjoyment','In Person','Very much','Growth visit possible radio why. Reveal look stock help trouble least peace. Account along group none deal record tough.','Client','25','4','49','50');
INSERT INTO "Log__c" VALUES(59,'18.0','Not at all','2019-11-07','Once according for determine outside half. He television contain hit.','Billy','74.0','59.0','','True','False','Rather much enjoyment','Virtual','Very much','First single wife five. Watch girl government visit off what push paper. Out represent board bad lose offer.','Facilitator','26','4','48','10');
INSERT INTO "Log__c" VALUES(60,'84.0','Only a little','2020-01-14','Such around point manager worker.','Edward','39.0','31.0','','True','False','Some enjoyment','In Person','Rather much','Ask then billion idea. House none himself arm surface edge.','Client','26','4','27','28');
INSERT INTO "Log__c" VALUES(61,'71.0','Rather much','2017-04-14','Book believe happen adult question. Capital who Mrs after way goal day.','Mike','32.0','36.0','','True','False','No enjoyment','Virtual','Rather much','Fire walk community shake some at develop. Those available card many degree. Bag city happy page world clear condition.','Client','26','4','22','49');
INSERT INTO "Log__c" VALUES(62,'21.0','Not at all','2015-06-30','Protect somebody different national learn stuff. Agent week wall student. Air myself sure low rest become. Hold turn important consumer.','Jared','56.0','15.0','','False','False','No enjoyment','In Person','Very much','Network yeah security kitchen design. Dark feeling when surface professor court many issue. Own site describe about something take.','Facilitator','27','4','49','21');
INSERT INTO "Log__c" VALUES(63,'70.0','Very much','2018-04-05','Nice each local we. Will court scene can other boy magazine cup.','Stacie','22.0','52.0','','False','True','No enjoyment','Virtual','Not at all','Sure now arrive interview. Consider receive cold outside hold total.','Facilitator','48','4','10','26');
INSERT INTO "Log__c" VALUES(64,'23.0','Only a little','2020-06-25','Design east kid return task us. Realize open cause certainly enjoy many six.','Isaac','94.0','2.0','','False','False','Some enjoyment','Virtual','Only a little','Mind radio risk street determine eat. There consumer agency foot.','Client','31','7','14','108');
INSERT INTO "Log__c" VALUES(65,'54.0','Very much','2019-03-20','May miss share draw develop behind school war. Across candidate when language crime often. Determine long TV no sit determine pick where.','Brian','10.0','96.0','','False','True','No enjoyment','Virtual','Not at all','Quickly unit campaign discover better cup. Style conference amount. Away shake pull scientist might onto because.','Facilitator','49','4','26','48');
INSERT INTO "Log__c" VALUES(66,'3.0','Not at all','2018-08-30','Meet stop stay light. Walk represent thus draw it. Next how herself itself.','Beverly','11.0','72.0','','True','True','Some enjoyment','Virtual','Only a little','High be policy. Whether edge benefit similar traditional account bag.','Facilitator','49','4','22','49');
INSERT INTO "Log__c" VALUES(67,'74.0','Not at all','2017-04-12','Art free point necessary officer single TV. Civil husband store wonder government data despite.','Isabella','28.0','65.0','','False','True','A little enjoyment','In Person','To some extent','Citizen source window expert. My white sport usually goal his. Laugh specific skin early agent ball.','Client','50','4','49','22');
INSERT INTO "Log__c" VALUES(68,'97.0','Only a little','2016-01-13','Main down moment. Religious true player seven police red vote. Product amount thought position ask particularly.','Gabrielle','63.0','27.0','','False','False','Some enjoyment','Virtual','To some extent','Shake boy very least husband step. Stuff end tough.','Facilitator','50','4','10','27');
INSERT INTO "Log__c" VALUES(69,'34.0','Only a little','2015-10-18','Medical notice inside. Plant civil direction form course professional.','Theresa','96.0','89.0','','False','False','Rather much enjoyment','Virtual','Very much','Education show long she. Sometimes only foreign defense lawyer near attention.','Facilitator','32','5','53','33');
INSERT INTO "Log__c" VALUES(70,'27.0','To some extent','2020-08-13','Share alone our morning. Maintain break weight many painting system be.','Carolyn','85.0','70.0','','False','False','Extreme amount of enjoyment','In Person','Rather much','Left read how image hope sister. Later section pressure response general painting discuss child. Approach impact camera effort staff.','Client','32','5','34','34');
INSERT INTO "Log__c" VALUES(71,'18.0','Only a little','2015-07-09','Too eye base far policy. Deal push grow security job home control. Grow life gun financial. Perhaps pattern vote three peace right task.','Allison','28.0','86.0','','True','False','Rather much enjoyment','In Person','Rather much','Budget not believe through stay instead position. Black table describe save we practice together. Ago few trip reason green they.','Client','33','5','32','37');
INSERT INTO "Log__c" VALUES(72,'93.0','Not at all','2017-05-14','Light while parent story reach quickly claim. Put than grow community sell every read story. Cell level trouble media.','Debbie','74.0','100.0','','False','False','Rather much enjoyment','In Person','Not at all','Interest seem education he appear there. Actually by deep something civil. Truth under relate me herself simple election.','Facilitator','34','5','36','38');
INSERT INTO "Log__c" VALUES(73,'69.0','To some extent','2016-04-03','Exactly walk west present. Relate improve consider health instead perhaps. Without television red yard else continue major.','Gail','94.0','36.0','','True','False','Extreme amount of enjoyment','In Person','Not at all','Manager community everyone. Cultural a summer because. Sometimes everybody police number card window carry. Understand long issue scientist will partner born room.','Facilitator','34','5','53','55');
INSERT INTO "Log__c" VALUES(74,'23.0','Not at all','2016-01-12','Challenge cold parent. Ground guess indicate move against ball. State of relate local wonder likely soldier network.','April','85.0','51.0','','False','False','Rather much enjoyment','In Person','Rather much','Environmental son child dog. Explain artist for these fast.','Facilitator','35','5','53','35');
INSERT INTO "Log__c" VALUES(75,'3.0','Rather much','2021-03-04','Learn fill number which program. Attorney ever wonder far medical reflect husband agency. Real join fall discussion face. Born left professor half audience these.','Kristine','3.0','4.0','','False','False','Rather much enjoyment','In Person','Very much','Room admit action reason my a feeling. Administration me which poor party part difficult assume.','Client','37','5','33','33');
INSERT INTO "Log__c" VALUES(76,'34.0','Only a little','2017-05-01','Face old describe current middle.','Bernard','73.0','25.0','','True','True','Some enjoyment','Virtual','Not at all','Ground right too. Either left return education difficult always. Change occur thing area.','Facilitator','38','5','53','36');
INSERT INTO "Log__c" VALUES(77,'13.0','Very much','2020-11-04','Us song call medical keep. Television fine item yeah tax.','Carol','79.0','15.0','','False','True','Rather much enjoyment','In Person','Not at all','Weight we get decade hour court represent. Base wonder traditional trip number floor nothing. Ball about above particularly change.','Client','38','5','35','52');
INSERT INTO "Log__c" VALUES(78,'82.0','Only a little','2017-01-12','Industry speak wide explain understand. Agency conference decide former pull.','Reginald','52.0','96.0','','False','True','No enjoyment','Virtual','Rather much','Tax single Democrat theory join. Sing enter identify according live go bring. Simply standard community thank.','Client','52','5','54','34');
INSERT INTO "Log__c" VALUES(79,'30.0','To some extent','2015-06-25','Relationship with charge along score threat often. Show serve inside she eye.','Ruth','5.0','94.0','','True','False','Some enjoyment','In Person','To some extent','Do current many four community value. She several much then. Clear smile either bill wife magazine whose.','Client','52','5','56','38');
INSERT INTO "Log__c" VALUES(80,'55.0','Rather much','2017-12-26','Outside free best even million go. Enter reduce church certain something no. Surface study son treatment they.','Willie','51.0','51.0','','False','True','Some enjoyment','In Person','Rather much','Similar now claim company. Season good activity start evening way from.','Facilitator','53','5','38','34');
INSERT INTO "Log__c" VALUES(81,'12.0','Not at all','2018-04-14','Us quality majority study. City a apply development. Fire health high give.','Cole','72.0','16.0','','False','True','Rather much enjoyment','Virtual','Rather much','Discussion piece team house allow card purpose guess. Fight person leader wish list direction face perform.','Facilitator','54','5','53','36');
INSERT INTO "Log__c" VALUES(82,'36.0','Very much','2019-07-12','Situation positive account community everyone. Apply person particular reduce Democrat fear. Action sign win program end work.','Shari','66.0','5.0','','False','True','Some enjoyment','Virtual','Only a little','Suffer available prevent. Energy now mention impact summer also report. Money actually mention political character century able.','Facilitator','55','5','34','55');
INSERT INTO "Log__c" VALUES(83,'2.0','Very much','2019-01-07','Usually realize international sense. If budget party dream. Better thus friend each option mean red.','Brenda','11.0','70.0','','True','True','Some enjoyment','Virtual','To some extent','Fight child fear woman individual create care. Body even sure star there authority. Very wait behavior inside hand truth son.','Client','55','5','34','56');
INSERT INTO "Log__c" VALUES(84,'85.0','Only a little','2021-09-09','Hospital blood miss perhaps paper. Because economy personal site choice.','Darius','92.0','52.0','','False','True','Extreme amount of enjoyment','In Person','Rather much','Role but usually as different social food. Base station form tend them reflect. It fill simple method. Best time sort story.','Facilitator','55','5','37','56');
INSERT INTO "Log__c" VALUES(85,'67.0','Only a little','2021-10-08','Interview cup keep. City energy chance safe never magazine.','Jon','50.0','66.0','','False','False','A little enjoyment','In Person','Rather much','List two dream truth more large meet. Amount prevent loss break building. Far quickly toward agent miss.','Facilitator','56','5','55','32');
INSERT INTO "Log__c" VALUES(86,'35.0','Not at all','2017-03-09','Five color interview way share argue. Size enjoy safe ground two thing. Hot land ground project. Remain leader relationship before point.','Sabrina','69.0','45.0','','True','True','A little enjoyment','Virtual','Not at all','Whether example take several each such this. Fall whatever ready coach. Gas economy eat police me event.','Client','56','5','51','33');
INSERT INTO "Log__c" VALUES(87,'78.0','Only a little','2015-03-11','Article remember land other he address young write. Report mission degree unit.','Neil','19.0','81.0','','True','True','A little enjoyment','In Person','Very much','Region necessary administration television anything. Coach share add heart yeah others account. Yes magazine region have their six economy lot.','Client','56','5','38','35');
INSERT INTO "Log__c" VALUES(88,'58.0','Rather much','2015-08-26','Whatever idea detail goal way stay natural. New behind him.','Jaime','3.0','45.0','','True','True','A little enjoyment','In Person','Not at all','Who new important. Need common those difficult almost adult surface. Thus she fly director wait.','Client','56','5','54','56');
INSERT INTO "Log__c" VALUES(89,'46.0','Not at all','2017-04-04','My option knowledge ok study worker size morning. Last wait course others.','Jamie','3.0','48.0','','False','False','A little enjoyment','In Person','Only a little','Scene song green shoulder sea. Among until training success second say. Voice provide computer direction.','Client','70','6','75','94');
INSERT INTO "Log__c" VALUES(90,'11.0','To some extent','2015-09-08','May hard up walk lead leg customer. Campaign win me my north free guy.','Julie','63.0','55.0','','True','True','No enjoyment','In Person','Only a little','System coach bed physical remain turn campaign practice. Both newspaper democratic feel save religious it. Toward improve hard sit.','Client','70','6','94','74');
INSERT INTO "Log__c" VALUES(91,'52.0','Very much','2020-10-13','Relationship official behind contain eight very find. Federal laugh use song discussion east.','Misty','88.0','94.0','','True','False','A little enjoyment','In Person','To some extent','Rate enjoy military ground. Similar late office hope. Writer live detail wide from.','Facilitator','72','6','96','72');
INSERT INTO "Log__c" VALUES(92,'9.0','Very much','2020-10-11','Girl per movement get your see training. Heavy surface nation foreign social.','Wendy','58.0','33.0','','False','True','Some enjoyment','In Person','Rather much','Research reflect return. Crime concern learn cultural vote party need.','Facilitator','74','6','71','73');
INSERT INTO "Log__c" VALUES(93,'25.0','Very much','2018-05-08','Until sit situation. Half strategy safe sit high arrive. Ever word language her. Community hundred other coach state nice cold.','Francisco','8.0','48.0','','False','True','A little enjoyment','In Person','Only a little','Response bag just not sort everybody management. Sign participant part ability. Economic partner reason race bad structure sea.','Facilitator','95','6','91','94');
INSERT INTO "Log__c" VALUES(94,'26.0','Not at all','2020-06-30','Easy alone behavior why fly. Minute it each firm professional idea. Bad court finish.','Deborah','40.0','81.0','','False','False','Extreme amount of enjoyment','Virtual','Very much','For summer attack would. Other fast action school maintain join program. According rather consumer fast she him. Herself employee right reason hundred water.','Facilitator','57','7','111','6');
INSERT INTO "Log__c" VALUES(95,'85.0','Rather much','2020-01-11','The speak cold open exactly enter. Old rest power say community throw.','Robin','3.0','34.0','','False','True','Some enjoyment','Virtual','To some extent','Choose enter student. Attack game it however want. Decision we choice bag prevent central southern. Now business nation very east continue site.','Client','58','7','110','111');
INSERT INTO "Log__c" VALUES(96,'52.0','Rather much','2019-12-04','Behavior out gas admit detail. Group address generation current skill. Nothing race age most.','Valerie','40.0','94.0','','True','True','Some enjoyment','In Person','Very much','Field culture realize so fly onto. Resource why my energy radio member woman. Miss former through thus.','Facilitator','58','7','97','31');
INSERT INTO "Log__c" VALUES(97,'1.0','To some extent','2020-06-14','His year kitchen scene image. Religious upon evidence.','Stacy','67.0','21.0','','True','True','Extreme amount of enjoyment','In Person','Not at all','Cost report usually. Human speak grow property girl.','Client','108','7','58','30');
INSERT INTO "Log__c" VALUES(98,'72.0','Very much','2017-03-31','Box nearly throughout. Which central data health government he.','Becky','49.0','79.0','','True','True','No enjoyment','Virtual','Rather much','Exactly small discussion movement body remain.','Client','97','7','12','7');
INSERT INTO "Log__c" VALUES(99,'8.0','Very much','2018-01-28','Game responsibility candidate marriage we hit seat. Game public stay always.','Stacey','91.0','80.0','','False','False','A little enjoyment','Virtual','Not at all','Scientist much put end live will learn hour. Same professor arm situation eat determine nothing.','Facilitator','97','7','84','31');
INSERT INTO "Log__c" VALUES(100,'5.0','To some extent','2021-02-01','Play together moment face memory. Policy commercial fire bad. Today fact realize medical simple western evidence. Pass despite although pull.','Eric','67.0','71.0','','True','True','A little enjoyment','In Person','Only a little','Trade wide article country hundred. Throw teach media near.','Facilitator','109','7','7','57');
INSERT INTO "Log__c" VALUES(101,'90.0','Only a little','2015-02-08','Blue cold audience. Believe career many purpose above history. Likely newspaper age training.','Craig','33.0','14.0','','False','True','Some enjoyment','In Person','Only a little','Once could station good student. Of indicate building.','Client','109','7','29','13');
INSERT INTO "Log__c" VALUES(102,'31.0','Only a little','2021-07-25','Next issue everything service. Mention resource tend child. Head president science share often century.','Brent','23.0','71.0','','False','False','Extreme amount of enjoyment','Virtual','Very much','Not dinner from case sort rise budget.','Facilitator','12','7','110','57');
INSERT INTO "Log__c" VALUES(103,'32.0','Rather much','2019-02-23','Miss word maybe suggest. Should smile trade for weight yes. Ground write however people.','Karen','9.0','100.0','','False','False','A little enjoyment','Virtual','Only a little','Because season power color modern training. Vote white tax performance election establish nice. Your action hope door identify home air environmental. Line treatment head its onto better contain.','Facilitator','84','7','111','86');
INSERT INTO "Log__c" VALUES(104,'13.0','Only a little','2015-12-28','Often check wait standard different need feel. Security push give guess no.','Brett','34.0','26.0','','False','False','No enjoyment','In Person','Very much','Phone arrive hotel billion shoulder somebody society. Fund guy network on provide decision plan. Miss interest peace rock account development.','Facilitator','14','7','8','111');
INSERT INTO "Log__c" VALUES(105,'87.0','Only a little','2019-05-29','Something fine close loss assume figure. Street small me share tax season. Upon boy vote anything eat together program image.','Stefanie','79.0','46.0','','True','False','A little enjoyment','Virtual','Not at all','Put development staff out guy drop white. Boy believe whom political speak recent. Care task learn along nice admit million. Although fall apply record case.','Client','14','7','59','5');
INSERT INTO "Log__c" VALUES(106,'73.0','To some extent','2019-04-28','Want whose possible finally example while section.','Marie','17.0','64.0','','False','True','A little enjoyment','Virtual','Not at all','Age most student close population message. Participant hit animal simple western protect. Assume bad order morning a month.','Facilitator','15','1','41','40');
INSERT INTO "Log__c" VALUES(107,'5.0','Only a little','2021-05-16','Beyond bank become child nature ahead. Lead power join ground mind kitchen music mother. Prevent home own seat able.','Jennifer','82.0','37.0','','True','False','No enjoyment','Virtual','Not at all','Foreign result identify knowledge produce manage full. Two career while easy believe feel. Shake eye image idea mother.','Facilitator','15','1','16','43');
INSERT INTO "Log__c" VALUES(108,'79.0','Only a little','2016-02-16','However check significant. Quickly work hundred music we environmental morning.','Hailey','95.0','28.0','','True','True','Some enjoyment','In Person','Rather much','What recent employee piece population despite.','Client','17','1','45','17');
INSERT INTO "Log__c" VALUES(109,'30.0','To some extent','2019-09-11','Memory that off window push media culture. Stay purpose street human with.','Carol','57.0','76.0','','True','False','No enjoyment','Virtual','Very much','Quality someone amount must four anyone.','Facilitator','17','1','16','41');
INSERT INTO "Log__c" VALUES(110,'8.0','Not at all','2016-07-25','Remain edge else animal base civil strong. Price continue eye reveal leave responsibility. Each avoid drug federal.','Melvin','61.0','74.0','','True','True','Extreme amount of enjoyment','Virtual','To some extent','Remain late smile. Policy time southern now around wait.','Facilitator','17','1','41','44');
INSERT INTO "Log__c" VALUES(111,'81.0','To some extent','2021-04-28','Lead box we staff politics give big gun. Right tell economy. Miss pass let up.','Gabriella','82.0','14.0','','True','False','No enjoyment','In Person','Rather much','Toward father their president better.','Facilitator','18','1','40','44');
INSERT INTO "Log__c" VALUES(112,'34.0','To some extent','2020-04-14','Beat conference need simply these traditional resource. Day during woman citizen campaign. Fine impact industry suffer.','Brendan','93.0','55.0','','False','True','Rather much enjoyment','Virtual','To some extent','Look get worker half capital very simple score. Door somebody build image nearly.','Facilitator','19','1','17','41');
INSERT INTO "Log__c" VALUES(113,'79.0','To some extent','2020-07-11','Wide reflect issue five community. Home now now easy during ever.','Robin','51.0','66.0','','True','False','A little enjoyment','Virtual','Not at all','Open various occur industry fast. Reflect mention would responsibility data beautiful girl.','Facilitator','20','1','19','20');
INSERT INTO "Log__c" VALUES(114,'8.0','Very much','2019-11-07','Wear light if short boy event. Party affect process democratic anyone.','Anthony','52.0','55.0','','True','True','Rather much enjoyment','Virtual','Only a little','Few most try middle. Dog agree laugh sort she actually decide community.','Facilitator','39','1','20','18');
INSERT INTO "Log__c" VALUES(115,'88.0','Not at all','2019-11-10','Position both edge save recognize. Gas line decade item magazine society dinner arrive.','Neil','50.0','51.0','','True','True','Some enjoyment','In Person','Only a little','Condition nature type any what indicate. Store three start investment any write.','Client','39','1','39','19');
INSERT INTO "Log__c" VALUES(116,'10.0','Only a little','2021-01-08','Lay away step soon happen customer. Grow nor opportunity bit.','Marissa','14.0','84.0','','True','False','No enjoyment','In Person','To some extent','Tonight he plan rule three language. Those rest away. Economy natural simple bit.','Facilitator','40','1','19','17');
INSERT INTO "Log__c" VALUES(117,'89.0','Not at all','2020-11-01','Because middle computer so trial respond fund. Task deep wall popular every game. Interest let price ahead opportunity success.','Jorge','93.0','38.0','','False','False','Extreme amount of enjoyment','In Person','To some extent','Where lead both time how. Stop not himself direction politics small. Enough economic pass collection everybody create employee challenge.','Facilitator','40','1','40','40');
INSERT INTO "Log__c" VALUES(118,'43.0','Only a little','2020-05-07','How less character parent plan.','Connor','14.0','20.0','','False','True','Extreme amount of enjoyment','Virtual','Not at all','Structure employee maybe table behind window. Allow break everyone hundred. Young run woman person develop. Foreign truth election hundred form.','Facilitator','41','1','41','15');
INSERT INTO "Log__c" VALUES(119,'47.0','Not at all','2017-08-24','Our wife bill need indeed health. History send also who you think.','Todd','14.0','28.0','','True','True','Rather much enjoyment','In Person','To some extent','Affect water service deep team. Either particular space six similar focus control. Start wall manage.','Facilitator','41','1','41','20');
INSERT INTO "Log__c" VALUES(120,'39.0','Only a little','2021-09-18','The very open huge fact main about. Trade cultural matter other.','Danielle','66.0','84.0','','True','True','Extreme amount of enjoyment','Virtual','Not at all','President happy the head effort. Tax camera food whose idea himself media already. Then before hospital success social.','Client','41','1','18','45');
INSERT INTO "Log__c" VALUES(121,'34.0','Very much','2021-07-26','Woman rise skill. Town pick end newspaper senior national reduce bill. Home plan position treatment unit late total.','Traci','6.0','61.0','','False','True','A little enjoyment','Virtual','Not at all','More travel who business dog. Front necessary protect during.','Facilitator','44','1','16','42');
INSERT INTO "Log__c" VALUES(122,'83.0','Rather much','2017-10-09','Or campaign around whether drug open. Low send hard value. Senior machine me wish.','Blake','36.0','30.0','','True','True','Rather much enjoyment','Virtual','Rather much','Probably region feeling us wife poor. Consider area quality picture take task.','Facilitator','44','1','20','45');
INSERT INTO "Log__c" VALUES(123,'70.0','Not at all','2015-11-04','Heavy quality media military way. Chair affect nice course end.','Brandy','39.0','41.0','','False','False','A little enjoyment','In Person','Not at all','Memory floor president score camera. Area camera human property oil alone.','Facilitator','45','1','16','16');
INSERT INTO "Log__c" VALUES(124,'72.0','Only a little','2015-10-05','Certainly price too response high other blue. To role fact new evening well reality.','Billy','54.0','53.0','','True','True','Rather much enjoyment','In Person','Not at all','Official too or raise big. Red research subject truth foot human answer. Experience section hundred life offer.','Client','45','1','19','18');
INSERT INTO "Log__c" VALUES(125,'66.0','To some extent','2015-10-22','Rather truth feel message carry.','Betty','22.0','71.0','','False','True','Rather much enjoyment','Virtual','Not at all','Statement against system federal inside. Data set trip should. Last reduce call parent buy soldier.','Client','75','6','93','96');
INSERT INTO "Log__c" VALUES(126,'67.0','Very much','2015-04-09','Assume right yourself situation five above analysis. Oil someone choice long building do. Visit feel population mention policy.','Zoe','1.0','86.0','','False','True','No enjoyment','In Person','Rather much','Record agency four wrong officer beyond kitchen. Get everyone deal hot campaign. Safe hair baby expect brother chance little.','Client','77','6','70','75');
INSERT INTO "Log__c" VALUES(127,'49.0','Only a little','2019-01-05','Writer purpose pick road experience who new. Myself life almost operation eat idea power. Necessary member woman.','Cristina','56.0','88.0','','False','True','Some enjoyment','In Person','Not at all','Wait candidate recent first fish million.','Facilitator','77','6','73','70');
INSERT INTO "Log__c" VALUES(128,'42.0','Rather much','2015-07-24','Whose pull area major lot source imagine.','Thomas','5.0','28.0','','True','False','Rather much enjoyment','Virtual','Only a little','Debate Mr treat customer. Responsibility bank read most last.','Client','78','6','74','73');
INSERT INTO "Log__c" VALUES(129,'82.0','To some extent','2017-05-04','Career south plant major. Financial tough how week buy history group. Bag together American indicate option.','David','13.0','90.0','','True','False','Extreme amount of enjoyment','Virtual','To some extent','Power reality entire close safe. Build gun language me throw.','Facilitator','89','6','73','89');
INSERT INTO "Log__c" VALUES(130,'6.0','Very much','2019-07-27','Town say trouble remember place significant project heavy. Choose build drop our green. Specific just feeling hand skill evening.','Vernon','92.0','30.0','','False','True','No enjoyment','In Person','To some extent','Stuff national lay range bad focus. Cut decide treatment. Policy even bill where quickly guy.','Client','90','6','76','96');
INSERT INTO "Log__c" VALUES(131,'10.0','To some extent','2020-04-15','Weight deal star raise above position safe paper. Quite vote hear then parent.','Carolyn','77.0','44.0','','True','True','Extreme amount of enjoyment','Virtual','Not at all','Interesting turn plant answer approach red find. Term huge nature education.','Facilitator','91','6','72','70');
INSERT INTO "Log__c" VALUES(132,'66.0','To some extent','2021-02-28','Model month program understand. Front result low goal past course. Hard together why campaign.','Cesar','21.0','48.0','','True','True','No enjoyment','Virtual','Very much','Through political cultural show simple describe word more. Sometimes skin personal term. Go color everybody matter under agency. Better radio for.','Facilitator','45','1','20','44');
INSERT INTO "Log__c" VALUES(133,'54.0','To some extent','2016-05-29','Watch debate wonder see hot. Piece a adult film plant military significant manage. Against open learn out old line.','Preston','18.0','23.0','','False','True','Rather much enjoyment','In Person','Only a little','Now box guy quality vote increase message. Or radio provide. Behind really energy mention difficult.','Facilitator','46','2','62','61');
INSERT INTO "Log__c" VALUES(134,'59.0','Rather much','2018-10-05','Technology serious method this action.','Alison','45.0','6.0','','False','True','No enjoyment','In Person','Rather much','Apply sure determine standard sport. You case side want.','Facilitator','47','2','64','82');
INSERT INTO "Log__c" VALUES(135,'8.0','To some extent','2015-04-24','Room government alone whether card. Free high often there central I.','Tracy','12.0','35.0','','True','True','No enjoyment','Virtual','Only a little','Usually short represent study it. Force here a friend relate miss order apply. Site million among yes follow very.','Facilitator','61','2','47','61');
INSERT INTO "Log__c" VALUES(136,'68.0','Rather much','2015-10-16','Pressure general right interview result. Physical growth but toward cover customer writer near. Wonder relate size wide field land fine.','Colton','95.0','77.0','','True','True','Rather much enjoyment','Virtual','Not at all','Ball guy movie religious effect around thus. Leg gun almost street page common move face. Shoulder race capital hair heavy recent.','Facilitator','61','2','69','61');
INSERT INTO "Log__c" VALUES(137,'82.0','Only a little','2018-06-24','Blood give he brother none. Another chance forward offer computer surface enjoy. Teacher leg hair mouth.','Derrick','55.0','6.0','','False','True','Extreme amount of enjoyment','Virtual','Only a little','Country tax level ever. Look since stage interest quite.','Client','61','2','80','82');
INSERT INTO "Log__c" VALUES(138,'39.0','Only a little','2017-11-19','Us PM around star kitchen foot. Can low country by too similar.','Kerri','78.0','4.0','','True','True','A little enjoyment','Virtual','Rather much','Million behavior nice son despite PM authority bed. With region nor whose force kid. First close outside simply where.','Client','63','2','79','47');
INSERT INTO "Log__c" VALUES(139,'85.0','Not at all','2021-09-17','Yourself purpose everybody assume owner. Ten PM music much career. Method of exist head executive hope also.','Hayden','91.0','64.0','','False','True','Rather much enjoyment','In Person','Only a little','Seat yes build. Glass democratic business expert more animal owner. Society loss sea crime.','Client','63','2','79','69');
INSERT INTO "Log__c" VALUES(140,'11.0','Only a little','2018-11-02','Prevent instead music leave home prevent entire. Always by character suddenly while carry value.','Lydia','37.0','41.0','','True','False','No enjoyment','Virtual','Rather much','Bring dream four stock. Health realize skill will whatever interest let no.','Facilitator','65','2','83','64');
CREATE TABLE "Log__c_rt_mapping" (
	record_type_id VARCHAR(18) NOT NULL, 
	developer_name VARCHAR(255), 
	PRIMARY KEY (record_type_id)
);
INSERT INTO "Log__c_rt_mapping" VALUES('0128A000002Z0oMQAS','Client');
INSERT INTO "Log__c_rt_mapping" VALUES('0128A000002Z0oNQAS','TeamFacilitator');
CREATE TABLE "ProgramAssignment__c" (
	id INTEGER NOT NULL, 
	"AssignedDate__c" VARCHAR(255), 
	"CompletionDate__c" VARCHAR(255), 
	"ExpectedCompletion__c" VARCHAR(255), 
	"Program__c" VARCHAR(255), 
	"Status__c" VARCHAR(255), 
	"Contact__c" VARCHAR(255), 
	PRIMARY KEY (id)
);
INSERT INTO "ProgramAssignment__c" VALUES(1,'2016-07-13','2017-05-12','2019-06-06','Volunteer','In progress','89');
INSERT INTO "ProgramAssignment__c" VALUES(2,'2018-12-05','2020-02-17','2020-02-03','Volunteer','Removed','60');
INSERT INTO "ProgramAssignment__c" VALUES(3,'2019-08-19','2020-10-10','2021-09-19','Client','Discontinued','40');
INSERT INTO "ProgramAssignment__c" VALUES(4,'2017-12-25','2020-05-03','2020-02-01','Sweet Snoopers Trainer','Discontinued','68');
INSERT INTO "ProgramAssignment__c" VALUES(5,'2017-02-14','2019-09-24','2017-06-18','Client','In progress','104');
INSERT INTO "ProgramAssignment__c" VALUES(6,'2021-07-26','2021-10-18','2021-08-13','Trainer','Discontinued','23');
INSERT INTO "ProgramAssignment__c" VALUES(7,'2015-01-04','2017-08-28','2018-04-09','Volunteer','Completed','38');
CREATE TABLE "PublicAccessTest__c" (
	id INTEGER NOT NULL, 
	"AssessorComments__c" VARCHAR(255), 
	"DateCompleted__c" VARCHAR(255), 
	"Location__c" VARCHAR(255), 
	"ReviewComments__c" VARCHAR(255), 
	"Status__c" VARCHAR(255), 
	"Type__c" VARCHAR(255), 
	"Assessor__c" VARCHAR(255), 
	"Client__c" VARCHAR(255), 
	"Dog__c" VARCHAR(255), 
	"Handler__c" VARCHAR(255), 
	PRIMARY KEY (id)
);
INSERT INTO "PublicAccessTest__c" VALUES(1,'Can realize full bad training number value. Become I fine three hear popular. Establish listen decide else likely until charge before.','2020-12-26','Virtual','Control decide hit successful use. Month service tend free party minute eat stage. Relate result allow responsibility.','Passed','Initial','30','7','7','5');
INSERT INTO "PublicAccessTest__c" VALUES(2,'Talk candidate thought majority nature claim garden fill. Take throughout benefit trouble. Door better second society among score tell. Focus arm would.','2021-05-14','Virtual','High generation nice minute section contain short movement.','Failed','Retest','90','74','6','90');
INSERT INTO "PublicAccessTest__c" VALUES(3,'Body defense me turn. Measure protect apply wish crime hand. Begin scientist site executive pretty president major.','2021-03-03','Virtual','Rich party soldier by between lose Republican. State able give site push memory.','Passed','Recertification','39','41','1','18');
INSERT INTO "PublicAccessTest__c" VALUES(4,'Fact share energy night control kid. Not each author social skill yourself. President hotel market from.','2020-11-17','Virtual','Third bank stuff show. Capital speech also seek fear important fact. Ten hotel pretty teach mention address.','Passed','Initial','67','66','2','61');
INSERT INTO "PublicAccessTest__c" VALUES(5,'Pm evening agency ready discover various.','2020-12-13','In Person','Parent plant she wear no cost agreement senior. Behind mission catch seem own theory science. Some important stock arm Congress moment measure. Line face various if power middle hour.','Provisionally Passed','Initial','3','99','3','101');
INSERT INTO "PublicAccessTest__c" VALUES(6,'Garden pretty not everybody nature actually. Still foreign stock talk set during cost. Beautiful guess feeling drug.','2021-01-15','In Person','West outside camera walk own. Away special significant parent fish rich.','Failed','Initial','9','25','4','22');
INSERT INTO "PublicAccessTest__c" VALUES(7,'Dinner keep know guy image member own. Involve street activity for should.','2021-06-24','Virtual','Myself ready us agree information.','Failed','Initial','37','51','5','34');
CREATE TABLE "npo02__Household__c" (
	id INTEGER NOT NULL, 
	"Name" VARCHAR(255), 
	"npo02__Addressee__c" VARCHAR(255), 
	"npo02__Always_Anonymous__c" VARCHAR(255), 
	"npo02__AverageAmount__c" VARCHAR(255), 
	"npo02__Best_Gift_Year_Total__c" VARCHAR(255), 
	"npo02__Best_Gift_Year__c" VARCHAR(255), 
	"npo02__FirstCloseDate__c" VARCHAR(255), 
	"npo02__Formal_Greeting__c" VARCHAR(255), 
	"npo02__HouseholdEmail__c" VARCHAR(255), 
	"npo02__HouseholdPhone__c" VARCHAR(255), 
	"npo02__Household_ID__c" VARCHAR(255), 
	"npo02__Informal_Greeting__c" VARCHAR(255), 
	"npo02__LargestAmount__c" VARCHAR(255), 
	"npo02__LastCloseDate__c" VARCHAR(255), 
	"npo02__LastMembershipAmount__c" VARCHAR(255), 
	"npo02__LastMembershipDate__c" VARCHAR(255), 
	"npo02__LastMembershipLevel__c" VARCHAR(255), 
	"npo02__LastMembershipOrigin__c" VARCHAR(255), 
	"npo02__LastOppAmount__c" VARCHAR(255), 
	"npo02__MailingCity__c" VARCHAR(255), 
	"npo02__MailingCountry__c" VARCHAR(255), 
	"npo02__MailingPostalCode__c" VARCHAR(255), 
	"npo02__MailingState__c" VARCHAR(255), 
	"npo02__MailingStreet__c" VARCHAR(255), 
	"npo02__MembershipEndDate__c" VARCHAR(255), 
	"npo02__MembershipJoinDate__c" VARCHAR(255), 
	"npo02__NumberOfClosedOpps__c" VARCHAR(255), 
	"npo02__NumberOfMembershipOpps__c" VARCHAR(255), 
	"npo02__OppAmount2YearsAgo__c" VARCHAR(255), 
	"npo02__OppAmountLastNDays__c" VARCHAR(255), 
	"npo02__OppAmountLastYear__c" VARCHAR(255), 
	"npo02__OppAmountThisYear__c" VARCHAR(255), 
	"npo02__OppsClosed2YearsAgo__c" VARCHAR(255), 
	"npo02__OppsClosedLastNDays__c" VARCHAR(255), 
	"npo02__OppsClosedLastYear__c" VARCHAR(255), 
	"npo02__OppsClosedThisYear__c" VARCHAR(255), 
	"npo02__SYSTEM_CUSTOM_NAMING__c" VARCHAR(255), 
	"npo02__SmallestAmount__c" VARCHAR(255), 
	"npo02__TotalMembershipOppAmount__c" VARCHAR(255), 
	"npo02__TotalOppAmount__c" VARCHAR(255), 
	"npsp__Number_of_Household_Members__c" VARCHAR(255), 
	PRIMARY KEY (id)
);
CREATE TABLE "npsp__Address__c" (
	id INTEGER NOT NULL, 
	"npsp__API_Response__c" VARCHAR(255), 
	"npsp__Address_Type__c" VARCHAR(255), 
	"npsp__Administrative_Area__c" VARCHAR(255), 
	"npsp__Ambiguous__c" VARCHAR(255), 
	"npsp__Congressional_District__c" VARCHAR(255), 
	"npsp__County_Name__c" VARCHAR(255), 
	"npsp__Default_Address__c" VARCHAR(255), 
	"npsp__Latest_End_Date__c" VARCHAR(255), 
	"npsp__Latest_Start_Date__c" VARCHAR(255), 
	"npsp__MailingCity__c" VARCHAR(255), 
	"npsp__MailingCountry__c" VARCHAR(255), 
	"npsp__MailingPostalCode__c" VARCHAR(255), 
	"npsp__MailingState__c" VARCHAR(255), 
	"npsp__MailingStreet2__c" VARCHAR(255), 
	"npsp__MailingStreet__c" VARCHAR(255), 
	"npsp__Pre_Verification_Address__c" VARCHAR(255), 
	"npsp__Seasonal_End_Day__c" VARCHAR(255), 
	"npsp__Seasonal_End_Month__c" VARCHAR(255), 
	"npsp__Seasonal_Start_Day__c" VARCHAR(255), 
	"npsp__Seasonal_Start_Month__c" VARCHAR(255), 
	"npsp__State_Lower_District__c" VARCHAR(255), 
	"npsp__State_Upper_District__c" VARCHAR(255), 
	"npsp__Verification_Status__c" VARCHAR(255), 
	"npsp__Verified__c" VARCHAR(255), 
	"npsp__Household_Account__c" VARCHAR(255), 
	PRIMARY KEY (id)
);
INSERT INTO "npsp__Address__c" VALUES(1,'','Home','','False','','','False','','','South Kendraton','','50599','Connecticut','','72482 Martin Locks Suite 846','','','','','','','','','False','55');
INSERT INTO "npsp__Address__c" VALUES(2,'','Home','','False','','','False','','','West Kariberg','','32484','Louisiana','','6228 Howe Groves Apt. 621','','','','','','','','','False','64');
INSERT INTO "npsp__Address__c" VALUES(3,'','Home','','False','','','False','','','Lake Laura','','89912','Utah','','3474 Townsend Meadow','','','','','','','','','False','15');
INSERT INTO "npsp__Address__c" VALUES(4,'','Home','','False','','','False','','','New Sheryl','','69415','West Virginia','','0548 Schroeder Orchard','','','','','','','','','False','20');
INSERT INTO "npsp__Address__c" VALUES(5,'','Home','','False','','','False','','','Warrenland','','27315','New Hampshire','','4280 Cathy Harbor Apt. 110','','','','','','','','','False','22');
INSERT INTO "npsp__Address__c" VALUES(6,'','Home','','False','','','False','','','Stacyview','','93056','Arizona','','6921 Chase Forge','','','','','','','','','False','24');
INSERT INTO "npsp__Address__c" VALUES(7,'','Home','','False','','','False','','','South Kerryhaven','','19492','New York','','4578 Melissa Stravenue Suite 249','','','','','','','','','False','26');
INSERT INTO "npsp__Address__c" VALUES(8,'','Home','','False','','','False','','','Lindseymouth','','37295','Louisiana','','439 Davenport Coves Suite 730','','','','','','','','','False','28');
INSERT INTO "npsp__Address__c" VALUES(9,'','Home','','False','','','False','','','Ortizfort','','46371','Virginia','','2818 Rachael Union Apt. 985','','','','','','','','','False','30');
INSERT INTO "npsp__Address__c" VALUES(10,'','Home','','False','','','False','','','South Karl','','20935','Alabama','','47581 Pierce Summit','','','','','','','','','False','33');
INSERT INTO "npsp__Address__c" VALUES(11,'','Home','','False','','','False','','','Bethtown','','64928','Texas','','39509 Moran Tunnel','','','','','','','','','False','66');
INSERT INTO "npsp__Address__c" VALUES(12,'','Home','','False','','','False','','','Dodsonshire','','23756','West Virginia','','1321 Cassidy Mountains Suite 244','','','','','','','','','False','35');
INSERT INTO "npsp__Address__c" VALUES(13,'','Home','','False','','','False','','','Dunnshire','','88507','South Carolina','','915 Maddox Lodge','','','','','','','','','False','40');
INSERT INTO "npsp__Address__c" VALUES(14,'','Home','','False','','','False','','','Jamesland','','16279','Texas','','8901 Alexander Hills','','','','','','','','','False','42');
INSERT INTO "npsp__Address__c" VALUES(15,'','Home','','False','','','False','','','West Darrenside','','06607','Kentucky','','756 Hood Flats Suite 892','','','','','','','','','False','44');
INSERT INTO "npsp__Address__c" VALUES(16,'','Home','','False','','','False','','','Sandyburgh','','96845','Connecticut','','426 Malik Trail Apt. 817','','','','','','','','','False','46');
INSERT INTO "npsp__Address__c" VALUES(17,'','Home','','False','','','False','','','Jasmineview','','52412','West Virginia','','73841 Sandoval Pike Suite 708','','','','','','','','','False','48');
INSERT INTO "npsp__Address__c" VALUES(18,'','Home','','False','','','False','','','Vanceshire','','59536','Indiana','','6653 Brandy Cliffs','','','','','','','','','False','50');
INSERT INTO "npsp__Address__c" VALUES(19,'','Home','','False','','','False','','','Port Virginiabury','','46764','Mississippi','','504 Haley Stravenue','','','','','','','','','False','53');
INSERT INTO "npsp__Address__c" VALUES(20,'','Home','','False','','','False','','','Andersenside','','61136','Pennsylvania','','20843 Lin Ways Apt. 241','','','','','','','','','False','68');
INSERT INTO "npsp__Address__c" VALUES(21,'','Home','','False','','','False','','','New Kathryn','','84918','Florida','','093 Glenn Grove Suite 377','','','','','','','','','False','70');
INSERT INTO "npsp__Address__c" VALUES(22,'','Home','','False','','','False','','','South Sonyaport','','02825','Pennsylvania','','307 Nicole Crest','','','','','','','','','False','73');
INSERT INTO "npsp__Address__c" VALUES(23,'','Home','','False','','','False','','','North Jerry','','43885','Oklahoma','','763 Perez Oval Apt. 407','','','','','','','','','False','75');
INSERT INTO "npsp__Address__c" VALUES(24,'','Home','','False','','','False','','','Cristianfort','','63964','Ohio','','7178 Jasmine Village Suite 689','','','','','','','','','False','80');
INSERT INTO "npsp__Address__c" VALUES(25,'','Home','','False','','','False','','','New Savannahburgh','','14525','Maryland','','32853 Ruiz Flats Suite 556','','','','','','','','','False','82');
INSERT INTO "npsp__Address__c" VALUES(26,'','Home','','False','','','False','','','New Allenborough','','73572','Idaho','','82589 Alexander Rest Apt. 245','','','','','','','','','False','84');
INSERT INTO "npsp__Address__c" VALUES(27,'','Home','','False','','','False','','','Mandymouth','','97051','New Mexico','','5951 Krueger Island Apt. 190','','','','','','','','','False','86');
INSERT INTO "npsp__Address__c" VALUES(28,'','Home','','False','','','False','','','Christon','','13297','Mississippi','','295 Weiss Court Apt. 371','','','','','','','','','False','88');
INSERT INTO "npsp__Address__c" VALUES(29,'','Home','','False','','','False','','','East Nicolasfurt','','62336','Florida','','571 Gregg Terrace','','','','','','','','','False','90');
INSERT INTO "npsp__Address__c" VALUES(30,'','Home','','False','','','False','','','New Alexa','','99039','Arkansas','','77347 Braun Lakes','','','','','','','','','False','93');
INSERT INTO "npsp__Address__c" VALUES(31,'','Home','','False','','','False','','','Ballmouth','','20595','North Carolina','','51729 Sandoval Fork Suite 250','','','','','','','','','False','95');
INSERT INTO "npsp__Address__c" VALUES(32,'','Home','','False','','','False','','','Lutztown','','36322','Utah','','0516 Carly Inlet Suite 263','','','','','','','','','False','100');
INSERT INTO "npsp__Address__c" VALUES(33,'','Home','','False','','','False','','','Port Autumnland','','23335','Alabama','','3910 Flynn Pine','','','','','','','','','False','102');
INSERT INTO "npsp__Address__c" VALUES(34,'','Home','','False','','','False','','','Cannontown','','98171','South Carolina','','21689 Jacob Wells','','','','','','','','','False','104');
INSERT INTO "npsp__Address__c" VALUES(35,'','Home','','False','','','False','','','Pennyborough','','26732','Utah','','61943 Dalton Garden Suite 222','','','','','','','','','False','106');
INSERT INTO "npsp__Address__c" VALUES(36,'','Home','','False','','','False','','','Tonyaville','','28864','Wyoming','','294 Raymond Islands','','','','','','','','','False','108');
INSERT INTO "npsp__Address__c" VALUES(37,'','Home','','False','','','False','','','South Janet','','78095','Maine','','946 Guzman Course Apt. 489','','','','','','','','','False','110');
INSERT INTO "npsp__Address__c" VALUES(38,'','Home','','False','','','False','','','Martinchester','','06848','Montana','','093 Dennis Parks','','','','','','','','','False','113');
INSERT INTO "npsp__Address__c" VALUES(39,'','Home','','False','','','False','','','Daltonburgh','','39511','Connecticut','','33971 Kim Glen Apt. 354','','','','','','','','','False','60');
INSERT INTO "npsp__Address__c" VALUES(40,'','Home','','False','','','False','','','Julianshire','','92474','New Jersey','','298 Natasha Ports Suite 170','','','','','','','','','False','115');
INSERT INTO "npsp__Address__c" VALUES(41,'','Home','','False','','','False','','','Carrollburgh','','82526','New Hampshire','','5616 Bartlett Heights Apt. 092','','','','','','','','','False','120');
INSERT INTO "npsp__Address__c" VALUES(42,'','Home','','False','','','False','','','Carrilloborough','','99241','Massachusetts','','45027 Jenna Passage','','','','','','','','','False','122');
INSERT INTO "npsp__Address__c" VALUES(43,'','Home','','False','','','False','','','West Normanport','','82477','Colorado','','3562 Griffin Causeway','','','','','','','','','False','124');
INSERT INTO "npsp__Address__c" VALUES(44,'','Home','','False','','','False','','','Lynntown','','69421','Washington','','353 Durham Stravenue','','','','','','','','','False','126');
INSERT INTO "npsp__Address__c" VALUES(45,'','Home','','False','','','False','','','South Breanna','','60730','Virginia','','3405 Deanna Drives','','','','','','','','','False','128');
INSERT INTO "npsp__Address__c" VALUES(46,'','Home','','False','','','False','','','North Jim','','72527','Kentucky','','121 Ross Hollow Apt. 784','','','','','','','','','False','130');
INSERT INTO "npsp__Address__c" VALUES(47,'','Home','','False','','','False','','','New Leslieside','','56305','New Mexico','','253 Pineda Greens Suite 437','','','','','','','','','False','133');
INSERT INTO "npsp__Address__c" VALUES(48,'','Home','','False','','','False','','','Susanhaven','','55825','Virginia','','1372 Christina Underpass','','','','','','','','','False','62');
INSERT INTO "npsp__Address__c" VALUES(49,'','Home','','False','','','False','','','Carolinehaven','','06571','Connecticut','','9437 Jane Falls','','','','','','','','','False','135');
INSERT INTO "npsp__Address__c" VALUES(50,'','Home','','False','','','False','','','Curryborough','','94838','Louisiana','','89041 Francis Fort Suite 299','','','','','','','','','False','140');
INSERT INTO "npsp__Address__c" VALUES(51,'','Home','','False','','','False','','','Juanberg','','66435','Texas','','0944 Darrell Mountain','','','','','','','','','False','2');
INSERT INTO "npsp__Address__c" VALUES(52,'','Home','','False','','','False','','','Cooleyville','','82148','New Hampshire','','7254 Bryan Cape','','','','','','','','','False','4');
INSERT INTO "npsp__Address__c" VALUES(53,'','Home','','False','','','False','','','Lake Sheliaview','','68892','South Carolina','','2168 Daniel Light','','','','','','','','','False','6');
INSERT INTO "npsp__Address__c" VALUES(54,'','Home','','False','','','False','','','West Sophiahaven','','78301','Connecticut','','0273 Maxwell Road Suite 158','','','','','','','','','False','8');
INSERT INTO "npsp__Address__c" VALUES(55,'','Home','','False','','','False','','','West Priscillaville','','97156','Delaware','','717 Nixon Mill Suite 134','','','','','','','','','False','10');
INSERT INTO "npsp__Address__c" VALUES(56,'','Home','','False','','','False','','','East Ginamouth','','42789','Alabama','','9503 Colleen Stream Apt. 532','','','','','','','','','False','13');
CREATE TABLE "npsp__Batch__c" (
	id INTEGER NOT NULL, 
	"Name" VARCHAR(255), 
	"npsp__Batch_Status__c" VARCHAR(255), 
	"npsp__Description__c" VARCHAR(255), 
	"npsp__Number_of_Items__c" VARCHAR(255), 
	"npsp__Object_Name__c" VARCHAR(255), 
	PRIMARY KEY (id)
);
COMMIT;
