BEGIN TRANSACTION;
CREATE TABLE "Account" (
	id INTEGER NOT NULL, 
	"Email__c" VARCHAR(255), 
	"Name" VARCHAR(255), 
	"RecordTypeId" VARCHAR(255), 
	"npe01__SYSTEMIsIndividual__c" VARCHAR(255), 
	"npe01__SYSTEM_AccountType__c" VARCHAR(255), 
	"npo02__AverageAmount__c" VARCHAR(255), 
	"npo02__Best_Gift_Year_Total__c" VARCHAR(255), 
	"npo02__Best_Gift_Year__c" VARCHAR(255), 
	"npo02__FirstCloseDate__c" VARCHAR(255), 
	"npo02__Formal_Greeting__c" VARCHAR(255), 
	"npo02__HouseholdPhone__c" VARCHAR(255), 
	"npo02__Informal_Greeting__c" VARCHAR(255), 
	"npo02__LargestAmount__c" VARCHAR(255), 
	"npo02__LastCloseDate__c" VARCHAR(255), 
	"npo02__LastMembershipAmount__c" VARCHAR(255), 
	"npo02__LastMembershipDate__c" VARCHAR(255), 
	"npo02__LastMembershipLevel__c" VARCHAR(255), 
	"npo02__LastMembershipOrigin__c" VARCHAR(255), 
	"npo02__LastOppAmount__c" VARCHAR(255), 
	"npo02__MembershipEndDate__c" VARCHAR(255), 
	"npo02__MembershipJoinDate__c" VARCHAR(255), 
	"npo02__NumberOfClosedOpps__c" VARCHAR(255), 
	"npo02__NumberOfMembershipOpps__c" VARCHAR(255), 
	"npo02__OppAmount2YearsAgo__c" VARCHAR(255), 
	"npo02__OppAmountLastNDays__c" VARCHAR(255), 
	"npo02__OppAmountLastYear__c" VARCHAR(255), 
	"npo02__OppAmountThisYear__c" VARCHAR(255), 
	"npo02__OppsClosed2YearsAgo__c" VARCHAR(255), 
	"npo02__OppsClosedLastNDays__c" VARCHAR(255), 
	"npo02__OppsClosedLastYear__c" VARCHAR(255), 
	"npo02__OppsClosedThisYear__c" VARCHAR(255), 
	"npo02__SYSTEM_CUSTOM_NAMING__c" VARCHAR(255), 
	"npo02__SmallestAmount__c" VARCHAR(255), 
	"npo02__TotalMembershipOppAmount__c" VARCHAR(255), 
	"npo02__TotalOppAmount__c" VARCHAR(255), 
	"npsp__Funding_Focus__c" VARCHAR(255), 
	"npsp__Grantmaker__c" VARCHAR(255), 
	"npsp__Matching_Gift_Administrator_Name__c" VARCHAR(255), 
	"npsp__Matching_Gift_Amount_Max__c" VARCHAR(255), 
	"npsp__Matching_Gift_Amount_Min__c" VARCHAR(255), 
	"npsp__Matching_Gift_Annual_Employee_Max__c" VARCHAR(255), 
	"npsp__Matching_Gift_Comments__c" VARCHAR(255), 
	"npsp__Matching_Gift_Company__c" VARCHAR(255), 
	"npsp__Matching_Gift_Email__c" VARCHAR(255), 
	"npsp__Matching_Gift_Info_Updated__c" VARCHAR(255), 
	"npsp__Matching_Gift_Percent__c" VARCHAR(255), 
	"npsp__Matching_Gift_Phone__c" VARCHAR(255), 
	"npsp__Matching_Gift_Request_Deadline__c" VARCHAR(255), 
	"npsp__Number_of_Household_Members__c" VARCHAR(255), 
	"ParentId" VARCHAR(255), 
	"npe01__One2OneContact__c" VARCHAR(255), 
	"npsp__Batch__c" VARCHAR(255), 
	PRIMARY KEY (id)
);
INSERT INTO "Account" VALUES(1,'','Kaiser, Dave and Sydney Household','01203000000KPHuAAO','True','Household Account','0.0','','','','Noah Kaiser, Andrade Dave and Hall Sydney','','Andrade and Hall','0.0','','0.0','','','','0.0','','','0.0','0.0','0.0','0.0','0.0','0.0','0.0','0.0','0.0','0.0','','0.0','0.0','0.0','','False','','','','','','False','','','','','','3.0','','97','');
INSERT INTO "Account" VALUES(2,'','Hickman Group','01203000000KPHvAAO','False','','0.0','','','','','','','0.0','','0.0','','','','0.0','','','0.0','0.0','0.0','0.0','0.0','0.0','0.0','0.0','0.0','0.0','','0.0','0.0','0.0','','False','','','','','','False','','','','','','','','','');
INSERT INTO "Account" VALUES(3,'','Taylor, Beasley, Tabitha and Shelly Household','01203000000KPHuAAO','True','Household Account','0.0','','','','Christy Taylor, Lisa Hall, Pitts Tabitha and Jarvis Shelly','','Kurt, Lisa, Pitts and Jarvis','0.0','','0.0','','','','0.0','','','0.0','0.0','0.0','0.0','0.0','0.0','0.0','0.0','0.0','0.0','','0.0','0.0','0.0','','False','','','','','','False','','','','','','5.0','','124','');
INSERT INTO "Account" VALUES(4,'','Robertson-Glass','01203000000KPHvAAO','False','','0.0','','','','','','','0.0','','0.0','','','','0.0','','','0.0','0.0','0.0','0.0','0.0','0.0','0.0','0.0','0.0','0.0','','0.0','0.0','0.0','','False','','','','','','False','','','','','','','','','');
INSERT INTO "Account" VALUES(5,'','Delacruz, Jenkins, Stacie and Yesenia Household','01203000000KPHuAAO','True','Household Account','0.0','','','','Leslie Delacruz, Tyrone Travis, Mckay Stacie and Golden Yesenia','','Tyrone, Chris, Mckay and Golden','0.0','','0.0','','','','0.0','','','0.0','0.0','0.0','0.0','0.0','0.0','0.0','0.0','0.0','0.0','','0.0','0.0','0.0','','False','','','','','','False','','','','','','5.0','','49','');
INSERT INTO "Account" VALUES(6,'','Edwards LLC','01203000000KPHvAAO','False','','0.0','','','','','','','0.0','','0.0','','','','0.0','','','0.0','0.0','0.0','0.0','0.0','0.0','0.0','0.0','0.0','0.0','','0.0','0.0','0.0','','False','','','','','','False','','','','','','','','','');
INSERT INTO "Account" VALUES(7,'','Monique and Beverly Household','01203000000KPHuAAO','True','Household Account','0.0','','','','Chase Weaver, Frederick Hammond, Monroe Monique and Hobbs Beverly','','Chase, Frederick, Monroe and Hobbs','0.0','','0.0','','','','0.0','','','0.0','0.0','0.0','0.0','0.0','0.0','0.0','0.0','0.0','0.0','','0.0','0.0','0.0','','False','','','','','','False','','','','','','4.0','','77','');
INSERT INTO "Account" VALUES(8,'','Barrett and Sons','01203000000KPHvAAO','False','','0.0','','','','','','','0.0','','0.0','','','','0.0','','','0.0','0.0','0.0','0.0','0.0','0.0','0.0','0.0','0.0','0.0','','0.0','0.0','0.0','','False','','','','','','False','','','','','','','','','');
INSERT INTO "Account" VALUES(9,'','The Household','01203000000KPHuAAO','True','Household Account','0.0','','','','','','','0.0','','0.0','','','','0.0','','','0.0','0.0','0.0','0.0','0.0','0.0','0.0','0.0','0.0','0.0','','0.0','0.0','0.0','','False','','','','','','False','','','','','','','','','');
INSERT INTO "Account" VALUES(10,'','Charles Ltd','01203000000KPHvAAO','False','','0.0','','','','','','','0.0','','0.0','','','','0.0','','','0.0','0.0','0.0','0.0','0.0','0.0','0.0','0.0','0.0','0.0','','0.0','0.0','0.0','','False','','','','','','False','','','','','','','','','');
INSERT INTO "Account" VALUES(11,'','Fry, Carly and Christian Household','01203000000KPHuAAO','True','Household Account','0.0','','','','Mosley Carly and Hurley Christian','','Lydia, Mosley and Hurley','0.0','','0.0','','','','0.0','','','0.0','0.0','0.0','0.0','0.0','0.0','0.0','0.0','0.0','0.0','','0.0','0.0','0.0','','False','','','','','','False','','','','','','3.0','','159','');
INSERT INTO "Account" VALUES(12,'','Morrow and Sons','01203000000KPHvAAO','False','','0.0','','','','','','','0.0','','0.0','','','','0.0','','','0.0','0.0','0.0','0.0','0.0','0.0','0.0','0.0','0.0','0.0','','0.0','0.0','0.0','','False','','','','','','False','','','','','','','','','');
INSERT INTO "Account" VALUES(13,'','Escobar PLC','01203000000KPHvAAO','False','','0.0','','','','','','','0.0','','0.0','','','','0.0','','','0.0','0.0','0.0','0.0','0.0','0.0','0.0','0.0','0.0','0.0','','0.0','0.0','0.0','','False','','','','','','False','','','','','','','','','');
INSERT INTO "Account" VALUES(14,'','Mills, Jill and Jesus Household','01203000000KPHuAAO','True','Household Account','0.0','','','','Bill Mills, Mathew Santiago, Coffey Jill and Dominguez Jesus','','Mathew, Coffey and Dominguez','0.0','','0.0','','','','0.0','','','0.0','0.0','0.0','0.0','0.0','0.0','0.0','0.0','0.0','0.0','','0.0','0.0','0.0','','False','','','','','','False','','','','','','4.0','','195','');
INSERT INTO "Account" VALUES(15,'','Walsh PLC','01203000000KPHvAAO','False','','0.0','','','','','','','0.0','','0.0','','','','0.0','','','0.0','0.0','0.0','0.0','0.0','0.0','0.0','0.0','0.0','0.0','','0.0','0.0','0.0','','False','','','','','','False','','','','','','','','','');
INSERT INTO "Account" VALUES(16,'','The Household','01203000000KPHuAAO','True','Household Account','0.0','','','','','','','0.0','','0.0','','','','0.0','','','0.0','0.0','0.0','0.0','0.0','0.0','0.0','0.0','0.0','0.0','','0.0','0.0','0.0','','False','','','','','','False','','','','','','','','','');
INSERT INTO "Account" VALUES(17,'','Gardner-Black','01203000000KPHvAAO','False','','0.0','','','','','','','0.0','','0.0','','','','0.0','','','0.0','0.0','0.0','0.0','0.0','0.0','0.0','0.0','0.0','0.0','','0.0','0.0','0.0','','False','','','','','','False','','','','','','','','','');
INSERT INTO "Account" VALUES(18,'','Chan, Townsend and Cochran','01203000000KPHuAAO','True','Household Account','0.0','','','','','','','0.0','','0.0','','','','0.0','','','0.0','0.0','0.0','0.0','0.0','0.0','0.0','0.0','0.0','0.0','','0.0','0.0','0.0','','False','','','','','','False','','','','','','','','','');
INSERT INTO "Account" VALUES(19,'','Stephens','01203000000KPHvAAO','False','','0.0','','','','','','','0.0','','0.0','','','','0.0','','','0.0','0.0','0.0','0.0','0.0','0.0','0.0','0.0','0.0','0.0','','0.0','0.0','0.0','','False','','','','','','False','','','','','','','','','');
INSERT INTO "Account" VALUES(20,'','Durham-Brown','01203000000KPHvAAO','False','Their why argue keep arrive. Bad him my woman play wife morning. Stay Democrat close window career.','0.0','54695.0','2016','2023-01-07','Argue herself wish such. Spend popular together receive remain.','661-313-6249','Table be mention season challenge fast job realize. Science reach listen situation voice.','0.0','2022-08-29','0.0','2022-04-12','Sound really light meet main right. Receive design want.','Front total foreign her. Hard from can child.','0.0','2022-12-21','2022-04-28','0.0','0.0','0.0','0.0','0.0','0.0','0.0','0.0','0.0','0.0','Name','0.0','0.0','0.0','Human Services','False','Dr. Arthur Lyons MD','34278.0','97945.0','46298.0','Note hard civil child traditional case who environment. Notice per whose. Wrong then science only.','False','howellhannah@example.net','2022-04-15','76.0','+1-507-563-5513x97064','Drop win always want. No article second interview free.','69667.0','','','');
INSERT INTO "Account" VALUES(21,'','Oconnell, Melody and Alexandra Household','01203000000KPHuAAO','True','Household Account','0.0','','','','Samantha Oconnell, Hammond Melody and Schneider Alexandra','','Hammond and Schneider','0.0','','0.0','','','','0.0','','','0.0','0.0','0.0','0.0','0.0','0.0','0.0','0.0','0.0','0.0','','0.0','0.0','0.0','','False','','','','','','False','','','','','','3.0','','96','');
INSERT INTO "Account" VALUES(22,'','Ingram, Gaines and Sanford','01203000000KPHvAAO','False','','0.0','','','','','','','0.0','','0.0','','','','0.0','','','0.0','0.0','0.0','0.0','0.0','0.0','0.0','0.0','0.0','0.0','','0.0','0.0','0.0','','False','','','','','','False','','','','','','','','','');
INSERT INTO "Account" VALUES(23,'','Joy and Monica Household','01203000000KPHuAAO','True','Household Account','0.0','','','','Sheri Mercer, Casey Joy and Robinson Monica','','Sheri, Casey and Robinson','0.0','','0.0','','','','0.0','','','0.0','0.0','0.0','0.0','0.0','0.0','0.0','0.0','0.0','0.0','','0.0','0.0','0.0','','False','','','','','','False','','','','','','3.0','','102','');
INSERT INTO "Account" VALUES(24,'','Collier, House and Crane','01203000000KPHvAAO','False','Lay tend peace. Discussion now morning arrive cell. Money trial growth hand project.','0.0','52178.0','1994','2022-03-29','Friend so mind real institution authority recently. Also heart threat arrive.','+1-553-691-9066x54451','Election put reach model mission herself.','0.0','2022-03-21','0.0','2022-03-07','Rest they significant thought for oil.','Management determine national open opportunity friend authority. Physical smile life discussion.','0.0','2023-01-04','2022-09-02','0.0','0.0','0.0','0.0','0.0','0.0','0.0','0.0','0.0','0.0','Informal_Greeting__c','0.0','0.0','0.0','Animal Welfare','False','Miss Caroline Daniel','36573.0','29345.0','2254.0','See enjoy media woman drive. Message tough job guy read.','False','maxperez@example.org','2022-09-25','80.0','+1-127-369-8449x1007','True spring enjoy stand. Nature politics sometimes perform.','45480.0','','','');
INSERT INTO "Account" VALUES(25,'','Colon-Martin','01203000000KPHvAAO','False','','0.0','','','','','','','0.0','','0.0','','','','0.0','','','0.0','0.0','0.0','0.0','0.0','0.0','0.0','0.0','0.0','0.0','','0.0','0.0','0.0','','False','','','','','','False','','','','','','','','','');
INSERT INTO "Account" VALUES(26,'','Golden, Autumn and Levi Household','01203000000KPHuAAO','True','Household Account','0.0','','','','Gerald Golden, Macias Autumn and Douglas Levi','','Macias and Douglas','0.0','','0.0','','','','0.0','','','0.0','0.0','0.0','0.0','0.0','0.0','0.0','0.0','0.0','0.0','','0.0','0.0','0.0','','False','','','','','','False','','','','','','3.0','','105','');
INSERT INTO "Account" VALUES(27,'','Cabrera-Bean','01203000000KPHvAAO','False','','0.0','','','','','','','0.0','','0.0','','','','0.0','','','0.0','0.0','0.0','0.0','0.0','0.0','0.0','0.0','0.0','0.0','','0.0','0.0','0.0','','False','','','','','','False','','','','','','','','','');
INSERT INTO "Account" VALUES(28,'','Austin, Hart, Alexis and Ashley Household','01203000000KPHuAAO','True','Household Account','0.0','','','','Karla Austin, Terri Beasley, Yoder Alexis and Lowery Ashley','','Kylie, Terri, Yoder and Lowery','0.0','','0.0','','','','0.0','','','0.0','0.0','0.0','0.0','0.0','0.0','0.0','0.0','0.0','0.0','','0.0','0.0','0.0','','False','','','','','','False','','','','','','5.0','','110','');
INSERT INTO "Account" VALUES(29,'','Sample Account for Entitlements','','False','','','','','','','','','','','','','','','','','','','','','','','','','','','','','','','','','False','','','','','','False','','','','','','','','','');
INSERT INTO "Account" VALUES(30,'','Goodwin-Pena','01203000000KPHvAAO','False','','0.0','','','','','','','0.0','','0.0','','','','0.0','','','0.0','0.0','0.0','0.0','0.0','0.0','0.0','0.0','0.0','0.0','','0.0','0.0','0.0','','False','','','','','','False','','','','','','','','','');
INSERT INTO "Account" VALUES(31,'','The Household','01203000000KPHuAAO','True','Household Account','0.0','','','','','','','0.0','','0.0','','','','0.0','','','0.0','0.0','0.0','0.0','0.0','0.0','0.0','0.0','0.0','0.0','','0.0','0.0','0.0','','False','','','','','','False','','','','','','','','','');
INSERT INTO "Account" VALUES(32,'','Eaton-Lara','01203000000KPHvAAO','False','','0.0','','','','','','','0.0','','0.0','','','','0.0','','','0.0','0.0','0.0','0.0','0.0','0.0','0.0','0.0','0.0','0.0','','0.0','0.0','0.0','','False','','','','','','False','','','','','','','','','');
INSERT INTO "Account" VALUES(33,'','Robinson, Scott, Carson, Sarah and Johnathan Household','01203000000KPHuAAO','True','Household Account','0.0','','','','Gallagher Sarah and Bauer Johnathan','','Bonnie, Julie, Keith, Gallagher and Bauer','0.0','','0.0','','','','0.0','','','0.0','0.0','0.0','0.0','0.0','0.0','0.0','0.0','0.0','0.0','','0.0','0.0','0.0','','False','','','','','','False','','','','','','5.0','','115','');
INSERT INTO "Account" VALUES(34,'','Simpson, Cuevas and Ramirez','01203000000KPHvAAO','False','','0.0','','','','','','','0.0','','0.0','','','','0.0','','','0.0','0.0','0.0','0.0','0.0','0.0','0.0','0.0','0.0','0.0','','0.0','0.0','0.0','','False','','','','','','False','','','','','','','','','');
INSERT INTO "Account" VALUES(35,'','Barber-Vega','01203000000KPHvAAO','False','','0.0','','','','','','','0.0','','0.0','','','','0.0','','','0.0','0.0','0.0','0.0','0.0','0.0','0.0','0.0','0.0','0.0','','0.0','0.0','0.0','','False','','','','','','False','','','','','','','','','');
INSERT INTO "Account" VALUES(36,'','Farrell-Frazier','01203000000KPHvAAO','False','','0.0','','','','','','','0.0','','0.0','','','','0.0','','','0.0','0.0','0.0','0.0','0.0','0.0','0.0','0.0','0.0','0.0','','0.0','0.0','0.0','','False','','','','','','False','','','','','','','','','');
INSERT INTO "Account" VALUES(37,'','Shepherd, House and Barnett','01203000000KPHuAAO','True','Household Account','0.0','','','','','','','0.0','','0.0','','','','0.0','','','0.0','0.0','0.0','0.0','0.0','0.0','0.0','0.0','0.0','0.0','','0.0','0.0','0.0','','False','','','','','','False','','','','','','','','','');
INSERT INTO "Account" VALUES(38,'','Massey','01203000000KPHvAAO','False','','0.0','','','','','','','0.0','','0.0','','','','0.0','','','0.0','0.0','0.0','0.0','0.0','0.0','0.0','0.0','0.0','0.0','','0.0','0.0','0.0','','False','','','','','','False','','','','','','','','','');
INSERT INTO "Account" VALUES(39,'','Osborn, Humphrey and Blanchard','01203000000KPHvAAO','False','Billion support strategy feel sense room. Same blood talk four.','0.0','89346.0','1997','2022-04-15','No charge card. Consider bring under color foot. This cause article but air opportunity where.','557.959.6219x335','Down score series yeah PM. Affect report everybody another.','0.0','2022-11-27','0.0','2023-02-08','Offer including degree doctor song public support. Compare least minute no speak structure.','Real shake investment. Not computer kind real project. Conference major prove you perform product.','0.0','2022-05-21','2022-04-08','0.0','0.0','0.0','0.0','0.0','0.0','0.0','0.0','0.0','0.0','Formal_Greeting__c','0.0','0.0','0.0','Environmental','False','Melody Spears MD','96486.0','70840.0','93964.0','Play and other eat. Us simple door should.','False','hoodalex@example.com','2022-06-15','85.0','768.386.3315x40838','Doctor name miss personal. Challenge rest couple unit beautiful.','57152.0','','','');
INSERT INTO "Account" VALUES(40,'','Bowers, Carol and Paula Household','01203000000KPHuAAO','True','Household Account','0.0','','','','Ebony Bowers, Murillo Carol and Jackson Paula','','Murillo and Jackson','0.0','','0.0','','','','0.0','','','0.0','0.0','0.0','0.0','0.0','0.0','0.0','0.0','0.0','0.0','','0.0','0.0','0.0','','False','','','','','','False','','','','','','3.0','','119','');
INSERT INTO "Account" VALUES(41,'','Crane-Odonnell','01203000000KPHvAAO','False','','0.0','','','','','','','0.0','','0.0','','','','0.0','','','0.0','0.0','0.0','0.0','0.0','0.0','0.0','0.0','0.0','0.0','','0.0','0.0','0.0','','False','','','','','','False','','','','','','','','','');
INSERT INTO "Account" VALUES(42,'','Beverly and Kristopher Household','01203000000KPHuAAO','True','Household Account','0.0','','','','Rodney Travis, Pham Beverly and Gregory Kristopher','','Rodney, Pham and Gregory','0.0','','0.0','','','','0.0','','','0.0','0.0','0.0','0.0','0.0','0.0','0.0','0.0','0.0','0.0','','0.0','0.0','0.0','','False','','','','','','False','','','','','','3.0','','127','');
INSERT INTO "Account" VALUES(43,'','Harris, Austin and Petty','01203000000KPHvAAO','False','','0.0','','','','','','','0.0','','0.0','','','','0.0','','','0.0','0.0','0.0','0.0','0.0','0.0','0.0','0.0','0.0','0.0','','0.0','0.0','0.0','','False','','','','','','False','','','','','','','','','');
INSERT INTO "Account" VALUES(44,'','Sarah and Joyce Household','01203000000KPHuAAO','True','Household Account','0.0','','','','Gabriela Bauer, Valerie Hayden, Kristie Zhang, Mcdowell Sarah and Combs Joyce','','Gabriela, Valerie, Kristie, Mcdowell and Combs','0.0','','0.0','','','','0.0','','','0.0','0.0','0.0','0.0','0.0','0.0','0.0','0.0','0.0','0.0','','0.0','0.0','0.0','','False','','','','','','False','','','','','','5.0','','24','');
INSERT INTO "Account" VALUES(45,'','Simpson-Maxwell','01203000000KPHvAAO','False','','0.0','','','','','','','0.0','','0.0','','','','0.0','','','0.0','0.0','0.0','0.0','0.0','0.0','0.0','0.0','0.0','0.0','','0.0','0.0','0.0','','False','','','','','','False','','','','','','','','','');
INSERT INTO "Account" VALUES(46,'','Brock, Neil and Henry Household','01203000000KPHuAAO','True','Household Account','0.0','','','','Megan Brock, Omar Bauer, Robert Jones, Mcgrath Neil and Riley Henry','','Omar, Robert, Mcgrath and Riley','0.0','','0.0','','','','0.0','','','0.0','0.0','0.0','0.0','0.0','0.0','0.0','0.0','0.0','0.0','','0.0','0.0','0.0','','False','','','','','','False','','','','','','5.0','','32','');
INSERT INTO "Account" VALUES(47,'','Frederick Inc','01203000000KPHvAAO','False','','0.0','','','','','','','0.0','','0.0','','','','0.0','','','0.0','0.0','0.0','0.0','0.0','0.0','0.0','0.0','0.0','0.0','','0.0','0.0','0.0','','False','','','','','','False','','','','','','','','','');
INSERT INTO "Account" VALUES(48,'','The Household','01203000000KPHuAAO','True','Household Account','0.0','','','','','','','0.0','','0.0','','','','0.0','','','0.0','0.0','0.0','0.0','0.0','0.0','0.0','0.0','0.0','0.0','','0.0','0.0','0.0','','False','','','','','','False','','','','','','','','','');
INSERT INTO "Account" VALUES(49,'','Burke-Ali','01203000000KPHvAAO','False','','0.0','','','','','','','0.0','','0.0','','','','0.0','','','0.0','0.0','0.0','0.0','0.0','0.0','0.0','0.0','0.0','0.0','','0.0','0.0','0.0','','False','','','','','','False','','','','','','','','','');
INSERT INTO "Account" VALUES(50,'','White, Taylor, Bernard and Melinda Household','01203000000KPHuAAO','True','Household Account','0.0','','','','Rowland Bernard and Simmons Melinda','','Drew, Darlene, Rowland and Simmons','0.0','','0.0','','','','0.0','','','0.0','0.0','0.0','0.0','0.0','0.0','0.0','0.0','0.0','0.0','','0.0','0.0','0.0','','False','','','','','','False','','','','','','4.0','','35','');
INSERT INTO "Account" VALUES(51,'','Krueger-Carney','01203000000KPHvAAO','False','','0.0','','','','','','','0.0','','0.0','','','','0.0','','','0.0','0.0','0.0','0.0','0.0','0.0','0.0','0.0','0.0','0.0','','0.0','0.0','0.0','','False','','','','','','False','','','','','','','','','');
INSERT INTO "Account" VALUES(52,'','Atkinson-Flowers','01203000000KPHvAAO','False','','0.0','','','','','','','0.0','','0.0','','','','0.0','','','0.0','0.0','0.0','0.0','0.0','0.0','0.0','0.0','0.0','0.0','','0.0','0.0','0.0','','False','','','','','','False','','','','','','','','','');
INSERT INTO "Account" VALUES(53,'','Brittney and Marilyn Household','01203000000KPHuAAO','True','Household Account','0.0','','','','Victoria White, Bridget Forbes, Joshua Holden, Raymond Brittney and Baird Marilyn','','Victoria, Bridget, Joshua, Raymond and Baird','0.0','','0.0','','','','0.0','','','0.0','0.0','0.0','0.0','0.0','0.0','0.0','0.0','0.0','0.0','','0.0','0.0','0.0','','False','','','','','','False','','','','','','5.0','','42','');
INSERT INTO "Account" VALUES(54,'','Kirk, Vasquez and Chan','01203000000KPHvAAO','False','','0.0','','','','','','','0.0','','0.0','','','','0.0','','','0.0','0.0','0.0','0.0','0.0','0.0','0.0','0.0','0.0','0.0','','0.0','0.0','0.0','','False','','','','','','False','','','','','','','','','');
INSERT INTO "Account" VALUES(55,'','Todd','01203000000KPHvAAO','False','','0.0','','','','','','','0.0','','0.0','','','','0.0','','','0.0','0.0','0.0','0.0','0.0','0.0','0.0','0.0','0.0','0.0','','0.0','0.0','0.0','','False','','','','','','False','','','','','','','','','');
INSERT INTO "Account" VALUES(56,'','The Household','01203000000KPHuAAO','True','Household Account','0.0','','','','','','','0.0','','0.0','','','','0.0','','','0.0','0.0','0.0','0.0','0.0','0.0','0.0','0.0','0.0','0.0','','0.0','0.0','0.0','','False','','','','','','False','','','','','','','','','');
INSERT INTO "Account" VALUES(57,'','Mcintyre Group','01203000000KPHvAAO','False','','0.0','','','','','','','0.0','','0.0','','','','0.0','','','0.0','0.0','0.0','0.0','0.0','0.0','0.0','0.0','0.0','0.0','','0.0','0.0','0.0','','False','','','','','','False','','','','','','','','','');
INSERT INTO "Account" VALUES(58,'','Trujillo, Cameron and Daniel','01203000000KPHuAAO','True','Household Account','0.0','','','','','','','0.0','','0.0','','','','0.0','','','0.0','0.0','0.0','0.0','0.0','0.0','0.0','0.0','0.0','0.0','','0.0','0.0','0.0','','False','','','','','','False','','','','','','','','','');
INSERT INTO "Account" VALUES(59,'','Obrien-Davidson','01203000000KPHvAAO','False','Particularly page main goal. Moment almost debate. Value cold compare quite these.','0.0','61150.0','1984','2022-08-23','Entire officer series hair kitchen. Cup law again law.','040-425-2820x856','Deal probably mean somebody bank forget. Plan sport cultural national.','0.0','2023-01-04','0.0','2023-01-29','Up away product. Article true situation truth effect create north.','Question thank kid husband reduce. Center however quite room model.','0.0','2022-10-06','2022-09-11','0.0','0.0','0.0','0.0','0.0','0.0','0.0','0.0','0.0','0.0','Formal_Greeting__c','0.0','0.0','0.0','Environmental','False','Dr. Maurice Booth MD','27716.0','95541.0','90437.0','Cold difference character become. Party interview hand.','False','anthonyabbott@example.com','2022-06-02','52.0','300-422-7397x315','Final organization we too maybe. Good different analysis unit himself hundred.','39536.0','','','');
INSERT INTO "Account" VALUES(60,'','Harmon, Chapman, Rollins, Marvin and Antonio Household','01203000000KPHuAAO','True','Household Account','0.0','','','','Terrance Harmon, Randy Chapman, Foley Marvin and Shields Antonio','','Rodney, Foley and Shields','0.0','','0.0','','','','0.0','','','0.0','0.0','0.0','0.0','0.0','0.0','0.0','0.0','0.0','0.0','','0.0','0.0','0.0','','False','','','','','','False','','','','','','5.0','','46','');
INSERT INTO "Account" VALUES(61,'','Bowen-Moreno','01203000000KPHvAAO','False','','0.0','','','','','','','0.0','','0.0','','','','0.0','','','0.0','0.0','0.0','0.0','0.0','0.0','0.0','0.0','0.0','0.0','','0.0','0.0','0.0','','False','','','','','','False','','','','','','','','','');
INSERT INTO "Account" VALUES(62,'','Schmidt, Chase and Bob Household','01203000000KPHuAAO','True','Household Account','0.0','','','','Dale Schmidt, Tami Ayers, Mccoy Chase and Luna Bob','','Tami, Mccoy and Luna','0.0','','0.0','','','','0.0','','','0.0','0.0','0.0','0.0','0.0','0.0','0.0','0.0','0.0','0.0','','0.0','0.0','0.0','','False','','','','','','False','','','','','','4.0','','55','');
INSERT INTO "Account" VALUES(63,'','Joseph PLC','01203000000KPHvAAO','False','','0.0','','','','','','','0.0','','0.0','','','','0.0','','','0.0','0.0','0.0','0.0','0.0','0.0','0.0','0.0','0.0','0.0','','0.0','0.0','0.0','','False','','','','','','False','','','','','','','','','');
INSERT INTO "Account" VALUES(64,'','Copeland, Angela and Tracie Household','01203000000KPHuAAO','True','Household Account','0.0','','','','Jake Reese, Clayton Angela and Martinez Tracie','','Sierra, Jake, Clayton and Martinez','0.0','','0.0','','','','0.0','','','0.0','0.0','0.0','0.0','0.0','0.0','0.0','0.0','0.0','0.0','','0.0','0.0','0.0','','False','','','','','','False','','','','','','4.0','','59','');
INSERT INTO "Account" VALUES(65,'','Powers PLC','01203000000KPHvAAO','False','','0.0','','','','','','','0.0','','0.0','','','','0.0','','','0.0','0.0','0.0','0.0','0.0','0.0','0.0','0.0','0.0','0.0','','0.0','0.0','0.0','','False','','','','','','False','','','','','','','','','');
INSERT INTO "Account" VALUES(66,'','Samantha and Renee Household','01203000000KPHuAAO','True','Household Account','0.0','','','','Carly Booker, Acevedo Samantha and Ayers Renee','','Carly, Acevedo and Ayers','0.0','','0.0','','','','0.0','','','0.0','0.0','0.0','0.0','0.0','0.0','0.0','0.0','0.0','0.0','','0.0','0.0','0.0','','False','','','','','','False','','','','','','3.0','','61','');
INSERT INTO "Account" VALUES(67,'','Waters-Watkins','01203000000KPHvAAO','False','','0.0','','','','','','','0.0','','0.0','','','','0.0','','','0.0','0.0','0.0','0.0','0.0','0.0','0.0','0.0','0.0','0.0','','0.0','0.0','0.0','','False','','','','','','False','','','','','','','','','');
INSERT INTO "Account" VALUES(68,'','Baxter, Rick and Barry Household','01203000000KPHuAAO','True','Household Account','0.0','','','','Jon Baxter, Sean Reeves, Elaine Gay, Patrick Rick and Torres Barry','','Sean, Elaine, Patrick and Torres','0.0','','0.0','','','','0.0','','','0.0','0.0','0.0','0.0','0.0','0.0','0.0','0.0','0.0','0.0','','0.0','0.0','0.0','','False','','','','','','False','','','','','','5.0','','68','');
INSERT INTO "Account" VALUES(69,'','The Household','01203000000KPHuAAO','True','Household Account','0.0','','','','','','','0.0','','0.0','','','','0.0','','','0.0','0.0','0.0','0.0','0.0','0.0','0.0','0.0','0.0','0.0','','0.0','0.0','0.0','','False','','','','','','False','','','','','','','','','');
INSERT INTO "Account" VALUES(70,'','Berg Group','01203000000KPHvAAO','False','','0.0','','','','','','','0.0','','0.0','','','','0.0','','','0.0','0.0','0.0','0.0','0.0','0.0','0.0','0.0','0.0','0.0','','0.0','0.0','0.0','','False','','','','','','False','','','','','','','','','');
INSERT INTO "Account" VALUES(71,'','Christensen Group','01203000000KPHvAAO','False','','0.0','','','','','','','0.0','','0.0','','','','0.0','','','0.0','0.0','0.0','0.0','0.0','0.0','0.0','0.0','0.0','0.0','','0.0','0.0','0.0','','False','','','','','','False','','','','','','','','','');
INSERT INTO "Account" VALUES(72,'','Cameron, Guerrero and Owen','01203000000KPHvAAO','False','','0.0','','','','','','','0.0','','0.0','','','','0.0','','','0.0','0.0','0.0','0.0','0.0','0.0','0.0','0.0','0.0','0.0','','0.0','0.0','0.0','','False','','','','','','False','','','','','','','','','');
INSERT INTO "Account" VALUES(73,'','Everett, Mccormick, Andre and Kathleen Household','01203000000KPHuAAO','True','Household Account','0.0','','','','Yvonne Mccormick, Pope Andre and West Kathleen','','Jermaine, Pope and West','0.0','','0.0','','','','0.0','','','0.0','0.0','0.0','0.0','0.0','0.0','0.0','0.0','0.0','0.0','','0.0','0.0','0.0','','False','','','','','','False','','','','','','4.0','','67','');
INSERT INTO "Account" VALUES(74,'','Sutton LLC','01203000000KPHvAAO','False','','0.0','','','','','','','0.0','','0.0','','','','0.0','','','0.0','0.0','0.0','0.0','0.0','0.0','0.0','0.0','0.0','0.0','','0.0','0.0','0.0','','False','','','','','','False','','','','','','','','','');
INSERT INTO "Account" VALUES(75,'','The Household','01203000000KPHuAAO','True','Household Account','0.0','','','','','','','0.0','','0.0','','','','0.0','','','0.0','0.0','0.0','0.0','0.0','0.0','0.0','0.0','0.0','0.0','','0.0','0.0','0.0','','False','','','','','','False','','','','','','','','','');
INSERT INTO "Account" VALUES(76,'','Mckay LLC','01203000000KPHvAAO','False','','0.0','','','','','','','0.0','','0.0','','','','0.0','','','0.0','0.0','0.0','0.0','0.0','0.0','0.0','0.0','0.0','0.0','','0.0','0.0','0.0','','False','','','','','','False','','','','','','','','','');
INSERT INTO "Account" VALUES(77,'','Delacruz-Gonzalez','01203000000KPHuAAO','True','Household Account','0.0','','','','','','','0.0','','0.0','','','','0.0','','','0.0','0.0','0.0','0.0','0.0','0.0','0.0','0.0','0.0','0.0','','0.0','0.0','0.0','','False','','','','','','False','','','','','','','','','');
INSERT INTO "Account" VALUES(78,'','Hines','01203000000KPHvAAO','False','','0.0','','','','','','','0.0','','0.0','','','','0.0','','','0.0','0.0','0.0','0.0','0.0','0.0','0.0','0.0','0.0','0.0','','0.0','0.0','0.0','','False','','','','','','False','','','','','','','','','');
INSERT INTO "Account" VALUES(79,'','The Household','01203000000KPHuAAO','True','Household Account','0.0','','','','','','','0.0','','0.0','','','','0.0','','','0.0','0.0','0.0','0.0','0.0','0.0','0.0','0.0','0.0','0.0','','0.0','0.0','0.0','','False','','','','','','False','','','','','','','','','');
INSERT INTO "Account" VALUES(80,'','Rios, Kaitlin and Wayne Household','01203000000KPHuAAO','True','Household Account','0.0','','','','Barr Kaitlin and Lawrence Wayne','','Nicholas, Barr and Lawrence','0.0','','0.0','','','','0.0','','','0.0','0.0','0.0','0.0','0.0','0.0','0.0','0.0','0.0','0.0','','0.0','0.0','0.0','','False','','','','','','False','','','','','','3.0','','75','');
INSERT INTO "Account" VALUES(81,'','Cruz, Hardin and Cox','01203000000KPHvAAO','False','','0.0','','','','','','','0.0','','0.0','','','','0.0','','','0.0','0.0','0.0','0.0','0.0','0.0','0.0','0.0','0.0','0.0','','0.0','0.0','0.0','','False','','','','','','False','','','','','','','','','');
INSERT INTO "Account" VALUES(82,'','The Household','01203000000KPHuAAO','True','Household Account','0.0','','','','','','','0.0','','0.0','','','','0.0','','','0.0','0.0','0.0','0.0','0.0','0.0','0.0','0.0','0.0','0.0','','0.0','0.0','0.0','','False','','','','','','False','','','','','','','','','');
INSERT INTO "Account" VALUES(83,'','Hall, Hoffman and Farley','01203000000KPHvAAO','False','','0.0','','','','','','','0.0','','0.0','','','','0.0','','','0.0','0.0','0.0','0.0','0.0','0.0','0.0','0.0','0.0','0.0','','0.0','0.0','0.0','','False','','','','','','False','','','','','','','','','');
INSERT INTO "Account" VALUES(84,'','Watkins Inc','01203000000KPHuAAO','True','Household Account','0.0','','','','','','','0.0','','0.0','','','','0.0','','','0.0','0.0','0.0','0.0','0.0','0.0','0.0','0.0','0.0','0.0','','0.0','0.0','0.0','','False','','','','','','False','','','','','','','','','');
INSERT INTO "Account" VALUES(85,'','Sweeney','01203000000KPHvAAO','False','','0.0','','','','','','','0.0','','0.0','','','','0.0','','','0.0','0.0','0.0','0.0','0.0','0.0','0.0','0.0','0.0','0.0','','0.0','0.0','0.0','','False','','','','','','False','','','','','','','','','');
INSERT INTO "Account" VALUES(86,'','Bradford, Blankenship and Whitney','01203000000KPHvAAO','False','No fill defense. Adult wear executive. Safe nothing together clearly voice.','0.0','65601.0','2022','2022-04-25','Write story other design probably chair. Operation accept system year final check.','001-626-529-1224x75604','Environment one realize whether with sometimes food. Structure how present although.','0.0','2022-08-31','0.0','2022-05-30','Receive director number per.','Sort enough offer base since far much. Industry put always realize.','0.0','2022-08-28','2023-02-20','0.0','0.0','0.0','0.0','0.0','0.0','0.0','0.0','0.0','0.0','Name','0.0','0.0','0.0','Capacity Building','False','Ms. Alisha Morse PhD','88083.0','24258.0','69920.0','Source challenge memory follow scene positive him.','False','ntanner@example.org','2022-06-07','47.0','0569312346','By deal past then. Few line people mother sign teacher page.','28968.0','','','');
INSERT INTO "Account" VALUES(87,'','Cain, Trujillo, Mccormick, Lee and Jackie Household','01203000000KPHuAAO','True','Household Account','0.0','','','','Kara Trujillo, Lopez Lee and Sanford Jackie','','Vicki, Kayla, Lopez and Sanford','0.0','','0.0','','','','0.0','','','0.0','0.0','0.0','0.0','0.0','0.0','0.0','0.0','0.0','0.0','','0.0','0.0','0.0','','False','','','','','','False','','','','','','5.0','','81','');
INSERT INTO "Account" VALUES(88,'','Mckinney Inc','01203000000KPHvAAO','False','','0.0','','','','','','','0.0','','0.0','','','','0.0','','','0.0','0.0','0.0','0.0','0.0','0.0','0.0','0.0','0.0','0.0','','0.0','0.0','0.0','','False','','','','','','False','','','','','','','','','');
INSERT INTO "Account" VALUES(89,'','Mcgrath, Glenn and Terrance Household','01203000000KPHuAAO','True','Household Account','0.0','','','','Gamble Glenn and Murillo Terrance','','Tim, Gamble and Murillo','0.0','','0.0','','','','0.0','','','0.0','0.0','0.0','0.0','0.0','0.0','0.0','0.0','0.0','0.0','','0.0','0.0','0.0','','False','','','','','','False','','','','','','3.0','','87','');
INSERT INTO "Account" VALUES(90,'','Kidd, Dickerson and Friedman','01203000000KPHvAAO','False','','0.0','','','','','','','0.0','','0.0','','','','0.0','','','0.0','0.0','0.0','0.0','0.0','0.0','0.0','0.0','0.0','0.0','','0.0','0.0','0.0','','False','','','','','','False','','','','','','','','','');
INSERT INTO "Account" VALUES(91,'','Caleb and Karen Household','01203000000KPHuAAO','True','Household Account','0.0','','','','Oscar Cuevas, Torres Caleb and Jarvis Karen','','Oscar, Torres and Jarvis','0.0','','0.0','','','','0.0','','','0.0','0.0','0.0','0.0','0.0','0.0','0.0','0.0','0.0','0.0','','0.0','0.0','0.0','','False','','','','','','False','','','','','','3.0','','90','');
INSERT INTO "Account" VALUES(92,'','Orozco, Cooper and Mercer','01203000000KPHvAAO','False','','0.0','','','','','','','0.0','','0.0','','','','0.0','','','0.0','0.0','0.0','0.0','0.0','0.0','0.0','0.0','0.0','0.0','','0.0','0.0','0.0','','False','','','','','','False','','','','','','','','','');
INSERT INTO "Account" VALUES(93,'','Sydney and Raven Household','01203000000KPHuAAO','True','Household Account','0.0','','','','Chloe Holt, Maria Roy, Stewart Sydney and Cooke Raven','','Chloe, Maria, Stewart and Cooke','0.0','','0.0','','','','0.0','','','0.0','0.0','0.0','0.0','0.0','0.0','0.0','0.0','0.0','0.0','','0.0','0.0','0.0','','False','','','','','','False','','','','','','4.0','','248','');
INSERT INTO "Account" VALUES(94,'','Mcintosh-Lam','01203000000KPHvAAO','False','','0.0','','','','','','','0.0','','0.0','','','','0.0','','','0.0','0.0','0.0','0.0','0.0','0.0','0.0','0.0','0.0','0.0','','0.0','0.0','0.0','','False','','','','','','False','','','','','','','','','');
INSERT INTO "Account" VALUES(95,'','The Household','01203000000KPHuAAO','True','Household Account','0.0','','','','','','','0.0','','0.0','','','','0.0','','','0.0','0.0','0.0','0.0','0.0','0.0','0.0','0.0','0.0','0.0','','0.0','0.0','0.0','','False','','','','','','False','','','','','','','','','');
INSERT INTO "Account" VALUES(96,'','Jarvis-Mccall','01203000000KPHvAAO','False','','0.0','','','','','','','0.0','','0.0','','','','0.0','','','0.0','0.0','0.0','0.0','0.0','0.0','0.0','0.0','0.0','0.0','','0.0','0.0','0.0','','False','','','','','','False','','','','','','','','','');
INSERT INTO "Account" VALUES(97,'','Lin, Larry and Kaitlyn Household','01203000000KPHuAAO','True','Household Account','0.0','','','','Brittney Williamson, Hayes Larry and Lynn Kaitlyn','','Andres, Brittney, Hayes and Lynn','0.0','','0.0','','','','0.0','','','0.0','0.0','0.0','0.0','0.0','0.0','0.0','0.0','0.0','0.0','','0.0','0.0','0.0','','False','','','','','','False','','','','','','4.0','','252','');
INSERT INTO "Account" VALUES(98,'','Landry and Sons','01203000000KPHvAAO','False','','0.0','','','','','','','0.0','','0.0','','','','0.0','','','0.0','0.0','0.0','0.0','0.0','0.0','0.0','0.0','0.0','0.0','','0.0','0.0','0.0','','False','','','','','','False','','','','','','','','','');
INSERT INTO "Account" VALUES(99,'','Castillo-Wagner','01203000000KPHvAAO','False','','0.0','','','','','','','0.0','','0.0','','','','0.0','','','0.0','0.0','0.0','0.0','0.0','0.0','0.0','0.0','0.0','0.0','','0.0','0.0','0.0','','False','','','','','','False','','','','','','','','','');
INSERT INTO "Account" VALUES(100,'','Phillips, Martinez, Brittany and Seth Household','01203000000KPHuAAO','True','Household Account','0.0','','','','Janice Phillips, Mario Martinez, Robyn Bean, Stein Brittany and Richardson Seth','','Robyn, Stein and Richardson','0.0','','0.0','','','','0.0','','','0.0','0.0','0.0','0.0','0.0','0.0','0.0','0.0','0.0','0.0','','0.0','0.0','0.0','','False','','','','','','False','','','','','','5.0','','257','');
INSERT INTO "Account" VALUES(101,'','Fischer-Anderson','01203000000KPHvAAO','False','','0.0','','','','','','','0.0','','0.0','','','','0.0','','','0.0','0.0','0.0','0.0','0.0','0.0','0.0','0.0','0.0','0.0','','0.0','0.0','0.0','','False','','','','','','False','','','','','','','','','');
INSERT INTO "Account" VALUES(102,'','The Household','01203000000KPHuAAO','True','Household Account','0.0','','','','','','','0.0','','0.0','','','','0.0','','','0.0','0.0','0.0','0.0','0.0','0.0','0.0','0.0','0.0','0.0','','0.0','0.0','0.0','','False','','','','','','False','','','','','','','','','');
INSERT INTO "Account" VALUES(103,'','Calderon Group','01203000000KPHvAAO','False','','0.0','','','','','','','0.0','','0.0','','','','0.0','','','0.0','0.0','0.0','0.0','0.0','0.0','0.0','0.0','0.0','0.0','','0.0','0.0','0.0','','False','','','','','','False','','','','','','','','','');
INSERT INTO "Account" VALUES(104,'','Ewing Group','01203000000KPHvAAO','False','','0.0','','','','','','','0.0','','0.0','','','','0.0','','','0.0','0.0','0.0','0.0','0.0','0.0','0.0','0.0','0.0','0.0','','0.0','0.0','0.0','','False','','','','','','False','','','','','','','','','');
INSERT INTO "Account" VALUES(105,'','French, Davis and Meza','01203000000KPHuAAO','True','Household Account','0.0','','','','','','','0.0','','0.0','','','','0.0','','','0.0','0.0','0.0','0.0','0.0','0.0','0.0','0.0','0.0','0.0','','0.0','0.0','0.0','','False','','','','','','False','','','','','','','','','');
INSERT INTO "Account" VALUES(106,'','Logan-Norris','01203000000KPHuAAO','True','Household Account','0.0','','','','','','','0.0','','0.0','','','','0.0','','','0.0','0.0','0.0','0.0','0.0','0.0','0.0','0.0','0.0','0.0','','0.0','0.0','0.0','','False','','','','','','False','','','','','','','','','');
INSERT INTO "Account" VALUES(107,'','Vaughn','01203000000KPHvAAO','False','','0.0','','','','','','','0.0','','0.0','','','','0.0','','','0.0','0.0','0.0','0.0','0.0','0.0','0.0','0.0','0.0','0.0','','0.0','0.0','0.0','','False','','','','','','False','','','','','','','','','');
INSERT INTO "Account" VALUES(108,'','Leblanc Group','01203000000KPHvAAO','False','Instead produce really various property. Draw find hold agree ask film.','0.0','7416.0','1996','2022-07-27','Open court establish result political. Mind result interest draw song majority a like.','225-994-1788','Himself window various bill everyone push nothing. Page person detail how person.','0.0','2022-08-01','0.0','2023-01-31','Stage eye why before reach. Interview management smile everyone evening draw.','Bed field happen act agent down. Remember nothing matter space answer.','0.0','2022-12-18','2023-02-23','0.0','0.0','0.0','0.0','0.0','0.0','0.0','0.0','0.0','0.0','Formal_Greeting__c','0.0','0.0','0.0','Arts and Culture','False','Mr. Marc Brooks DVM','33040.0','84643.0','88872.0','Garden let price. Simply me down from they. Force president role trouble guess bar.','False','halelevi@example.net','2022-04-28','98.0','356.566.0550x07910','Attorney attack month picture. Step for lead.','7152.0','','','');
INSERT INTO "Account" VALUES(109,'','Miles, Louis and Logan Household','01203000000KPHuAAO','True','Household Account','0.0','','','','Daniel Walton, Scott Miles, Campos Louis and Alexander Logan','','Daniel, Campos and Alexander','0.0','','0.0','','','','0.0','','','0.0','0.0','0.0','0.0','0.0','0.0','0.0','0.0','0.0','0.0','','0.0','0.0','0.0','','False','','','','','','False','','','','','','4.0','','130','');
INSERT INTO "Account" VALUES(110,'','Sims-Wagner','01203000000KPHvAAO','False','','0.0','','','','','','','0.0','','0.0','','','','0.0','','','0.0','0.0','0.0','0.0','0.0','0.0','0.0','0.0','0.0','0.0','','0.0','0.0','0.0','','False','','','','','','False','','','','','','','','','');
INSERT INTO "Account" VALUES(111,'','Trevino, Bentley, Jasmin and Darren Household','01203000000KPHuAAO','True','Household Account','0.0','','','','Mario Mcintyre, Russo Jasmin and Hunt Darren','','Mario, Tom, Tim, Russo and Hunt','0.0','','0.0','','','','0.0','','','0.0','0.0','0.0','0.0','0.0','0.0','0.0','0.0','0.0','0.0','','0.0','0.0','0.0','','False','','','','','','False','','','','','','5.0','','138','');
INSERT INTO "Account" VALUES(112,'','Richardson, French and Howe','01203000000KPHvAAO','False','','0.0','','','','','','','0.0','','0.0','','','','0.0','','','0.0','0.0','0.0','0.0','0.0','0.0','0.0','0.0','0.0','0.0','','0.0','0.0','0.0','','False','','','','','','False','','','','','','','','','');
INSERT INTO "Account" VALUES(113,'','Holloway, Eugene and Daryl Household','01203000000KPHuAAO','True','Household Account','0.0','','','','Calvin Holloway, Jane Cooke, Perez Eugene and Huffman Daryl','','Jane, Perez and Huffman','0.0','','0.0','','','','0.0','','','0.0','0.0','0.0','0.0','0.0','0.0','0.0','0.0','0.0','0.0','','0.0','0.0','0.0','','False','','','','','','False','','','','','','4.0','','143','');
INSERT INTO "Account" VALUES(114,'','Travis, Hoover and Melton','01203000000KPHvAAO','False','','0.0','','','','','','','0.0','','0.0','','','','0.0','','','0.0','0.0','0.0','0.0','0.0','0.0','0.0','0.0','0.0','0.0','','0.0','0.0','0.0','','False','','','','','','False','','','','','','','','','');
INSERT INTO "Account" VALUES(115,'','Whitney, Sherry and Ronald Household','01203000000KPHuAAO','True','Household Account','0.0','','','','Tabitha Whitney, Betty Brooks, Mccarty Sherry and Woods Ronald','','Betty, Mccarty and Woods','0.0','','0.0','','','','0.0','','','0.0','0.0','0.0','0.0','0.0','0.0','0.0','0.0','0.0','0.0','','0.0','0.0','0.0','','False','','','','','','False','','','','','','4.0','','146','');
INSERT INTO "Account" VALUES(116,'','Bridges and Sons','01203000000KPHvAAO','False','','0.0','','','','','','','0.0','','0.0','','','','0.0','','','0.0','0.0','0.0','0.0','0.0','0.0','0.0','0.0','0.0','0.0','','0.0','0.0','0.0','','False','','','','','','False','','','','','','','','','');
INSERT INTO "Account" VALUES(117,'','The Household','01203000000KPHuAAO','True','Household Account','0.0','','','','','','','0.0','','0.0','','','','0.0','','','0.0','0.0','0.0','0.0','0.0','0.0','0.0','0.0','0.0','0.0','','0.0','0.0','0.0','','False','','','','','','False','','','','','','','','','');
INSERT INTO "Account" VALUES(118,'','Dean PLC','01203000000KPHvAAO','False','','0.0','','','','','','','0.0','','0.0','','','','0.0','','','0.0','0.0','0.0','0.0','0.0','0.0','0.0','0.0','0.0','0.0','','0.0','0.0','0.0','','False','','','','','','False','','','','','','','','','');
INSERT INTO "Account" VALUES(119,'','Farmer, Terrence and Madison Household','01203000000KPHuAAO','True','Household Account','0.0','','','','Lucas Farmer, Daniels Terrence and Andrade Madison','','Daniels and Andrade','0.0','','0.0','','','','0.0','','','0.0','0.0','0.0','0.0','0.0','0.0','0.0','0.0','0.0','0.0','','0.0','0.0','0.0','','False','','','','','','False','','','','','','3.0','','150','');
INSERT INTO "Account" VALUES(120,'','Johnston, Peck and Mckenzie','01203000000KPHvAAO','False','','0.0','','','','','','','0.0','','0.0','','','','0.0','','','0.0','0.0','0.0','0.0','0.0','0.0','0.0','0.0','0.0','0.0','','0.0','0.0','0.0','','False','','','','','','False','','','','','','','','','');
INSERT INTO "Account" VALUES(121,'','Gomez-Goodwin','01203000000KPHvAAO','False','','0.0','','','','','','','0.0','','0.0','','','','0.0','','','0.0','0.0','0.0','0.0','0.0','0.0','0.0','0.0','0.0','0.0','','0.0','0.0','0.0','','False','','','','','','False','','','','','','','','','');
INSERT INTO "Account" VALUES(122,'','Hawkins, Ebony and Malik Household','01203000000KPHuAAO','True','Household Account','0.0','','','','Vincent Miles, Willie Hawkins, Diana Rios, Robbins Ebony and Winters Malik','','Vincent, Diana, Robbins and Winters','0.0','','0.0','','','','0.0','','','0.0','0.0','0.0','0.0','0.0','0.0','0.0','0.0','0.0','0.0','','0.0','0.0','0.0','','False','','','','','','False','','','','','','5.0','','155','');
INSERT INTO "Account" VALUES(123,'','Cunningham, Brady and Moran','01203000000KPHvAAO','False','','0.0','','','','','','','0.0','','0.0','','','','0.0','','','0.0','0.0','0.0','0.0','0.0','0.0','0.0','0.0','0.0','0.0','','0.0','0.0','0.0','','False','','','','','','False','','','','','','','','','');
INSERT INTO "Account" VALUES(124,'','The Household','01203000000KPHuAAO','True','Household Account','0.0','','','','','','','0.0','','0.0','','','','0.0','','','0.0','0.0','0.0','0.0','0.0','0.0','0.0','0.0','0.0','0.0','','0.0','0.0','0.0','','False','','','','','','False','','','','','','','','','');
INSERT INTO "Account" VALUES(125,'','Poole','01203000000KPHvAAO','False','','0.0','','','','','','','0.0','','0.0','','','','0.0','','','0.0','0.0','0.0','0.0','0.0','0.0','0.0','0.0','0.0','0.0','','0.0','0.0','0.0','','False','','','','','','False','','','','','','','','','');
INSERT INTO "Account" VALUES(126,'','Joseph, Alexis and Nicole Household','01203000000KPHuAAO','True','Household Account','0.0','','','','Ray Joseph, Lutz Alexis and Townsend Nicole','','Lutz and Townsend','0.0','','0.0','','','','0.0','','','0.0','0.0','0.0','0.0','0.0','0.0','0.0','0.0','0.0','0.0','','0.0','0.0','0.0','','False','','','','','','False','','','','','','3.0','','165','');
INSERT INTO "Account" VALUES(127,'','Reyes and Sons','01203000000KPHvAAO','False','Available TV market station child include. Leg result produce much option morning.','0.0','6239.0','1981','2023-01-14','Reach painting material despite shoulder result research. Join sort hold cold reflect nearly.','710-871-9474x3724','Reality training draw real various write reality write. Floor national just try always along world.','0.0','2022-09-02','0.0','2023-02-09','Into coach bed least. Act source mouth move.','Mission peace prepare explain manage include. Miss technology exist.','0.0','2022-07-17','2022-09-07','0.0','0.0','0.0','0.0','0.0','0.0','0.0','0.0','0.0','0.0','Name','0.0','0.0','0.0','Health Services','False','Michael Tran','52246.0','1556.0','36672.0','Network few charge national. Along structure threat amount total some moment.','False','reginald82@example.net','2022-12-13','54.0','587-504-5324','Its wall night including billion he require. Prevent actually fight even person performance.','40247.0','','','');
INSERT INTO "Account" VALUES(128,'','Joseph, Steven and Cheyenne Household','01203000000KPHuAAO','True','Household Account','0.0','','','','Kelly Joseph, Lindsey Goodwin, Miles Steven and Rose Cheyenne','','Lindsey, Miles and Rose','0.0','','0.0','','','','0.0','','','0.0','0.0','0.0','0.0','0.0','0.0','0.0','0.0','0.0','0.0','','0.0','0.0','0.0','','False','','','','','','False','','','','','','4.0','','162','');
INSERT INTO "Account" VALUES(129,'','Johns, Barry and Spencer','01203000000KPHvAAO','False','','0.0','','','','','','','0.0','','0.0','','','','0.0','','','0.0','0.0','0.0','0.0','0.0','0.0','0.0','0.0','0.0','0.0','','0.0','0.0','0.0','','False','','','','','','False','','','','','','','','','');
INSERT INTO "Account" VALUES(130,'','Riley, Duffy and Abbott','01203000000KPHvAAO','False','','0.0','','','','','','','0.0','','0.0','','','','0.0','','','0.0','0.0','0.0','0.0','0.0','0.0','0.0','0.0','0.0','0.0','','0.0','0.0','0.0','','False','','','','','','False','','','','','','','','','');
INSERT INTO "Account" VALUES(131,'','Jimenez, Oliver, William and Mindy Household','01203000000KPHuAAO','True','Household Account','0.0','','','','Kathleen Cunningham, Farley William and Glass Mindy','','Kathleen, Reginald, Kristine, Farley and Glass','0.0','','0.0','','','','0.0','','','0.0','0.0','0.0','0.0','0.0','0.0','0.0','0.0','0.0','0.0','','0.0','0.0','0.0','','False','','','','','','False','','','','','','5.0','','171','');
INSERT INTO "Account" VALUES(132,'','Miles PLC','01203000000KPHvAAO','False','','0.0','','','','','','','0.0','','0.0','','','','0.0','','','0.0','0.0','0.0','0.0','0.0','0.0','0.0','0.0','0.0','0.0','','0.0','0.0','0.0','','False','','','','','','False','','','','','','','','','');
INSERT INTO "Account" VALUES(133,'','Kane, Randall and Kylie Household','01203000000KPHuAAO','True','Household Account','0.0','','','','Brady Fleming, Gomez Randall and Berger Kylie','','Brady, Leonard, Gomez and Berger','0.0','','0.0','','','','0.0','','','0.0','0.0','0.0','0.0','0.0','0.0','0.0','0.0','0.0','0.0','','0.0','0.0','0.0','','False','','','','','','False','','','','','','4.0','','174','');
INSERT INTO "Account" VALUES(134,'','Frederick, Sanford and Patrick','01203000000KPHvAAO','False','','0.0','','','','','','','0.0','','0.0','','','','0.0','','','0.0','0.0','0.0','0.0','0.0','0.0','0.0','0.0','0.0','0.0','','0.0','0.0','0.0','','False','','','','','','False','','','','','','','','','');
INSERT INTO "Account" VALUES(135,'','The Household','01203000000KPHuAAO','True','Household Account','0.0','','','','','','','0.0','','0.0','','','','0.0','','','0.0','0.0','0.0','0.0','0.0','0.0','0.0','0.0','0.0','0.0','','0.0','0.0','0.0','','False','','','','','','False','','','','','','','','','');
INSERT INTO "Account" VALUES(136,'','Clayton-Zimmerman','01203000000KPHvAAO','False','','0.0','','','','','','','0.0','','0.0','','','','0.0','','','0.0','0.0','0.0','0.0','0.0','0.0','0.0','0.0','0.0','0.0','','0.0','0.0','0.0','','False','','','','','','False','','','','','','','','','');
INSERT INTO "Account" VALUES(137,'','Welch, Sara and Crystal Household','01203000000KPHuAAO','True','Household Account','0.0','','','','Ernest Welch, Vincent Sara and Shepard Crystal','','Vincent and Shepard','0.0','','0.0','','','','0.0','','','0.0','0.0','0.0','0.0','0.0','0.0','0.0','0.0','0.0','0.0','','0.0','0.0','0.0','','False','','','','','','False','','','','','','3.0','','177','');
INSERT INTO "Account" VALUES(138,'','Benitez, Patel and Miller','01203000000KPHvAAO','False','','0.0','','','','','','','0.0','','0.0','','','','0.0','','','0.0','0.0','0.0','0.0','0.0','0.0','0.0','0.0','0.0','0.0','','0.0','0.0','0.0','','False','','','','','','False','','','','','','','','','');
INSERT INTO "Account" VALUES(139,'','Anthony-Hebert','01203000000KPHvAAO','False','','0.0','','','','','','','0.0','','0.0','','','','0.0','','','0.0','0.0','0.0','0.0','0.0','0.0','0.0','0.0','0.0','0.0','','0.0','0.0','0.0','','False','','','','','','False','','','','','','','','','');
INSERT INTO "Account" VALUES(140,'','Rubio, Ian and Paula Household','01203000000KPHuAAO','True','Household Account','0.0','','','','Caleb Rubio, Carly Smith, Robbins Ian and Cross Paula','','Carly, Robbins and Cross','0.0','','0.0','','','','0.0','','','0.0','0.0','0.0','0.0','0.0','0.0','0.0','0.0','0.0','0.0','','0.0','0.0','0.0','','False','','','','','','False','','','','','','4.0','','183','');
INSERT INTO "Account" VALUES(141,'','Stevenson and Sons','01203000000KPHvAAO','False','','0.0','','','','','','','0.0','','0.0','','','','0.0','','','0.0','0.0','0.0','0.0','0.0','0.0','0.0','0.0','0.0','0.0','','0.0','0.0','0.0','','False','','','','','','False','','','','','','','','','');
INSERT INTO "Account" VALUES(142,'','The Household','01203000000KPHuAAO','True','Household Account','0.0','','','','','','','0.0','','0.0','','','','0.0','','','0.0','0.0','0.0','0.0','0.0','0.0','0.0','0.0','0.0','0.0','','0.0','0.0','0.0','','False','','','','','','False','','','','','','','','','');
INSERT INTO "Account" VALUES(143,'','Byrd-Malone','01203000000KPHvAAO','False','','0.0','','','','','','','0.0','','0.0','','','','0.0','','','0.0','0.0','0.0','0.0','0.0','0.0','0.0','0.0','0.0','0.0','','0.0','0.0','0.0','','False','','','','','','False','','','','','','','','','');
INSERT INTO "Account" VALUES(144,'','Page-Velez','01203000000KPHuAAO','True','Household Account','0.0','','','','','','','0.0','','0.0','','','','0.0','','','0.0','0.0','0.0','0.0','0.0','0.0','0.0','0.0','0.0','0.0','','0.0','0.0','0.0','','False','','','','','','False','','','','','','','','','');
INSERT INTO "Account" VALUES(145,'','Duran','01203000000KPHvAAO','False','','0.0','','','','','','','0.0','','0.0','','','','0.0','','','0.0','0.0','0.0','0.0','0.0','0.0','0.0','0.0','0.0','0.0','','0.0','0.0','0.0','','False','','','','','','False','','','','','','','','','');
INSERT INTO "Account" VALUES(146,'','Alvarado, Martinez and Pope','01203000000KPHvAAO','False','Throw the run spend piece rest. Really series might camera. Writer way majority security.','0.0','63502.0','2006','2022-10-01','Activity leg treat lawyer. Ever buy reality team item today wall. Stuff fill professor nature.','(746)473-4081','Throw man way budget. Then theory pattern share do.','0.0','2023-01-12','0.0','2022-12-06','Clearly yourself cell specific. Stuff use seek would senior first.','Like figure over several offer learn. Before edge officer experience away these need.','0.0','2022-04-11','2022-05-19','0.0','0.0','0.0','0.0','0.0','0.0','0.0','0.0','0.0','0.0','Name','0.0','0.0','0.0','Education','False','Janice Whitney','24970.0','99772.0','56741.0','Director think decision rule face. Fast how big commercial.','False','michele23@example.com','2023-01-31','48.0','001-672-139-6041x6258','Ok campaign fill meeting. Key near hit without sing like. Seat need admit.','3080.0','','','');
INSERT INTO "Account" VALUES(147,'','Robinson, Bradley and Tim Household','01203000000KPHuAAO','True','Household Account','0.0','','','','Lisa Robinson, Sanford Bradley and Carey Tim','','Sanford and Carey','0.0','','0.0','','','','0.0','','','0.0','0.0','0.0','0.0','0.0','0.0','0.0','0.0','0.0','0.0','','0.0','0.0','0.0','','False','','','','','','False','','','','','','3.0','','186','');
INSERT INTO "Account" VALUES(148,'','Ashley-Mayer','01203000000KPHvAAO','False','','0.0','','','','','','','0.0','','0.0','','','','0.0','','','0.0','0.0','0.0','0.0','0.0','0.0','0.0','0.0','0.0','0.0','','0.0','0.0','0.0','','False','','','','','','False','','','','','','','','','');
INSERT INTO "Account" VALUES(149,'','Callahan, Kelli and Calvin Household','01203000000KPHuAAO','True','Household Account','0.0','','','','Christine Kramer, Madeline Prince, Geoffrey Callahan, Mckee Kelli and Osborne Calvin','','Christine, Madeline, Mckee and Osborne','0.0','','0.0','','','','0.0','','','0.0','0.0','0.0','0.0','0.0','0.0','0.0','0.0','0.0','0.0','','0.0','0.0','0.0','','False','','','','','','False','','','','','','5.0','','192','');
INSERT INTO "Account" VALUES(150,'','Martinez Group','01203000000KPHvAAO','False','','0.0','','','','','','','0.0','','0.0','','','','0.0','','','0.0','0.0','0.0','0.0','0.0','0.0','0.0','0.0','0.0','0.0','','0.0','0.0','0.0','','False','','','','','','False','','','','','','','','','');
INSERT INTO "Account" VALUES(151,'','Craig, Clay, Maddox, Caitlyn and Cameron Household','01203000000KPHuAAO','True','Household Account','0.0','','','','Raven Craig, Angie Clay, Alexander Maddox, Hayden Caitlyn and Sloan Cameron','','Hayden and Sloan','0.0','','0.0','','','','0.0','','','0.0','0.0','0.0','0.0','0.0','0.0','0.0','0.0','0.0','0.0','','0.0','0.0','0.0','','False','','','','','','False','','','','','','5.0','','197','');
INSERT INTO "Account" VALUES(152,'','Harvey and Sons','01203000000KPHvAAO','False','','0.0','','','','','','','0.0','','0.0','','','','0.0','','','0.0','0.0','0.0','0.0','0.0','0.0','0.0','0.0','0.0','0.0','','0.0','0.0','0.0','','False','','','','','','False','','','','','','','','','');
INSERT INTO "Account" VALUES(153,'','Glass, Emma and Derek Household','01203000000KPHuAAO','True','Household Account','0.0','','','','Felicia Glass, Snow Emma and Martinez Derek','','Snow and Martinez','0.0','','0.0','','','','0.0','','','0.0','0.0','0.0','0.0','0.0','0.0','0.0','0.0','0.0','0.0','','0.0','0.0','0.0','','False','','','','','','False','','','','','','3.0','','203','');
INSERT INTO "Account" VALUES(154,'','Diaz-Dawson','01203000000KPHvAAO','False','','0.0','','','','','','','0.0','','0.0','','','','0.0','','','0.0','0.0','0.0','0.0','0.0','0.0','0.0','0.0','0.0','0.0','','0.0','0.0','0.0','','False','','','','','','False','','','','','','','','','');
INSERT INTO "Account" VALUES(155,'','The Household','01203000000KPHuAAO','True','Household Account','0.0','','','','','','','0.0','','0.0','','','','0.0','','','0.0','0.0','0.0','0.0','0.0','0.0','0.0','0.0','0.0','0.0','','0.0','0.0','0.0','','False','','','','','','False','','','','','','','','','');
INSERT INTO "Account" VALUES(156,'','Joseph-Lowe','01203000000KPHvAAO','False','','0.0','','','','','','','0.0','','0.0','','','','0.0','','','0.0','0.0','0.0','0.0','0.0','0.0','0.0','0.0','0.0','0.0','','0.0','0.0','0.0','','False','','','','','','False','','','','','','','','','');
INSERT INTO "Account" VALUES(157,'','Foley, Derrick and Monique Household','01203000000KPHuAAO','True','Household Account','0.0','','','','Frederick Friedman, Dakota Mitchell, Erin Foley, Wheeler Derrick and Baker Monique','','Frederick, Dakota, Wheeler and Baker','0.0','','0.0','','','','0.0','','','0.0','0.0','0.0','0.0','0.0','0.0','0.0','0.0','0.0','0.0','','0.0','0.0','0.0','','False','','','','','','False','','','','','','5.0','','208','');
INSERT INTO "Account" VALUES(158,'','Mooney PLC','01203000000KPHvAAO','False','','0.0','','','','','','','0.0','','0.0','','','','0.0','','','0.0','0.0','0.0','0.0','0.0','0.0','0.0','0.0','0.0','0.0','','0.0','0.0','0.0','','False','','','','','','False','','','','','','','','','');
INSERT INTO "Account" VALUES(159,'','Dennis, Wyatt and Webster','01203000000KPHvAAO','False','','0.0','','','','','','','0.0','','0.0','','','','0.0','','','0.0','0.0','0.0','0.0','0.0','0.0','0.0','0.0','0.0','0.0','','0.0','0.0','0.0','','False','','','','','','False','','','','','','','','','');
INSERT INTO "Account" VALUES(160,'','Wagner, Massey, Mann, Victoria and Mitchell Household','01203000000KPHuAAO','True','Household Account','0.0','','','','Wendy Massey, Hunt Victoria and Lara Mitchell','','Angelica, Shirley, Hunt and Lara','0.0','','0.0','','','','0.0','','','0.0','0.0','0.0','0.0','0.0','0.0','0.0','0.0','0.0','0.0','','0.0','0.0','0.0','','False','','','','','','False','','','','','','5.0','','215','');
INSERT INTO "Account" VALUES(161,'','Gamble-Ponce','01203000000KPHvAAO','False','','0.0','','','','','','','0.0','','0.0','','','','0.0','','','0.0','0.0','0.0','0.0','0.0','0.0','0.0','0.0','0.0','0.0','','0.0','0.0','0.0','','False','','','','','','False','','','','','','','','','');
INSERT INTO "Account" VALUES(162,'','The Household','01203000000KPHuAAO','True','Household Account','0.0','','','','','','','0.0','','0.0','','','','0.0','','','0.0','0.0','0.0','0.0','0.0','0.0','0.0','0.0','0.0','0.0','','0.0','0.0','0.0','','False','','','','','','False','','','','','','','','','');
INSERT INTO "Account" VALUES(163,'','Bennett, Wolf and Richard','01203000000KPHvAAO','False','','0.0','','','','','','','0.0','','0.0','','','','0.0','','','0.0','0.0','0.0','0.0','0.0','0.0','0.0','0.0','0.0','0.0','','0.0','0.0','0.0','','False','','','','','','False','','','','','','','','','');
INSERT INTO "Account" VALUES(164,'','Stone, Perez and Weeks','01203000000KPHuAAO','True','Household Account','0.0','','','','','','','0.0','','0.0','','','','0.0','','','0.0','0.0','0.0','0.0','0.0','0.0','0.0','0.0','0.0','0.0','','0.0','0.0','0.0','','False','','','','','','False','','','','','','','','','');
INSERT INTO "Account" VALUES(165,'','Leach','01203000000KPHvAAO','False','','0.0','','','','','','','0.0','','0.0','','','','0.0','','','0.0','0.0','0.0','0.0','0.0','0.0','0.0','0.0','0.0','0.0','','0.0','0.0','0.0','','False','','','','','','False','','','','','','','','','');
INSERT INTO "Account" VALUES(166,'','Porter-Mercer','01203000000KPHvAAO','False','Lose already run material.','0.0','55840.0','2022','2022-12-28','Family through might likely. Unit all Mr environmental medical. East meet artist.','5261584203','Peace issue hour character nor. Foot director cost which child trouble marriage body.','0.0','2022-02-27','0.0','2022-05-06','Turn music administration as. Reduce Mrs seem serve skill else discover ever.','Recent down level serious. Support job prevent lose on member thought land.','0.0','2023-01-08','2022-03-04','0.0','0.0','0.0','0.0','0.0','0.0','0.0','0.0','0.0','0.0','Formal_Greeting__c','0.0','0.0','0.0','Education','False','Mr. Connor Sullivan','74785.0','79653.0','13067.0','Reflect face good reason mission. Floor explain new decide son.','False','daverowland@example.net','2022-04-25','88.0','(194)771-1777','Respond world must firm.','37033.0','','','');
INSERT INTO "Account" VALUES(167,'','Vasquez, Isaac and Jason Household','01203000000KPHuAAO','True','Household Account','0.0','','','','Karla Beltran, Devon Wilson, Rebekah Vasquez, Randall Isaac and Wiley Jason','','Karla, Devon, Randall and Wiley','0.0','','0.0','','','','0.0','','','0.0','0.0','0.0','0.0','0.0','0.0','0.0','0.0','0.0','0.0','','0.0','0.0','0.0','','False','','','','','','False','','','','','','5.0','','219','');
INSERT INTO "Account" VALUES(168,'','Escobar and Sons','01203000000KPHvAAO','False','','0.0','','','','','','','0.0','','0.0','','','','0.0','','','0.0','0.0','0.0','0.0','0.0','0.0','0.0','0.0','0.0','0.0','','0.0','0.0','0.0','','False','','','','','','False','','','','','','','','','');
INSERT INTO "Account" VALUES(169,'','Cisneros, Jenny and Linda Household','01203000000KPHuAAO','True','Household Account','0.0','','','','Miller Jenny and Ferrell Linda','','Jamie, Miller and Ferrell','0.0','','0.0','','','','0.0','','','0.0','0.0','0.0','0.0','0.0','0.0','0.0','0.0','0.0','0.0','','0.0','0.0','0.0','','False','','','','','','False','','','','','','3.0','','222','');
INSERT INTO "Account" VALUES(170,'','Ritter and Sons','01203000000KPHvAAO','False','','0.0','','','','','','','0.0','','0.0','','','','0.0','','','0.0','0.0','0.0','0.0','0.0','0.0','0.0','0.0','0.0','0.0','','0.0','0.0','0.0','','False','','','','','','False','','','','','','','','','');
INSERT INTO "Account" VALUES(171,'','George, Lee, Vicki and Joanna Household','01203000000KPHuAAO','True','Household Account','0.0','','','','Molly Lee, Eddie Daniels, Duncan Vicki and Miller Joanna','','Michele, Eddie, Duncan and Miller','0.0','','0.0','','','','0.0','','','0.0','0.0','0.0','0.0','0.0','0.0','0.0','0.0','0.0','0.0','','0.0','0.0','0.0','','False','','','','','','False','','','','','','5.0','','223','');
INSERT INTO "Account" VALUES(172,'','Carr, Johnston and Bryan','01203000000KPHvAAO','False','','0.0','','','','','','','0.0','','0.0','','','','0.0','','','0.0','0.0','0.0','0.0','0.0','0.0','0.0','0.0','0.0','0.0','','0.0','0.0','0.0','','False','','','','','','False','','','','','','','','','');
INSERT INTO "Account" VALUES(173,'','Warren, Tyler and Jasmin Household','01203000000KPHuAAO','True','Household Account','0.0','','','','Dakota Warren, Preston Tyler and Becker Jasmin','','Preston and Becker','0.0','','0.0','','','','0.0','','','0.0','0.0','0.0','0.0','0.0','0.0','0.0','0.0','0.0','0.0','','0.0','0.0','0.0','','False','','','','','','False','','','','','','3.0','','229','');
INSERT INTO "Account" VALUES(174,'','Griffin Group','01203000000KPHvAAO','False','','0.0','','','','','','','0.0','','0.0','','','','0.0','','','0.0','0.0','0.0','0.0','0.0','0.0','0.0','0.0','0.0','0.0','','0.0','0.0','0.0','','False','','','','','','False','','','','','','','','','');
INSERT INTO "Account" VALUES(175,'','The Household','01203000000KPHuAAO','True','Household Account','0.0','','','','','','','0.0','','0.0','','','','0.0','','','0.0','0.0','0.0','0.0','0.0','0.0','0.0','0.0','0.0','0.0','','0.0','0.0','0.0','','False','','','','','','False','','','','','','','','','');
INSERT INTO "Account" VALUES(176,'','Sexton, Webb and Osborn','01203000000KPHvAAO','False','','0.0','','','','','','','0.0','','0.0','','','','0.0','','','0.0','0.0','0.0','0.0','0.0','0.0','0.0','0.0','0.0','0.0','','0.0','0.0','0.0','','False','','','','','','False','','','','','','','','','');
INSERT INTO "Account" VALUES(177,'','Roth, Olson, Maria and Jasmin Household','01203000000KPHuAAO','True','Household Account','0.0','','','','Bradley Maria and Luna Jasmin','','Heidi, Darlene, Bradley and Luna','0.0','','0.0','','','','0.0','','','0.0','0.0','0.0','0.0','0.0','0.0','0.0','0.0','0.0','0.0','','0.0','0.0','0.0','','False','','','','','','False','','','','','','4.0','','233','');
INSERT INTO "Account" VALUES(178,'','Yates-Barry','01203000000KPHvAAO','False','','0.0','','','','','','','0.0','','0.0','','','','0.0','','','0.0','0.0','0.0','0.0','0.0','0.0','0.0','0.0','0.0','0.0','','0.0','0.0','0.0','','False','','','','','','False','','','','','','','','','');
INSERT INTO "Account" VALUES(179,'','Cantu, Petersen and Levine','01203000000KPHvAAO','False','','0.0','','','','','','','0.0','','0.0','','','','0.0','','','0.0','0.0','0.0','0.0','0.0','0.0','0.0','0.0','0.0','0.0','','0.0','0.0','0.0','','False','','','','','','False','','','','','','','','','');
INSERT INTO "Account" VALUES(180,'','Cordova, Colon, Barron, Kristin and Kathleen Household','01203000000KPHuAAO','True','Household Account','0.0','','','','Beth Cordova, Jackie Colon, Katie Barron, Hubbard Kristin and Spencer Kathleen','','Hubbard and Spencer','0.0','','0.0','','','','0.0','','','0.0','0.0','0.0','0.0','0.0','0.0','0.0','0.0','0.0','0.0','','0.0','0.0','0.0','','False','','','','','','False','','','','','','5.0','','239','');
INSERT INTO "Account" VALUES(181,'','Berry PLC','01203000000KPHvAAO','False','','0.0','','','','','','','0.0','','0.0','','','','0.0','','','0.0','0.0','0.0','0.0','0.0','0.0','0.0','0.0','0.0','0.0','','0.0','0.0','0.0','','False','','','','','','False','','','','','','','','','');
INSERT INTO "Account" VALUES(182,'','The Household','01203000000KPHuAAO','True','Household Account','0.0','','','','','','','0.0','','0.0','','','','0.0','','','0.0','0.0','0.0','0.0','0.0','0.0','0.0','0.0','0.0','0.0','','0.0','0.0','0.0','','False','','','','','','False','','','','','','','','','');
INSERT INTO "Account" VALUES(183,'','Mercado Ltd','01203000000KPHvAAO','False','','0.0','','','','','','','0.0','','0.0','','','','0.0','','','0.0','0.0','0.0','0.0','0.0','0.0','0.0','0.0','0.0','0.0','','0.0','0.0','0.0','','False','','','','','','False','','','','','','','','','');
INSERT INTO "Account" VALUES(184,'','Hoover, Sullivan and Nichols','01203000000KPHuAAO','True','Household Account','0.0','','','','','','','0.0','','0.0','','','','0.0','','','0.0','0.0','0.0','0.0','0.0','0.0','0.0','0.0','0.0','0.0','','0.0','0.0','0.0','','False','','','','','','False','','','','','','','','','');
INSERT INTO "Account" VALUES(185,'','Meadows-Munoz','01203000000KPHvAAO','False','Always letter life music. Effect industry amount its Mr. Tax beat those friend sing outside arrive.','0.0','4341.0','1996','2022-11-01','Level use word minute.','747-343-3417x57506','Do class behavior money Republican already. Early sometimes yeah find college different look arm.','0.0','2022-11-27','0.0','2023-02-21','Which set by far trip audience. Hot usually remain public. Quality explain step task style.','Require growth mission stuff. Born newspaper as board. Law look reach price during Democrat.','0.0','2023-02-14','2022-03-22','0.0','0.0','0.0','0.0','0.0','0.0','0.0','0.0','0.0','0.0','Formal_Greeting__c','0.0','0.0','0.0','Animal Welfare','False','Mr. Ronnie Simon PhD','83827.0','88977.0','91299.0','Cut choose important near future.','False','neilmccarthy@example.org','2022-11-29','65.0','759.666.4829x18170','Century center reality. Million old series two. Eye build reflect thought office college hope.','73556.0','','','');
INSERT INTO "Account" VALUES(186,'','Hester, Curtis, Dalton and Kristi Household','01203000000KPHuAAO','True','Household Account','0.0','','','','Kathleen Hester, Julian Arroyo, Marie Curtis, Mcbride Dalton and Lindsey Kristi','','Julian, Mcbride and Lindsey','0.0','','0.0','','','','0.0','','','0.0','0.0','0.0','0.0','0.0','0.0','0.0','0.0','0.0','0.0','','0.0','0.0','0.0','','False','','','','','','False','','','','','','5.0','','245','');
INSERT INTO "Account" VALUES(187,'','Rivas and Sons','01203000000KPHvAAO','False','','0.0','','','','','','','0.0','','0.0','','','','0.0','','','0.0','0.0','0.0','0.0','0.0','0.0','0.0','0.0','0.0','0.0','','0.0','0.0','0.0','','False','','','','','','False','','','','','','','','','');
INSERT INTO "Account" VALUES(188,'','Esparza, Kathy and Dennis Household','01203000000KPHuAAO','True','Household Account','0.0','','','','Shaun Cuevas, Deborah Lawrence, Patton Kathy and Phillips Dennis','','Shaun, Deborah, Austin, Patton and Phillips','0.0','','0.0','','','','0.0','','','0.0','0.0','0.0','0.0','0.0','0.0','0.0','0.0','0.0','0.0','','0.0','0.0','0.0','','False','','','','','','False','','','','','','5.0','','4','');
INSERT INTO "Account" VALUES(189,'','Haas Ltd','01203000000KPHvAAO','False','','0.0','','','','','','','0.0','','0.0','','','','0.0','','','0.0','0.0','0.0','0.0','0.0','0.0','0.0','0.0','0.0','0.0','','0.0','0.0','0.0','','False','','','','','','False','','','','','','','','','');
INSERT INTO "Account" VALUES(190,'','Burton, Marco and Chad Household','01203000000KPHuAAO','True','Household Account','0.0','','','','Barbara Sweeney, David Burton, Mclaughlin Marco and Byrd Chad','','Barbara, Mclaughlin and Byrd','0.0','','0.0','','','','0.0','','','0.0','0.0','0.0','0.0','0.0','0.0','0.0','0.0','0.0','0.0','','0.0','0.0','0.0','','False','','','','','','False','','','','','','4.0','','8','');
INSERT INTO "Account" VALUES(191,'','Obrien LLC','01203000000KPHvAAO','False','','0.0','','','','','','','0.0','','0.0','','','','0.0','','','0.0','0.0','0.0','0.0','0.0','0.0','0.0','0.0','0.0','0.0','','0.0','0.0','0.0','','False','','','','','','False','','','','','','','','','');
INSERT INTO "Account" VALUES(192,'','Kidd, Dorsey, Dillon, Anthony and Kirk Household','01203000000KPHuAAO','True','Household Account','0.0','','','','Cory Kidd, Mitchell Dorsey, Camacho Anthony and Downs Kirk','','Howard, Camacho and Downs','0.0','','0.0','','','','0.0','','','0.0','0.0','0.0','0.0','0.0','0.0','0.0','0.0','0.0','0.0','','0.0','0.0','0.0','','False','','','','','','False','','','','','','5.0','','13','');
INSERT INTO "Account" VALUES(193,'','Hensley Group','01203000000KPHvAAO','False','','0.0','','','','','','','0.0','','0.0','','','','0.0','','','0.0','0.0','0.0','0.0','0.0','0.0','0.0','0.0','0.0','0.0','','0.0','0.0','0.0','','False','','','','','','False','','','','','','','','','');
INSERT INTO "Account" VALUES(194,'','The Household','01203000000KPHuAAO','True','Household Account','0.0','','','','','','','0.0','','0.0','','','','0.0','','','0.0','0.0','0.0','0.0','0.0','0.0','0.0','0.0','0.0','0.0','','0.0','0.0','0.0','','False','','','','','','False','','','','','','','','','');
INSERT INTO "Account" VALUES(195,'','Chaney, Weiss and Esparza','01203000000KPHvAAO','False','','0.0','','','','','','','0.0','','0.0','','','','0.0','','','0.0','0.0','0.0','0.0','0.0','0.0','0.0','0.0','0.0','0.0','','0.0','0.0','0.0','','False','','','','','','False','','','','','','','','','');
INSERT INTO "Account" VALUES(196,'','Montoya, Duffy, Saunders, Mandy and Chase Household','01203000000KPHuAAO','True','Household Account','0.0','','','','Alan Saunders, Bryan Mandy and Page Chase','','Jane, Karina, Bryan and Page','0.0','','0.0','','','','0.0','','','0.0','0.0','0.0','0.0','0.0','0.0','0.0','0.0','0.0','0.0','','0.0','0.0','0.0','','False','','','','','','False','','','','','','5.0','','18','');
INSERT INTO "Account" VALUES(197,'','Neal, Munoz and Caldwell','01203000000KPHvAAO','False','','0.0','','','','','','','0.0','','0.0','','','','0.0','','','0.0','0.0','0.0','0.0','0.0','0.0','0.0','0.0','0.0','0.0','','0.0','0.0','0.0','','False','','','','','','False','','','','','','','','','');
INSERT INTO "Account" VALUES(198,'','Shepard, Perkins and Braun','01203000000KPHvAAO','False','','0.0','','','','','','','0.0','','0.0','','','','0.0','','','0.0','0.0','0.0','0.0','0.0','0.0','0.0','0.0','0.0','0.0','','0.0','0.0','0.0','','False','','','','','','False','','','','','','','','','');
INSERT INTO "Account" VALUES(199,'','Villarreal, Nichole and Donna Household','01203000000KPHuAAO','True','Household Account','0.0','','','','Katherine Shaw, Stacie Levy, Hunt Nichole and Spencer Donna','','Katherine, Stacie, Ashlee, Hunt and Spencer','0.0','','0.0','','','','0.0','','','0.0','0.0','0.0','0.0','0.0','0.0','0.0','0.0','0.0','0.0','','0.0','0.0','0.0','','False','','','','','','False','','','','','','5.0','','93','');
INSERT INTO "Account" VALUES(200,'','Short, Velazquez and Pena','01203000000KPHvAAO','False','','0.0','','','','','','','0.0','','0.0','','','','0.0','','','0.0','0.0','0.0','0.0','0.0','0.0','0.0','0.0','0.0','0.0','','0.0','0.0','0.0','','False','','','','','','False','','','','','','','','','');
INSERT INTO "Account" VALUES(201,'','Holder','01203000000KPHvAAO','False','','0.0','','','','','','','0.0','','0.0','','','','0.0','','','0.0','0.0','0.0','0.0','0.0','0.0','0.0','0.0','0.0','0.0','','0.0','0.0','0.0','','False','','','','','','False','','','','','','','','','');
CREATE TABLE "Account_rt_mapping" (
	record_type_id VARCHAR(18) NOT NULL, 
	developer_name VARCHAR(255), 
	PRIMARY KEY (record_type_id)
);
INSERT INTO "Account_rt_mapping" VALUES('01203000000KPHpAAO','Default');
INSERT INTO "Account_rt_mapping" VALUES('01203000000KPHuAAO','HH_Account');
INSERT INTO "Account_rt_mapping" VALUES('01203000000KPHvAAO','Organization');
CREATE TABLE "BackgroundCheck__c" (
	id INTEGER NOT NULL, 
	"Date__c" VARCHAR(255), 
	"Notes__c" VARCHAR(255), 
	"Status__c" VARCHAR(255), 
	"Type__c" VARCHAR(255), 
	"Contact__c" VARCHAR(255), 
	PRIMARY KEY (id)
);
INSERT INTO "BackgroundCheck__c" VALUES(1,'2021-02-02','','Fail','Criminal','117');
INSERT INTO "BackgroundCheck__c" VALUES(2,'2023-03-02','Blah, blah, blah','Pass','Criminal','61');
INSERT INTO "BackgroundCheck__c" VALUES(3,'2022-11-28','','Pending','Credit','62');
INSERT INTO "BackgroundCheck__c" VALUES(4,'2022-05-22','','Pass','Criminal','113');
CREATE TABLE "Campaign" (
	id INTEGER NOT NULL, 
	"Name" VARCHAR(255), 
	PRIMARY KEY (id)
);
INSERT INTO "Campaign" VALUES(1,'The Campaign');
INSERT INTO "Campaign" VALUES(2,'The Campaign');
CREATE TABLE "CategoryRule__c" (
	id INTEGER NOT NULL, 
	"Category__c" VARCHAR(255), 
	"Object__c" VARCHAR(255), 
	"Position__c" VARCHAR(255), 
	PRIMARY KEY (id)
);
CREATE TABLE "Contact" (
	id INTEGER NOT NULL, 
	"ADSiMApplicationReceived__c" VARCHAR(255), 
	"ADSiMPreApplicationReceived__c" VARCHAR(255), 
	"ADSiMProgAgreementReceived__c" VARCHAR(255), 
	"BoardAgreementReceived__c" VARCHAR(255), 
	"BoardApplicationReceived__c" VARCHAR(255), 
	"BoardCoIReceived__c" VARCHAR(255), 
	"BoardMemberAcceptedDate__c" VARCHAR(255), 
	"BoardMemberStatus__c" VARCHAR(255), 
	"BoardResumeReceived__c" VARCHAR(255), 
	"BoardToNReceived__c" VARCHAR(255), 
	"CanvasSisId__c" VARCHAR(255), 
	"ClientMedicalDevices__c" VARCHAR(255), 
	"ClientStatus__c" VARCHAR(255), 
	"CriminalConviction__c" VARCHAR(255), 
	"DateStarted__c" VARCHAR(255), 
	"Email" VARCHAR(255), 
	"FacilitatorApplicationReceived__c" VARCHAR(255), 
	"FacilitatorCertAgreementReceived__c" VARCHAR(255), 
	"FacilitatorInfrNoticeReceived__c" VARCHAR(255), 
	"FacilitatorPracticumReceived__c" VARCHAR(255), 
	"FacilitatorProfGrowthPlanReceived__c" VARCHAR(255), 
	"FacilitatorProgAgreementReceived__c" VARCHAR(255), 
	"FacilitatorReferenceReceived__c" VARCHAR(255), 
	"FacilitatorStatus__c" VARCHAR(255), 
	"FirstName" VARCHAR(255), 
	"GW_Volunteers__Volunteer_Auto_Reminder_Email_Opt_Out__c" VARCHAR(255), 
	"GW_Volunteers__Volunteer_Availability__c" VARCHAR(255), 
	"GW_Volunteers__Volunteer_Last_Web_Signup_Date__c" VARCHAR(255), 
	"GW_Volunteers__Volunteer_Manager_Notes__c" VARCHAR(255), 
	"GW_Volunteers__Volunteer_Notes__c" VARCHAR(255), 
	"GW_Volunteers__Volunteer_Organization__c" VARCHAR(255), 
	"GW_Volunteers__Volunteer_Skills__c" VARCHAR(255), 
	"GW_Volunteers__Volunteer_Status__c" VARCHAR(255), 
	"Language__c" VARCHAR(255), 
	"LastName" VARCHAR(255), 
	"LeadFacilitatorStatus__c" VARCHAR(255), 
	"LeadInterest__c" VARCHAR(255), 
	"LeadSourceOther__c" VARCHAR(255), 
	"OtherLanguages__c" VARCHAR(255), 
	"Phone" VARCHAR(255), 
	"Positions__c" VARCHAR(255), 
	"PronounOther__c" VARCHAR(255), 
	"Pronoun__c" VARCHAR(255), 
	"PuppyApplicationReceived__c" VARCHAR(255), 
	"PuppyCertAgreementReceived__c" VARCHAR(255), 
	"PuppyInfrNoticeReceived__c" VARCHAR(255), 
	"PuppyProgAgreementReceived__c" VARCHAR(255), 
	"PuppyRaiserStatus__c" VARCHAR(255), 
	"PuppyReferenceReceived__c" VARCHAR(255), 
	"StaffAgreementReceived__c" VARCHAR(255), 
	"StaffApplicationReceived__c" VARCHAR(255), 
	"StaffI9Received__c" VARCHAR(255), 
	"StaffOfferReceived__c" VARCHAR(255), 
	"StaffResumeReceived__c" VARCHAR(255), 
	"StaffW4Received__c" VARCHAR(255), 
	"SystemAccess__c" VARCHAR(255), 
	"TrainerApplicationReceived__c" VARCHAR(255), 
	"TrainerBoardTrain__c" VARCHAR(255), 
	"TrainerCertAgreementReceived__c" VARCHAR(255), 
	"TrainerInfrNoticeReceived__c" VARCHAR(255), 
	"TrainerProgAgreementReceived__c" VARCHAR(255), 
	"TrainerSpecialties__c" VARCHAR(255), 
	"TrainerStatus__c" VARCHAR(255), 
	"VolunteerAgreementReceived__c" VARCHAR(255), 
	"VolunteerApplicationReceived__c" VARCHAR(255), 
	"VolunteerFocus__c" VARCHAR(255), 
	"VolunteerResumeReceived__c" VARCHAR(255), 
	"npe01__AlternateEmail__c" VARCHAR(255), 
	"npe01__HomeEmail__c" VARCHAR(255), 
	"npe01__PreferredPhone__c" VARCHAR(255), 
	"npe01__Preferred_Email__c" VARCHAR(255), 
	"npe01__Primary_Address_Type__c" VARCHAR(255), 
	"npe01__Private__c" VARCHAR(255), 
	"npe01__Secondary_Address_Type__c" VARCHAR(255), 
	"npe01__WorkEmail__c" VARCHAR(255), 
	"npe01__WorkPhone__c" VARCHAR(255), 
	"npo02__AverageAmount__c" VARCHAR(255), 
	"npo02__Best_Gift_Year_Total__c" VARCHAR(255), 
	"npo02__Best_Gift_Year__c" VARCHAR(255), 
	"npo02__FirstCloseDate__c" VARCHAR(255), 
	"npo02__Household_Naming_Order__c" VARCHAR(255), 
	"npo02__LargestAmount__c" VARCHAR(255), 
	"npo02__LastCloseDate__c" VARCHAR(255), 
	"npo02__LastMembershipAmount__c" VARCHAR(255), 
	"npo02__LastMembershipDate__c" VARCHAR(255), 
	"npo02__LastMembershipLevel__c" VARCHAR(255), 
	"npo02__LastMembershipOrigin__c" VARCHAR(255), 
	"npo02__LastOppAmount__c" VARCHAR(255), 
	"npo02__MembershipEndDate__c" VARCHAR(255), 
	"npo02__MembershipJoinDate__c" VARCHAR(255), 
	"npo02__Naming_Exclusions__c" VARCHAR(255), 
	"npo02__NumberOfClosedOpps__c" VARCHAR(255), 
	"npo02__NumberOfMembershipOpps__c" VARCHAR(255), 
	"npo02__OppAmount2YearsAgo__c" VARCHAR(255), 
	"npo02__OppAmountLastNDays__c" VARCHAR(255), 
	"npo02__OppAmountLastYear__c" VARCHAR(255), 
	"npo02__OppAmountThisYear__c" VARCHAR(255), 
	"npo02__OppsClosed2YearsAgo__c" VARCHAR(255), 
	"npo02__OppsClosedLastNDays__c" VARCHAR(255), 
	"npo02__OppsClosedLastYear__c" VARCHAR(255), 
	"npo02__OppsClosedThisYear__c" VARCHAR(255), 
	"npo02__SmallestAmount__c" VARCHAR(255), 
	"npo02__Soft_Credit_Last_Year__c" VARCHAR(255), 
	"npo02__Soft_Credit_This_Year__c" VARCHAR(255), 
	"npo02__Soft_Credit_Total__c" VARCHAR(255), 
	"npo02__Soft_Credit_Two_Years_Ago__c" VARCHAR(255), 
	"npo02__TotalMembershipOppAmount__c" VARCHAR(255), 
	"npo02__TotalOppAmount__c" VARCHAR(255), 
	"npsp__Deceased__c" VARCHAR(255), 
	"npsp__Do_Not_Contact__c" VARCHAR(255), 
	"npsp__Exclude_from_Household_Formal_Greeting__c" VARCHAR(255), 
	"npsp__Exclude_from_Household_Informal_Greeting__c" VARCHAR(255), 
	"npsp__Exclude_from_Household_Name__c" VARCHAR(255), 
	"npsp__First_Soft_Credit_Amount__c" VARCHAR(255), 
	"npsp__First_Soft_Credit_Date__c" VARCHAR(255), 
	"npsp__Largest_Soft_Credit_Amount__c" VARCHAR(255), 
	"npsp__Largest_Soft_Credit_Date__c" VARCHAR(255), 
	"npsp__Last_Soft_Credit_Amount__c" VARCHAR(255), 
	"npsp__Last_Soft_Credit_Date__c" VARCHAR(255), 
	"npsp__Number_of_Soft_Credits_Last_N_Days__c" VARCHAR(255), 
	"npsp__Number_of_Soft_Credits_Last_Year__c" VARCHAR(255), 
	"npsp__Number_of_Soft_Credits_This_Year__c" VARCHAR(255), 
	"npsp__Number_of_Soft_Credits_Two_Years_Ago__c" VARCHAR(255), 
	"npsp__Number_of_Soft_Credits__c" VARCHAR(255), 
	"npsp__Soft_Credit_Last_N_Days__c" VARCHAR(255), 
	"npsp__is_Address_Override__c" VARCHAR(255), 
	"AccountId" VARCHAR(255), 
	"ReportsToId" VARCHAR(255), 
	"npo02__Household__c" VARCHAR(255), 
	"npsp__Batch__c" VARCHAR(255), 
	"npsp__Current_Address__c" VARCHAR(255), 
	"npsp__Primary_Affiliation__c" VARCHAR(255), 
	PRIMARY KEY (id)
);
INSERT INTO "Contact" VALUES(1,'','','','','','','','','','','','','None','False','','kathy+patton7@example.net','','','','','','','','None','Patton','False','','','','','','','','English','Kathy','','','','','9836109415','','','','','','','','None','','','','','','','','','','False','','','','','None','','','','','k-patton2@example.org','kathy+patton7@example.net','Home','Personal','','False','Work','kathy+patton1946@example.com','+1-131-963-3293x14889','0.0','','','','','0.0','','0.0','','','','0.0','','','','0.0','0.0','0.0','0.0','0.0','0.0','0.0','0.0','0.0','0.0','0.0','','','','','0.0','0.0','False','False','False','False','False','','','','','','','','','','','','0.0','False','188','','','','','');
INSERT INTO "Contact" VALUES(2,'','','','','','','','Inactive','','','42Q3PRW3','Inside day someone central try.','Initial Inquiry','False','2009-12-11','shaun.cuevas@example.com','','','','','','','','None','Shaun','False','','','','Road north you nor price though push. Attention around mission body.','','Sales','None','English','Cuevas','None','Sponsorship/Donations','Oneill-Castro','Spanish;French','+1-193-123-6396x920','Client','Likely.','She/Her','','','','','None','','','','','','','','Active Projects- ADI','','True','','','','Mobility;Autism','None','','','','','sh.cuevas1991@example.net','shaun.cuevas@example.com','Home','Personal','','False','Other','scuevas76@example.net','+1-019-080-6614x461','0.0','18573.0','2006','2022-05-23','79838.0','0.0','2022-12-10','0.0','2022-03-14','Offer court reality yard fear six yeah. Similar yourself difficult. Democrat sport teacher less.','Clear discussion career dark or. Man thousand newspaper church. Week type often now worker.','0.0','2022-04-13','2022-12-27','Household__c.Name','0.0','0.0','0.0','0.0','0.0','0.0','0.0','0.0','0.0','0.0','0.0','28320.0','15889.0','85300.0','83098.0','0.0','0.0','False','False','False','False','True','72713.0','2022-10-09','40820.0','2022-09-11','77795.0','','68151.0','9310.0','95034.0','44052.0','48107.0','0.0','False','188','','','','','');
INSERT INTO "Contact" VALUES(3,'','','','','','','','None','','','41JMPFFV','Democrat game everything often.','Onboarding','False','2000-10-18','auesparza64@example.net','','','','','','','','None','Austin','False','','','','Guy language without enter research happen financial. Her light smile sometimes.','','Fundraising/Grants','Inactive','English','Esparza','None','Volunteering','Mcgrath, Boone and Zamora','Spanish','+1-421-451-2157x83880','Client;Puppy Raiser','Recent.','They/Them','','','','','Initial Inquiry','','','','','','','','Active Projects- ADI','','False','','','','Diabetes Alert','None','','','','','austin_esparza10@example.net','auesparza64@example.net','Home','Personal','','False','Home','a+esparza70@example.org','010-657-7597','0.0','63141.0','2010','2022-07-26','95710.0','0.0','2022-08-18','0.0','2022-08-29','Student trip finally two run. Fear pass agent often federal.','Ability rather arrive game method box.','0.0','2022-08-07','2022-10-05','Household__c.Formal_Greeting__c','0.0','0.0','0.0','0.0','0.0','0.0','0.0','0.0','0.0','0.0','0.0','60279.0','55716.0','35575.0','36169.0','0.0','0.0','False','False','True','False','False','56709.0','2023-01-14','50296.0','2022-05-13','59616.0','','83119.0','6588.0','54256.0','99500.0','16631.0','0.0','False','188','','','','','');
INSERT INTO "Contact" VALUES(4,'','','','','','','','Initial Inquiry','','','AO2MAL8Z','Perhaps blue report case success side my age.','None','True','2018-05-20','d-lawrence07@example.org','','','','','','','','None','Deborah','False','','','','Evidence goal eat include economic. Cause whose human behavior. How language perhaps early try summer no century. No quality sense although church.','','Photography/Videography','None','English','Lawrence','None','Teams Set in Motion Program','Bright, Winters and Mcclain','American Sign Language','141.944.1858x904','Board Member','Hard use.','They/Them','','','','','None','','','','','','','','Operations- Master Docs - READ ONLY','','False','','','','Mobility','None','','','','','deborah_lawrence6@example.net','d-lawrence07@example.org','Home','Personal','','False','Work','deborah+lawrence@example.org','205.406.3766','0.0','8238.0','1978','2022-10-21','84990.0','0.0','2022-05-07','0.0','2022-10-20','West government information realize benefit social. Road every focus concern box deep industry.','Kitchen take line onto worker believe indicate. Fund some customer yard.','0.0','2022-06-02','2022-11-07','Household__c.Name','0.0','0.0','0.0','0.0','0.0','0.0','0.0','0.0','0.0','0.0','0.0','27137.0','99342.0','54247.0','99611.0','0.0','0.0','False','False','False','False','True','14378.0','2022-12-09','17405.0','2022-07-11','98283.0','','66848.0','97577.0','36717.0','22709.0','6081.0','0.0','False','188','','','','','');
INSERT INTO "Contact" VALUES(5,'','','','','','','','','','','','','None','False','','ma_mclaughlin81@example.com','','','','','','','','None','Mclaughlin','False','','','','','','','','English','Marco','','','','','900-309-9299x75794','','','','','','','','None','','','','','','','','','','False','','','','','None','','','','','m+mclaughlin47@example.org','ma_mclaughlin81@example.com','Home','Personal','','False','Home','m.mclaughlin1985@example.org','658.183.8337','0.0','','','','','0.0','','0.0','','','','0.0','','','','0.0','0.0','0.0','0.0','0.0','0.0','0.0','0.0','0.0','0.0','0.0','','','','','0.0','0.0','False','False','False','False','False','','','','','','','','','','','','0.0','False','190','','','','','');
INSERT INTO "Contact" VALUES(6,'','','','','','','','','','','','','None','False','','chadbyrd1985@example.org','','','','','','','','None','Byrd','False','','','','','','','','English','Chad','','','','','4141471716','','','','','','','','None','','','','','','','','','','False','','','','','None','','','','','c-byrd1998@example.org','chadbyrd1985@example.org','Home','Personal','','False','Other','chad.byrd1963@example.com','799-817-7845x6864','0.0','','','','','0.0','','0.0','','','','0.0','','','','0.0','0.0','0.0','0.0','0.0','0.0','0.0','0.0','0.0','0.0','0.0','','','','','0.0','0.0','False','False','False','False','False','','','','','','','','','','','','0.0','False','190','','','','','');
INSERT INTO "Contact" VALUES(7,'','','','','','','','Onboarding','','','DL5VX3XN','Development himself compare half increase.','None','True','2007-02-08','da.burton1996@example.net','','','','','','','','None','David','False','','','','Listen stuff left. High month may card defense. Plan tend even campaign.','','Outreach/Networking','Active','English','Burton','None','Client Certification','Stuart, Galloway and Lee','Spanish;French','001.818.1233x536','Trainer','Nearly.','Prefer to self-describe','','','','','None','','','','','','','','Active Projects- Community Outreach and Education','','False','','','','Narcolepsy Alert','Initial Inquiry','','','','','da-burton5@example.com','da.burton1996@example.net','Home','Personal','','False','Home','da_burton53@example.org','(504)835-5206x3542','0.0','82106.0','1999','2023-02-04','75839.0','0.0','2022-05-22','0.0','2023-01-04','Poor mother energy wait professor. Walk its speech car.','Truth upon course citizen natural.','0.0','2022-11-08','2022-08-09','Household__c.Informal_Greeting__c','0.0','0.0','0.0','0.0','0.0','0.0','0.0','0.0','0.0','0.0','0.0','28599.0','20745.0','39939.0','63257.0','0.0','0.0','False','False','False','True','False','40488.0','2022-03-31','64385.0','2022-06-11','40940.0','','18981.0','5071.0','24558.0','96858.0','1038.0','0.0','False','190','','','','','');
INSERT INTO "Contact" VALUES(8,'','','','','','','','None','','','5JO5QX0Z','Fish small help business run see.','None','False','2004-03-14','ba-sweeney88@example.com','','','','','','','','None','Barbara','False','','','','Too everything loss food account. Three morning daughter everything. Lot get cell before.','','SEO','Active','Mandarin','Sweeney','None','Client Certification','Fritz Inc','French','(566)209-6756x99623','Volunteer','Arrive.','Prefer to self-describe','','','','','None','','','','','','','','Operations- Financial','','False','','','','Mobility;Autism','None','','','','','ba+sweeney1@example.org','ba-sweeney88@example.com','Home','Personal','','False','Other','barbara-sweeney0@example.com','001-648-486-6980x01683','0.0','17398.0','1998','2022-08-10','34366.0','0.0','2022-06-14','0.0','2022-09-27','Sure push politics hundred. Again assume against pull establish fund. Common soldier outside mind.','Television growth between item order defense. Someone officer national bar use brother.','0.0','2022-04-29','2022-08-28','Household__c.Name','0.0','0.0','0.0','0.0','0.0','0.0','0.0','0.0','0.0','0.0','0.0','49630.0','58004.0','78358.0','55993.0','0.0','0.0','False','False','False','False','True','42704.0','2022-09-20','15679.0','2022-05-19','90063.0','','85800.0','54839.0','47925.0','36843.0','40418.0','0.0','False','190','','','','','');
INSERT INTO "Contact" VALUES(9,'','','','','','','','','','','','','None','False','','anthony+camacho2000@example.net','','','','','','','','None','Camacho','False','','','','','','','','English','Anthony','','','','','2230581618','','','','','','','','None','','','','','','','','','','False','','','','','None','','','','','anthony-camacho5@example.com','anthony+camacho2000@example.net','Home','Personal','','False','Home','an.camacho76@example.org','001-953-177-6650x38788','0.0','','','','','0.0','','0.0','','','','0.0','','','','0.0','0.0','0.0','0.0','0.0','0.0','0.0','0.0','0.0','0.0','0.0','','','','','0.0','0.0','False','False','False','False','False','','','','','','','','','','','','0.0','False','192','','','','','');
INSERT INTO "Contact" VALUES(10,'','','','','','','','','','','','','None','False','','k-downs81@example.org','','','','','','','','None','Downs','False','','','','','','','','English','Kirk','','','','','(578)966-0198x158','','','','','','','','None','','','','','','','','','','False','','','','','None','','','','','k_downs@example.com','k-downs81@example.org','Home','Personal','','False','Other','kirkdowns@example.com','(596)026-0013','0.0','','','','','0.0','','0.0','','','','0.0','','','','0.0','0.0','0.0','0.0','0.0','0.0','0.0','0.0','0.0','0.0','0.0','','','','','0.0','0.0','False','False','False','False','False','','','','','','','','','','','','0.0','False','192','','','','','');
INSERT INTO "Contact" VALUES(11,'','','','','','','','None','','','EGNSKG4B','Follow popular never challenge rule house collection.','','False','2018-04-14','cory_kidd8@example.net','','','','','','','','None','Cory','False','','','','Window necessary specific operation matter. Concern do change attorney.','','Writing/Communications','None','English','Kidd','None','General info/Other','Haas-Romero','Japanese','+1-851-771-5066','Trainer;Client','Only.','He/Him','','','','','None','','','','','','','','Active Projects- Client Certification','','True','','','','Autism','Onboarding','','','','','co_kidd93@example.org','cory_kidd8@example.net','Home','Personal','','False','Home','co-kidd62@example.net','708-157-8406x1535','0.0','78682.0','1980','2023-02-06','28656.0','0.0','2022-10-24','0.0','2022-12-05','Beat reveal course minute significant. Between responsibility thought individual fly.','Economy challenge consider. Economic fly stop stand. Line watch last common whom.','0.0','2023-01-06','2022-04-10','Household__c.Informal_Greeting__c','0.0','0.0','0.0','0.0','0.0','0.0','0.0','0.0','0.0','0.0','0.0','87982.0','66660.0','49459.0','27629.0','0.0','0.0','False','False','False','True','False','48914.0','2022-06-03','75775.0','2022-09-10','43696.0','','17662.0','44753.0','80031.0','14985.0','7407.0','0.0','False','192','','','','','');
INSERT INTO "Contact" VALUES(12,'','','','','','','','Inactive','','','2AUHU0SZ','Truth sometimes eight actually sound.','Onboarding','False','2018-09-13','m+dorsey68@example.net','','','','','','','','None','Mitchell','False','','','','They science near compare here response may. Around decade clearly who remain hear. Trial father those player.','','Writing/Communications','None','Spanish','Dorsey','None','Sponsorship/Donations','Salazar, Blevins and Mccann','Spanish','+1-900-712-6073x505','Client','Will.','Prefer to self-describe','','','','','None','','','','','','','','Active Projects- Governance, Compliance and Operations','','True','','','','Autism','None','','','','','midorsey9@example.net','m+dorsey68@example.net','Home','Personal','','False','Home','m.dorsey71@example.org','(255)125-3488','0.0','69044.0','1979','2023-01-15','93608.0','0.0','2022-03-09','0.0','2022-08-07','Wrong different player know coach social author. Program property thought sign rise boy.','Run serve such necessary here open. Education his financial dark strategy under campaign.','0.0','2022-05-16','2022-10-26','Household__c.Informal_Greeting__c','0.0','0.0','0.0','0.0','0.0','0.0','0.0','0.0','0.0','0.0','0.0','87128.0','48100.0','33268.0','75147.0','0.0','0.0','False','False','False','True','False','78588.0','2022-09-04','96684.0','2022-11-15','96461.0','','68044.0','47131.0','52355.0','58219.0','80040.0','0.0','False','192','','','','','');
INSERT INTO "Contact" VALUES(13,'','','','','','','','None','','','GDH99QRF','Fill sort vote early.','None','False','2004-09-04','h-dillon7@example.org','','','','','','','','None','Howard','False','','','','Us room point energy plan role call. Wall order black people stuff. Stuff service since and executive take baby create.','','Photography/Videography','Onboarding','English','Dillon','None','Assistance Dogs Set in Motion Program','Cortez, Martin and Padilla','Italian','453.129.6381','Trainer','According.','Prefer not to answer','','','','','None','','','','','','','','Active Projects- Dog Availability','','True','','','','Medical Incident Assist','Onboarding','','','','','h+dillon2009@example.org','h-dillon7@example.org','Home','Personal','','False','Home','ho_dillon85@example.com','(689)603-8563x715','0.0','38016.0','2015','2022-07-06','95867.0','0.0','2022-04-27','0.0','2022-08-13','Such pass information father middle area voice. Game girl already cover argue attorney recently.','Attack trouble save your. Himself off cold picture change play commercial building.','0.0','2022-08-01','2022-07-05','Household__c.Formal_Greeting__c','0.0','0.0','0.0','0.0','0.0','0.0','0.0','0.0','0.0','0.0','0.0','68909.0','49136.0','20748.0','76825.0','0.0','0.0','False','False','True','False','False','59567.0','2023-02-11','57752.0','2022-11-27','12132.0','','63833.0','43757.0','11973.0','17629.0','81236.0','0.0','False','192','','','','','');
INSERT INTO "Contact" VALUES(14,'','','','','','','','','','','','','None','False','','ma.bryan10@example.com','','','','','','','','None','Bryan','False','','','','','','','','English','Mandy','','','','','776-382-5001','','','','','','','','None','','','','','','','','','','False','','','','','None','','','','','ma+bryan@example.com','ma.bryan10@example.com','Home','Personal','','False','Work','m_bryan1978@example.com','+1-039-732-0721x07556','0.0','','','','','0.0','','0.0','','','','0.0','','','','0.0','0.0','0.0','0.0','0.0','0.0','0.0','0.0','0.0','0.0','0.0','','','','','0.0','0.0','False','False','False','False','False','','','','','','','','','','','','0.0','False','196','','','','','');
INSERT INTO "Contact" VALUES(15,'','','','','','','','','','','','','None','False','','c_page67@example.org','','','','','','','','None','Page','False','','','','','','','','English','Chase','','','','','001-256-162-0445','','','','','','','','None','','','','','','','','','','False','','','','','None','','','','','chase.page1978@example.org','c_page67@example.org','Home','Personal','','False','Home','c+page9@example.net','001-433-529-7783x75337','0.0','','','','','0.0','','0.0','','','','0.0','','','','0.0','0.0','0.0','0.0','0.0','0.0','0.0','0.0','0.0','0.0','0.0','','','','','0.0','0.0','False','False','False','False','False','','','','','','','','','','','','0.0','False','196','','','','','');
INSERT INTO "Contact" VALUES(16,'','','','','','','','Active','','','42Q3PK6B','Commercial that reach cup animal stock manage.','None','False','2012-02-08','alan-saunders1949@example.org','','','','','','','','None','Alan','False','','','','Stand throw his a bill fine. Likely lawyer Mr establish others step investment present. Run blood action particular.','','Administration','Onboarding','English','Saunders','None','Sweet Snoopers Training Program','Gonzalez-Huffman','Japanese','(368)957-9248x7323','Staff','Say.','She/Her','','','','','None','','','','','','','','Board','','True','','','','Diabetes Alert','None','','','','','al-saunders1969@example.com','alan-saunders1949@example.org','Home','Personal','','False','Home','alan_saunders1991@example.org','(646)017-2049','0.0','22765.0','2006','2022-03-14','67803.0','0.0','2022-07-21','0.0','2022-04-30','War letter eight produce own. Democrat relate toward room let.','Teach health southern before animal few everything piece. Seem water stuff despite.','0.0','2022-11-15','2022-06-02','Household__c.Informal_Greeting__c','0.0','0.0','0.0','0.0','0.0','0.0','0.0','0.0','0.0','0.0','0.0','55684.0','66140.0','871.0','66981.0','0.0','0.0','False','False','False','True','False','57530.0','2022-07-24','95437.0','2022-12-22','47539.0','','53311.0','3036.0','7155.0','39014.0','56888.0','0.0','False','196','','','','','');
INSERT INTO "Contact" VALUES(17,'','','','','','','','Initial Inquiry','','','41JMOSAJ','East tough experience manage over ago.','None','False','2008-10-18','karina+duffy3@example.com','','','','','','','','Discontinued','Karina','False','','','','Vote others nearly list building stay. Price position ball news sea there over. Tell write on.','','Financial/Bookkeeping','Onboarding','Italian','Duffy','Active','Trainer Certification','Bolton-Simmons','Spanish','8970289049','Team Facilitator Lead','Player.','She/Her','','','','','None','','','','','','','','Active Projects- Governance, Compliance and Operations','','False','','','','Medical Incident Assist','None','','','','','karina_duffy@example.net','karina+duffy3@example.com','Home','Personal','','False','Work','karina+duffy@example.com','+1-582-166-1203x9311','0.0','31133.0','1981','2022-09-10','25464.0','0.0','2022-09-07','0.0','2022-06-22','Really main new activity plant. Scientist mission whether worry fly.','Sister speak nature simply. Deal someone small reason response age. Such happy too customer.','0.0','2022-04-29','2022-04-22','Household__c.Formal_Greeting__c','0.0','0.0','0.0','0.0','0.0','0.0','0.0','0.0','0.0','0.0','0.0','17286.0','21561.0','8155.0','56820.0','0.0','0.0','False','False','True','False','False','2491.0','2022-06-21','58352.0','2022-04-22','18786.0','','83591.0','61345.0','51301.0','1653.0','4284.0','0.0','False','196','','','','','');
INSERT INTO "Contact" VALUES(18,'','','','','','','','Inactive','','','AO2M9Y3N','Last white side specific.','None','False','2000-11-07','jamontoya@example.org','','','','','','','','Certified-Active','Jane','False','','','','Republican point room behind. Mission wide reflect Republican. Writer yard alone scientist fast little meet keep.','','Fundraising/Grants','Onboarding','English','Montoya','Active','Trainer Certification','Horn-Nash','Spanish;French','843.414.7927','Team Facilitator Lead','Bank star.','Prefer not to answer','','','','','None','','','','','','','','Board','','True','','','','Mobility','None','','','','','jmontoya1969@example.com','jamontoya@example.org','Home','Personal','','False','Other','ja.montoya65@example.com','(729)458-8622','0.0','72118.0','2006','2022-12-14','6195.0','0.0','2023-01-19','0.0','2022-08-24','Positive dog event top step along spring. Crime view radio thank.','Ago road you task get. Space central use life peace. While and it alone.','0.0','2022-07-12','2023-01-19','Household__c.Formal_Greeting__c','0.0','0.0','0.0','0.0','0.0','0.0','0.0','0.0','0.0','0.0','0.0','85712.0','83211.0','55698.0','32614.0','0.0','0.0','False','False','True','False','False','53231.0','2022-06-16','66073.0','2022-03-21','26185.0','','94517.0','92920.0','5820.0','6670.0','1749.0','0.0','False','196','','','','','');
INSERT INTO "Contact" VALUES(19,'','','','','','','','','','','','','None','False','','cpatton1996@example.net','','','','','','','','None','Patton','False','','','','','','','','English','Christine','','','','','001-349-693-7047','','','','','','','','None','','','','','','','','','','False','','','','','None','','','','','christine_patton@example.net','chpatton@example.org','Home','Personal','Work','False','Home','ch+patton1992@example.net','+1-548-560-3876x911','0.0','','','','','0.0','','0.0','','','','0.0','','','','0.0','0.0','0.0','0.0','0.0','0.0','0.0','0.0','0.0','0.0','0.0','','','','','0.0','0.0','False','False','False','False','False','','','','','','','','','','','','0.0','False','198','','','','','');
INSERT INTO "Contact" VALUES(20,'','','','','','','','','','','','','None','False','','ni+hunt3@example.com','','','','','','','','None','Hunt','False','','','','','','','','English','Nichole','','','','','+1-827-070-5305x972','','','','','','','','None','','','','','','','','','','False','','','','','None','','','','','nihunt5@example.org','ni+hunt3@example.com','Home','Personal','','False','Home','ni_hunt69@example.com','(719)482-1242','0.0','','','','','0.0','','0.0','','','','0.0','','','','0.0','0.0','0.0','0.0','0.0','0.0','0.0','0.0','0.0','0.0','0.0','','','','','0.0','0.0','False','False','False','False','False','','','','','','','','','','','','0.0','False','199','','','','','');
INSERT INTO "Contact" VALUES(21,'','','','','','','','','','','','','None','False','','donna.spencer@example.com','','','','','','','','None','Spencer','False','','','','','','','','English','Donna','','','','','732-214-5769x7220','','','','','','','','None','','','','','','','','','','False','','','','','None','','','','','do+spencer99@example.org','donna.spencer@example.com','Home','Personal','','False','Work','do+spencer04@example.com','757-664-7399x6842','0.0','','','','','0.0','','0.0','','','','0.0','','','','0.0','0.0','0.0','0.0','0.0','0.0','0.0','0.0','0.0','0.0','0.0','','','','','0.0','0.0','False','False','False','False','False','','','','','','','','','','','','0.0','False','199','','','','','');
INSERT INTO "Contact" VALUES(22,'','','','','','','','Inactive','','','DL5VWW7V','Oil short call seat first candidate.','Discontinued','False','2014-02-24','k_shaw78@example.org','','','','','','','','None','Katherine','False','','','','Learn during crime scene history degree president. Now door attention never day president whatever. Until democratic community never reveal.','','Nonprofit Leadership','Initial Inquiry','English','Shaw','None','Volunteering','Lee, Strickland and Cohen','Spanish','881-146-3445x285','Volunteer;Client','Rise of.','They/Them','','','','','None','','','','','','','','Active Projects- Academy','','False','','','','Diabetes Alert','None','','','','','katherine_shaw@example.net','k_shaw78@example.org','Home','Personal','','False','Work','ka.shaw1947@example.net','001-861-205-8432x73996','0.0','79695.0','1977','2022-06-17','5668.0','0.0','2022-04-08','0.0','2023-02-24','Have who space include rather spend. Activity relate discover indicate.','Buy heavy edge fine social around build. Wrong discover brother value study.','0.0','2023-02-11','2022-12-12','Household__c.Name','0.0','0.0','0.0','0.0','0.0','0.0','0.0','0.0','0.0','0.0','0.0','95988.0','41584.0','58118.0','46330.0','0.0','0.0','False','False','False','False','True','5283.0','2022-03-30','91015.0','2022-05-04','49073.0','','41750.0','42081.0','52067.0','17957.0','24228.0','0.0','False','199','','','','','');
INSERT INTO "Contact" VALUES(23,'','','','','','','','Inactive','','','5JO5RK6B','He third argue apply describe defense decide.','Certified','True','2003-12-09','stlevy7@example.org','','','','','','','','Suspended','Stacie','False','','','','Buy important join fill activity deal wall. Bag Mrs kind view choose value within. Last small pay leave impact.','','Outreach/Networking','Onboarding','English','Levy','Active','General info/Other','Stone-Hodge','English','538.356.7589x40677','Volunteer;Team Facilitator Lead;Client','Heart.','Prefer not to answer','','','','','None','','','','','','','','Sensitive Info- Trainer','','True','','','','Mobility;Autism','None','','','','','stlevy@example.net','stlevy7@example.org','Home','Personal','','False','Home','st+levy93@example.com','998.188.3327x093','0.0','65409.0','1987','2022-04-01','72781.0','0.0','2022-08-31','0.0','2022-06-05','Night floor civil stock and choose. Probably two computer blue strategy door natural.','Cell parent ball foot. Lawyer eye like notice eat.','0.0','2022-07-08','2022-10-17','Household__c.Name','0.0','0.0','0.0','0.0','0.0','0.0','0.0','0.0','0.0','0.0','0.0','45859.0','60867.0','21609.0','32510.0','0.0','0.0','False','False','False','False','True','86705.0','2022-10-30','46973.0','2022-12-14','80857.0','','50777.0','17614.0','70495.0','96334.0','2347.0','0.0','False','199','','','','','');
INSERT INTO "Contact" VALUES(24,'','','','','','','','Inactive','','','AO2MFB03','Leave build far low ten important education.','None','False','2008-02-11','gabauer@example.net','','','','','','','','Certified-Active','Gabriela','False','','','','Lose trip much yes. Girl figure worry sit religious though.','','Nonprofit Leadership','Active','English','Bauer','None','Teams Set in Motion Program','Liu-Hammond','Mandarin','942-228-2071x290','Team Facilitator','Contain.','Prefer not to answer','','','','','None','','','','','','','','Active Projects- Branding and Marketing','','False','','','','Seizure Response','None','','','','','gabauer8@example.org','gabauer@example.net','Home','Personal','','False','Work','gabauer5@example.org','968-920-2439x757','0.0','39362.0','1980','2022-10-27','31.0','0.0','2022-04-22','0.0','2022-11-21','Feel not morning clearly six change. Program exactly gun attorney here identify machine by.','Activity eat grow forward. Old over learn book food boy stand. Prevent even spend its once manage.','0.0','2022-03-20','2023-01-12','Household__c.Name','0.0','0.0','0.0','0.0','0.0','0.0','0.0','0.0','0.0','0.0','0.0','98907.0','51331.0','54849.0','76804.0','0.0','0.0','False','False','False','False','True','79325.0','2022-11-27','75543.0','2022-09-13','19654.0','','35041.0','84965.0','29594.0','55929.0','46586.0','0.0','False','44','','','','','');
INSERT INTO "Contact" VALUES(25,'','','','','','','','','','','','','None','False','','neil_mcgrath2011@example.com','','','','','','','','None','Mcgrath','False','','','','','','','','English','Neil','','','','','836.087.7788x52259','','','','','','','','None','','','','','','','','','','False','','','','','None','','','','','neil-mcgrath04@example.net','neil_mcgrath2011@example.com','Home','Personal','','False','Work','ne.mcgrath1@example.com','671-020-8929x6188','0.0','','','','','0.0','','0.0','','','','0.0','','','','0.0','0.0','0.0','0.0','0.0','0.0','0.0','0.0','0.0','0.0','0.0','','','','','0.0','0.0','False','False','False','False','False','','','','','','','','','','','','0.0','False','46','','','','','');
INSERT INTO "Contact" VALUES(26,'','','','','','','','Inactive','','','42Q3XX3N','Enter offer finish ball often unit today.','None','False','2018-11-23','k.zhang@example.org','','','','','','','','None','Kristie','False','','','','Head ok anything inside fund everything its. Most first miss old. Light degree understand whom participant worry wall.','','Disability Advocacy','Inactive','English','Zhang','None','Volunteering','Richardson Group','Spanish','128.769.7966x2739','Donor','Safe sort.','They/Them','','','','','None','','','','','','','','Active Projects- Scholarships','','True','','','','Seizure Response','None','','','','','kr+zhang1989@example.org','k.zhang@example.org','Home','Personal','','False','Work','kristie.zhang70@example.net','+1-352-918-3391x768','0.0','3055.0','1979','2023-02-08','34312.0','0.0','2022-08-04','0.0','2022-06-20','Management alone spring trial. Key TV act election.','Nice maybe view art region also concern.','0.0','2022-08-23','2022-06-01','Household__c.Name','0.0','0.0','0.0','0.0','0.0','0.0','0.0','0.0','0.0','0.0','0.0','12622.0','42674.0','34723.0','78035.0','0.0','0.0','False','False','False','False','True','47635.0','2022-10-18','80755.0','2022-08-28','68357.0','','97874.0','28358.0','89040.0','54081.0','1645.0','0.0','False','44','','','','','');
INSERT INTO "Contact" VALUES(27,'','','','','','','','Inactive','','','41JLZA2Z','Too suggest couple author down wish.','Certified','False','2014-11-17','va_hayden76@example.org','','','','','','','','Inactive','Valerie','False','','','','Evidence human until protect. Child current before mouth we what lose inside. Old sell ask go research teach. Perhaps organization hundred rate in member.','','Nonprofit Leadership','Inactive','English','Hayden','Active','Trainer Certification','Wilkerson-Wall','Mandarin','(729)936-3732x647','Volunteer;Team Facilitator Lead;Client','Door car.','Prefer not to answer','','','','','None','','','','','','','','Active Projects- Fund Development','','True','','','','Mobility','None','','','','','v+hayden@example.net','va_hayden76@example.org','Home','Personal','','False','Work','va-hayden56@example.org','+1-238-619-9802x83289','0.0','36266.0','1989','2022-12-19','6684.0','0.0','2022-08-28','0.0','2022-08-31','Sure when time should spend large into. Program lose assume test. Place much growth great number.','Everyone choice more throughout act difference series. Notice industry here better stand little.','0.0','2023-01-12','2022-03-07','Household__c.Name','0.0','0.0','0.0','0.0','0.0','0.0','0.0','0.0','0.0','0.0','0.0','87535.0','43518.0','3277.0','26618.0','0.0','0.0','False','False','False','False','True','38522.0','2022-03-06','75063.0','2022-12-12','70293.0','','83093.0','40627.0','50343.0','72214.0','88789.0','0.0','False','44','','','','','');
INSERT INTO "Contact" VALUES(28,'','','','','','','','','','','','','None','False','','h.riley59@example.com','','','','','','','','None','Riley','False','','','','','','','','English','Henry','','','','','2520137163','','','','','','','','None','','','','','','','','','','False','','','','','None','','','','','henry+riley8@example.com','h.riley59@example.com','Home','Personal','','False','Work','henry.riley@example.org','+1-657-041-5957x5771','0.0','','','','','0.0','','0.0','','','','0.0','','','','0.0','0.0','0.0','0.0','0.0','0.0','0.0','0.0','0.0','0.0','0.0','','','','','0.0','0.0','False','False','False','False','False','','','','','','','','','','','','0.0','False','46','','','','','');
INSERT INTO "Contact" VALUES(29,'','','','','','','','Onboarding','','','DL5V6YKR','Throw cause center less market.','None','False','2014-11-16','om+bauer70@example.org','','','','','','','','Discontinued','Omar','False','','','','Right hope product PM range. Enjoy finish away company wind treatment.','','Medical/Mental Health','Inactive','German','Bauer','Active','Volunteering','Powell Inc','Japanese','+1-747-601-9154x3140','Team Facilitator Lead','Medical.','Prefer not to answer','','','','','None','','','','','','','','Active Projects- Academy','','False','','','','Psychiatric;Autism','None','','','','','ombauer@example.org','om+bauer70@example.org','Home','Personal','','False','Home','om+bauer7@example.net','(441)689-6950','0.0','25566.0','2021','2022-10-12','32843.0','0.0','2022-04-01','0.0','2022-10-27','Just quite letter call.','Center TV manage general role want. Still gun box while opportunity per newspaper easy.','0.0','2022-06-24','2022-05-25','Household__c.Name','0.0','0.0','0.0','0.0','0.0','0.0','0.0','0.0','0.0','0.0','0.0','87894.0','65973.0','16153.0','21237.0','0.0','0.0','False','False','False','False','True','69463.0','2022-11-23','38343.0','2022-06-22','64973.0','','85312.0','68973.0','43125.0','19498.0','54179.0','0.0','False','46','','','','','');
INSERT INTO "Contact" VALUES(30,'','','','','','','','None','','','5JO551ZN','Difficult bank American majority.','Decertified','True','2004-12-04','robertjones2007@example.com','','','','','','','','Discontinued','Robert','False','','','','Mother away lose place standard this. Want draw half whom bed information. Price chance just government.','','Sales','Initial Inquiry','English','Jones','Active','Team Facilitator Certification','Fritz and Sons','Korean','+1-792-828-6657x59802','Volunteer;Team Facilitator Lead;Client','Much play.','He/Him','','','','','None','','','','','','','','Sensitive Info- Volunteer and Staff','','True','','','','Narcolepsy Alert','None','','','','','robert-jones9@example.org','robertjones2007@example.com','Home','Personal','','False','Work','robertjones4@example.org','+1-086-499-6770x012','0.0','11764.0','1976','2022-04-15','47161.0','0.0','2022-12-19','0.0','2022-07-26','Garden ball continue institution as. Cold stand car purpose.','Establish agreement kitchen response product. Stay build newspaper card subject far language.','0.0','2022-09-02','2022-05-06','Household__c.Name','0.0','0.0','0.0','0.0','0.0','0.0','0.0','0.0','0.0','0.0','0.0','21025.0','64760.0','9222.0','44227.0','0.0','0.0','False','False','False','False','True','87896.0','2023-01-31','15537.0','2023-02-17','65280.0','','94841.0','90197.0','79409.0','54208.0','3703.0','0.0','False','46','','','','','');
INSERT INTO "Contact" VALUES(31,'','','','','','','','None','','','2AUHOG6R','On method guy cup part.','None','True','2016-04-20','dwhite86@example.org','','','','','','','','None','Drew','False','','','','Necessary board spend certainly stuff sort.','','Administration','Initial Inquiry','English','White','None','Assistance Dogs Set in Motion Program','Kirby PLC','Cantonese','+1-083-336-3846x17636','Puppy Raiser','Act.','Prefer to self-describe','','','','','Initial Inquiry','','','','','','','','Operations- Trainer','','True','','','','Psychiatric;Autism','None','','','','','dr.white@example.com','dwhite86@example.org','Home','Personal','','False','Work','dr.white59@example.net','081.927.3911','0.0','28933.0','2011','2022-07-30','10731.0','0.0','2022-12-25','0.0','2022-10-17','Even theory beyond. Mrs cover these notice particularly across lead pattern.','Fall north to never thing on. Represent something huge rate. Entire feel my fire.','0.0','2022-08-24','2023-01-25','Household__c.Formal_Greeting__c','0.0','0.0','0.0','0.0','0.0','0.0','0.0','0.0','0.0','0.0','0.0','41755.0','8077.0','10305.0','66185.0','0.0','0.0','False','False','True','False','False','33341.0','2022-12-11','86030.0','2022-11-10','20628.0','','2420.0','50178.0','56682.0','21750.0','27897.0','0.0','False','50','','','','','');
INSERT INTO "Contact" VALUES(32,'','','','','','','','Active','','','EGNS15OB','School morning relate I.','None','False','2004-05-06','megan-brock1970@example.com','','','','','','','','None','Megan','False','','','','Wrong evidence picture establish animal. Management will do price per television successful. Short ever recognize movie stock real.','','Photography/Videography','None','Spanish','Brock','None','Teams Set in Motion Program','Lindsey, Campbell and Walsh','Cantonese','719-723-9141','Board Member','Month.','He/Him','','','','','None','','','','','','','','Sensitive Info- Volunteer and Staff','','True','','','','Narcolepsy Alert','None','','','','','me+brock82@example.net','megan-brock1970@example.com','Home','Personal','','False','Home','megan.brock@example.org','+1-095-592-9867','0.0','24862.0','1978','2022-12-09','24838.0','0.0','2022-07-09','0.0','2022-09-15','Officer discover add gas environment since.','Month where sense during future where no garden. Commercial walk southern same kid ground.','0.0','2022-05-22','2022-04-16','Household__c.Informal_Greeting__c','0.0','0.0','0.0','0.0','0.0','0.0','0.0','0.0','0.0','0.0','0.0','49236.0','74683.0','7138.0','27309.0','0.0','0.0','False','False','False','True','False','90715.0','2022-08-21','48894.0','2022-09-21','82701.0','','61577.0','62673.0','73650.0','80095.0','68978.0','0.0','False','46','','','','','');
INSERT INTO "Contact" VALUES(33,'','','','','','','','','','','','','None','False','','bernard+rowland0@example.com','','','','','','','','None','Rowland','False','','','','','','','','English','Bernard','','','','','(768)381-5586','','','','','','','','None','','','','','','','','','','False','','','','','None','','','','','browland70@example.com','bernard+rowland0@example.com','Home','Personal','','False','Other','b_rowland1986@example.net','669.179.8432','0.0','','','','','0.0','','0.0','','','','0.0','','','','0.0','0.0','0.0','0.0','0.0','0.0','0.0','0.0','0.0','0.0','0.0','','','','','0.0','0.0','False','False','False','False','False','','','','','','','','','','','','0.0','False','50','','','','','');
INSERT INTO "Contact" VALUES(34,'','','','','','','','','','','','','None','False','','m_simmons4@example.com','','','','','','','','None','Simmons','False','','','','','','','','English','Melinda','','','','','2474609559','','','','','','','','None','','','','','','','','','','False','','','','','None','','','','','m-simmons72@example.org','m_simmons4@example.com','Home','Personal','','False','Other','m.simmons67@example.com','001-737-869-6328','0.0','','','','','0.0','','0.0','','','','0.0','','','','0.0','0.0','0.0','0.0','0.0','0.0','0.0','0.0','0.0','0.0','0.0','','','','','0.0','0.0','False','False','False','False','False','','','','','','','','','','','','0.0','False','50','','','','','');
INSERT INTO "Contact" VALUES(35,'','','','','','','','Active','','','GDH9TW2J','Ever fear establish position.','','False','2022-02-07','d_taylor1966@example.net','','','','','','','','None','Darlene','False','','','','Conference smile doctor political speech. Offer later win yeah.','','Technology/Infrastructure','Active','Japanese','Taylor','None','Assistance Dogs Set in Motion Program','Wong Ltd','Spanish','854.337.3639x279','Staff','Improve.','Prefer to self-describe','','','','','None','','','','','','','','Active Projects- Volunteer Recruitment and Retention','','False','','','','Psychiatric;Autism','None','','','','','darlene.taylor1955@example.com','d_taylor1966@example.net','Home','Personal','','False','Work','darlenetaylor5@example.org','+1-294-076-7109x88841','0.0','39383.0','2021','2022-08-24','39334.0','0.0','2022-06-13','0.0','2022-06-04','Morning question article you. Onto his to score.','Her throughout wish even. Voice use foreign stock how son week open. Stay heart technology.','0.0','2023-02-07','2022-08-26','Household__c.Formal_Greeting__c','0.0','0.0','0.0','0.0','0.0','0.0','0.0','0.0','0.0','0.0','0.0','77595.0','77702.0','6954.0','98512.0','0.0','0.0','False','False','True','False','False','26906.0','2022-05-10','34145.0','2022-03-16','34589.0','','5243.0','45282.0','92557.0','99815.0','37881.0','0.0','False','50','','','','','');
INSERT INTO "Contact" VALUES(36,'','','','','','','','','','','','','None','False','','chgill59@example.net','','','','','','','','None','Gill','False','','','','','','','','English','Charlotte','','','','','9959690226','','','','','','','','None','','','','','','','','','','False','','','','','None','','','','','c.gill6@example.net','ch+gill1977@example.net','Home','Personal','Work','False','Other','c_gill@example.com','437-558-1334','0.0','','','','','0.0','','0.0','','','','0.0','','','','0.0','0.0','0.0','0.0','0.0','0.0','0.0','0.0','0.0','0.0','0.0','','','','','0.0','0.0','False','False','False','False','False','','','','','','','','','','','','0.0','False','52','','','','','');
INSERT INTO "Contact" VALUES(37,'','','','','','','','','','','','','None','False','','brittneyraymond@example.net','','','','','','','','None','Raymond','False','','','','','','','','English','Brittney','','','','','993.165.6930x30078','','','','','','','','None','','','','','','','','','','False','','','','','None','','','','','b+raymond@example.net','brittneyraymond@example.net','Home','Personal','','False','Work','brittney+raymond6@example.org','399.455.5613','0.0','','','','','0.0','','0.0','','','','0.0','','','','0.0','0.0','0.0','0.0','0.0','0.0','0.0','0.0','0.0','0.0','0.0','','','','','0.0','0.0','False','False','False','False','False','','','','','','','','','','','','0.0','False','53','','','','','');
INSERT INTO "Contact" VALUES(38,'','','','','','','','','','','','','None','False','','mbaird1966@example.net','','','','','','','','None','Baird','False','','','','','','','','English','Marilyn','','','','','(531)454-8436x09383','','','','','','','','None','','','','','','','','','','False','','','','','None','','','','','marilyn-baird87@example.org','mbaird1966@example.net','Home','Personal','','False','Work','marilyn.baird@example.com','339.662.3956x6828','0.0','','','','','0.0','','0.0','','','','0.0','','','','0.0','0.0','0.0','0.0','0.0','0.0','0.0','0.0','0.0','0.0','0.0','','','','','0.0','0.0','False','False','False','False','False','','','','','','','','','','','','0.0','False','53','','','','','');
INSERT INTO "Contact" VALUES(39,'','','','','','','','Active','','','42Q3XPDV','Other range town thing.','None','False','2002-05-19','j-holden95@example.net','','','','','','','','Suspended','Joshua','False','','','','Black who light five word within law. Relationship answer prove change road month single himself.','','Fundraising/Grants','Onboarding','English','Holden','None','Teams Set in Motion Program','Maynard, Monroe and Saunders','Tagalog','968.177.6428','Volunteer;Team Facilitator','Spend.','Prefer not to answer','','','','','None','','','','','','','','Active Projects- Volunteer Recruitment and Retention','','True','','','','Psychiatric','None','','','','','joshua_holden74@example.org','j-holden95@example.net','Home','Personal','','False','Other','joshua_holden@example.org','001-150-708-1529x497','0.0','34762.0','1989','2022-12-12','54982.0','0.0','2022-10-24','0.0','2022-03-25','Offer art natural quality main.','Author realize oil save often. Western day whether small.','0.0','2022-11-14','2022-10-22','Household__c.Name','0.0','0.0','0.0','0.0','0.0','0.0','0.0','0.0','0.0','0.0','0.0','91107.0','62801.0','83647.0','74145.0','0.0','0.0','False','False','False','False','True','77584.0','2022-10-03','34993.0','2022-03-04','84547.0','','94609.0','39298.0','95345.0','94640.0','71352.0','0.0','False','53','','','','','');
INSERT INTO "Contact" VALUES(40,'','','','','','','','Onboarding','','','41JM5HUJ','Exist tend debate.','None','False','2020-12-02','victoriawhite6@example.net','','','','','','','','Initial Inquiry','Victoria','False','','','','Pull rate nothing too lot.','','Fundraising/Grants','Active','Japanese','White','None','Team Facilitator Certification','Ortega-Perkins','American Sign Language','632.878.4133x70259','Volunteer;Team Facilitator','Plant.','Prefer not to answer','','','','','None','','','','','','','','Active Projects- ADI','','False','','','','Narcolepsy Alert','None','','','','','vi+white@example.com','victoriawhite6@example.net','Home','Personal','','False','Other','vi-white1961@example.net','195.900.0651x28798','0.0','29590.0','2005','2022-03-08','21358.0','0.0','2023-01-20','0.0','2022-03-28','Stuff take travel. Accept factor such.','Together popular buy plant discover me. Food rest marriage focus.','0.0','2022-10-23','2022-04-06','Household__c.Name','0.0','0.0','0.0','0.0','0.0','0.0','0.0','0.0','0.0','0.0','0.0','24169.0','49914.0','35880.0','14072.0','0.0','0.0','False','False','False','False','True','60821.0','2023-01-21','84786.0','2022-05-04','5850.0','','72229.0','429.0','18488.0','51707.0','85056.0','0.0','False','53','','','','','');
INSERT INTO "Contact" VALUES(41,'','','','','','','','Active','','','DL5VDLRV','Next time allow medical common serve.','Onboarding','False','2004-02-06','randy_chapman5@example.com','','','','','','','','Initial Inquiry','Randy','False','','','','Suggest brother herself like radio already course. Entire wall arrive radio billion time. Investment audience their where memory hear improve poor. Responsibility center senior defense property support support two.','','Financial/Bookkeeping','Initial Inquiry','Vietnamese','Chapman','Active','Volunteering','Flores, Levine and Farley','Italian','073.707.8697x55813','Volunteer;Team Facilitator Lead;Client','Meet.','He/Him','','','','','None','','','','','','','','Board - READ ONLY','','True','','','','Medical Incident Assist','None','','','','','randy_chapman61@example.com','randy_chapman5@example.com','Home','Personal','','False','Other','r+chapman9@example.net','001-081-715-4386x70319','0.0','89781.0','2019','2022-11-10','64656.0','0.0','2022-12-27','0.0','2022-06-22','Data effect behavior case read popular newspaper look. Common experience dog along.','Home TV why claim begin.','0.0','2022-03-04','2022-08-10','Household__c.Informal_Greeting__c','0.0','0.0','0.0','0.0','0.0','0.0','0.0','0.0','0.0','0.0','0.0','14740.0','11001.0','14645.0','2221.0','0.0','0.0','False','False','False','True','False','88230.0','2022-12-25','60209.0','2022-04-11','10265.0','','84349.0','32391.0','32020.0','85205.0','17169.0','0.0','False','60','','','','','');
INSERT INTO "Contact" VALUES(42,'','','','','','','','Onboarding','','','AO2MGDKZ','Certain store reveal day voice understand kid.','None','False','2007-04-22','bridgetforbes59@example.com','','','','','','','','In Training','Bridget','False','','','','Give election tough seek know anything.','','Writing/Communications','Inactive','Vietnamese','Forbes','None','Sweet Snoopers Training Program','Ramirez-Barron','Spanish','001-310-679-4339x214','Volunteer;Team Facilitator','Continue.','They/Them','','','','','None','','','','','','','','Active Projects- Dog Availability','','True','','','','Medical Incident Assist','None','','','','','bridgetforbes@example.com','bridgetforbes59@example.com','Home','Personal','','False','Work','b-forbes@example.com','898.550.8647x43076','0.0','22922.0','2018','2022-10-09','37603.0','0.0','2022-04-07','0.0','2022-08-20','Suddenly building month study ball office. Thing participant test parent.','Paper political special know either several fish. Force recognize western.','0.0','2022-07-01','2022-06-29','Household__c.Name','0.0','0.0','0.0','0.0','0.0','0.0','0.0','0.0','0.0','0.0','0.0','48748.0','40416.0','48962.0','55088.0','0.0','0.0','False','False','False','False','True','88524.0','2022-03-30','64762.0','2022-06-16','93793.0','','52110.0','83822.0','2663.0','35938.0','22760.0','0.0','False','53','','','','','');
INSERT INTO "Contact" VALUES(43,'','','','','','','','','','','','','None','False','','ma+foley78@example.com','','','','','','','','None','Foley','False','','','','','','','','English','Marvin','','','','','(239)072-5902x61196','','','','','','','','None','','','','','','','','','','False','','','','','None','','','','','ma-foley1984@example.com','ma+foley78@example.com','Home','Personal','','False','Other','ma.foley1953@example.org','(978)883-1654x9220','0.0','','','','','0.0','','0.0','','','','0.0','','','','0.0','0.0','0.0','0.0','0.0','0.0','0.0','0.0','0.0','0.0','0.0','','','','','0.0','0.0','False','False','False','False','False','','','','','','','','','','','','0.0','False','60','','','','','');
INSERT INTO "Contact" VALUES(44,'','','','','','','','','','','','','None','False','','antonio.shields4@example.com','','','','','','','','None','Shields','False','','','','','','','','English','Antonio','','','','','(272)536-5992x235','','','','','','','','None','','','','','','','','','','False','','','','','None','','','','','a.shields64@example.org','antonio.shields4@example.com','Home','Personal','','False','Home','an-shields5@example.org','+1-767-467-1162x1757','0.0','','','','','0.0','','0.0','','','','0.0','','','','0.0','0.0','0.0','0.0','0.0','0.0','0.0','0.0','0.0','0.0','0.0','','','','','0.0','0.0','False','False','False','False','False','','','','','','','','','','','','0.0','False','60','','','','','');
INSERT INTO "Contact" VALUES(45,'','','','','','','','None','','','5JO55P4Z','One pay performance return.','In ADSiM','True','2021-08-30','t+harmon@example.com','','','','','','','','None','Terrance','False','','','','Drive suffer six for might small arm. Sure character organization similar among chair admit.','','Social Media','Onboarding','English','Harmon','None','Sweet Snoopers Training Program','Chung, Stark and Travis','Spanish','001-535-784-3050x529','Client;Puppy Raiser','Stuff.','She/Her','','','','','Initial Inquiry','','','','','','','','Board - READ ONLY','','True','','','','Medical Incident Assist','None','','','','','te-harmon70@example.com','t+harmon@example.com','Home','Personal','','False','Other','te_harmon2008@example.net','001-795-129-9248','0.0','27044.0','1985','2022-03-23','20504.0','0.0','2022-06-15','0.0','2022-11-02','Season treat various wear region rule eat. Congress worker minute two do. Focus life nor officer.','Clearly face everybody. Beyond production identify which education science.','0.0','2022-12-21','2022-05-10','Household__c.Informal_Greeting__c','0.0','0.0','0.0','0.0','0.0','0.0','0.0','0.0','0.0','0.0','0.0','1691.0','87194.0','86319.0','77905.0','0.0','0.0','False','False','False','True','False','98795.0','2022-11-22','24245.0','2022-03-29','73425.0','','33670.0','11047.0','79100.0','48330.0','59340.0','0.0','False','60','','','','','');
INSERT INTO "Contact" VALUES(46,'','','','','','','','None','','','EGNS1DE3','Present very kid significant go.','None','True','2003-02-10','ro_rollins5@example.org','','','','','','','','None','Rodney','False','','','','Political worker near among. Them out practice religious above source majority.','','Photography/Videography','Inactive','English','Rollins','None','Sweet Snoopers Training Program','Barry, Dunn and Eaton','Vietnamese','(746)659-2943x35572','Trainer','Would.','They/Them','','','','','None','','','','','','','','Active Projects- State Registration','','False','','','','Autism','Initial Inquiry','','','','','ro_rollins09@example.org','ro_rollins5@example.org','Home','Personal','','False','Other','rodney+rollins@example.com','8196659159','0.0','51421.0','2021','2022-07-21','90430.0','0.0','2022-08-13','0.0','2022-11-14','Report sea modern fly. Change Mrs like. General game present rule to culture sister set.','Water forget couple. Care year on why free likely understand.','0.0','2022-10-19','2022-03-17','Household__c.Formal_Greeting__c','0.0','0.0','0.0','0.0','0.0','0.0','0.0','0.0','0.0','0.0','0.0','29313.0','41790.0','3173.0','65084.0','0.0','0.0','False','False','True','False','False','29581.0','2023-02-22','4601.0','2022-07-22','76803.0','','78427.0','20495.0','90745.0','51845.0','87810.0','0.0','False','60','','','','','');
INSERT INTO "Contact" VALUES(47,'','','','','','','','Onboarding','','','EGNSNNUZ','Cultural company herself accept.','','False','2020-10-08','ty_travis91@example.org','','','','','','','','None','Tyrone','False','','','','Place manager evidence whole final grow word. Particular program majority religious hold for pattern. Campaign deep factor piece baby treat budget.','','Nonprofit Leadership','Onboarding','English','Travis','None','Assistance Dogs Set in Motion Program','Cisneros-Barrett','Italian','+1-167-048-4474x066','Volunteer;Client','Away more.','They/Them','','','','','None','','','','','','','','Active Projects- Volunteer Recruitment and Retention','','True','','','','Medical Incident Assist','None','','','','','t_travis0@example.org','ty_travis91@example.org','Home','Personal','','False','Home','tyrone-travis1965@example.org','001-835-605-1687x598','0.0','95458.0','2023','2022-06-30','34174.0','0.0','2022-04-03','0.0','2022-04-05','Matter couple physical other partner rate discover issue. Effort could shoulder we without.','Whether successful true must structure point measure. Put firm skin follow poor.','0.0','2022-04-03','2023-01-15','Household__c.Name','0.0','0.0','0.0','0.0','0.0','0.0','0.0','0.0','0.0','0.0','0.0','12461.0','16059.0','93153.0','78218.0','0.0','0.0','False','False','False','False','True','10218.0','2022-12-26','80009.0','2022-11-08','39266.0','','88555.0','66166.0','21197.0','48425.0','18240.0','0.0','False','5','','','','','');
INSERT INTO "Contact" VALUES(48,'','','','','','','','','','','','','None','False','','ye-golden@example.org','','','','','','','','None','Golden','False','','','','','','','','English','Yesenia','','','','','(110)093-6875','','','','','','','','None','','','','','','','','','','False','','','','','None','','','','','yesenia+golden1968@example.com','ye-golden@example.org','Home','Personal','','False','Work','yesenia.golden1983@example.org','001-838-034-0864x3253','0.0','','','','','0.0','','0.0','','','','0.0','','','','0.0','0.0','0.0','0.0','0.0','0.0','0.0','0.0','0.0','0.0','0.0','','','','','0.0','0.0','False','False','False','False','False','','','','','','','','','','','','0.0','False','5','','','','','');
INSERT INTO "Contact" VALUES(49,'','','','','','','','','','','','','None','False','','stacie+mckay@example.com','','','','','','','','None','Mckay','False','','','','','','','','English','Stacie','','','','','001-839-692-9286x294','','','','','','','','None','','','','','','','','','','False','','','','','None','','','','','stmckay@example.net','stacie+mckay@example.com','Home','Personal','','False','Other','st_mckay09@example.com','181.778.5535','0.0','','','','','0.0','','0.0','','','','0.0','','','','0.0','0.0','0.0','0.0','0.0','0.0','0.0','0.0','0.0','0.0','0.0','','','','','0.0','0.0','False','False','False','False','False','','','','','','','','','','','','0.0','False','5','','','','','');
INSERT INTO "Contact" VALUES(50,'','','','','','','','Onboarding','','','5JO5OK5F','Start cold be wish.','In Training','True','2002-10-03','le.delacruz@example.com','','','','','','','','None','Leslie','False','','','','Role growth bill travel partner which. Page your office argue north small. Rich play south century image fight.','','Technology/Infrastructure','Active','English','Delacruz','None','Assistance Dogs Set in Motion Program','Sloan, Blevins and Mathews','Mandarin','0739401541','Trainer;Client','Model.','Prefer to self-describe','','','','','None','','','','','','','','Active Projects- Scholarships','','True','','','','Psychiatric','Onboarding','','','','','leslie.delacruz7@example.net','le.delacruz@example.com','Home','Personal','','False','Home','l-delacruz5@example.net','(382)076-3749','0.0','48335.0','1981','2022-09-07','31673.0','0.0','2022-05-18','0.0','2023-02-08','Write total executive school low home fire need. According friend beautiful whose too young put.','Arm act traditional allow. Southern imagine receive argue great.','0.0','2022-03-08','2022-02-28','Household__c.Informal_Greeting__c','0.0','0.0','0.0','0.0','0.0','0.0','0.0','0.0','0.0','0.0','0.0','73768.0','68606.0','12345.0','2965.0','0.0','0.0','False','False','False','True','False','53542.0','2022-11-26','83337.0','2022-11-15','50299.0','','93332.0','71154.0','345.0','18945.0','69536.0','0.0','False','5','','','','','');
INSERT INTO "Contact" VALUES(51,'','','','','','','','Onboarding','','','2AUHPY77','Born tax sure.','None','True','2012-08-28','ch+jenkins2006@example.org','','','','','','','','Inactive','Chris','False','','','','Far certainly answer reason prove among whom. Throw ask development walk relationship future. Wear light second four voice. Between consider land speak.','','Technology/Infrastructure','None','English','Jenkins','None','Sweet Snoopers Training Program','Proctor and Sons','Spanish','001-201-214-5227x94238','Team Facilitator','Because.','He/Him','','','','','None','','','','','','','','Active Projects- Dog Availability','','True','','','','Mobility;Autism','None','','','','','c+jenkins7@example.org','ch+jenkins2006@example.org','Home','Personal','','False','Work','cjenkins1968@example.net','(503)929-7644','0.0','14255.0','2007','2022-02-28','44480.0','0.0','2023-01-25','0.0','2022-11-23','Now speak most hot their too watch need. Someone east evening a time her.','Agreement whose yourself. Run travel very drug realize candidate grow recognize.','0.0','2022-11-28','2022-11-02','Household__c.Formal_Greeting__c','0.0','0.0','0.0','0.0','0.0','0.0','0.0','0.0','0.0','0.0','0.0','35601.0','37601.0','46457.0','44270.0','0.0','0.0','False','False','True','False','False','88074.0','2023-02-05','33173.0','2022-08-22','68728.0','','5767.0','66563.0','99478.0','75522.0','94691.0','0.0','False','5','','','','','');
INSERT INTO "Contact" VALUES(52,'','','','','','','','','','','','','None','False','','c+mccoy8@example.com','','','','','','','','None','Mccoy','False','','','','','','','','English','Chase','','','','','308-204-0809x669','','','','','','','','None','','','','','','','','','','False','','','','','None','','','','','c_mccoy@example.org','c+mccoy8@example.com','Home','Personal','','False','Other','ch+mccoy@example.com','154-167-6785','0.0','','','','','0.0','','0.0','','','','0.0','','','','0.0','0.0','0.0','0.0','0.0','0.0','0.0','0.0','0.0','0.0','0.0','','','','','0.0','0.0','False','False','False','False','False','','','','','','','','','','','','0.0','False','62','','','','','');
INSERT INTO "Contact" VALUES(53,'','','','','','','','','','','','','None','False','','bob-luna77@example.net','','','','','','','','None','Luna','False','','','','','','','','English','Bob','','','','','(898)054-5764x96744','','','','','','','','None','','','','','','','','','','False','','','','','None','','','','','b+luna1961@example.org','bob-luna77@example.net','Home','Personal','','False','Other','b+luna75@example.org','001-898-445-2956x906','0.0','','','','','0.0','','0.0','','','','0.0','','','','0.0','0.0','0.0','0.0','0.0','0.0','0.0','0.0','0.0','0.0','0.0','','','','','0.0','0.0','False','False','False','False','False','','','','','','','','','','','','0.0','False','62','','','','','');
INSERT INTO "Contact" VALUES(54,'','','','','','','','Initial Inquiry','','','2AUHO8GZ','Indeed production relationship moment.','Certified','True','2002-08-03','daleschmidt7@example.org','','','','','','','','None','Dale','False','','','','Lead full foot maintain nice south. Wind all somebody Democrat production matter through meet.','','Writing/Communications','Initial Inquiry','Spanish','Schmidt','None','Volunteering','Osborne Group','Italian','+1-338-536-0772x87804','Volunteer;Client','Method.','She/Her','','','','','None','','','','','','','','Active Projects- ADI','','False','','','','Psychiatric;Autism','None','','','','','dale_schmidt@example.com','daleschmidt7@example.org','Home','Personal','','False','Home','da+schmidt68@example.com','869.763.6248','0.0','55145.0','2016','2022-10-31','14628.0','0.0','2022-07-27','0.0','2022-07-18','Up seven bar know. Once deal drop action.','Material set school again make. Hair whom decision manage occur such.','0.0','2022-04-14','2022-11-30','Household__c.Informal_Greeting__c','0.0','0.0','0.0','0.0','0.0','0.0','0.0','0.0','0.0','0.0','0.0','32922.0','96488.0','88284.0','86072.0','0.0','0.0','False','False','False','True','False','27457.0','2022-05-16','35319.0','2022-03-04','33050.0','','52341.0','36416.0','27417.0','52292.0','75303.0','0.0','False','62','','','','','');
INSERT INTO "Contact" VALUES(55,'','','','','','','','Onboarding','','','GDH9TOCR','Claim debate age newspaper tend.','None','False','2017-07-27','t_ayers1997@example.org','','','','','','','','None','Tami','False','','','','Clear reduce find into like. Really serve civil.','','Dog Training/Behavior/Veterinary','Active','English','Ayers','None','Client Certification','Aguirre Ltd','Spanish;French','(691)110-4704x547','Donor','Culture.','Prefer not to answer','','','','','None','','','','','','','','Active Projects- ADI','','False','','','','Mobility','None','','','','','tamiayers98@example.org','t_ayers1997@example.org','Home','Personal','','False','Work','ta.ayers@example.com','076.986.8157','0.0','22935.0','2009','2022-10-07','37210.0','0.0','2022-07-19','0.0','2023-02-14','Affect play hundred. Human serious nor conference form end soldier.','Training the interest phone. Check agent home only. Blood local sit history itself close share.','0.0','2023-02-04','2022-03-11','Household__c.Name','0.0','0.0','0.0','0.0','0.0','0.0','0.0','0.0','0.0','0.0','0.0','63929.0','60629.0','19601.0','46612.0','0.0','0.0','False','False','False','False','True','8733.0','2022-08-30','18427.0','2022-07-15','55976.0','','82305.0','70530.0','60483.0','94342.0','61297.0','0.0','False','62','','','','','');
INSERT INTO "Contact" VALUES(56,'','','','','','','','','','','','','None','False','','angela.clayton00@example.net','','','','','','','','None','Clayton','False','','','','','','','','English','Angela','','','','','001-786-530-1472x873','','','','','','','','None','','','','','','','','','','False','','','','','None','','','','','angela.clayton@example.net','angela.clayton00@example.net','Home','Personal','','False','Work','angelaclayton84@example.net','665-982-8374x6318','0.0','','','','','0.0','','0.0','','','','0.0','','','','0.0','0.0','0.0','0.0','0.0','0.0','0.0','0.0','0.0','0.0','0.0','','','','','0.0','0.0','False','False','False','False','False','','','','','','','','','','','','0.0','False','64','','','','','');
INSERT INTO "Contact" VALUES(57,'','','','','','','','','','','','','','False','','tracie_martinez1995@example.net','','','','','','','','None','Martinez','False','','','','','','','','English','Tracie','','','','','(375)118-8418','','','','','','','','None','','','','','','','','','','False','','','','','None','','','','','t+martinez6@example.net','tracie_martinez1995@example.net','Home','Personal','','False','Work','tracie+martinez9@example.net','723.485.0246x35572','0.0','','','','','0.0','','0.0','','','','0.0','','','','0.0','0.0','0.0','0.0','0.0','0.0','0.0','0.0','0.0','0.0','0.0','','','','','0.0','0.0','False','False','False','False','False','','','','','','','','','','','','0.0','False','64','','','','','');
INSERT INTO "Contact" VALUES(58,'','','','','','','','Initial Inquiry','','','42Q3XHO3','Likely compare rule property defense both.','None','True','2010-01-21','sicopeland@example.org','','','','','','','','None','Sierra','False','','','','Suggest girl public court. Start product present economy. Experience compare court mouth fish eat heavy.','','SEO','Onboarding','English','Copeland','None','Volunteering','Ballard-Cross','Arabic','001-720-258-4780x1574','Donor','Serious.','He/Him','','','','','None','','','','','','','','Active Projects- Research and Development','','False','','','','Psychiatric','None','','','','','sierracopeland@example.com','sicopeland@example.org','Home','Personal','','False','Home','s+copeland61@example.net','+1-925-139-6642x753','0.0','73404.0','2004','2022-12-21','52238.0','0.0','2022-11-17','0.0','2023-02-13','Forget us push series soon. Yes use big travel.','South society tax later. Blood high candidate.','0.0','2022-11-09','2022-03-28','Household__c.Formal_Greeting__c','0.0','0.0','0.0','0.0','0.0','0.0','0.0','0.0','0.0','0.0','0.0','4517.0','18403.0','82982.0','75975.0','0.0','0.0','False','False','True','False','False','74426.0','2022-03-13','94387.0','2022-05-03','89205.0','','89342.0','32155.0','66922.0','985.0','82431.0','0.0','False','64','','','','','');
INSERT INTO "Contact" VALUES(59,'','','','','','','','Inactive','','','41JM5PKB','Room sister catch one.','None','False','2020-08-31','jareese1984@example.net','','','','','','','','None','Jake','False','','','','That seven hard nor talk. Will space agreement. Avoid time ten three best myself.','','Outreach/Networking','Onboarding','English','Reese','None','Assistance Dogs Set in Motion Program','Chase-Short','Arabic','301.925.5493','Donor','Yourself.','They/Them','','','','','None','','','','','','','','Active Projects- Community Outreach and Education','','True','','','','Mobility','None','','','','','j.reese99@example.com','jareese1984@example.net','Home','Personal','','False','Other','j-reese1943@example.org','001-282-968-6919x4763','0.0','40913.0','2019','2022-12-27','84121.0','0.0','2022-07-30','0.0','2023-01-07','Ok television us. Water prove especially investment seem. Protect hair decide else talk thing.','Attorney next degree main. Speak want home.','0.0','2022-08-04','2022-03-29','Household__c.Name','0.0','0.0','0.0','0.0','0.0','0.0','0.0','0.0','0.0','0.0','0.0','9756.0','97523.0','31085.0','44806.0','0.0','0.0','False','False','False','False','True','61833.0','2022-08-14','24243.0','2022-05-07','49890.0','','41713.0','17050.0','71111.0','30341.0','53830.0','0.0','False','64','','','','','');
INSERT INTO "Contact" VALUES(60,'','','','','','','','','','','','','None','False','','r-ayers3@example.org','','','','','','','','None','Ayers','False','','','','','','','','English','Renee','','','','','540.580.5899','','','','','','','','None','','','','','','','','','','False','','','','','None','','','','','rayers43@example.org','r-ayers3@example.org','Home','Personal','','False','Home','r.ayers1995@example.net','(382)543-5248','0.0','','','','','0.0','','0.0','','','','0.0','','','','0.0','0.0','0.0','0.0','0.0','0.0','0.0','0.0','0.0','0.0','0.0','','','','','0.0','0.0','False','False','False','False','False','','','','','','','','','','','','0.0','False','66','','','','','');
INSERT INTO "Contact" VALUES(61,'','','','','','','','','','','','','None','False','','saacevedo@example.net','','','','','','','','None','Acevedo','False','','','','','','','','English','Samantha','','','','','7993130574','','','','','','','','None','','','','','','','','','','False','','','','','None','','','','','samantha.acevedo@example.org','saacevedo@example.net','Home','Personal','','False','Other','samantha-acevedo8@example.org','+1-264-034-7128','0.0','','','','','0.0','','0.0','','','','0.0','','','','0.0','0.0','0.0','0.0','0.0','0.0','0.0','0.0','0.0','0.0','0.0','','','','','0.0','0.0','False','False','False','False','False','','','','','','','','','','','','0.0','False','66','','','','','');
INSERT INTO "Contact" VALUES(62,'','','','','','','','Initial Inquiry','','','AO2MGLAR','Above almost follow remember.','None','True','2006-06-24','ca.booker09@example.com','','','','','','','','None','Carly','False','','','','Receive car many suggest. Almost every entire.','','Writing/Communications','Onboarding','English','Booker','None','Volunteering','Velez, Decker and Nichols','Spanish','+1-949-029-3576x577','Trainer','Box tax.','Prefer to self-describe','','','','','None','','','','','','','','Active Projects- State Registration','','False','','','','Mobility;Autism','Inactive','','','','','carly_booker@example.net','ca.booker09@example.com','Home','Personal','','False','Other','c-booker13@example.com','3643982974','0.0','30538.0','1971','2022-09-07','41852.0','0.0','2023-02-03','0.0','2022-08-03','Evening receive plant lay those move scientist worker. Food computer break see feel need five.','Before peace prevent fund. Various wait eight sort side song own. It receive father hold reveal.','0.0','2022-05-12','2022-11-27','Household__c.Name','0.0','0.0','0.0','0.0','0.0','0.0','0.0','0.0','0.0','0.0','0.0','45802.0','63994.0','49998.0','90936.0','0.0','0.0','False','False','False','False','True','48209.0','2022-12-09','12750.0','2022-05-28','67233.0','','99459.0','50072.0','95839.0','8595.0','80169.0','0.0','False','66','','','','','');
INSERT INTO "Contact" VALUES(63,'','','','','','','','','','','','','None','False','','r.patrick2003@example.com','','','','','','','','None','Patrick','False','','','','','','','','English','Rick','','','','','(352)335-3052x6742','','','','','','','','None','','','','','','','','','','False','','','','','None','','','','','r_patrick1@example.net','r.patrick2003@example.com','Home','Personal','','False','Home','ri.patrick59@example.net','001-266-447-8720x987','0.0','','','','','0.0','','0.0','','','','0.0','','','','0.0','0.0','0.0','0.0','0.0','0.0','0.0','0.0','0.0','0.0','0.0','','','','','0.0','0.0','False','False','False','False','False','','','','','','','','','','','','0.0','False','68','','','','','');
INSERT INTO "Contact" VALUES(64,'','','','','','','','','','','','','None','False','','batorres8@example.com','','','','','','','','None','Torres','False','','','','','','','','English','Barry','','','','','637-154-3865x224','','','','','','','','None','','','','','','','','','','False','','','','','None','','','','','b_torres1992@example.com','batorres8@example.com','Home','Personal','','False','Home','b+torres66@example.org','246.213.7827x1082','0.0','','','','','0.0','','0.0','','','','0.0','','','','0.0','0.0','0.0','0.0','0.0','0.0','0.0','0.0','0.0','0.0','0.0','','','','','0.0','0.0','False','False','False','False','False','','','','','','','','','','','','0.0','False','68','','','','','');
INSERT INTO "Contact" VALUES(65,'','','','','','','','None','','','DL5VDE23','Friend true health anything several travel.','Onboarding','True','2011-10-17','jon_baxter2003@example.org','','','','','','','','None','Jon','False','','','','Sound amount win act. Along rather deep car value mean ready. Care thus change garden bag mouth more either. Look number state feel.','','Graphic Design','Onboarding','English','Baxter','None','Sweet Snoopers Training Program','Smith Inc','Spanish','961-619-2664','Volunteer;Client','Instead.','He/Him','','','','','None','','','','','','','','Active Projects- ADI','','True','','','','Mobility','None','','','','','jbaxter1@example.net','jon_baxter2003@example.org','Home','Personal','','False','Home','jon-baxter7@example.com','(425)082-3508','0.0','7016.0','1977','2022-07-25','61646.0','0.0','2022-12-25','0.0','2022-04-06','Forward go spring town. Energy way forget physical. Term stop either wind.','Begin hospital bar Mrs stand use drug. Inside statement those store try human store.','0.0','2022-08-28','2022-07-20','Household__c.Informal_Greeting__c','0.0','0.0','0.0','0.0','0.0','0.0','0.0','0.0','0.0','0.0','0.0','42212.0','49129.0','75607.0','58343.0','0.0','0.0','False','False','False','True','False','11954.0','2022-11-01','97806.0','2022-05-12','28097.0','','71553.0','1058.0','66310.0','5926.0','40768.0','0.0','False','68','','','','','');
INSERT INTO "Contact" VALUES(66,'','','','','','','','Inactive','','','5JO55HF7','Agent must gas front.','Initial Inquiry','True','2009-06-05','se-reeves@example.org','','','','','','','','Suspended','Sean','False','','','','Pay institution know view. Court turn star stock chance. Great go environmental guy arrive good certain week.','','Legal','Initial Inquiry','English','Reeves','Inactive','Assistance Dogs Set in Motion Program','Haney-Bauer','Portuguese','+1-285-816-8643x5376','Volunteer;Team Facilitator Lead;Client','Remain.','They/Them','','','','','None','','','','','','','','Sensitive Info- Trainer','','False','','','','Narcolepsy Alert','None','','','','','sean-reeves@example.org','se-reeves@example.org','Home','Personal','','False','Home','sean_reeves1@example.org','690-938-6409x19078','0.0','1351.0','1980','2023-01-06','75724.0','0.0','2022-03-20','0.0','2022-09-05','Poor family store. Situation operation serve wind sort. Happy ahead claim image.','Meeting environment hear central hand. Structure fine will finally national national.','0.0','2022-05-14','2022-03-25','Household__c.Name','0.0','0.0','0.0','0.0','0.0','0.0','0.0','0.0','0.0','0.0','0.0','92000.0','3580.0','74544.0','73537.0','0.0','0.0','False','False','False','False','True','54658.0','2022-07-10','44049.0','2022-06-24','61109.0','','79253.0','54126.0','88715.0','11663.0','41399.0','0.0','False','68','','','','','');
INSERT INTO "Contact" VALUES(67,'','','','','','','','Inactive','','','GDH94657','Condition stand low listen simply.','None','False','2010-09-13','jeeverett7@example.com','','','','','','','','None','Jermaine','False','','','','Western step just main dream. Door girl similar. Rate game around suggest why. Must represent south billion line computer.','','Dog Training/Behavior/Veterinary','Active','English','Everett','None','Client Certification','Luna-Le','Cantonese','7086477377','Volunteer','Rise just.','He/Him','','','','','None','','','','','','','','Board','','False','','','','Mobility','None','','','','','jermaineeverett0@example.com','jeeverett7@example.com','Home','Personal','','False','Home','jermaine_everett2006@example.net','(052)538-4902x37207','0.0','5576.0','2003','2022-03-15','80206.0','0.0','2022-08-06','0.0','2022-10-14','Forward against happy want. Ability pattern friend high there.','Care again will employee. House activity huge deal. Ground almost drug leg.','0.0','2022-03-10','2022-04-22','Household__c.Formal_Greeting__c','0.0','0.0','0.0','0.0','0.0','0.0','0.0','0.0','0.0','0.0','0.0','39999.0','25493.0','67465.0','86827.0','0.0','0.0','False','False','True','False','False','90862.0','2022-05-30','63650.0','2022-04-09','83849.0','','40851.0','98247.0','77654.0','63507.0','50728.0','0.0','False','73','','','','','');
INSERT INTO "Contact" VALUES(68,'','','','','','','','Initial Inquiry','','','EGNSNG57','Head surface single piece become day.','None','False','2007-01-31','el.gay@example.org','','','','','','','','None','Elaine','False','','','','Decade business debate Mrs allow animal. Risk door light one want TV. Never quickly language generation yet computer marriage floor.','','Project/Program Management','Inactive','English','Gay','None','Team Facilitator Certification','Cisneros, Peters and Bruce','Japanese','591-915-6602','Volunteer;Trainer','Stock add.','Prefer to self-describe','','','','','None','','','','','','','','Active Projects- State Registration','','True','','','','Psychiatric','Initial Inquiry','','','','','elainegay79@example.net','el.gay@example.org','Home','Personal','','False','Other','elaine_gay1996@example.org','972-048-6017','0.0','38783.0','2001','2022-09-15','87477.0','0.0','2022-07-13','0.0','2022-06-06','Present leg quite you stock campaign pressure drop.','Risk describe like. Half seven information. Trial certain area next stop.','0.0','2022-05-11','2022-04-11','Household__c.Name','0.0','0.0','0.0','0.0','0.0','0.0','0.0','0.0','0.0','0.0','0.0','25603.0','45754.0','45333.0','89502.0','0.0','0.0','False','False','False','False','True','45610.0','2022-07-22','30140.0','2022-10-19','19898.0','','72263.0','85270.0','68351.0','19932.0','93541.0','0.0','False','68','','','','','');
INSERT INTO "Contact" VALUES(69,'','','','','','','','','','','','','None','False','','dbrennan@example.com','','','','','','','','None','Brennan','False','','','','','','','','English','Diane','','','','','(605)406-1410','','','','','','','','None','','','','','','','','','','False','','','','','None','','','','','d+brennan1968@example.com','di-brennan0@example.com','Home','Personal','Work','False','Work','d-brennan2002@example.net','696-070-1856x617','0.0','','','','','0.0','','0.0','','','','0.0','','','','0.0','0.0','0.0','0.0','0.0','0.0','0.0','0.0','0.0','0.0','0.0','','','','','0.0','0.0','False','False','False','False','False','','','','','','','','','','','','0.0','False','72','','','','','');
INSERT INTO "Contact" VALUES(70,'','','','','','','','','','','','','None','False','','an-pope@example.net','','','','','','','','None','Pope','False','','','','','','','','English','Andre','','','','','556-891-3217x03462','','','','','','','','None','','','','','','','','','','False','','','','','None','','','','','andre.pope2000@example.net','an-pope@example.net','Home','Personal','','False','Home','an.pope1989@example.com','847-055-6141x948','0.0','','','','','0.0','','0.0','','','','0.0','','','','0.0','0.0','0.0','0.0','0.0','0.0','0.0','0.0','0.0','0.0','0.0','','','','','0.0','0.0','False','False','False','False','False','','','','','','','','','','','','0.0','False','73','','','','','');
INSERT INTO "Contact" VALUES(71,'','','','','','','','','','','','','None','False','','ka-west1975@example.com','','','','','','','','None','West','False','','','','','','','','English','Kathleen','','','','','628.094.7794','','','','','','','','None','','','','','','','','','','False','','','','','None','','','','','k.west52@example.net','ka-west1975@example.com','Home','Personal','','False','Home','kawest8@example.org','227.904.4003x6778','0.0','','','','','0.0','','0.0','','','','0.0','','','','0.0','0.0','0.0','0.0','0.0','0.0','0.0','0.0','0.0','0.0','0.0','','','','','0.0','0.0','False','False','False','False','False','','','','','','','','','','','','0.0','False','73','','','','','');
INSERT INTO "Contact" VALUES(72,'','','','','','','','Inactive','','','2AUHQ5WZ','Point institution believe data floor fact.','Discontinued','True','2007-01-21','yvmccormick66@example.net','','','','','','','','None','Yvonne','False','','','','Feel two have peace. Prepare environmental similar real decide them. Itself side boy shoulder peace.','','Legal','Inactive','English','Mccormick','None','General info/Other','Peters-Cabrera','Korean','(723)858-9616','Client;Puppy Raiser','Once per.','He/Him','','','','','Onboarding','','','','','','','','Active Projects- Academy','','False','','','','Seizure Response','None','','','','','yvonne.mccormick@example.net','yvmccormick66@example.net','Home','Personal','','False','Other','y+mccormick1990@example.org','7351435054','0.0','38791.0','2002','2022-05-21','94661.0','0.0','2022-10-27','0.0','2022-09-07','Human society city place same case. Present up carry town charge long local future.','Nature where measure. Behind second create spring thing million.','0.0','2022-04-25','2022-09-19','Household__c.Informal_Greeting__c','0.0','0.0','0.0','0.0','0.0','0.0','0.0','0.0','0.0','0.0','0.0','92135.0','84372.0','98316.0','38889.0','0.0','0.0','False','False','False','True','False','69295.0','2022-12-02','51372.0','2023-02-23','99324.0','','42085.0','13540.0','40026.0','64437.0','24960.0','0.0','False','73','','','','','');
INSERT INTO "Contact" VALUES(73,'','','','','','','','','','','','','None','False','','kaitlinbarr04@example.com','','','','','','','','None','Barr','False','','','','','','','','English','Kaitlin','','','','','853-739-8025x16536','','','','','','','','None','','','','','','','','','','False','','','','','None','','','','','kaitlin+barr8@example.org','kaitlinbarr04@example.com','Home','Personal','','False','Other','kaitlinbarr@example.org','774.657.2663x065','0.0','','','','','0.0','','0.0','','','','0.0','','','','0.0','0.0','0.0','0.0','0.0','0.0','0.0','0.0','0.0','0.0','0.0','','','','','0.0','0.0','False','False','False','False','False','','','','','','','','','','','','0.0','False','80','','','','','');
INSERT INTO "Contact" VALUES(74,'','','','','','','','','','','','','None','False','','wa_lawrence1960@example.net','','','','','','','','None','Lawrence','False','','','','','','','','English','Wayne','','','','','926.264.1211','','','','','','','','None','','','','','','','','','','False','','','','','None','','','','','wayne+lawrence@example.org','wa_lawrence1960@example.net','Home','Personal','','False','Work','w_lawrence11@example.net','001-923-300-8781x158','0.0','','','','','0.0','','0.0','','','','0.0','','','','0.0','0.0','0.0','0.0','0.0','0.0','0.0','0.0','0.0','0.0','0.0','','','','','0.0','0.0','False','False','False','False','False','','','','','','','','','','','','0.0','False','80','','','','','');
INSERT INTO "Contact" VALUES(75,'','','','','','','','Inactive','','','EGNSN8FF','Work fact traditional after above.','None','False','2020-08-05','nirios99@example.com','','','','','','','','None','Nicholas','False','','','','Finally item daughter size nature alone per. Season involve indeed military finally. Coach weight best news.','','Sales','Initial Inquiry','English','Rios','None','Team Facilitator Certification','Dickerson-Wyatt','Vietnamese','001-582-790-2016','Donor','Reveal.','They/Them','','','','','None','','','','','','','','Operations- Trainer','','True','','','','Seizure Response','None','','','','','nicholas_rios@example.com','nirios99@example.com','Home','Personal','','False','Other','nicholas-rios@example.net','001-320-685-2453x1927','0.0','73832.0','1985','2022-08-09','96201.0','0.0','2022-04-30','0.0','2022-06-12','Speak entire really. Friend cover end trial.','Area everybody couple father send. Question phone time military pattern four bank.','0.0','2022-07-09','2022-11-20','Household__c.Formal_Greeting__c','0.0','0.0','0.0','0.0','0.0','0.0','0.0','0.0','0.0','0.0','0.0','90964.0','11628.0','53566.0','40287.0','0.0','0.0','False','False','True','False','False','99088.0','2023-01-04','97080.0','2022-03-15','62290.0','','65765.0','46498.0','29245.0','10382.0','48622.0','0.0','False','80','','','','','');
INSERT INTO "Contact" VALUES(76,'','','','','','','','','','','','','None','False','','beverly+hobbs5@example.com','','','','','','','','None','Hobbs','False','','','','','','','','English','Beverly','','','','','051-463-9503','','','','','','','','None','','','','','','','','','','False','','','','','None','','','','','beverly+hobbs2@example.com','beverly+hobbs5@example.com','Home','Personal','','False','Other','beverly+hobbs7@example.net','+1-513-120-2136x80808','0.0','','','','','0.0','','0.0','','','','0.0','','','','0.0','0.0','0.0','0.0','0.0','0.0','0.0','0.0','0.0','0.0','0.0','','','','','0.0','0.0','False','False','False','False','False','','','','','','','','','','','','0.0','False','7','','','','','');
INSERT INTO "Contact" VALUES(77,'','','','','','','','','','','','','None','False','','monique_monroe@example.com','','','','','','','','None','Monroe','False','','','','','','','','English','Monique','','','','','(451)608-0857','','','','','','','','None','','','','','','','','','','False','','','','','None','','','','','m.monroe@example.com','monique_monroe@example.com','Home','Personal','','False','Home','mo_monroe4@example.net','(304)501-3827x9554','0.0','','','','','0.0','','0.0','','','','0.0','','','','0.0','0.0','0.0','0.0','0.0','0.0','0.0','0.0','0.0','0.0','0.0','','','','','0.0','0.0','False','False','False','False','False','','','','','','','','','','','','0.0','False','7','','','','','');
INSERT INTO "Contact" VALUES(78,'','','','','','','','None','','','GDH93YFF','Usually miss wall baby best economic more become.','None','True','2006-10-09','f_hammond1992@example.org','','','','','','','','Initial Inquiry','Frederick','False','','','','Site family left sea. World director view politics. Group reveal never pattern decade onto country lawyer.','','Photography/Videography','Active','Vietnamese','Hammond','Active','Teams Set in Motion Program','Peterson, Valentine and Anderson','Japanese','502-739-7497x053','Team Facilitator Lead','No rich.','She/Her','','','','','None','','','','','','','','Active Projects- Branding and Marketing','','True','','','','Medical Incident Assist','None','','','','','fr+hammond7@example.org','f_hammond1992@example.org','Home','Personal','','False','Home','fr_hammond2@example.org','+1-837-449-6252x82253','0.0','56122.0','2005','2022-05-01','33624.0','0.0','2022-08-25','0.0','2022-10-28','Peace father alone business animal. Employee full record program produce whose.','Throw eight would perhaps direction. Though out stock include like perhaps.','0.0','2023-01-28','2022-03-17','Household__c.Name','0.0','0.0','0.0','0.0','0.0','0.0','0.0','0.0','0.0','0.0','0.0','81489.0','38442.0','43224.0','30816.0','0.0','0.0','False','False','False','False','True','68868.0','2022-10-17','6632.0','2023-02-13','11985.0','','62317.0','6123.0','51122.0','42259.0','32850.0','0.0','False','7','','','','','');
INSERT INTO "Contact" VALUES(79,'','','','','','','','Active','','','42Q3SCHF','Of new and yet south weight store.','None','False','2000-07-14','ch-weaver@example.org','','','','','','','','None','Chase','False','','','','Benefit news believe role. If five buy American indeed. Catch stay north.','','Legal','Active','English','Weaver','None','Sponsorship/Donations','Best-Wolf','Spanish','344-040-9270x595','Puppy Raiser','Customer.','She/Her','','','','','Onboarding','','','','','','','','Board','','False','','','','Diabetes Alert','None','','','','','c_weaver04@example.com','ch-weaver@example.org','Home','Personal','','False','Home','chase-weaver1967@example.net','781.971.9768','0.0','71695.0','2017','2022-08-09','24805.0','0.0','2022-03-25','0.0','2022-04-21','Save candidate grow between. Million opportunity soldier into list himself.','Weight lawyer share short close more ability. That race hit third.','0.0','2022-12-09','2022-12-31','Household__c.Name','0.0','0.0','0.0','0.0','0.0','0.0','0.0','0.0','0.0','0.0','0.0','24459.0','73097.0','98712.0','70190.0','0.0','0.0','False','False','False','False','True','10516.0','2022-10-25','68498.0','2022-12-21','88130.0','','64391.0','43795.0','77948.0','17155.0','90597.0','0.0','False','7','','','','','');
INSERT INTO "Contact" VALUES(80,'','','','','','','','','','','','','None','False','','leelopez84@example.net','','','','','','','','None','Lopez','False','','','','','','','','English','Lee','','','','','4853822885','','','','','','','','None','','','','','','','','','','False','','','','','None','','','','','le_lopez@example.org','leelopez84@example.net','Home','Personal','','False','Work','le+lopez7@example.org','001-296-796-1872x75308','0.0','','','','','0.0','','0.0','','','','0.0','','','','0.0','0.0','0.0','0.0','0.0','0.0','0.0','0.0','0.0','0.0','0.0','','','','','0.0','0.0','False','False','False','False','False','','','','','','','','','','','','0.0','False','87','','','','','');
INSERT INTO "Contact" VALUES(81,'','','','','','','','Inactive','','','42Q3RX1V','Case future forget might daughter red.','None','False','2004-03-31','vickicain89@example.org','','','','','','','','None','Vicki','False','','','','Able smile board small rich unit. Great guy plan pattern thing nice. Former vote professor visit upon agree until.','','Website development','Active','English','Cain','None','Sponsorship/Donations','Fleming-Harding','Tagalog','(498)406-7959','Trainer','Fine thus.','Prefer not to answer','','','','','None','','','','','','','','Active Projects- ADI','','True','','','','Hearing Alert','Suspended','','','','','vi_cain@example.org','vickicain89@example.org','Home','Personal','','False','Other','vi.cain1995@example.com','289-871-5116x366','0.0','75257.0','1974','2022-09-10','4501.0','0.0','2022-04-07','0.0','2022-08-04','Job keep nearly.','Help full player prevent top around too. Training six drop system include take.','0.0','2022-11-26','2022-09-07','Household__c.Formal_Greeting__c','0.0','0.0','0.0','0.0','0.0','0.0','0.0','0.0','0.0','0.0','0.0','51757.0','33901.0','41517.0','19982.0','0.0','0.0','False','False','True','False','False','59797.0','2023-02-10','5948.0','2022-08-04','2735.0','','73544.0','44934.0','16507.0','7158.0','35194.0','0.0','False','87','','','','','');
INSERT INTO "Contact" VALUES(82,'','','','','','','','','','','','','','False','','ja_sanford2007@example.net','','','','','','','','None','Sanford','False','','','','','','','','English','Jackie','','','','','605-887-9490x270','','','','','','','','None','','','','','','','','','','False','','','','','None','','','','','j+sanford@example.org','ja_sanford2007@example.net','Home','Personal','','False','Other','ja_sanford@example.net','001-139-095-9113','0.0','','','','','0.0','','0.0','','','','0.0','','','','0.0','0.0','0.0','0.0','0.0','0.0','0.0','0.0','0.0','0.0','0.0','','','','','0.0','0.0','False','False','False','False','False','','','','','','','','','','','','0.0','False','87','','','','','');
INSERT INTO "Contact" VALUES(83,'','','','','','','','Onboarding','','','2AUHPIRN','Hold technology decade never herself.','None','False','2012-12-15','kara_trujillo48@example.com','','','','','','','','None','Kara','False','','','','American executive night whose feel bill. Civil speak radio both song citizen.','','Technology/Infrastructure','Initial Inquiry','English','Trujillo','None','Assistance Dogs Set in Motion Program','Garza, English and Marsh','Korean','001-623-609-4298','Board Member','Wonder.','They/Them','','','','','None','','','','','','','','Operations- Trainer','','True','','','','Medical Incident Assist','None','','','','','kara-trujillo@example.net','kara_trujillo48@example.com','Home','Personal','','False','Other','ka-trujillo48@example.com','321-532-5138','0.0','64392.0','2017','2022-06-13','30877.0','0.0','2023-01-08','0.0','2022-05-13','Off hit city. Low pass hotel resource phone.','Television purpose within good. Way positive recently develop employee need wear.','0.0','2022-07-19','2022-07-02','Household__c.Informal_Greeting__c','0.0','0.0','0.0','0.0','0.0','0.0','0.0','0.0','0.0','0.0','0.0','10819.0','2781.0','13518.0','93058.0','0.0','0.0','False','False','False','True','False','29878.0','2023-02-01','62490.0','2022-12-14','69411.0','','48525.0','11336.0','19450.0','30622.0','90169.0','0.0','False','87','','','','','');
INSERT INTO "Contact" VALUES(84,'','','','','','','','Inactive','','','GDH93IZV','Shoulder case car school herself market.','None','True','2010-07-08','ka.mccormick94@example.net','','','','','','','','None','Kayla','False','','','','Effect style little bad them. Wonder goal mind financial west theory worker. Yeah that most anything exactly probably art start.','','Dog Training/Behavior/Veterinary','Inactive','English','Mccormick','None','Client Certification','Delacruz Ltd','Cantonese','423.888.5527x23420','Staff','Heavy.','She/Her','','','','','None','','','','','','','','Board - READ ONLY','','False','','','','Narcolepsy Alert','None','','','','','k.mccormick59@example.com','ka.mccormick94@example.net','Home','Personal','','False','Work','kamccormick0@example.com','278-859-9989x5532','0.0','71095.0','1996','2022-10-23','60455.0','0.0','2023-01-10','0.0','2022-12-03','Fine since increase phone only. Though almost similar. Give couple probably either.','Analysis man speak argue modern. At already energy lead.','0.0','2023-01-31','2022-05-01','Household__c.Formal_Greeting__c','0.0','0.0','0.0','0.0','0.0','0.0','0.0','0.0','0.0','0.0','0.0','59663.0','57805.0','29106.0','65128.0','0.0','0.0','False','False','True','False','False','33540.0','2022-11-28','84836.0','2023-02-24','96580.0','','87529.0','87658.0','80084.0','93445.0','77794.0','0.0','False','87','','','','','');
INSERT INTO "Contact" VALUES(85,'','','','','','','','','','','','','None','False','','g_gamble77@example.org','','','','','','','','None','Gamble','False','','','','','','','','English','Glenn','','','','','(966)754-5922','','','','','','','','None','','','','','','','','','','False','','','','','None','','','','','glenngamble1992@example.net','g_gamble77@example.org','Home','Personal','','False','Work','g_gamble86@example.com','001-133-317-6524x503','0.0','','','','','0.0','','0.0','','','','0.0','','','','0.0','0.0','0.0','0.0','0.0','0.0','0.0','0.0','0.0','0.0','0.0','','','','','0.0','0.0','False','False','False','False','False','','','','','','','','','','','','0.0','False','89','','','','','');
INSERT INTO "Contact" VALUES(86,'','','','','','','','','','','','','None','False','','te-murillo@example.com','','','','','','','','None','Murillo','False','','','','','','','','English','Terrance','','','','','(428)645-7776x4889','','','','','','','','None','','','','','','','','','','False','','','','','None','','','','','t_murillo11@example.com','te-murillo@example.com','Home','Personal','','False','Work','terrance_murillo@example.com','016-100-4447','0.0','','','','','0.0','','0.0','','','','0.0','','','','0.0','0.0','0.0','0.0','0.0','0.0','0.0','0.0','0.0','0.0','0.0','','','','','0.0','0.0','False','False','False','False','False','','','','','','','','','','','','0.0','False','89','','','','','');
INSERT INTO "Contact" VALUES(87,'','','','','','','','Onboarding','','','41JMKPOR','Management brother court else training daughter.','None','True','2006-06-21','tim_mcgrath1957@example.org','','','','','','','','None','Tim','False','','','','Before so their. Economic break church assume employee PM too.','','Education/Course Development','Onboarding','English','Mcgrath','None','General info/Other','Roberts Group','Arabic','+1-715-836-7073x668','Trainer','Whom use.','They/Them','','','','','None','','','','','','','','Active Projects- Fund Development','','True','','','','Hearing Alert','Initial Inquiry','','','','','ti_mcgrath1997@example.net','tim_mcgrath1957@example.org','Home','Personal','','False','Other','tim-mcgrath1991@example.org','(369)262-6252','0.0','24226.0','1980','2022-11-20','56500.0','0.0','2023-01-04','0.0','2022-09-01','Card allow address word. Forward seem someone husband. Art control past already than course radio.','Civil region claim development teacher with. Game success fear report box.','0.0','2023-02-16','2023-02-20','Household__c.Formal_Greeting__c','0.0','0.0','0.0','0.0','0.0','0.0','0.0','0.0','0.0','0.0','0.0','90400.0','93622.0','12133.0','51657.0','0.0','0.0','False','False','True','False','False','18312.0','2022-10-19','54160.0','2022-08-02','54738.0','','2934.0','75336.0','37476.0','59543.0','87803.0','0.0','False','89','','','','','');
INSERT INTO "Contact" VALUES(88,'','','','','','','','','','','','','None','False','','caleb.torres84@example.org','','','','','','','','None','Torres','False','','','','','','','','English','Caleb','','','','','664.331.5801x61986','','','','','','','','None','','','','','','','','','','False','','','','','None','','','','','caleb_torres8@example.org','caleb.torres84@example.org','Home','Personal','','False','Work','caleb.torres90@example.org','+1-501-214-1868x9862','0.0','','','','','0.0','','0.0','','','','0.0','','','','0.0','0.0','0.0','0.0','0.0','0.0','0.0','0.0','0.0','0.0','0.0','','','','','0.0','0.0','False','False','False','False','False','','','','','','','','','','','','0.0','False','91','','','','','');
INSERT INTO "Contact" VALUES(89,'','','','','','','','','','','','','None','False','','karen.jarvis@example.com','','','','','','','','None','Jarvis','False','','','','','','','','English','Karen','','','','','(736)436-9341','','','','','','','','None','','','','','','','','','','False','','','','','None','','','','','kjarvis@example.com','karen.jarvis@example.com','Home','Personal','','False','Work','karen_jarvis1988@example.org','+1-956-834-9967','0.0','','','','','0.0','','0.0','','','','0.0','','','','0.0','0.0','0.0','0.0','0.0','0.0','0.0','0.0','0.0','0.0','0.0','','','','','0.0','0.0','False','False','False','False','False','','','','','','','','','','','','0.0','False','91','','','','','');
INSERT INTO "Contact" VALUES(90,'','','','','','','','Active','','','AO2M7L83','Recognize debate wrong business behavior difficult.','None','False','2018-02-27','o-cuevas1@example.org','','','','','','','','Suspended','Oscar','False','','','','Various range industry environmental cause. Present mother water population if sing. Argue bring hot save resource approach.','','Technology/Infrastructure','None','Spanish','Cuevas','None','Client Certification','Richards-Wilkins','Spanish','(233)883-5142x588','Volunteer;Team Facilitator','Minute.','She/Her','','','','','None','','','','','','','','Active Projects- Community Outreach and Education','','False','','','','Hearing Alert','None','','','','','ocuevas5@example.org','o-cuevas1@example.org','Home','Personal','','False','Home','o_cuevas66@example.org','(375)168-8184','0.0','35669.0','1988','2022-11-21','4413.0','0.0','2022-03-18','0.0','2022-08-22','Main news health street.','End question science thus much. Professor resource international draw.','0.0','2022-03-25','2022-06-12','Household__c.Name','0.0','0.0','0.0','0.0','0.0','0.0','0.0','0.0','0.0','0.0','0.0','45710.0','45667.0','6966.0','35280.0','0.0','0.0','False','False','False','False','True','14773.0','2022-03-08','93040.0','2022-04-11','21583.0','','45671.0','16212.0','94547.0','46351.0','34834.0','0.0','False','91','','','','','');
INSERT INTO "Contact" VALUES(91,'','','','','','','','','','','','','None','False','','systewart1965@example.com','','','','','','','','None','Stewart','False','','','','','','','','English','Sydney','','','','','001-324-335-8331x3074','','','','','','','','None','','','','','','','','','','False','','','','','None','','','','','s_stewart1949@example.org','systewart1965@example.com','Home','Personal','','False','Home','sy+stewart@example.net','362-168-3377x39177','0.0','','','','','0.0','','0.0','','','','0.0','','','','0.0','0.0','0.0','0.0','0.0','0.0','0.0','0.0','0.0','0.0','0.0','','','','','0.0','0.0','False','False','False','False','False','','','','','','','','','','','','0.0','False','93','','','','','');
INSERT INTO "Contact" VALUES(92,'','','','','','','','','','','','','None','False','','ra.cooke4@example.org','','','','','','','','None','Cooke','False','','','','','','','','English','Raven','','','','','001-732-385-8081x777','','','','','','','','None','','','','','','','','','','False','','','','','None','','','','','r+cooke7@example.com','ra.cooke4@example.org','Home','Personal','','False','Home','ravencooke0@example.org','311-367-9776x501','0.0','','','','','0.0','','0.0','','','','0.0','','','','0.0','0.0','0.0','0.0','0.0','0.0','0.0','0.0','0.0','0.0','0.0','','','','','0.0','0.0','False','False','False','False','False','','','','','','','','','','','','0.0','False','93','','','','','');
INSERT INTO "Contact" VALUES(93,'','','','','','','','Inactive','','','EGNSKNU3','Behavior huge society rule require shoulder.','In ADSiM','False','2019-10-22','a+villarreal@example.com','','','','','','','','None','Ashlee','False','','','','Past training view. Which end behind her. Picture and area city positive impact.','','Graphic Design','Inactive','Spanish','Villarreal','None','General info/Other','Larsen and Sons','Arabic','462-735-4181x2530','Trainer;Client','Though.','He/Him','','','','','None','','','','','','','','Active Projects- Branding and Marketing','','True','','','','Psychiatric','Certified-Active','','','','','ashleevillarreal1949@example.org','a+villarreal@example.com','Home','Personal','','False','Work','as+villarreal@example.org','001-481-590-2348x9065','0.0','31779.0','1979','2022-05-07','90195.0','0.0','2022-06-27','0.0','2022-09-11','Admit report feeling house. Standard approach analysis right action.','People partner rule great last school. Dark continue pick tax. Life high wife long address.','0.0','2022-09-29','2022-11-21','Household__c.Formal_Greeting__c','0.0','0.0','0.0','0.0','0.0','0.0','0.0','0.0','0.0','0.0','0.0','37135.0','19581.0','45924.0','15006.0','0.0','0.0','False','False','True','False','False','66560.0','2022-12-07','4853.0','2022-11-07','79489.0','','62449.0','69781.0','95353.0','73289.0','60722.0','0.0','False','199','','','','','');
INSERT INTO "Contact" VALUES(94,'','','','','','','','','','','','','None','False','','d.andrade@example.net','','','','','','','','None','Andrade','False','','','','','','','','English','Dave','','','','','(173)190-6288','','','','','','','','None','','','','','','','','','','False','','','','','None','','','','','dandrade65@example.net','d.andrade@example.net','Home','Personal','','False','Home','dave+andrade46@example.com','001-362-448-2477','0.0','','','','','0.0','','0.0','','','','0.0','','','','0.0','0.0','0.0','0.0','0.0','0.0','0.0','0.0','0.0','0.0','0.0','','','','','0.0','0.0','False','False','False','False','False','','','','','','','','','','','','0.0','False','1','','','','','');
INSERT INTO "Contact" VALUES(95,'','','','','','','','','','','','','None','False','','sy.hall@example.net','','','','','','','','None','Hall','False','','','','','','','','English','Sydney','','','','','(849)890-3508x13846','','','','','','','','None','','','','','','','','','','False','','','','','None','','','','','sydney_hall@example.org','sy.hall@example.net','Home','Personal','','False','Other','sy-hall@example.com','371.305.1394','0.0','','','','','0.0','','0.0','','','','0.0','','','','0.0','0.0','0.0','0.0','0.0','0.0','0.0','0.0','0.0','0.0','0.0','','','','','0.0','0.0','False','False','False','False','False','','','','','','','','','','','','0.0','False','1','','','','','');
INSERT INTO "Contact" VALUES(96,'','','','','','','','Onboarding','','','5JO5OCFN','Fund throw special federal defense.','None','False','2004-11-24','saoconnell@example.org','','','','','','','','None','Samantha','False','','','','Clear art treatment sometimes assume. Move benefit case involve investment but. Police mention cut rock maybe. Voice leg avoid good focus.','','Social Media','Inactive','English','Oconnell','None','Volunteering','Gay, Massey and Rowland','Spanish','859-405-6973x0560','Board Member','Second.','Prefer to self-describe','','','','','None','','','','','','','','Active Projects- Dog Availability','','False','','','','Psychiatric','None','','','','','sa.oconnell5@example.net','saoconnell@example.org','Home','Personal','','False','Work','samantha+oconnell@example.com','109.444.0489x700','0.0','17115.0','2009','2022-06-11','49841.0','0.0','2022-05-06','0.0','2022-06-30','Interesting just bill section produce start simple. Skill human level lead building between.','Hair fish smile blood recent. Until whole nearly event.','0.0','2022-06-11','2023-02-19','Household__c.Informal_Greeting__c','0.0','0.0','0.0','0.0','0.0','0.0','0.0','0.0','0.0','0.0','0.0','13574.0','4988.0','16248.0','27684.0','0.0','0.0','False','False','False','True','False','80926.0','2022-10-02','75884.0','2022-10-08','76322.0','','25520.0','44780.0','34261.0','84016.0','8238.0','0.0','False','21','','','','','');
INSERT INTO "Contact" VALUES(97,'','','','','','','','Inactive','','','42Q3SK77','Notice into relate child future camera.','In ADSiM','True','2006-04-14','noah_kaiser1966@example.net','','','','','','','','Onboarding','Noah','False','','','','Young step dark task in. Knowledge seem city today surface member.','','Social Media','Inactive','English','Kaiser','Active','Volunteering','Hobbs, Wheeler and Chapman','Spanish','(259)499-9825','Volunteer;Team Facilitator Lead;Client','Imagine.','Prefer to self-describe','','','','','None','','','','','','','','Active Projects- Trainer Certification','','True','','','','Mobility','None','','','','','no.kaiser3@example.net','noah_kaiser1966@example.net','Home','Personal','','False','Work','noah_kaiser1994@example.com','859-405-6832x72629','0.0','75349.0','1989','2022-04-26','6036.0','0.0','2023-02-15','0.0','2022-10-22','Just sing despite around once walk worry do. Language three alone instead act.','Close size later always social alone Mrs. Increase face on drug Mr nor cost.','0.0','2022-08-19','2022-11-04','Household__c.Informal_Greeting__c','0.0','0.0','0.0','0.0','0.0','0.0','0.0','0.0','0.0','0.0','0.0','13301.0','75570.0','41327.0','29644.0','0.0','0.0','False','False','False','True','False','83726.0','2022-10-22','67447.0','2022-10-24','75620.0','','80997.0','42917.0','46724.0','6765.0','48785.0','0.0','False','1','','','','','');
INSERT INTO "Contact" VALUES(98,'','','','','','','','','','','','','None','False','','me+hammond9@example.org','','','','','','','','None','Hammond','False','','','','','','','','English','Melody','','','','','+1-709-680-1697x21212','','','','','','','','None','','','','','','','','','','False','','','','','None','','','','','melody_hammond2@example.net','me+hammond9@example.org','Home','Personal','','False','Home','m.hammond75@example.net','001-623-241-9504x33634','0.0','','','','','0.0','','0.0','','','','0.0','','','','0.0','0.0','0.0','0.0','0.0','0.0','0.0','0.0','0.0','0.0','0.0','','','','','0.0','0.0','False','False','False','False','False','','','','','','','','','','','','0.0','False','21','','','','','');
INSERT INTO "Contact" VALUES(99,'','','','','','','','','','','','','None','False','','alexandra.schneider1983@example.org','','','','','','','','None','Schneider','False','','','','','','','','English','Alexandra','','','','','+1-497-178-7021x21949','','','','','','','','None','','','','','','','','','','False','','','','','None','','','','','alexandra_schneider1991@example.org','alexandra.schneider1983@example.org','Home','Personal','','False','Home','al-schneider4@example.net','763.218.3335x57029','0.0','','','','','0.0','','0.0','','','','0.0','','','','0.0','0.0','0.0','0.0','0.0','0.0','0.0','0.0','0.0','0.0','0.0','','','','','0.0','0.0','False','False','False','False','False','','','','','','','','','','','','0.0','False','21','','','','','');
INSERT INTO "Contact" VALUES(100,'','','','','','','','','','','','','None','False','','jo.casey05@example.org','','','','','','','','None','Casey','False','','','','','','','','English','Joy','','','','','3099182559','','','','','','','','None','','','','','','','','','','False','','','','','None','','','','','joy.casey53@example.net','jo.casey05@example.org','Home','Personal','','False','Home','jo_casey@example.net','001-242-978-7758x5261','0.0','','','','','0.0','','0.0','','','','0.0','','','','0.0','0.0','0.0','0.0','0.0','0.0','0.0','0.0','0.0','0.0','0.0','','','','','0.0','0.0','False','False','False','False','False','','','','','','','','','','','','0.0','False','23','','','','','');
INSERT INTO "Contact" VALUES(101,'','','','','','','','','','','','','None','False','','monica+robinson@example.com','','','','','','','','None','Robinson','False','','','','','','','','English','Monica','','','','','675.766.9929','','','','','','','','None','','','','','','','','','','False','','','','','None','','','','','m.robinson7@example.org','monica+robinson@example.com','Home','Personal','','False','Other','monicarobinson1988@example.org','380.726.3522','0.0','','','','','0.0','','0.0','','','','0.0','','','','0.0','0.0','0.0','0.0','0.0','0.0','0.0','0.0','0.0','0.0','0.0','','','','','0.0','0.0','False','False','False','False','False','','','','','','','','','','','','0.0','False','23','','','','','');
INSERT INTO "Contact" VALUES(102,'','','','','','','','None','','','EGNSN0PN','Enter computer course word today adult thousand.','None','False','2011-12-02','sheri-mercer1985@example.com','','','','','','','','None','Sheri','False','','','','Board property security range myself whether section. Pay choose note write cultural.','','Graphic Design','Inactive','Vietnamese','Mercer','None','General info/Other','Parrish-Santos','Russian','(961)541-7169','Volunteer;Puppy Raiser','Each call.','Prefer not to answer','','','','','Inactive','','','','','','','','Active Projects- Dog Availability','','True','','','','Diabetes Alert','None','','','','','s+mercer1990@example.net','sheri-mercer1985@example.com','Home','Personal','','False','Other','shmercer@example.com','223-671-9710x972','0.0','56430.0','1993','2022-06-04','93514.0','0.0','2022-09-12','0.0','2022-06-01','Surface forget until worry record seek. Education attorney Mr wrong late.','Local but down everything ten choose. Seven executive course building throw.','0.0','2022-04-26','2023-01-29','Household__c.Name','0.0','0.0','0.0','0.0','0.0','0.0','0.0','0.0','0.0','0.0','0.0','29075.0','60689.0','59422.0','32909.0','0.0','0.0','False','False','False','False','True','73948.0','2022-04-06','21978.0','2023-02-12','56270.0','','38063.0','15673.0','15830.0','64357.0','22927.0','0.0','False','23','','','','','');
INSERT INTO "Contact" VALUES(103,'','','','','','','','','','','','','None','False','','autumn.macias@example.net','','','','','','','','None','Macias','False','','','','','','','','English','Autumn','','','','','001-829-424-1321x883','','','','','','','','None','','','','','','','','','','False','','','','','None','','','','','au+macias6@example.com','autumn.macias@example.net','Home','Personal','','False','Work','autumn.macias@example.com','877-414-3409x23393','0.0','','','','','0.0','','0.0','','','','0.0','','','','0.0','0.0','0.0','0.0','0.0','0.0','0.0','0.0','0.0','0.0','0.0','','','','','0.0','0.0','False','False','False','False','False','','','','','','','','','','','','0.0','False','26','','','','','');
INSERT INTO "Contact" VALUES(104,'','','','','','','','','','','','','None','False','','le+douglas1974@example.org','','','','','','','','None','Douglas','False','','','','','','','','English','Levi','','','','','(007)195-5186','','','','','','','','None','','','','','','','','','','False','','','','','None','','','','','l+douglas0@example.org','le+douglas1974@example.org','Home','Personal','','False','Work','levi_douglas0@example.org','+1-104-628-2086x32519','0.0','','','','','0.0','','0.0','','','','0.0','','','','0.0','0.0','0.0','0.0','0.0','0.0','0.0','0.0','0.0','0.0','0.0','','','','','0.0','0.0','False','False','False','False','False','','','','','','','','','','','','0.0','False','26','','','','','');
INSERT INTO "Contact" VALUES(105,'','','','','','','','Onboarding','','','2AUHPQHF','Effect public bill effort they information.','Certified','True','2020-09-12','g+golden81@example.com','','','','','','','','In Training','Gerald','False','','','','Give special well. Since add candidate. Break particular book since.','','Disability Advocacy','Active','American Sign Language','Golden','Active','Client Certification','Mullen and Sons','Spanish','(094)050-6763','Volunteer;Team Facilitator Lead;Client','Deal.','He/Him','','','','','None','','','','','','','','Operations- Volunteer and Staff','','True','','','','Autism','None','','','','','gerald.golden@example.com','g+golden81@example.com','Home','Personal','','False','Work','geraldgolden@example.com','913-647-6481','0.0','46183.0','1981','2022-08-12','40815.0','0.0','2022-03-22','0.0','2022-04-26','Value enough by kind change. Ahead production everything head hospital.','Drug account rich share smile. Road indicate imagine appear almost.','0.0','2022-06-07','2022-10-31','Household__c.Informal_Greeting__c','0.0','0.0','0.0','0.0','0.0','0.0','0.0','0.0','0.0','0.0','0.0','74459.0','28865.0','21151.0','74482.0','0.0','0.0','False','False','False','True','False','78457.0','2022-09-16','12165.0','2022-05-03','39068.0','','9404.0','30551.0','31378.0','99009.0','86038.0','0.0','False','26','','','','','');
INSERT INTO "Contact" VALUES(106,'','','','','','','','','','','','','None','False','','a-yoder09@example.net','','','','','','','','None','Yoder','False','','','','','','','','English','Alexis','','','','','321.332.5122','','','','','','','','None','','','','','','','','','','False','','','','','None','','','','','al+yoder69@example.org','a-yoder09@example.net','Home','Personal','','False','Other','al.yoder@example.com','(784)977-5380','0.0','','','','','0.0','','0.0','','','','0.0','','','','0.0','0.0','0.0','0.0','0.0','0.0','0.0','0.0','0.0','0.0','0.0','','','','','0.0','0.0','False','False','False','False','False','','','','','','','','','','','','0.0','False','28','','','','','');
INSERT INTO "Contact" VALUES(107,'','','','','','','','','','','','','None','False','','ashley_lowery@example.net','','','','','','','','None','Lowery','False','','','','','','','','English','Ashley','','','','','385.663.7025','','','','','','','','None','','','','','','','','','','False','','','','','None','','','','','a.lowery59@example.org','ashley_lowery@example.net','Home','Personal','','False','Work','a-lowery88@example.org','+1-267-650-7432','0.0','','','','','0.0','','0.0','','','','0.0','','','','0.0','0.0','0.0','0.0','0.0','0.0','0.0','0.0','0.0','0.0','0.0','','','','','0.0','0.0','False','False','False','False','False','','','','','','','','','','','','0.0','False','28','','','','','');
INSERT INTO "Contact" VALUES(108,'','','','','','','','Initial Inquiry','','','GDH93QPN','Information billion later push better discuss.','None','False','2017-05-30','ky-hart1973@example.com','','','','','','','','None','Kylie','False','','','','Arrive media like five common thing once. Worker three painting term. Small political pressure police decide all parent seem.','','Project/Program Management','None','Mandarin','Hart','None','Volunteering','Costa, Welch and Young','Mandarin','187.336.4141x9648','Volunteer;Trainer','Group.','They/Them','','','','','None','','','','','','','','Active Projects- Fund Development','','False','','','','Narcolepsy Alert','Discontinued','','','','','ky.hart5@example.com','ky-hart1973@example.com','Home','Personal','','False','Other','kyhart79@example.org','601-902-5137x8668','0.0','96632.0','2007','2022-06-03','67714.0','0.0','2022-12-12','0.0','2022-12-22','Attorney necessary relationship yet career analysis.','Near business science carry management very. Mention through per throughout investment I.','0.0','2023-01-31','2022-09-21','Household__c.Formal_Greeting__c','0.0','0.0','0.0','0.0','0.0','0.0','0.0','0.0','0.0','0.0','0.0','17280.0','88929.0','61962.0','98961.0','0.0','0.0','False','False','True','False','False','48501.0','2022-04-02','67279.0','2022-11-08','9444.0','','60317.0','61186.0','77452.0','98711.0','17065.0','0.0','False','28','','','','','');
INSERT INTO "Contact" VALUES(109,'','','','','','','','None','','','42Q3S4RN','Class work network what amount agreement.','None','False','2008-06-12','te+beasley01@example.org','','','','','','','','In Training','Terri','False','','','','Other century hotel service head. Into weight run. Within edge child develop nation front daughter.','','Disability Advocacy','Active','English','Beasley','Inactive','Sweet Snoopers Training Program','Newman-Combs','Tagalog','(835)235-6565x25698','Team Facilitator Lead','Tonight.','She/Her','','','','','None','','','','','','','','Active Projects- Academy','','True','','','','Hearing Alert','None','','','','','terribeasley7@example.com','te+beasley01@example.org','Home','Personal','','False','Work','t+beasley86@example.com','2889295322','0.0','36838.0','1981','2022-09-30','87309.0','0.0','2022-05-24','0.0','2023-02-01','Recognize compare early measure stage. Difference never drug real family.','Huge fly hard good action natural. Body reach statement.','0.0','2023-02-01','2022-11-03','Household__c.Name','0.0','0.0','0.0','0.0','0.0','0.0','0.0','0.0','0.0','0.0','0.0','85200.0','23337.0','18902.0','51175.0','0.0','0.0','False','False','False','False','True','7774.0','2022-07-28','11156.0','2022-05-03','33478.0','','28391.0','61068.0','39616.0','44355.0','69516.0','0.0','False','28','','','','','');
INSERT INTO "Contact" VALUES(110,'','','','','','','','Active','','','41JMKHYZ','Black finally keep until hour myself natural mind.','Initial Inquiry','True','2015-11-17','k+austin1998@example.com','','','','','','','','None','Karla','False','','','','Democratic simple compare dream street middle. Speak foreign race wonder.','','Disability Advocacy','Inactive','Russian','Austin','None','Volunteering','Duarte, Fuentes and Russell','Cantonese','600-861-9346x9012','Trainer;Client','Sing.','He/Him','','','','','None','','','','','','','','Operations- Master Docs - READ ONLY','','True','','','','Autism','Discontinued','','','','','kaustin0@example.com','k+austin1998@example.com','Home','Personal','','False','Home','karla_austin6@example.net','249.308.2468','0.0','20999.0','2003','2022-04-11','51274.0','0.0','2023-01-22','0.0','2022-08-14','Man someone notice brother ask above. City such protect enter trial in.','Past tax report month responsibility. Material many answer understand.','0.0','2022-09-30','2022-03-27','Household__c.Informal_Greeting__c','0.0','0.0','0.0','0.0','0.0','0.0','0.0','0.0','0.0','0.0','0.0','81518.0','69177.0','6433.0','45113.0','0.0','0.0','False','False','False','True','False','38346.0','2022-07-05','88263.0','2022-05-12','79893.0','','18386.0','95763.0','35281.0','78089.0','30856.0','0.0','False','28','','','','','');
INSERT INTO "Contact" VALUES(111,'','','','','','','','','','','','','None','False','','sarah-gallagher54@example.org','','','','','','','','None','Gallagher','False','','','','','','','','English','Sarah','','','','','(005)710-8628x88527','','','','','','','','None','','','','','','','','','','False','','','','','None','','','','','sa.gallagher1980@example.org','sarah-gallagher54@example.org','Home','Personal','','False','Other','sgallagher@example.net','(275)377-7798x52389','0.0','','','','','0.0','','0.0','','','','0.0','','','','0.0','0.0','0.0','0.0','0.0','0.0','0.0','0.0','0.0','0.0','0.0','','','','','0.0','0.0','False','False','False','False','False','','','','','','','','','','','','0.0','False','33','','','','','');
INSERT INTO "Contact" VALUES(112,'','','','','','','','','','','','','None','False','','jo.bauer@example.org','','','','','','','','None','Bauer','False','','','','','','','','English','Johnathan','','','','','490-478-3188x4429','','','','','','','','None','','','','','','','','','','False','','','','','None','','','','','jo_bauer1983@example.org','jo.bauer@example.org','Home','Personal','','False','Other','johnathan+bauer1975@example.org','078-652-3176','0.0','','','','','0.0','','0.0','','','','0.0','','','','0.0','0.0','0.0','0.0','0.0','0.0','0.0','0.0','0.0','0.0','0.0','','','','','0.0','0.0','False','False','False','False','False','','','','','','','','','','','','0.0','False','33','','','','','');
INSERT INTO "Contact" VALUES(113,'','','','','','','','Active','','','AO2M7DIB','Action behavior station quickly control.','None','False','2022-06-11','k.carson@example.net','','','','','','','','None','Keith','False','','','','Plant bar nothing. Positive show stuff hand.','','SEO','Onboarding','English','Carson','None','Team Facilitator Certification','Wilson-Austin','English','+1-628-569-9339','Volunteer;Puppy Raiser','Sport.','They/Them','','','','','Onboarding','','','','','','','','Sensitive Info- Board','','False','','','','Diabetes Alert','None','','','','','k-carson98@example.net','k.carson@example.net','Home','Personal','','False','Work','kcarson@example.net','710.929.4031','0.0','40474.0','1981','2022-06-02','93177.0','0.0','2022-06-09','0.0','2022-04-22','Social area your admit. Discuss suggest agree wrong seat outside factor.','Republican rest son bit pressure. Into strong in truth space fire.','0.0','2022-08-24','2022-10-26','Household__c.Formal_Greeting__c','0.0','0.0','0.0','0.0','0.0','0.0','0.0','0.0','0.0','0.0','0.0','5028.0','77092.0','13452.0','77077.0','0.0','0.0','False','False','True','False','False','54787.0','2023-01-23','34180.0','2022-11-29','78535.0','','99347.0','186.0','22250.0','20612.0','62490.0','0.0','False','33','','','','','');
INSERT INTO "Contact" VALUES(114,'','','','','','','','Inactive','','','DL5VSLWB','Several different item poor.','','True','2014-08-20','julie.scott56@example.com','','','','','','','','None','Julie','False','','','','Season decide color fact serve either computer. Similar world focus maybe community. As population consider simply early raise mission.','','Outreach/Networking','Active','English','Scott','None','Team Facilitator Certification','Zavala-Rice','Arabic','465-184-3945x6075','Client','Learn.','He/Him','','','','','None','','','','','','','','Operations- Master Docs - READ ONLY','','False','','','','Medical Incident Assist','None','','','','','ju-scott00@example.org','julie.scott56@example.com','Home','Personal','','False','Work','ju-scott1967@example.net','658.998.5853','0.0','75930.0','2015','2022-10-26','59951.0','0.0','2022-10-18','0.0','2022-07-29','A morning low reason thus listen career. Campaign common major because for.','Far my catch thought organization off. Full arrive return. Poor probably music sing write much.','0.0','2022-09-26','2022-12-10','Household__c.Formal_Greeting__c','0.0','0.0','0.0','0.0','0.0','0.0','0.0','0.0','0.0','0.0','0.0','60528.0','11378.0','9030.0','99866.0','0.0','0.0','False','False','True','False','False','48839.0','2022-03-15','8336.0','2022-03-30','12848.0','','94354.0','5779.0','94260.0','1800.0','88787.0','0.0','False','33','','','','','');
INSERT INTO "Contact" VALUES(115,'','','','','','','','Inactive','','','5JO5OZKZ','Front relationship especially scientist section difference.','None','False','2017-12-13','bo-robinson1965@example.com','','','','','','','','Initial Inquiry','Bonnie','False','','','','Trial claim interest for. Truth perhaps people assume although budget bank.','','Dog Training/Behavior/Veterinary','Initial Inquiry','English','Robinson','None','Assistance Dogs Set in Motion Program','Cooper, Clements and Andrade','Korean','332-506-2251','Volunteer;Team Facilitator','Some.','Prefer to self-describe','','','','','None','','','','','','','','Operations- Client','','False','','','','Psychiatric','None','','','','','b+robinson4@example.org','bo-robinson1965@example.com','Home','Personal','','False','Home','brobinson1990@example.net','(420)465-8702','0.0','44468.0','2015','2022-03-28','59272.0','0.0','2022-12-13','0.0','2023-02-06','Security director prove management three. Security second again theory.','Bed recognize sister team. Answer official argue practice range total.','0.0','2022-04-03','2022-09-30','Household__c.Formal_Greeting__c','0.0','0.0','0.0','0.0','0.0','0.0','0.0','0.0','0.0','0.0','0.0','33413.0','16815.0','52021.0','85490.0','0.0','0.0','False','False','True','False','False','19974.0','2022-04-12','7164.0','2022-09-23','7113.0','','87079.0','23590.0','40900.0','95137.0','54127.0','0.0','False','33','','','','','');
INSERT INTO "Contact" VALUES(116,'','','','','','','','','','','','','None','False','','deborah.hogan1975@example.net','','','','','','','','None','Hogan','False','','','','','','','','English','Deborah','','','','','001-179-009-1364x319','','','','','','','','None','','','','','','','','','','False','','','','','None','','','','','d_hogan56@example.com','deborah-hogan1948@example.com','Home','Personal','Work','False','Other','de_hogan1994@example.net','(601)385-9404','0.0','','','','','0.0','','0.0','','','','0.0','','','','0.0','0.0','0.0','0.0','0.0','0.0','0.0','0.0','0.0','0.0','0.0','','','','','0.0','0.0','False','False','False','False','False','','','','','','','','','','','','0.0','False','35','','','','','');
INSERT INTO "Contact" VALUES(117,'','','','','','','','','','','','','None','False','','c+murillo1993@example.com','','','','','','','','None','Murillo','False','','','','','','','','English','Carol','','','','','(704)308-4560x196','','','','','','','','None','','','','','','','','','','False','','','','','None','','','','','ca-murillo6@example.com','c+murillo1993@example.com','Home','Personal','','False','Work','ca+murillo@example.com','773-705-6778','0.0','','','','','0.0','','0.0','','','','0.0','','','','0.0','0.0','0.0','0.0','0.0','0.0','0.0','0.0','0.0','0.0','0.0','','','','','0.0','0.0','False','False','False','False','False','','','','','','','','','','','','0.0','False','40','','','','','');
INSERT INTO "Contact" VALUES(118,'','','','','','','','','','','','','None','False','','pa_jackson09@example.net','','','','','','','','None','Jackson','False','','','','','','','','English','Paula','','','','','+1-807-684-6734x82566','','','','','','','','None','','','','','','','','','','False','','','','','None','','','','','pa+jackson8@example.net','pa_jackson09@example.net','Home','Personal','','False','Home','paulajackson89@example.net','(320)037-7976x909','0.0','','','','','0.0','','0.0','','','','0.0','','','','0.0','0.0','0.0','0.0','0.0','0.0','0.0','0.0','0.0','0.0','0.0','','','','','0.0','0.0','False','False','False','False','False','','','','','','','','','','','','0.0','False','40','','','','','');
INSERT INTO "Contact" VALUES(119,'','','','','','','','Active','','','2AUHHSZN','Parent necessary rise turn risk professional.','None','False','2001-03-30','ebony-bowers@example.net','','','','','','','','Initial Inquiry','Ebony','False','','','','Start discover either sell agency spring whether. Treat else standard same office. Wrong recently place modern.','','Sales','Active','English','Bowers','None','Teams Set in Motion Program','Odonnell-Schaefer','Cantonese','+1-723-246-4639x7947','Volunteer;Team Facilitator','Quality.','He/Him','','','','','None','','','','','','','','Operations- Trainer','','False','','','','Seizure Response','None','','','','','ebonybowers@example.com','ebony-bowers@example.net','Home','Personal','','False','Other','ebony_bowers@example.com','297.972.9401x184','0.0','691.0','2012','2022-10-28','54845.0','0.0','2022-11-02','0.0','2023-01-04','Remember capital day level should. Just kitchen price Republican.','Father eight year current. Project all couple not security east follow.','0.0','2022-04-25','2022-12-28','Household__c.Informal_Greeting__c','0.0','0.0','0.0','0.0','0.0','0.0','0.0','0.0','0.0','0.0','0.0','52940.0','41024.0','5263.0','62377.0','0.0','0.0','False','False','False','True','False','86169.0','2023-01-06','64964.0','2022-08-20','57620.0','','73906.0','38791.0','49477.0','64391.0','78304.0','0.0','False','40','','','','','');
INSERT INTO "Contact" VALUES(120,'','','','','','','','','','','','','None','False','','tabitha.pitts82@example.org','','','','','','','','None','Pitts','False','','','','','','','','English','Tabitha','','','','','8376523764','','','','','','','','None','','','','','','','','','','False','','','','','None','','','','','t-pitts1958@example.net','tabitha.pitts82@example.org','Home','Personal','','False','Other','tabitha+pitts79@example.net','(573)385-6455x8097','0.0','','','','','0.0','','0.0','','','','0.0','','','','0.0','0.0','0.0','0.0','0.0','0.0','0.0','0.0','0.0','0.0','0.0','','','','','0.0','0.0','False','False','False','False','False','','','','','','','','','','','','0.0','False','3','','','','','');
INSERT INTO "Contact" VALUES(121,'','','','','','','','','','','','','None','False','','shjarvis08@example.net','','','','','','','','None','Jarvis','False','','','','','','','','English','Shelly','','','','','(456)463-1060x3160','','','','','','','','None','','','','','','','','','','False','','','','','None','','','','','s_jarvis@example.com','shjarvis08@example.net','Home','Personal','','False','Work','sh.jarvis5@example.org','079.419.4822x213','0.0','','','','','0.0','','0.0','','','','0.0','','','','0.0','0.0','0.0','0.0','0.0','0.0','0.0','0.0','0.0','0.0','0.0','','','','','0.0','0.0','False','False','False','False','False','','','','','','','','','','','','0.0','False','3','','','','','');
INSERT INTO "Contact" VALUES(122,'','','','','','','','Initial Inquiry','','','41JMKXEJ','Stock feeling blood if statement.','Onboarding','False','2010-02-12','lisa_hall@example.com','','','','','','','','None','Lisa','False','','','','Stand degree education. Over travel production else important in. Tv behavior forward pattern loss respond.','','Photography/Videography','Onboarding','English','Hall','None','Trainer Certification','Lewis PLC','Cantonese','(492)550-3069','Trainer;Client','Sound.','She/Her','','','','','None','','','','','','','','Sensitive Info- Volunteer and Staff','','True','','','','Diabetes Alert','Suspended','','','','','l-hall54@example.net','lisa_hall@example.com','Home','Personal','','False','Home','li-hall@example.org','+1-545-113-9337','0.0','32481.0','2018','2022-06-15','57107.0','0.0','2023-01-07','0.0','2023-02-13','Unit my cover music. Anyone rock base brother wear home available. Always power simple its.','Character main general star lay.','0.0','2022-08-23','2022-04-21','Household__c.Name','0.0','0.0','0.0','0.0','0.0','0.0','0.0','0.0','0.0','0.0','0.0','16407.0','51382.0','71066.0','14253.0','0.0','0.0','False','False','False','False','True','82577.0','2022-06-02','82190.0','2022-07-22','10593.0','','77441.0','78037.0','47020.0','54970.0','55654.0','0.0','False','3','','','','','');
INSERT INTO "Contact" VALUES(123,'','','','','','','','Onboarding','','','AO2M7SXV','Rise size his.','None','False','2000-12-19','c-taylor1962@example.net','','','','','','','','None','Christy','False','','','','Offer economy change surface. Painting heavy population there be audience help fast. While company shake game great.','','Outreach/Networking','Onboarding','English','Taylor','None','Trainer Certification','Mahoney, Ball and Glass','Arabic','172-809-5199x3513','Volunteer;Trainer','Last seat.','Prefer to self-describe','','','','','None','','','','','','','','Active Projects- Technology Infrastructure','','False','','','','Psychiatric;Autism','Onboarding','','','','','c_taylor1947@example.com','c-taylor1962@example.net','Home','Personal','','False','Work','ch_taylor66@example.net','112.122.5435','0.0','41533.0','1975','2022-09-10','27814.0','0.0','2022-05-21','0.0','2022-08-12','Finally Mrs character project course ahead always. Enjoy box friend town.','Compare exactly nation where may kid figure. Partner half center condition other issue.','0.0','2022-07-11','2022-12-12','Household__c.Informal_Greeting__c','0.0','0.0','0.0','0.0','0.0','0.0','0.0','0.0','0.0','0.0','0.0','22703.0','12426.0','6387.0','55576.0','0.0','0.0','False','False','False','True','False','37196.0','2022-08-01','91528.0','2023-02-08','832.0','','7479.0','23265.0','29267.0','99366.0','3634.0','0.0','False','3','','','','','');
INSERT INTO "Contact" VALUES(124,'','','','','','','','Active','','','DL5VT1BV','Under bag direction heart.','None','False','2006-07-07','k-beasley5@example.net','','','','','','','','None','Kurt','False','','','','On start cost eye tough turn deal.','','Education/Course Development','None','English','Beasley','None','Team Facilitator Certification','Trevino, Goodman and Calderon','English','340.600.7117x96837','Volunteer;Trainer','Woman.','She/Her','','','','','None','','','','','','','','Active Projects- Technology Infrastructure','','True','','','','Autism','Discontinued','','','','','k.beasley4@example.org','k-beasley5@example.net','Home','Personal','','False','Home','ku_beasley53@example.net','001-122-062-5386x10080','0.0','86238.0','2003','2022-06-14','39642.0','0.0','2022-09-03','0.0','2022-07-31','Several big budget none same. Answer news mean degree another present ability.','Strong young dinner. Art house enough world gun arm dream.','0.0','2022-07-07','2022-08-07','Household__c.Formal_Greeting__c','0.0','0.0','0.0','0.0','0.0','0.0','0.0','0.0','0.0','0.0','0.0','23208.0','41841.0','95321.0','3210.0','0.0','0.0','False','False','True','False','False','39799.0','2022-08-22','8017.0','2022-10-28','69185.0','','55264.0','87764.0','63412.0','7754.0','52741.0','0.0','False','3','','','','','');
INSERT INTO "Contact" VALUES(125,'','','','','','','','','','','','','None','False','','bpham6@example.org','','','','','','','','None','Pham','False','','','','','','','','English','Beverly','','','','','001-003-977-5933x48853','','','','','','','','None','','','','','','','','','','False','','','','','None','','','','','be-pham92@example.com','bpham6@example.org','Home','Personal','','False','Other','b.pham51@example.net','(084)330-0862','0.0','','','','','0.0','','0.0','','','','0.0','','','','0.0','0.0','0.0','0.0','0.0','0.0','0.0','0.0','0.0','0.0','0.0','','','','','0.0','0.0','False','False','False','False','False','','','','','','','','','','','','0.0','False','42','','','','','');
INSERT INTO "Contact" VALUES(126,'','','','','','','','','','','','','None','False','','krgregory08@example.net','','','','','','','','None','Gregory','False','','','','','','','','English','Kristopher','','','','','7939957687','','','','','','','','None','','','','','','','','','','False','','','','','None','','','','','krgregory1946@example.net','krgregory08@example.net','Home','Personal','','False','Other','kgregory8@example.net','(318)377-7231x9077','0.0','','','','','0.0','','0.0','','','','0.0','','','','0.0','0.0','0.0','0.0','0.0','0.0','0.0','0.0','0.0','0.0','0.0','','','','','0.0','0.0','False','False','False','False','False','','','','','','','','','','','','0.0','False','42','','','','','');
INSERT INTO "Contact" VALUES(127,'','','','','','','','Initial Inquiry','','','GDH9OYLN','Discuss customer provide one industry church thing.','None','True','2001-12-11','r-travis9@example.com','','','','','','','','Certified-Active','Rodney','False','','','','Either join process enter book dinner to. Performance cause base control student after.','','SEO','Onboarding','Spanish','Travis','Inactive','Team Facilitator Certification','Hahn and Sons','Mandarin','+1-755-932-7629x78868','Team Facilitator Lead','Feeling.','They/Them','','','','','None','','','','','','','','Active Projects- ADI','','True','','','','Seizure Response','None','','','','','rodneytravis@example.com','r-travis9@example.com','Home','Personal','','False','Home','r+travis9@example.com','114.325.1024x1679','0.0','71122.0','1991','2022-06-16','47851.0','0.0','2022-11-09','0.0','2022-03-01','These risk choose big. High would line care.','Crime defense measure see month.','0.0','2022-06-18','2022-04-04','Household__c.Name','0.0','0.0','0.0','0.0','0.0','0.0','0.0','0.0','0.0','0.0','0.0','65000.0','31387.0','17666.0','87622.0','0.0','0.0','False','False','False','False','True','83752.0','2022-10-27','31470.0','2022-05-26','59984.0','','73387.0','12122.0','71891.0','61293.0','72003.0','0.0','False','42','','','','','');
INSERT INTO "Contact" VALUES(128,'','','','','','','','','','','','','None','False','','sa-mcdowell11@example.org','','','','','','','','None','Mcdowell','False','','','','','','','','English','Sarah','','','','','+1-884-118-2669','','','','','','','','None','','','','','','','','','','False','','','','','None','','','','','s_mcdowell52@example.org','sa-mcdowell11@example.org','Home','Personal','','False','Home','sarah_mcdowell3@example.com','001-559-430-1102x488','0.0','','','','','0.0','','0.0','','','','0.0','','','','0.0','0.0','0.0','0.0','0.0','0.0','0.0','0.0','0.0','0.0','0.0','','','','','0.0','0.0','False','False','False','False','False','','','','','','','','','','','','0.0','False','44','','','','','');
INSERT INTO "Contact" VALUES(129,'','','','','','','','','','','','','None','False','','jocombs@example.com','','','','','','','','None','Combs','False','','','','','','','','English','Joyce','','','','','662.011.8202x6398','','','','','','','','None','','','','','','','','','','False','','','','','None','','','','','jo+combs7@example.com','jocombs@example.com','Home','Personal','','False','Work','jo+combs1966@example.org','001-444-495-8562x685','0.0','','','','','0.0','','0.0','','','','0.0','','','','0.0','0.0','0.0','0.0','0.0','0.0','0.0','0.0','0.0','0.0','0.0','','','','','0.0','0.0','False','False','False','False','False','','','','','','','','','','','','0.0','False','44','','','','','');
INSERT INTO "Contact" VALUES(130,'','','','','','','','Active','','','DL5VS6GR','Yes you space fly ago.','None','True','2018-09-16','daniel+walton5@example.net','','','','','','','','None','Daniel','False','','','','Development evening teach buy yard. End reveal will several.','','Project/Program Management','None','English','Walton','None','Assistance Dogs Set in Motion Program','Moses, Gillespie and Schneider','American Sign Language','001-160-367-3217x4799','Trainer','Ok local.','Prefer to self-describe','','','','','None','','','','','','','','Active Projects- Scholarships','','False','','','','Psychiatric','Discontinued','','','','','d_walton1963@example.org','daniel+walton5@example.net','Home','Personal','','False','Work','dwalton0@example.com','959.002.0571x522','0.0','15700.0','1997','2023-02-13','8011.0','0.0','2022-06-22','0.0','2022-07-25','Cause fast some see available. Cause boy fast state majority.','Nothing reveal voice. Road executive new character stock focus.','0.0','2022-10-09','2022-04-17','Household__c.Name','0.0','0.0','0.0','0.0','0.0','0.0','0.0','0.0','0.0','0.0','0.0','5064.0','69499.0','86479.0','61571.0','0.0','0.0','False','False','False','False','True','11257.0','2023-02-24','37483.0','2022-12-24','29823.0','','3189.0','29880.0','4767.0','83691.0','33134.0','0.0','False','109','','','','','');
INSERT INTO "Contact" VALUES(131,'','','','','','','','','','','','','None','False','','louis.campos2013@example.com','','','','','','','','None','Campos','False','','','','','','','','English','Louis','','','','','001-715-125-9597x838','','','','','','','','None','','','','','','','','','','False','','','','','None','','','','','louis.campos5@example.net','louis.campos2013@example.com','Home','Personal','','False','Work','locampos5@example.net','855-276-0989x29636','0.0','','','','','0.0','','0.0','','','','0.0','','','','0.0','0.0','0.0','0.0','0.0','0.0','0.0','0.0','0.0','0.0','0.0','','','','','0.0','0.0','False','False','False','False','False','','','','','','','','','','','','0.0','False','109','','','','','');
INSERT INTO "Contact" VALUES(132,'','','','','','','','','','','','','None','False','','loalexander1@example.org','','','','','','','','None','Alexander','False','','','','','','','','English','Logan','','','','','(225)389-2177x2462','','','','','','','','None','','','','','','','','','','False','','','','','None','','','','','l.alexander1973@example.org','loalexander1@example.org','Home','Personal','','False','Work','lo.alexander1948@example.net','682.211.4169x2418','0.0','','','','','0.0','','0.0','','','','0.0','','','','0.0','0.0','0.0','0.0','0.0','0.0','0.0','0.0','0.0','0.0','0.0','','','','','0.0','0.0','False','False','False','False','False','','','','','','','','','','','','0.0','False','109','','','','','');
INSERT INTO "Contact" VALUES(133,'','','','','','','','None','','','AO2M8NSZ','Later pressure home claim development.','None','False','2009-04-12','scott+miles1981@example.com','','','','','','','','None','Scott','False','','','','Try guess you believe still. Who chance paper time budget war. Theory blood summer.','','Graphic Design','Onboarding','English','Miles','None','Sponsorship/Donations','Hogan LLC','Japanese','744.632.7501x828','Donor','Believe.','They/Them','','','','','None','','','','','','','','Sensitive Info- Trainer','','False','','','','Mobility','None','','','','','scott_miles04@example.org','scott+miles1981@example.com','Home','Personal','','False','Work','s+miles1985@example.net','(138)619-1669x26493','0.0','36311.0','2018','2022-12-18','17338.0','0.0','2022-05-04','0.0','2022-08-21','Fight turn phone boy front. Tough this notice. I watch environmental traditional as this list.','Radio ground experience. Process product investment world. Nature turn treat rich degree.','0.0','2022-11-01','2023-01-04','Household__c.Informal_Greeting__c','0.0','0.0','0.0','0.0','0.0','0.0','0.0','0.0','0.0','0.0','0.0','24846.0','76159.0','78953.0','29980.0','0.0','0.0','False','False','False','True','False','52264.0','2022-10-02','72123.0','2022-07-05','62303.0','','19842.0','77600.0','27991.0','12578.0','74015.0','0.0','False','109','','','','','');
INSERT INTO "Contact" VALUES(134,'','','','','','','','','','','','','None','False','','jasmin_russo7@example.com','','','','','','','','None','Russo','False','','','','','','','','English','Jasmin','','','','','(039)986-3824','','','','','','','','None','','','','','','','','','','False','','','','','None','','','','','ja_russo96@example.org','jasmin_russo7@example.com','Home','Personal','','False','Other','ja.russo5@example.net','504.418.4641','0.0','','','','','0.0','','0.0','','','','0.0','','','','0.0','0.0','0.0','0.0','0.0','0.0','0.0','0.0','0.0','0.0','0.0','','','','','0.0','0.0','False','False','False','False','False','','','','','','','','','','','','0.0','False','111','','','','','');
INSERT INTO "Contact" VALUES(135,'','','','','','','','','','','','','None','False','','darren+hunt@example.org','','','','','','','','None','Hunt','False','','','','','','','','English','Darren','','','','','(246)511-5082','','','','','','','','None','','','','','','','','','','False','','','','','None','','','','','darren.hunt44@example.org','darren+hunt@example.org','Home','Personal','','False','Home','darren+hunt7@example.org','(749)826-6855x30008','0.0','','','','','0.0','','0.0','','','','0.0','','','','0.0','0.0','0.0','0.0','0.0','0.0','0.0','0.0','0.0','0.0','0.0','','','','','0.0','0.0','False','False','False','False','False','','','','','','','','','','','','0.0','False','111','','','','','');
INSERT INTO "Contact" VALUES(136,'','','','','','','','Inactive','','','5JO5PF0J','Agreement course animal five spring.','None','True','2011-06-28','mario+mcintyre78@example.net','','','','','','','','None','Mario','False','','','','Human everything brother less her any. Change institution expert role. Car all report know eat question.','','Marketing and Branding','Initial Inquiry','English','Mcintyre','None','Volunteering','Kerr, Howard and Mendoza','Spanish','+1-620-417-1052x5260','Volunteer','Major.','Prefer to self-describe','','','','','None','','','','','','','','Operations- Trainer','','True','','','','Mobility;Autism','None','','','','','m.mcintyre@example.net','mario+mcintyre78@example.net','Home','Personal','','False','Home','ma_mcintyre@example.com','874-130-2547','0.0','22553.0','1985','2023-01-11','58942.0','0.0','2022-04-23','0.0','2022-02-26','Audience common turn clearly ready oil final drive. Source tend school picture.','Finally vote second subject. Effect style watch production occur name.','0.0','2022-10-17','2022-06-07','Household__c.Name','0.0','0.0','0.0','0.0','0.0','0.0','0.0','0.0','0.0','0.0','0.0','11847.0','34038.0','26573.0','91623.0','0.0','0.0','False','False','False','False','True','27595.0','2023-01-25','58389.0','2023-02-15','56920.0','','18152.0','52675.0','10522.0','857.0','5457.0','0.0','False','111','','','','','');
INSERT INTO "Contact" VALUES(137,'','','','','','','','Inactive','','','EGNSMSZV','Smile reduce sea.','None','True','2022-07-22','ti.bentley81@example.org','','','','','','','','None','Tim','False','','','','Message think section effect industry do continue history. Citizen fund nearly Mr. About believe lead Democrat establish strategy.','','Nonprofit Leadership','Onboarding','English','Bentley','None','Trainer Certification','Fry-Jordan','American Sign Language','505.037.4446x26731','Volunteer;Trainer','Attorney.','He/Him','','','','','None','','','','','','','','Active Projects- ADI','','False','','','','Medical Incident Assist','Inactive','','','','','ti-bentley@example.net','ti.bentley81@example.org','Home','Personal','','False','Other','ti-bentley2009@example.org','021.804.1302x045','0.0','81121.0','1994','2022-12-05','94406.0','0.0','2022-06-03','0.0','2023-01-21','Lose major draw financial much.','Individual full economy allow know away possible up. Sit over effort.','0.0','2022-12-04','2022-11-18','Household__c.Formal_Greeting__c','0.0','0.0','0.0','0.0','0.0','0.0','0.0','0.0','0.0','0.0','0.0','91069.0','27540.0','40872.0','59099.0','0.0','0.0','False','False','True','False','False','51590.0','2022-07-29','90614.0','2023-01-05','64953.0','','75860.0','98075.0','10659.0','75066.0','20166.0','0.0','False','111','','','','','');
INSERT INTO "Contact" VALUES(138,'','','','','','','','Inactive','','','2AUHP3C3','Threat third child.','Onboarding','False','2003-11-26','tom-trevino1996@example.com','','','','','','','','None','Tom','False','','','','Most many rock field run employee. Agency laugh spend letter director.','','Technology/Infrastructure','Active','English','Trevino','None','Sweet Snoopers Training Program','Haney-Kelley','Arabic','+1-529-750-6763x9447','Client','Modern he.','He/Him','','','','','None','','','','','','','','Operations- Financial','','False','','','','Psychiatric','None','','','','','t_trevino1972@example.com','tom-trevino1996@example.com','Home','Personal','','False','Home','to_trevino9@example.com','386-577-7441x583','0.0','12383.0','2021','2022-08-31','71039.0','0.0','2022-03-16','0.0','2022-04-06','Thousand among political official food. Become almost ahead hold. Claim cost interest as.','Them happen while direction station big. Forward less house movement let.','0.0','2022-05-08','2022-10-13','Household__c.Formal_Greeting__c','0.0','0.0','0.0','0.0','0.0','0.0','0.0','0.0','0.0','0.0','0.0','30149.0','90509.0','34766.0','33384.0','0.0','0.0','False','False','True','False','False','84489.0','2022-04-26','92125.0','2023-01-03','37981.0','','81486.0','14852.0','1966.0','8388.0','78718.0','0.0','False','111','','','','','');
INSERT INTO "Contact" VALUES(139,'','','','','','','','','','','','','None','False','','eu.perez@example.com','','','','','','','','None','Perez','False','','','','','','','','English','Eugene','','','','','456-425-8395','','','','','','','','None','','','','','','','','','','False','','','','','None','','','','','eu+perez5@example.net','eu.perez@example.com','Home','Personal','','False','Home','eu.perez1992@example.net','422.456.7381','0.0','','','','','0.0','','0.0','','','','0.0','','','','0.0','0.0','0.0','0.0','0.0','0.0','0.0','0.0','0.0','0.0','0.0','','','','','0.0','0.0','False','False','False','False','False','','','','','','','','','','','','0.0','False','113','','','','','');
INSERT INTO "Contact" VALUES(140,'','','','','','','','','','','','','None','False','','daryl-huffman1971@example.org','','','','','','','','None','Huffman','False','','','','','','','','English','Daryl','','','','','+1-553-013-4358','','','','','','','','None','','','','','','','','','','False','','','','','None','','','','','d_huffman@example.org','daryl-huffman1971@example.org','Home','Personal','','False','Other','da.huffman82@example.org','233-034-3589x076','0.0','','','','','0.0','','0.0','','','','0.0','','','','0.0','0.0','0.0','0.0','0.0','0.0','0.0','0.0','0.0','0.0','0.0','','','','','0.0','0.0','False','False','False','False','False','','','','','','','','','','','','0.0','False','113','','','','','');
INSERT INTO "Contact" VALUES(141,'','','','','','','','','','','','','None','False','','rowoods@example.org','','','','','','','','None','Woods','False','','','','','','','','English','Ronald','','','','','910.175.9840','','','','','','','','None','','','','','','','','','','False','','','','','None','','','','','ronald+woods@example.com','rowoods@example.org','Home','Personal','','False','Other','ro.woods@example.net','021.789.7030','0.0','','','','','0.0','','0.0','','','','0.0','','','','0.0','0.0','0.0','0.0','0.0','0.0','0.0','0.0','0.0','0.0','0.0','','','','','0.0','0.0','False','False','False','False','False','','','','','','','','','','','','0.0','False','115','','','','','');
INSERT INTO "Contact" VALUES(142,'','','','','','','','Onboarding','','','GDH94TAJ','Attorney week throughout.','None','False','2008-12-12','jacooke6@example.net','','','','','','','','None','Jane','False','','','','Loss throughout participant member save prevent. Seat positive find process direction.','','Graphic Design','Inactive','English','Cooke','None','Volunteering','Nichols Ltd','Spanish','001-785-602-8091','Volunteer;Puppy Raiser','Away.','He/Him','','','','','Inactive','','','','','','','','Operations- Financial','','False','','','','Mobility','None','','','','','janecooke@example.org','jacooke6@example.net','Home','Personal','','False','Work','j-cooke1985@example.org','(650)255-1745','0.0','5082.0','1982','2022-05-05','85931.0','0.0','2022-08-15','0.0','2023-02-18','Mr trade because forward blue once. Indeed man young product per note inside. Choose leave use.','Between likely security avoid or. Teacher describe forget rate my continue pick.','0.0','2022-11-29','2023-02-13','Household__c.Name','0.0','0.0','0.0','0.0','0.0','0.0','0.0','0.0','0.0','0.0','0.0','66296.0','55012.0','39363.0','38515.0','0.0','0.0','False','False','False','False','True','65841.0','2022-04-18','56770.0','2022-05-08','75369.0','','67768.0','79452.0','87510.0','71810.0','84741.0','0.0','False','113','','','','','');
INSERT INTO "Contact" VALUES(143,'','','','','','','','Initial Inquiry','','','42Q3RHMB','American citizen carry life.','None','False','2003-07-19','c.holloway61@example.org','','','','','','','','None','Calvin','False','','','','Rise none our remember. Then on ok program near.','','Administration','None','English','Holloway','None','Volunteering','Wong-Gonzalez','French','+1-329-300-4904x3599','Donor','Whole.','Prefer not to answer','','','','','None','','','','','','','','Active Projects- Governance, Compliance and Operations','','True','','','','Autism','None','','','','','ca-holloway1986@example.net','c.holloway61@example.org','Home','Personal','','False','Home','calvinholloway1@example.com','+1-757-739-6080x27779','0.0','7109.0','1971','2023-01-18','56048.0','0.0','2022-11-23','0.0','2023-01-14','Radio strategy mind do president eye book. Body state skin author contain.','City receive guess dinner. Create they include.','0.0','2022-07-28','2022-08-28','Household__c.Informal_Greeting__c','0.0','0.0','0.0','0.0','0.0','0.0','0.0','0.0','0.0','0.0','0.0','62325.0','84939.0','10287.0','93859.0','0.0','0.0','False','False','False','True','False','31514.0','2022-09-04','12893.0','2022-04-21','76857.0','','51876.0','40251.0','42125.0','55634.0','39414.0','0.0','False','113','','','','','');
INSERT INTO "Contact" VALUES(144,'','','','','','','','','','','','','None','False','','sh-mccarty1955@example.org','','','','','','','','None','Mccarty','False','','','','','','','','English','Sherry','','','','','719-823-9291x5076','','','','','','','','None','','','','','','','','','','False','','','','','None','','','','','s.mccarty1966@example.org','sh-mccarty1955@example.org','Home','Personal','','False','Work','s_mccarty05@example.org','666-497-7187','0.0','','','','','0.0','','0.0','','','','0.0','','','','0.0','0.0','0.0','0.0','0.0','0.0','0.0','0.0','0.0','0.0','0.0','','','','','0.0','0.0','False','False','False','False','False','','','','','','','','','','','','0.0','False','115','','','','','');
INSERT INTO "Contact" VALUES(145,'','','','','','','','Initial Inquiry','','','41JMKA97','From participant day.','Decertified','True','2019-06-08','bettybrooks@example.net','','','','','','','','None','Betty','False','','','','Return collection west help alone item. Agent beat blood body.','','Fundraising/Grants','None','English','Brooks','None','Sweet Snoopers Training Program','Bailey, Miles and Campos','English','+1-412-827-5001','Client;Puppy Raiser','American.','She/Her','','','','','Initial Inquiry','','','','','','','','Active Projects- Academy','','False','','','','Mobility;Autism','None','','','','','betty-brooks@example.net','bettybrooks@example.net','Home','Personal','','False','Work','betty_brooks2007@example.org','4054104709','0.0','85662.0','2008','2022-04-26','96279.0','0.0','2022-09-04','0.0','2022-08-01','List difficult none cost. We discover president idea main family later.','Yard couple recent though officer send. Bar rather design so should.','0.0','2022-08-25','2023-01-25','Household__c.Name','0.0','0.0','0.0','0.0','0.0','0.0','0.0','0.0','0.0','0.0','0.0','26716.0','20853.0','7020.0','30853.0','0.0','0.0','False','False','False','False','True','94769.0','2022-05-30','68596.0','2022-08-18','63678.0','','47995.0','60455.0','16524.0','3423.0','27106.0','0.0','False','115','','','','','');
INSERT INTO "Contact" VALUES(146,'','','','','','','','Active','','','AO2M8VIR','Since sport treatment with choose.','None','False','2014-12-08','ta+whitney@example.org','','','','','','','','None','Tabitha','False','','','','Book enough alone design long get. Seek major chance article series. Animal moment start network.','','Outreach/Networking','Active','English','Whitney','None','Team Facilitator Certification','Yu-Garner','American Sign Language','001-272-936-6162x29639','Volunteer;Puppy Raiser','First.','Prefer not to answer','','','','','Discontinued','','','','','','','','Active Projects- Academy','','False','','','','Mobility','None','','','','','tabithawhitney1998@example.org','ta+whitney@example.org','Home','Personal','','False','Other','tabithawhitney1987@example.com','397-224-6023x46621','0.0','4201.0','1991','2022-11-07','3802.0','0.0','2022-12-18','0.0','2022-03-17','Interest training former appear.','Particular score paper others bring understand. Increase energy home man.','0.0','2022-09-04','2022-05-13','Household__c.Informal_Greeting__c','0.0','0.0','0.0','0.0','0.0','0.0','0.0','0.0','0.0','0.0','0.0','48678.0','83680.0','48876.0','47075.0','0.0','0.0','False','False','False','True','False','24853.0','2022-11-25','89822.0','2022-06-22','47622.0','','76153.0','29061.0','49130.0','24697.0','91918.0','0.0','False','115','','','','','');
INSERT INTO "Contact" VALUES(147,'','','','','','','','','','','','','None','False','','te-daniels0@example.net','','','','','','','','None','Daniels','False','','','','','','','','English','Terrence','','','','','001-174-020-3492x10355','','','','','','','','None','','','','','','','','','','False','','','','','None','','','','','te_daniels@example.com','te-daniels0@example.net','Home','Personal','','False','Work','te.daniels1958@example.com','9361062535','0.0','','','','','0.0','','0.0','','','','0.0','','','','0.0','0.0','0.0','0.0','0.0','0.0','0.0','0.0','0.0','0.0','0.0','','','','','0.0','0.0','False','False','False','False','False','','','','','','','','','','','','0.0','False','119','','','','','');
INSERT INTO "Contact" VALUES(148,'','','','','','','','','','','','','','False','','m.andrade@example.org','','','','','','','','None','Andrade','False','','','','','','','','English','Madison','','','','','001-608-030-8350','','','','','','','','None','','','','','','','','','','False','','','','','None','','','','','ma-andrade5@example.com','m.andrade@example.org','Home','Personal','','False','Work','madisonandrade@example.com','+1-023-212-0414x534','0.0','','','','','0.0','','0.0','','','','0.0','','','','0.0','0.0','0.0','0.0','0.0','0.0','0.0','0.0','0.0','0.0','0.0','','','','','0.0','0.0','False','False','False','False','False','','','','','','','','','','','','0.0','False','119','','','','','');
INSERT INTO "Contact" VALUES(149,'','','','','','','','','','','','','None','False','','m.winters2@example.net','','','','','','','','None','Winters','False','','','','','','','','English','Malik','','','','','049-787-4305x87988','','','','','','','','None','','','','','','','','','','False','','','','','None','','','','','ma+winters5@example.net','m.winters2@example.net','Home','Personal','','False','Work','m-winters71@example.org','(645)988-8988x93191','0.0','','','','','0.0','','0.0','','','','0.0','','','','0.0','0.0','0.0','0.0','0.0','0.0','0.0','0.0','0.0','0.0','0.0','','','','','0.0','0.0','False','False','False','False','False','','','','','','','','','','','','0.0','False','122','','','','','');
INSERT INTO "Contact" VALUES(150,'','','','','','','','Active','','','DL5VRYQZ','Trade challenge friend direction close.','None','False','2002-11-26','l_farmer04@example.org','','','','','','','','None','Lucas','False','','','','Address friend stock develop. Blue condition party spring. Health far face.','','Legal','Inactive','Spanish','Farmer','None','Trainer Certification','Turner, Mccarthy and Ramirez','Spanish','001-823-834-8583x08271','Board Member','Various.','He/Him','','','','','None','','','','','','','','Operations- Financial','','False','','','','Medical Incident Assist','None','','','','','lucasfarmer2@example.com','l_farmer04@example.org','Home','Personal','','False','Work','lucas-farmer92@example.org','452-981-7120x148','0.0','34819.0','1989','2023-01-22','32749.0','0.0','2022-11-13','0.0','2022-09-04','Build stage something name seven generation contain again. Certainly stop industry.','Congress policy production those question culture eight. Us glass model though.','0.0','2022-12-26','2022-11-23','Household__c.Informal_Greeting__c','0.0','0.0','0.0','0.0','0.0','0.0','0.0','0.0','0.0','0.0','0.0','31502.0','36669.0','78395.0','81568.0','0.0','0.0','False','False','False','True','False','58283.0','2023-01-17','19380.0','2022-07-20','57497.0','','90744.0','58093.0','38965.0','23839.0','11464.0','0.0','False','119','','','','','');
INSERT INTO "Contact" VALUES(151,'','','','','','','','','','','','','None','False','','t_donovan78@example.org','','','','','','','','None','Donovan','False','','','','','','','','English','Tracie','','','','','+1-157-036-1550x39827','','','','','','','','None','','','','','','','','','','False','','','','','None','','','','','tr.donovan@example.com','tr.donovan2001@example.org','Home','Personal','Work','False','Work','t+donovan81@example.net','+1-538-021-4770x604','0.0','','','','','0.0','','0.0','','','','0.0','','','','0.0','0.0','0.0','0.0','0.0','0.0','0.0','0.0','0.0','0.0','0.0','','','','','0.0','0.0','False','False','False','False','False','','','','','','','','','','','','0.0','False','121','','','','','');
INSERT INTO "Contact" VALUES(152,'','','','','','','','','','','','','None','False','','ebrobbins7@example.net','','','','','','','','None','Robbins','False','','','','','','','','English','Ebony','','','','','001-743-439-9351x590','','','','','','','','None','','','','','','','','','','False','','','','','None','','','','','ebonyrobbins1974@example.org','ebrobbins7@example.net','Home','Personal','','False','Work','eb_robbins9@example.org','557-654-2007x037','0.0','','','','','0.0','','0.0','','','','0.0','','','','0.0','0.0','0.0','0.0','0.0','0.0','0.0','0.0','0.0','0.0','0.0','','','','','0.0','0.0','False','False','False','False','False','','','','','','','','','','','','0.0','False','122','','','','','');
INSERT INTO "Contact" VALUES(153,'','','','','','','','Onboarding','','','5JO5P7AR','Yourself woman we detail apply poor threat.','None','False','2012-11-11','vmiles0@example.com','','','','','','','','None','Vincent','False','','','','Rather both lose smile. Win growth thing. He language market people personal. Build call sister outside history.','','Graphic Design','Onboarding','English','Miles','None','Client Certification','Watkins, Jennings and Eaton','Spanish;French','327.600.8146','Volunteer;Trainer','Own miss.','Prefer to self-describe','','','','','None','','','','','','','','Active Projects- Branding and Marketing','','False','','','','Mobility;Autism','Certified-Active','','','','','vincent+miles@example.org','vmiles0@example.com','Home','Personal','','False','Work','v.miles@example.com','001-341-449-2502x400','0.0','73412.0','1985','2023-01-31','8168.0','0.0','2022-07-30','0.0','2022-08-14','Account yourself sometimes often. Of adult approach many economy decade.','Public couple rest conference those and. Foreign many son control feel together likely.','0.0','2022-09-08','2022-03-21','Household__c.Name','0.0','0.0','0.0','0.0','0.0','0.0','0.0','0.0','0.0','0.0','0.0','88059.0','59575.0','88394.0','95955.0','0.0','0.0','False','False','False','False','True','55158.0','2022-12-05','3619.0','2022-09-19','1433.0','','2160.0','75435.0','85960.0','61811.0','77390.0','0.0','False','122','','','','','');
INSERT INTO "Contact" VALUES(154,'','','','','','','','Active','','','EGNSM5UJ','Around cup up water loss short.','None','False','2010-07-03','wi+hawkins1968@example.org','','','','','','','','None','Willie','False','','','','Worker down debate wife be. Home material give star. Age reduce great hand seem. Money art choice expect field their ahead trade.','','Project/Program Management','None','English','Hawkins','None','Assistance Dogs Set in Motion Program','Clarke-Alexander','German','+1-414-489-0467x2385','Puppy Raiser','Audience.','Prefer to self-describe','','','','','Onboarding','','','','','','','','Active Projects- State Registration','','False','','','','Medical Incident Assist','None','','','','','wi_hawkins1965@example.net','wi+hawkins1968@example.org','Home','Personal','','False','Other','w-hawkins9@example.com','500.776.1636x085','0.0','21488.0','1989','2022-05-21','87038.0','0.0','2022-10-24','0.0','2022-04-22','Election suddenly technology help cold stop. Evening model professor ground.','Tonight power these pay quite consumer fill. Thank party we involve goal by.','0.0','2022-06-19','2022-12-02','Household__c.Informal_Greeting__c','0.0','0.0','0.0','0.0','0.0','0.0','0.0','0.0','0.0','0.0','0.0','96154.0','99768.0','21119.0','49996.0','0.0','0.0','False','False','False','True','False','99157.0','2022-04-19','45042.0','2022-11-21','65432.0','','5151.0','44261.0','69748.0','56029.0','47128.0','0.0','False','122','','','','','');
INSERT INTO "Contact" VALUES(155,'','','','','','','','Inactive','','','2AUHOVMB','Recognize recognize five science analysis.','None','False','2017-06-03','di-rios@example.com','','','','','','','','None','Diana','False','','','','Democrat give common box pass measure camera all. Surface perhaps such trip modern laugh radio. Him there recent time song although leader. Language bag meeting above manage who attention prepare.','','Fundraising/Grants','Initial Inquiry','English','Rios','None','Trainer Certification','Costa, Huffman and Mayer','Spanish','051.575.7947x84006','Volunteer','Analysis.','She/Her','','','','','None','','','','','','','','Active Projects- Technology Infrastructure','','True','','','','Psychiatric;Autism','None','','','','','diana+rios1964@example.net','di-rios@example.com','Home','Personal','','False','Home','diana_rios2@example.org','4434316566','0.0','35043.0','1981','2022-10-30','88510.0','0.0','2022-06-24','0.0','2022-12-01','Perform believe fall kitchen building against offer. Agreement serious meet peace strong as family.','National possible office already different. Today artist at international.','0.0','2022-06-30','2023-01-29','Household__c.Name','0.0','0.0','0.0','0.0','0.0','0.0','0.0','0.0','0.0','0.0','0.0','87598.0','26187.0','70454.0','15007.0','0.0','0.0','False','False','False','False','True','28760.0','2022-12-17','20990.0','2022-10-09','14268.0','','2368.0','73880.0','12183.0','36597.0','23622.0','0.0','False','122','','','','','');
INSERT INTO "Contact" VALUES(156,'','','','','','','','','','','','','None','False','','c+mosley7@example.com','','','','','','','','None','Mosley','False','','','','','','','','English','Carly','','','','','(823)929-6844x93854','','','','','','','','None','','','','','','','','','','False','','','','','None','','','','','carlymosley0@example.com','c+mosley7@example.com','Home','Personal','','False','Home','c.mosley@example.com','+1-125-536-3902','0.0','','','','','0.0','','0.0','','','','0.0','','','','0.0','0.0','0.0','0.0','0.0','0.0','0.0','0.0','0.0','0.0','0.0','','','','','0.0','0.0','False','False','False','False','False','','','','','','','','','','','','0.0','False','11','','','','','');
INSERT INTO "Contact" VALUES(157,'','','','','','','','','','','','','None','False','','christian.hurley04@example.net','','','','','','','','None','Hurley','False','','','','','','','','English','Christian','','','','','+1-496-679-9885x2261','','','','','','','','None','','','','','','','','','','False','','','','','None','','','','','ch.hurley46@example.com','christian.hurley04@example.net','Home','Personal','','False','Other','christian+hurley92@example.com','(872)931-7553x441','0.0','','','','','0.0','','0.0','','','','0.0','','','','0.0','0.0','0.0','0.0','0.0','0.0','0.0','0.0','0.0','0.0','0.0','','','','','0.0','0.0','False','False','False','False','False','','','','','','','','','','','','0.0','False','11','','','','','');
INSERT INTO "Contact" VALUES(158,'','','','','','','','Initial Inquiry','','','GDH94LKR','Whether example Congress adult himself consumer significant summer.','None','False','2012-07-09','ke+joseph07@example.org','','','','','','','','None','Kelly','False','','','','Rich nor buy election. Commercial listen per player offer. Somebody ago miss later score goal.','','Legal','Inactive','English','Joseph','None','Client Certification','Benton, Hall and Randolph','Spanish','913-663-2363x7691','Puppy Raiser','Pass.','Prefer not to answer','','','','','Discontinued','','','','','','','','Sensitive Info- Board','','True','','','','Psychiatric','None','','','','','kjoseph@example.net','ke+joseph07@example.org','Home','Personal','','False','Other','kelly+joseph@example.net','653.047.9486','0.0','25588.0','2008','2022-04-20','78769.0','0.0','2022-10-26','0.0','2022-05-12','Thought whom along enjoy race drive two. Set central ten citizen next.','Develop image trial item. Low worry song maintain know. Share report century security really.','0.0','2022-08-16','2022-04-13','Household__c.Informal_Greeting__c','0.0','0.0','0.0','0.0','0.0','0.0','0.0','0.0','0.0','0.0','0.0','50156.0','95824.0','71448.0','78717.0','0.0','0.0','False','False','False','True','False','49357.0','2022-12-09','98932.0','2023-02-03','99755.0','','88994.0','93574.0','25405.0','97261.0','12069.0','0.0','False','128','','','','','');
INSERT INTO "Contact" VALUES(159,'','','','','','','','None','','','41JML54B','Nature begin safe coach discuss however.','None','True','2016-09-30','ly.fry@example.com','','','','','','','','None','Lydia','False','','','','Question issue difficult. Experience rock whole administration consider.','','Medical/Mental Health','Active','Arabic','Fry','None','Volunteering','Navarro-Montes','Spanish','(495)187-0432x586','Board Member','Term you.','She/Her','','','','','None','','','','','','','','Active Projects- Governance, Compliance and Operations','','True','','','','Diabetes Alert','None','','','','','l-fry10@example.org','ly.fry@example.com','Home','Personal','','False','Home','l-fry1@example.net','892-725-9885','0.0','30308.0','2000','2022-07-04','65100.0','0.0','2023-01-21','0.0','2022-03-29','Charge account best area card model fire. Rise skin kind choice eight themselves action.','Bar crime allow place budget across. Walk must between population. Themselves stock today single.','0.0','2023-01-03','2022-03-11','Household__c.Formal_Greeting__c','0.0','0.0','0.0','0.0','0.0','0.0','0.0','0.0','0.0','0.0','0.0','29801.0','44657.0','20009.0','45550.0','0.0','0.0','False','False','True','False','False','49789.0','2022-06-01','6489.0','2022-07-15','49114.0','','12281.0','15326.0','72510.0','22810.0','86358.0','0.0','False','11','','','','','');
INSERT INTO "Contact" VALUES(160,'','','','','','','','','','','','','None','False','','s_miles2009@example.org','','','','','','','','None','Miles','False','','','','','','','','English','Steven','','','','','(973)265-2172','','','','','','','','None','','','','','','','','','','False','','','','','None','','','','','smiles46@example.com','s_miles2009@example.org','Home','Personal','','False','Home','stevenmiles@example.net','(219)816-5479','0.0','','','','','0.0','','0.0','','','','0.0','','','','0.0','0.0','0.0','0.0','0.0','0.0','0.0','0.0','0.0','0.0','0.0','','','','','0.0','0.0','False','False','False','False','False','','','','','','','','','','','','0.0','False','128','','','','','');
INSERT INTO "Contact" VALUES(161,'','','','','','','','','','','','','None','False','','c+rose66@example.net','','','','','','','','None','Rose','False','','','','','','','','English','Cheyenne','','','','','001-921-464-5404x4978','','','','','','','','None','','','','','','','','','','False','','','','','None','','','','','ch.rose@example.org','c+rose66@example.net','Home','Personal','','False','Home','cheyenne+rose@example.net','001-671-057-3495x59402','0.0','','','','','0.0','','0.0','','','','0.0','','','','0.0','0.0','0.0','0.0','0.0','0.0','0.0','0.0','0.0','0.0','0.0','','','','','0.0','0.0','False','False','False','False','False','','','','','','','','','','','','0.0','False','128','','','','','');
INSERT INTO "Contact" VALUES(162,'','','','','','','','Active','','','42Q3R9WJ','Begin yet too design rule sit.','Initial Inquiry','True','2004-03-14','l.goodwin1947@example.org','','','','','','','','None','Lindsey','False','','','','Professor organization under worker into past trouble. International rock pull or phone cost. Source exactly buy assume.','','Disability Advocacy','Onboarding','English','Goodwin','None','Teams Set in Motion Program','Hoover Group','Spanish;French','001-216-230-8682','Volunteer;Client','Money.','Prefer to self-describe','','','','','None','','','','','','','','Operations- Volunteer and Staff','','False','','','','Diabetes Alert','None','','','','','li-goodwin0@example.net','l.goodwin1947@example.org','Home','Personal','','False','Other','l+goodwin51@example.org','736-967-0910x6579','0.0','64727.0','1982','2022-06-16','81249.0','0.0','2022-10-12','0.0','2023-02-06','Crime data each major. Environmental simple executive.','Story way reality exactly main. Not manage speak letter. Television yes billion maintain.','0.0','2022-10-10','2022-04-11','Household__c.Name','0.0','0.0','0.0','0.0','0.0','0.0','0.0','0.0','0.0','0.0','0.0','37993.0','78708.0','77649.0','49734.0','0.0','0.0','False','False','False','False','True','149.0','2022-11-03','84406.0','2022-08-23','48241.0','','91679.0','62242.0','59069.0','86816.0','26734.0','0.0','False','128','','','','','');
INSERT INTO "Contact" VALUES(163,'','','','','','','','','','','','','None','False','','alutz5@example.org','','','','','','','','None','Lutz','False','','','','','','','','English','Alexis','','','','','+1-668-542-0941x225','','','','','','','','None','','','','','','','','','','False','','','','','None','','','','','alexis_lutz45@example.net','alutz5@example.org','Home','Personal','','False','Home','a-lutz1983@example.org','406.377.9995x0735','0.0','','','','','0.0','','0.0','','','','0.0','','','','0.0','0.0','0.0','0.0','0.0','0.0','0.0','0.0','0.0','0.0','0.0','','','','','0.0','0.0','False','False','False','False','False','','','','','','','','','','','','0.0','False','126','','','','','');
INSERT INTO "Contact" VALUES(164,'','','','','','','','','','','','','None','False','','ni_townsend1985@example.org','','','','','','','','None','Townsend','False','','','','','','','','English','Nicole','','','','','001-894-829-2509x156','','','','','','','','None','','','','','','','','','','False','','','','','None','','','','','ntownsend5@example.org','ni_townsend1985@example.org','Home','Personal','','False','Work','n+townsend@example.org','115.540.2239x71476','0.0','','','','','0.0','','0.0','','','','0.0','','','','0.0','0.0','0.0','0.0','0.0','0.0','0.0','0.0','0.0','0.0','0.0','','','','','0.0','0.0','False','False','False','False','False','','','','','','','','','','','','0.0','False','126','','','','','');
INSERT INTO "Contact" VALUES(165,'','','','','','','','Active','','','41JMJN3V','Deep black civil many relationship computer.','Onboarding','False','2014-07-09','ra.joseph92@example.org','','','','','','','','None','Ray','False','','','','Quite bed significant almost.','','Disability Advocacy','Onboarding','English','Joseph','None','Sponsorship/Donations','Jordan PLC','Japanese','+1-852-040-2087x4450','Trainer;Client','Discover.','He/Him','','','','','None','','','','','','','','Board - READ ONLY','','False','','','','Hearing Alert','Discontinued','','','','','r.joseph65@example.net','ra.joseph92@example.org','Home','Personal','','False','Home','ray_joseph0@example.org','002-111-5796x70626','0.0','86020.0','2009','2022-08-15','55068.0','0.0','2022-12-28','0.0','2023-02-17','Finally enjoy else soldier. Thank where office may.','Everyone music believe quite per. Between teacher woman official enter especially government.','0.0','2022-07-15','2022-09-26','Household__c.Informal_Greeting__c','0.0','0.0','0.0','0.0','0.0','0.0','0.0','0.0','0.0','0.0','0.0','61089.0','49510.0','2395.0','30091.0','0.0','0.0','False','False','False','True','False','506.0','2022-05-18','31225.0','2022-12-23','73288.0','','25594.0','45281.0','49114.0','65509.0','16331.0','0.0','False','126','','','','','');
INSERT INTO "Contact" VALUES(166,'','','','','','','','','','','','','None','False','','w+farley0@example.net','','','','','','','','None','Farley','False','','','','','','','','English','William','','','','','(083)961-9382x437','','','','','','','','None','','','','','','','','','','False','','','','','None','','','','','wi+farley1986@example.com','w+farley0@example.net','Home','Personal','','False','Home','w+farley6@example.net','001-041-472-3470x9690','0.0','','','','','0.0','','0.0','','','','0.0','','','','0.0','0.0','0.0','0.0','0.0','0.0','0.0','0.0','0.0','0.0','0.0','','','','','0.0','0.0','False','False','False','False','False','','','','','','','','','','','','0.0','False','131','','','','','');
INSERT INTO "Contact" VALUES(167,'','','','','','','','','','','','','','False','','mindyglass07@example.net','','','','','','','','None','Glass','False','','','','','','','','English','Mindy','','','','','(192)341-7720','','','','','','','','None','','','','','','','','','','False','','','','','None','','','','','m.glass@example.org','mindyglass07@example.net','Home','Personal','','False','Work','mi_glass1958@example.org','657.327.0137','0.0','','','','','0.0','','0.0','','','','0.0','','','','0.0','0.0','0.0','0.0','0.0','0.0','0.0','0.0','0.0','0.0','0.0','','','','','0.0','0.0','False','False','False','False','False','','','','','','','','','','','','0.0','False','131','','','','','');
INSERT INTO "Contact" VALUES(168,'','','','','','','','Initial Inquiry','','','AO2M88DF','Attention training relate imagine remember each a.','Initial Inquiry','False','2012-05-18','kroliver2@example.net','','','','','','','','None','Kristine','False','','','','Avoid growth hundred group study nation teach. Another man road before free black table. Mind carry agreement ten.','','Medical/Mental Health','Initial Inquiry','English','Oliver','None','Sweet Snoopers Training Program','Woodard-Griffin','German','001-569-541-5175x53358','Client;Puppy Raiser','Would.','They/Them','','','','','Suspended','','','','','','','','Active Projects- Team Facilitator Certification','','True','','','','Autism','None','','','','','kroliver@example.com','kroliver2@example.net','Home','Personal','','False','Home','k-oliver@example.org','(115)165-1077','0.0','13330.0','1975','2022-05-18','79463.0','0.0','2022-11-03','0.0','2023-02-06','Remain ago leg become fear instead. Know positive machine already.','How teach hot. Increase paper movie nearly condition.','0.0','2022-04-07','2022-08-03','Household__c.Formal_Greeting__c','0.0','0.0','0.0','0.0','0.0','0.0','0.0','0.0','0.0','0.0','0.0','52235.0','25121.0','66571.0','64633.0','0.0','0.0','False','False','True','False','False','52458.0','2022-10-28','55121.0','2023-01-21','22231.0','','7466.0','51775.0','66453.0','32287.0','86229.0','0.0','False','131','','','','','');
INSERT INTO "Contact" VALUES(169,'','','','','','','','','','','','','None','False','','kylie.berger62@example.com','','','','','','','','None','Berger','False','','','','','','','','English','Kylie','','','','','175.052.6911x2067','','','','','','','','None','','','','','','','','','','False','','','','','None','','','','','kyberger76@example.org','kylie.berger62@example.com','Home','Personal','','False','Work','kylieberger@example.com','568-345-3584x22445','0.0','','','','','0.0','','0.0','','','','0.0','','','','0.0','0.0','0.0','0.0','0.0','0.0','0.0','0.0','0.0','0.0','0.0','','','','','0.0','0.0','False','False','False','False','False','','','','','','','','','','','','0.0','False','133','','','','','');
INSERT INTO "Contact" VALUES(170,'','','','','','','','None','','','DL5VRR17','Decade else north I various nothing billion.','Onboarding','True','2017-06-24','rejimenez@example.org','','','','','','','','None','Reginald','False','','','','Hour modern bag finally represent one whom. Hand catch about great expert bill line recently. Notice think message free blood him weight.','','Medical/Mental Health','Initial Inquiry','English','Jimenez','None','General info/Other','Weeks, Franco and Benjamin','Italian','+1-235-247-9725x5721','Client','Walk.','Prefer not to answer','','','','','None','','','','','','','','Operations- Financial','','False','','','','Narcolepsy Alert','None','','','','','re-jimenez8@example.net','rejimenez@example.org','Home','Personal','','False','Other','reginald.jimenez@example.net','696.411.3442x240','0.0','99137.0','1985','2022-03-11','62646.0','0.0','2023-01-04','0.0','2022-04-04','Suffer education debate bed whole above. Cup similar social easy participant unit.','Detail military skin majority but. Process popular our floor six less any.','0.0','2022-12-24','2023-02-23','Household__c.Formal_Greeting__c','0.0','0.0','0.0','0.0','0.0','0.0','0.0','0.0','0.0','0.0','0.0','40063.0','11294.0','54455.0','97970.0','0.0','0.0','False','False','True','False','False','52755.0','2022-04-23','12747.0','2022-04-23','35481.0','','95382.0','20309.0','95848.0','55690.0','62458.0','0.0','False','131','','','','','');
INSERT INTO "Contact" VALUES(171,'','','','','','','','Onboarding','','','5JO5PUG3','Someone deep born act attorney.','Onboarding','True','2002-07-26','ka_cunningham85@example.org','','','','','','','','None','Kathleen','False','','','','Improve none food my hotel spend. Wait must eight. Else tonight free.','','Financial/Bookkeeping','Active','English','Cunningham','None','Assistance Dogs Set in Motion Program','Rosario-Ho','Spanish;French','735.559.0950x723','Trainer;Client','Fight.','He/Him','','','','','None','','','','','','','','Active Projects- Technology Infrastructure','','True','','','','Medical Incident Assist','Discontinued','','','','','k_cunningham@example.org','ka_cunningham85@example.org','Home','Personal','','False','Work','ka-cunningham@example.com','+1-269-059-5469','0.0','45302.0','1986','2022-12-19','33251.0','0.0','2022-11-07','0.0','2022-04-24','Generation spring able else trial.','Across animal and federal leave. Base whom whole necessary.','0.0','2022-08-24','2022-07-12','Household__c.Name','0.0','0.0','0.0','0.0','0.0','0.0','0.0','0.0','0.0','0.0','0.0','43222.0','52176.0','62880.0','82095.0','0.0','0.0','False','False','False','False','True','98751.0','2023-01-19','28423.0','2022-07-11','32143.0','','229.0','20475.0','2649.0','45671.0','57768.0','0.0','False','131','','','','','');
INSERT INTO "Contact" VALUES(172,'','','','','','','','','','','','','None','False','','ra-gomez@example.net','','','','','','','','None','Gomez','False','','','','','','','','English','Randall','','','','','444-993-0931x097','','','','','','','','None','','','','','','','','','','False','','','','','None','','','','','ra.gomez1951@example.net','ra-gomez@example.net','Home','Personal','','False','Home','ragomez1957@example.net','474.819.4750x764','0.0','','','','','0.0','','0.0','','','','0.0','','','','0.0','0.0','0.0','0.0','0.0','0.0','0.0','0.0','0.0','0.0','0.0','','','','','0.0','0.0','False','False','False','False','False','','','','','','','','','','','','0.0','False','133','','','','','');
INSERT INTO "Contact" VALUES(173,'','','','','','','','None','','','EGNSMDKB','Box hospital police order according movie likely security.','None','False','2004-06-17','leonard-kane1983@example.net','','','','','','','','None','Leonard','False','','','','Bed friend audience article they. Yes sell not door yourself teacher.','','Marketing and Branding','Inactive','Spanish','Kane','None','Sponsorship/Donations','Saunders Ltd','Spanish','956-447-7483x1300','Volunteer;Puppy Raiser','Decade.','They/Them','','','','','Discontinued','','','','','','','','Active Projects- Academy','','True','','','','Psychiatric;Autism','None','','','','','le.kane5@example.org','leonard-kane1983@example.net','Home','Personal','','False','Home','l-kane1980@example.org','+1-502-682-6870','0.0','8756.0','1974','2022-05-18','91595.0','0.0','2022-07-30','0.0','2022-04-07','Story include right bed.','Good improve save start thought test. Try truth data page shoulder.','0.0','2022-09-29','2022-08-10','Household__c.Formal_Greeting__c','0.0','0.0','0.0','0.0','0.0','0.0','0.0','0.0','0.0','0.0','0.0','63778.0','41158.0','7875.0','94236.0','0.0','0.0','False','False','True','False','False','23392.0','2023-02-18','21481.0','2022-11-09','52921.0','','91166.0','97758.0','50701.0','8246.0','1996.0','0.0','False','133','','','','','');
INSERT INTO "Contact" VALUES(174,'','','','','','','','Inactive','','','2AUHONWJ','Later system play development include.','None','False','2003-12-01','br.fleming60@example.com','','','','','','','','None','Brady','False','','','','Election morning land best prove military many.','','Graphic Design','Inactive','English','Fleming','None','Volunteering','Dalton, Bass and Mullins','Spanish;French','001-472-891-7015','Volunteer','Choice.','She/Her','','','','','None','','','','','','','','Active Projects- Fund Development','','False','','','','Hearing Alert','None','','','','','brady+fleming94@example.com','br.fleming60@example.com','Home','Personal','','False','Home','brfleming@example.org','403-298-7091','0.0','95299.0','2014','2022-07-08','26611.0','0.0','2022-09-21','0.0','2022-05-04','Recently serve size quite decide. Difference off former truth administration.','Size college believe business. Gas ok fast inside meeting take both.','0.0','2022-04-22','2022-04-26','Household__c.Name','0.0','0.0','0.0','0.0','0.0','0.0','0.0','0.0','0.0','0.0','0.0','24587.0','91097.0','22305.0','16110.0','0.0','0.0','False','False','False','False','True','81517.0','2022-06-28','10705.0','2022-11-03','90148.0','','8736.0','23300.0','94861.0','43421.0','6717.0','0.0','False','133','','','','','');
INSERT INTO "Contact" VALUES(175,'','','','','','','','','','','','','None','False','','svincent72@example.com','','','','','','','','None','Vincent','False','','','','','','','','English','Sara','','','','','001-945-379-0701x21028','','','','','','','','None','','','','','','','','','','False','','','','','None','','','','','saravincent2@example.com','svincent72@example.com','Home','Personal','','False','Home','sa_vincent@example.org','001-415-240-9358','0.0','','','','','0.0','','0.0','','','','0.0','','','','0.0','0.0','0.0','0.0','0.0','0.0','0.0','0.0','0.0','0.0','0.0','','','','','0.0','0.0','False','False','False','False','False','','','','','','','','','','','','0.0','False','137','','','','','');
INSERT INTO "Contact" VALUES(176,'','','','','','','','','','','','','None','False','','cr_shepard1986@example.org','','','','','','','','None','Shepard','False','','','','','','','','English','Crystal','','','','','+1-951-509-7313x0888','','','','','','','','None','','','','','','','','','','False','','','','','None','','','','','crystal_shepard@example.net','cr_shepard1986@example.org','Home','Personal','','False','Work','c-shepard5@example.net','001-081-058-7812x6257','0.0','','','','','0.0','','0.0','','','','0.0','','','','0.0','0.0','0.0','0.0','0.0','0.0','0.0','0.0','0.0','0.0','0.0','','','','','0.0','0.0','False','False','False','False','False','','','','','','','','','','','','0.0','False','137','','','','','');
INSERT INTO "Contact" VALUES(177,'','','','','','','','Inactive','','','GDH94DUZ','Region national enjoy almost discuss.','None','True','2022-07-12','er+welch@example.org','','','','','','','','None','Ernest','False','','','','Four chair series green ball machine happen. Public western hold wish gun serious.','','Technology/Infrastructure','Initial Inquiry','English','Welch','None','Volunteering','Villarreal-Walls','Tagalog','(326)345-8498','Donor','Agreement.','They/Them','','','','','None','','','','','','','','Sensitive Info- Volunteer and Staff','','True','','','','Psychiatric','None','','','','','ernest+welch@example.com','er+welch@example.org','Home','Personal','','False','Other','er+welch1995@example.org','326-021-4037','0.0','80191.0','1994','2022-06-02','66911.0','0.0','2023-02-01','0.0','2022-11-24','Else social prepare interview behavior long. Pay others area look city event.','Order move analysis week nature bad. Sure newspaper serious her build central.','0.0','2023-01-12','2022-09-10','Household__c.Informal_Greeting__c','0.0','0.0','0.0','0.0','0.0','0.0','0.0','0.0','0.0','0.0','0.0','43082.0','80977.0','45414.0','68131.0','0.0','0.0','False','False','False','True','False','60405.0','2022-09-16','501.0','2022-02-26','12018.0','','80713.0','41020.0','13430.0','2523.0','29663.0','0.0','False','137','','','','','');
INSERT INTO "Contact" VALUES(178,'','','','','','','','','','','','','None','False','','b-mendoza92@example.net','','','','','','','','None','Mendoza','False','','','','','','','','English','Bill','','','','','106-726-3453x38107','','','','','','','','None','','','','','','','','','','False','','','','','None','','','','','bill+mendoza0@example.com','bi-mendoza1944@example.net','Home','Personal','Work','False','Home','b.mendoza1974@example.org','465-106-6036x087','0.0','','','','','0.0','','0.0','','','','0.0','','','','0.0','0.0','0.0','0.0','0.0','0.0','0.0','0.0','0.0','0.0','0.0','','','','','0.0','0.0','False','False','False','False','False','','','','','','','','','','','','0.0','False','139','','','','','');
INSERT INTO "Contact" VALUES(179,'','','','','','','','','','','','','None','False','','ian_robbins0@example.org','','','','','','','','None','Robbins','False','','','','','','','','English','Ian','','','','','367.713.3629','','','','','','','','None','','','','','','','','','','False','','','','','None','','','','','ian_robbins5@example.net','ian_robbins0@example.org','Home','Personal','','False','Home','ian-robbins1946@example.com','(055)845-4535x05977','0.0','','','','','0.0','','0.0','','','','0.0','','','','0.0','0.0','0.0','0.0','0.0','0.0','0.0','0.0','0.0','0.0','0.0','','','','','0.0','0.0','False','False','False','False','False','','','','','','','','','','','','0.0','False','140','','','','','');
INSERT INTO "Contact" VALUES(180,'','','','','','','','','','','','','None','False','','w_craig1952@example.net','','','','','','','','None','Craig','False','','','','','','','','English','Wanda','','','','','055.556.6149x02472','','','','','','','','None','','','','','','','','','','False','','','','','None','','','','','w.craig@example.org','wanda_craig@example.com','Home','Personal','Work','False','Home','w-craig@example.net','244-534-1263','0.0','','','','','0.0','','0.0','','','','0.0','','','','0.0','0.0','0.0','0.0','0.0','0.0','0.0','0.0','0.0','0.0','0.0','','','','','0.0','0.0','False','False','False','False','False','','','','','','','','','','','','0.0','False','13','','','','','');
INSERT INTO "Contact" VALUES(181,'','','','','','','','','','','','','None','False','','paula-cross1953@example.com','','','','','','','','None','Cross','False','','','','','','','','English','Paula','','','','','086.276.0997x941','','','','','','','','None','','','','','','','','','','False','','','','','None','','','','','pa_cross5@example.org','paula-cross1953@example.com','Home','Personal','','False','Other','paula-cross1992@example.com','510.947.4178x4418','0.0','','','','','0.0','','0.0','','','','0.0','','','','0.0','0.0','0.0','0.0','0.0','0.0','0.0','0.0','0.0','0.0','0.0','','','','','0.0','0.0','False','False','False','False','False','','','','','','','','','','','','0.0','False','140','','','','','');
INSERT INTO "Contact" VALUES(182,'','','','','','','','Active','','','42Q3R26R','President our condition face seek.','None','True','2019-03-27','c-rubio12@example.org','','','','','','','','Inactive','Caleb','False','','','','Argue course charge. Thought then lead table owner news effort.','','Writing/Communications','Inactive','English','Rubio','None','Trainer Certification','Melton, Costa and Arias','Japanese','257.981.8482','Volunteer;Team Facilitator','Property.','She/Her','','','','','None','','','','','','','','Active Projects- Academy','','True','','','','Psychiatric;Autism','None','','','','','caleb.rubio1979@example.com','c-rubio12@example.org','Home','Personal','','False','Work','ca.rubio2@example.com','058.087.7682','0.0','63411.0','1987','2022-10-25','26592.0','0.0','2022-08-20','0.0','2023-02-24','Material study book south. Network push both worry yard. Family you important visit.','Poor who process gas prove. Near prepare help. Record option it me station.','0.0','2022-05-16','2022-10-20','Household__c.Informal_Greeting__c','0.0','0.0','0.0','0.0','0.0','0.0','0.0','0.0','0.0','0.0','0.0','26014.0','58064.0','26325.0','18928.0','0.0','0.0','False','False','False','True','False','43583.0','2023-01-29','42084.0','2022-05-30','64650.0','','26029.0','93308.0','52079.0','75504.0','17603.0','0.0','False','140','','','','','');
INSERT INTO "Contact" VALUES(183,'','','','','','','','None','','','41JMJUTN','Put prevent tax focus wear.','None','True','2011-10-05','c-smith9@example.org','','','','','','','','Inactive','Carly','False','','','','Feeling traditional no turn read. American accept so. Relate Republican throw line me safe at figure.','','Technology/Infrastructure','Active','English','Smith','Active','Volunteering','Harris-Shepherd','Arabic','+1-557-327-4194x7319','Team Facilitator Lead','Animal.','Prefer not to answer','','','','','None','','','','','','','','Active Projects- Academy','','True','','','','Narcolepsy Alert','None','','','','','carly.smith45@example.com','c-smith9@example.org','Home','Personal','','False','Home','c_smith4@example.com','421-921-8768','0.0','62146.0','2020','2022-05-14','51767.0','0.0','2022-07-20','0.0','2022-08-10','Interest enter people few few six. Speak hear I them note clearly.','Show financial feeling for down history measure benefit.','0.0','2022-05-21','2022-03-22','Household__c.Name','0.0','0.0','0.0','0.0','0.0','0.0','0.0','0.0','0.0','0.0','0.0','32915.0','40346.0','98196.0','74678.0','0.0','0.0','False','False','False','False','True','86313.0','2022-10-26','47756.0','2022-05-19','99380.0','','29440.0','78283.0','87609.0','56807.0','55106.0','0.0','False','140','','','','','');
INSERT INTO "Contact" VALUES(184,'','','','','','','','','','','','','None','False','','bradley-sanford@example.org','','','','','','','','None','Sanford','False','','','','','','','','English','Bradley','','','','','6805791930','','','','','','','','None','','','','','','','','','','False','','','','','None','','','','','br_sanford1948@example.com','bradley-sanford@example.org','Home','Personal','','False','Other','bradley-sanford7@example.com','001-542-238-6439x963','0.0','','','','','0.0','','0.0','','','','0.0','','','','0.0','0.0','0.0','0.0','0.0','0.0','0.0','0.0','0.0','0.0','0.0','','','','','0.0','0.0','False','False','False','False','False','','','','','','','','','','','','0.0','False','147','','','','','');
INSERT INTO "Contact" VALUES(185,'','','','','','','','','','','','','None','False','','tcarey59@example.org','','','','','','','','None','Carey','False','','','','','','','','English','Tim','','','','','719-141-4726','','','','','','','','None','','','','','','','','','','False','','','','','None','','','','','tim-carey@example.com','tcarey59@example.org','Home','Personal','','False','Work','tim-carey@example.com','(545)894-0401x31849','0.0','','','','','0.0','','0.0','','','','0.0','','','','0.0','0.0','0.0','0.0','0.0','0.0','0.0','0.0','0.0','0.0','0.0','','','','','0.0','0.0','False','False','False','False','False','','','','','','','','','','','','0.0','False','147','','','','','');
INSERT INTO "Contact" VALUES(186,'','','','','','','','Active','','','AO2M8G37','Cover pay suffer and.','None','False','2002-04-18','l_robinson3@example.net','','','','','','','','In Training','Lisa','False','','','','Add rise poor. Onto actually tend school race other.','','Technology/Infrastructure','None','Mandarin','Robinson','None','Trainer Certification','Leonard-Braun','American Sign Language','347-382-6886','Volunteer;Team Facilitator','Since.','She/Her','','','','','None','','','','','','','','Board','','False','','','','Psychiatric;Autism','None','','','','','li_robinson1961@example.net','l_robinson3@example.net','Home','Personal','','False','Home','li-robinson1968@example.org','+1-856-428-6220x540','0.0','42177.0','1974','2023-02-02','97307.0','0.0','2022-05-09','0.0','2022-03-05','Center class again final. Seven arrive service. Character image arm notice official arm front.','Always east night part discover. Until over type education very health. Issue expect trouble.','0.0','2022-08-04','2022-05-24','Household__c.Informal_Greeting__c','0.0','0.0','0.0','0.0','0.0','0.0','0.0','0.0','0.0','0.0','0.0','13254.0','97038.0','78148.0','27668.0','0.0','0.0','False','False','False','True','False','66907.0','2022-05-23','67677.0','2022-03-06','51125.0','','93435.0','95013.0','59372.0','62160.0','12708.0','0.0','False','147','','','','','');
INSERT INTO "Contact" VALUES(187,'','','','','','','','','','','','','None','False','','ke.mckee1968@example.org','','','','','','','','None','Mckee','False','','','','','','','','English','Kelli','','','','','+1-153-486-4035x448','','','','','','','','None','','','','','','','','','','False','','','','','None','','','','','kelli_mckee@example.com','ke.mckee1968@example.org','Home','Personal','','False','Other','ke.mckee68@example.org','423-813-5766x34271','0.0','','','','','0.0','','0.0','','','','0.0','','','','0.0','0.0','0.0','0.0','0.0','0.0','0.0','0.0','0.0','0.0','0.0','','','','','0.0','0.0','False','False','False','False','False','','','','','','','','','','','','0.0','False','149','','','','','');
INSERT INTO "Contact" VALUES(188,'','','','','','','','','','','','','None','False','','calvin-osborne96@example.com','','','','','','','','None','Osborne','False','','','','','','','','English','Calvin','','','','','232-070-6463x49110','','','','','','','','None','','','','','','','','','','False','','','','','None','','','','','calvin.osborne@example.com','calvin-osborne96@example.com','Home','Personal','','False','Other','ca.osborne1981@example.com','490-678-0168x261','0.0','','','','','0.0','','0.0','','','','0.0','','','','0.0','0.0','0.0','0.0','0.0','0.0','0.0','0.0','0.0','0.0','0.0','','','','','0.0','0.0','False','False','False','False','False','','','','','','','','','','','','0.0','False','149','','','','','');
INSERT INTO "Contact" VALUES(189,'','','','','','','','','','','','','None','False','','ji.coffey6@example.org','','','','','','','','None','Coffey','False','','','','','','','','English','Jill','','','','','2588918593','','','','','','','','None','','','','','','','','','','False','','','','','None','','','','','jicoffey64@example.com','ji.coffey6@example.org','Home','Personal','','False','Work','ji-coffey9@example.net','828-412-7955x146','0.0','','','','','0.0','','0.0','','','','0.0','','','','0.0','0.0','0.0','0.0','0.0','0.0','0.0','0.0','0.0','0.0','0.0','','','','','0.0','0.0','False','False','False','False','False','','','','','','','','','','','','0.0','False','14','','','','','');
INSERT INTO "Contact" VALUES(190,'','','','','','','','Active','','','DL5VRJBF','Despite million center fact although hard.','None','False','2016-02-02','c+kramer1960@example.net','','','','','','','','None','Christine','False','','','','Hot require huge chance debate think operation. Picture fact later hospital. Seven least century. Mean feel soldier test will direction.','','SEO','Active','English','Kramer','None','Sponsorship/Donations','Parrish-Ryan','Italian','001-044-932-0702','Donor','Seem.','Prefer to self-describe','','','','','None','','','','','','','','Active Projects- Trainer Certification','','False','','','','Autism','None','','','','','christine_kramer1976@example.com','c+kramer1960@example.net','Home','Personal','','False','Work','ch_kramer52@example.com','(055)388-1984x4526','0.0','41343.0','2019','2022-06-23','26697.0','0.0','2022-11-20','0.0','2022-09-26','Toward people civil bar religious trip rest. Gun market read by young provide staff.','Increase high world nothing. Meet goal agree. Stage it produce key force like rest.','0.0','2023-02-24','2022-03-22','Household__c.Name','0.0','0.0','0.0','0.0','0.0','0.0','0.0','0.0','0.0','0.0','0.0','56718.0','32261.0','54718.0','31075.0','0.0','0.0','False','False','False','False','True','86914.0','2022-05-16','59859.0','2023-02-12','60709.0','','6305.0','50423.0','74081.0','72019.0','88138.0','0.0','False','149','','','','','');
INSERT INTO "Contact" VALUES(191,'','','','','','','','Initial Inquiry','','','5JO5PMQB','Raise Congress stay difficult network radio forget.','None','False','2002-01-04','madeline+prince5@example.com','','','','','','','','None','Madeline','False','','','','Image remain oil specific better new. Church first political yard low. Fact coach ball husband whole off building adult.','','Fundraising/Grants','Inactive','Russian','Prince','None','Sponsorship/Donations','Browning-Cochran','Portuguese','+1-511-307-4528','Volunteer;Trainer','Ever.','Prefer to self-describe','','','','','None','','','','','','','','Active Projects- Trainer Certification','','False','','','','Mobility','Certified-Active','','','','','m.prince7@example.org','madeline+prince5@example.com','Home','Personal','','False','Other','maprince@example.org','370-259-5158x3818','0.0','89404.0','1989','2023-01-16','60939.0','0.0','2022-07-03','0.0','2023-01-24','Interest head artist successful expert find. Deal maybe talk buy rest.','Low walk safe. War friend woman society compare seem memory give.','0.0','2022-06-22','2022-05-23','Household__c.Name','0.0','0.0','0.0','0.0','0.0','0.0','0.0','0.0','0.0','0.0','0.0','227.0','98600.0','14556.0','84731.0','0.0','0.0','False','False','False','False','True','261.0','2022-06-17','35176.0','2023-01-16','68201.0','','95453.0','99210.0','31224.0','58928.0','71728.0','0.0','False','149','','','','','');
INSERT INTO "Contact" VALUES(192,'','','','','','','','None','','','EGNSLAZF','Hundred participant value coach.','Decertified','True','2007-07-05','geoffrey-callahan84@example.net','','','','','','','','None','Geoffrey','False','','','','General soldier determine hit learn she. Maintain support last movie. Feel run continue finally must manager know.','','Education/Course Development','Active','English','Callahan','None','Teams Set in Motion Program','Bell, Hickman and Harding','Korean','645.175.9292x72234','Client;Puppy Raiser','Arrive.','Prefer to self-describe','','','','','Onboarding','','','','','','','','Active Projects- Dog Availability','','False','','','','Psychiatric','None','','','','','g-callahan60@example.com','geoffrey-callahan84@example.net','Home','Personal','','False','Other','ge+callahan7@example.com','780.237.1815','0.0','69737.0','2010','2022-04-02','64503.0','0.0','2022-12-28','0.0','2022-12-12','Inside experience early piece. Available early tonight.','Exactly without want hard. Charge significant product student couple expert.','0.0','2022-09-27','2022-05-15','Household__c.Informal_Greeting__c','0.0','0.0','0.0','0.0','0.0','0.0','0.0','0.0','0.0','0.0','0.0','940.0','70358.0','89185.0','7659.0','0.0','0.0','False','False','False','True','False','37309.0','2022-03-09','15146.0','2022-11-05','17162.0','','91653.0','50743.0','14873.0','21921.0','65544.0','0.0','False','149','','','','','');
INSERT INTO "Contact" VALUES(193,'','','','','','','','','','','','','None','False','','je-dominguez@example.net','','','','','','','','None','Dominguez','False','','','','','','','','English','Jesus','','','','','(454)824-2125','','','','','','','','None','','','','','','','','','','False','','','','','None','','','','','jesus_dominguez1985@example.com','je-dominguez@example.net','Home','Personal','','False','Other','je.dominguez8@example.org','138-313-4333','0.0','','','','','0.0','','0.0','','','','0.0','','','','0.0','0.0','0.0','0.0','0.0','0.0','0.0','0.0','0.0','0.0','0.0','','','','','0.0','0.0','False','False','False','False','False','','','','','','','','','','','','0.0','False','14','','','','','');
INSERT INTO "Contact" VALUES(194,'','','','','','','','Active','','','AO2M80NN','Available across call serious.','None','False','2014-02-21','bill+mills@example.org','','','','','','','','None','Bill','False','','','','Computer side rest word beyond employee. Star generation fall wind evidence.','','SEO','Inactive','English','Mills','None','Teams Set in Motion Program','Lewis Group','French','(015)528-0738x40353','Volunteer','Whose.','They/Them','','','','','None','','','','','','','','Active Projects- Governance, Compliance and Operations','','True','','','','Narcolepsy Alert','None','','','','','bi+mills87@example.net','bill+mills@example.org','Home','Personal','','False','Home','bi-mills68@example.org','(254)863-9057x11504','0.0','39528.0','1997','2022-10-04','3409.0','0.0','2022-12-12','0.0','2022-06-30','Father ability mouth happen especially. Home effect image research civil recent.','Born Mr exactly only. Establish network all free son offer. Sea media speech expect.','0.0','2022-07-24','2022-08-24','Household__c.Informal_Greeting__c','0.0','0.0','0.0','0.0','0.0','0.0','0.0','0.0','0.0','0.0','0.0','77830.0','19110.0','34526.0','29830.0','0.0','0.0','False','False','False','True','False','17338.0','2022-11-09','36295.0','2022-11-22','56273.0','','37186.0','63043.0','96182.0','58668.0','59368.0','0.0','False','14','','','','','');
INSERT INTO "Contact" VALUES(195,'','','','','','','','None','','','DL5VSTM3','Writer window all professor often once.','None','False','2018-01-19','ma.santiago@example.com','','','','','','','','None','Mathew','False','','','','Turn good remember play. Under thought security its major. Peace mean trade himself trouble stuff network.','','Writing/Communications','Inactive','English','Santiago','None','Sweet Snoopers Training Program','Wheeler Ltd','English','552-498-9869x2681','Puppy Raiser','Husband.','Prefer to self-describe','','','','','Certified-Active','','','','','','','','Active Projects- ADI','','True','','','','Psychiatric;Autism','None','','','','','ma_santiago1@example.com','ma.santiago@example.com','Home','Personal','','False','Home','masantiago61@example.org','+1-965-905-8470x268','0.0','58216.0','1992','2022-09-25','77859.0','0.0','2022-07-17','0.0','2022-06-16','Office guy per across voice face. Position affect understand.','Individual minute arrive yourself ready. Within almost budget. Capital feel open attention.','0.0','2022-05-10','2022-05-13','Household__c.Name','0.0','0.0','0.0','0.0','0.0','0.0','0.0','0.0','0.0','0.0','0.0','86480.0','1406.0','74312.0','25942.0','0.0','0.0','False','False','False','False','True','54289.0','2023-01-12','33683.0','2022-03-01','6690.0','','69995.0','68141.0','49849.0','64408.0','83188.0','0.0','False','14','','','','','');
INSERT INTO "Contact" VALUES(196,'','','','','','','','','','','','','None','False','','caitlyn.hayden09@example.com','','','','','','','','None','Hayden','False','','','','','','','','English','Caitlyn','','','','','295.879.3012','','','','','','','','None','','','','','','','','','','False','','','','','None','','','','','c-hayden8@example.com','caitlyn.hayden09@example.com','Home','Personal','','False','Work','caitlynhayden1954@example.com','(524)735-3160','0.0','','','','','0.0','','0.0','','','','0.0','','','','0.0','0.0','0.0','0.0','0.0','0.0','0.0','0.0','0.0','0.0','0.0','','','','','0.0','0.0','False','False','False','False','False','','','','','','','','','','','','0.0','False','151','','','','','');
INSERT INTO "Contact" VALUES(197,'','','','','','','','None','','','42Q3QF1F','Street control upon value physical next.','None','False','2016-01-15','ra+craig94@example.com','','','','','','','','Inactive','Raven','False','','','','In card machine see bank when line. Money central open article.','','SEO','Active','English','Craig','Inactive','Assistance Dogs Set in Motion Program','Blanchard, Roman and Miranda','French','514-990-8146','Team Facilitator Lead','Wear.','They/Them','','','','','None','','','','','','','','Operations- Volunteer and Staff','','False','','','','Psychiatric','None','','','','','rcraig@example.net','ra+craig94@example.com','Home','Personal','','False','Home','raven_craig@example.com','(446)563-5881x1219','0.0','65972.0','1991','2022-04-15','254.0','0.0','2022-08-15','0.0','2022-09-03','Attention speak media almost north. Television only smile fight guy. The carry medical man south.','Through me opportunity nothing amount wear executive. Pressure southern good crime story.','0.0','2022-07-05','2022-11-30','Household__c.Informal_Greeting__c','0.0','0.0','0.0','0.0','0.0','0.0','0.0','0.0','0.0','0.0','0.0','79606.0','30737.0','2932.0','49383.0','0.0','0.0','False','False','False','True','False','52556.0','2022-08-05','14336.0','2022-03-30','62596.0','','93307.0','67945.0','46061.0','68579.0','41437.0','0.0','False','151','','','','','');
INSERT INTO "Contact" VALUES(198,'','','','','','','','','','','','','None','False','','cameron-sloan2007@example.net','','','','','','','','None','Sloan','False','','','','','','','','English','Cameron','','','','','202-224-3080x5745','','','','','','','','None','','','','','','','','','','False','','','','','None','','','','','casloan@example.com','cameron-sloan2007@example.net','Home','Personal','','False','Home','ca+sloan1979@example.com','001-160-215-5645','0.0','','','','','0.0','','0.0','','','','0.0','','','','0.0','0.0','0.0','0.0','0.0','0.0','0.0','0.0','0.0','0.0','0.0','','','','','0.0','0.0','False','False','False','False','False','','','','','','','','','','','','0.0','False','151','','','','','');
INSERT INTO "Contact" VALUES(199,'','','','','','','','Onboarding','','','2AUHUVO3','Turn local deep sport.','','False','2016-10-19','alexander+maddox75@example.org','','','','','','','','None','Alexander','False','','','','Fact your every discuss.','','Legal','Initial Inquiry','English','Maddox','None','General info/Other','Lucero, Roth and Castillo','Mandarin','(254)679-7892','Trainer;Client','Computer.','Prefer not to answer','','','','','None','','','','','','','','Active Projects- Team Facilitator Certification','','True','','','','Psychiatric;Autism','Certified-Active','','','','','a.maddox1988@example.com','alexander+maddox75@example.org','Home','Personal','','False','Home','a.maddox52@example.org','491-148-5450','0.0','19426.0','1985','2023-01-17','84279.0','0.0','2023-02-20','0.0','2022-06-20','Hour personal one report citizen line wonder.','Her single as follow worker rate. Door guy hotel whole. Serious employee require scene.','0.0','2023-01-15','2022-04-23','Household__c.Informal_Greeting__c','0.0','0.0','0.0','0.0','0.0','0.0','0.0','0.0','0.0','0.0','0.0','13654.0','59983.0','73136.0','33196.0','0.0','0.0','False','False','False','True','False','19513.0','2022-11-23','88454.0','2022-09-12','77528.0','','44141.0','46239.0','73409.0','21258.0','52548.0','0.0','False','151','','','','','');
INSERT INTO "Contact" VALUES(200,'','','','','','','','Onboarding','','','GDH98VWB','Forward fine themselves.','None','True','2020-02-19','a-clay0@example.com','','','','','','','','None','Angie','False','','','','Laugh miss machine. Despite thousand build social today.','','Legal','Active','English','Clay','None','Team Facilitator Certification','Oconnor PLC','Vietnamese','(826)292-1752','Puppy Raiser','Big.','She/Her','','','','','In Training','','','','','','','','Active Projects- Branding and Marketing','','False','','','','Psychiatric;Autism','None','','','','','a-clay1947@example.org','a-clay0@example.com','Home','Personal','','False','Other','a_clay2002@example.net','(371)619-5297','0.0','34318.0','2007','2022-08-11','78388.0','0.0','2022-04-07','0.0','2022-10-12','Money boy factor American number. Fall central recently certainly short within management.','Hope million such. History citizen reason impact reality kid. Theory guy purpose green if use.','0.0','2022-08-26','2022-07-15','Household__c.Informal_Greeting__c','0.0','0.0','0.0','0.0','0.0','0.0','0.0','0.0','0.0','0.0','0.0','92165.0','61282.0','78826.0','62429.0','0.0','0.0','False','False','False','True','False','94261.0','2022-03-13','24215.0','2022-08-31','661.0','','78145.0','29134.0','80084.0','3830.0','24283.0','0.0','False','151','','','','','');
INSERT INTO "Contact" VALUES(201,'','','','','','','','','','','','','None','False','','e_snow0@example.com','','','','','','','','None','Snow','False','','','','','','','','English','Emma','','','','','421.625.3658x517','','','','','','','','None','','','','','','','','','','False','','','','','None','','','','','emsnow02@example.com','e_snow0@example.com','Home','Personal','','False','Home','e.snow62@example.org','600-932-8198x4574','0.0','','','','','0.0','','0.0','','','','0.0','','','','0.0','0.0','0.0','0.0','0.0','0.0','0.0','0.0','0.0','0.0','0.0','','','','','0.0','0.0','False','False','False','False','False','','','','','','','','','','','','0.0','False','153','','','','','');
INSERT INTO "Contact" VALUES(202,'','','','','','','','','','','','','None','False','','derekmartinez1@example.org','','','','','','','','None','Martinez','False','','','','','','','','English','Derek','','','','','9437840103','','','','','','','','None','','','','','','','','','','False','','','','','None','','','','','d_martinez07@example.com','derekmartinez1@example.org','Home','Personal','','False','Other','dmartinez8@example.org','768.550.9522','0.0','','','','','0.0','','0.0','','','','0.0','','','','0.0','0.0','0.0','0.0','0.0','0.0','0.0','0.0','0.0','0.0','0.0','','','','','0.0','0.0','False','False','False','False','False','','','','','','','','','','','','0.0','False','153','','','','','');
INSERT INTO "Contact" VALUES(203,'','','','','','','','Active','','','41JMPN5N','Movement claim from resource break.','None','True','2018-03-20','fe+glass@example.com','','','','','','','','None','Felicia','False','','','','Throughout determine represent. Travel rather drop professional.','','Project/Program Management','Inactive','English','Glass','None','Client Certification','Rose and Sons','French','004.986.0990x414','Volunteer;Trainer','Couple.','She/Her','','','','','None','','','','','','','','Active Projects- Academy','','True','','','','Medical Incident Assist','Suspended','','','','','f.glass@example.net','fe+glass@example.com','Home','Personal','','False','Other','felicia.glass1@example.com','(182)318-6738','0.0','35380.0','1988','2022-10-28','48618.0','0.0','2022-10-19','0.0','2022-08-27','Nature center wife whom learn manage. Get situation on must manager. Bad whole grow.','Leg short treatment system senior down. No cultural mouth.','0.0','2022-12-31','2022-06-25','Household__c.Informal_Greeting__c','0.0','0.0','0.0','0.0','0.0','0.0','0.0','0.0','0.0','0.0','0.0','97665.0','81084.0','43255.0','42541.0','0.0','0.0','False','False','False','True','False','91668.0','2022-05-07','34072.0','2022-08-21','12727.0','','40680.0','79726.0','59836.0','90093.0','10022.0','0.0','False','153','','','','','');
INSERT INTO "Contact" VALUES(204,'','','','','','','','','','','','','None','False','','derrickwheeler0@example.org','','','','','','','','None','Wheeler','False','','','','','','','','English','Derrick','','','','','194-732-1688','','','','','','','','None','','','','','','','','','','False','','','','','None','','','','','de.wheeler@example.org','derrickwheeler0@example.org','Home','Personal','','False','Home','de_wheeler75@example.net','+1-250-007-8529x12379','0.0','','','','','0.0','','0.0','','','','0.0','','','','0.0','0.0','0.0','0.0','0.0','0.0','0.0','0.0','0.0','0.0','0.0','','','','','0.0','0.0','False','False','False','False','False','','','','','','','','','','','','0.0','False','157','','','','','');
INSERT INTO "Contact" VALUES(205,'','','','','','','','','','','','','None','False','','monique.baker2002@example.net','','','','','','','','None','Baker','False','','','','','','','','English','Monique','','','','','001-620-823-7480x708','','','','','','','','None','','','','','','','','','','False','','','','','None','','','','','mo_baker3@example.com','monique.baker2002@example.net','Home','Personal','','False','Home','monique_baker07@example.com','347-794-9441x36226','0.0','','','','','0.0','','0.0','','','','0.0','','','','0.0','0.0','0.0','0.0','0.0','0.0','0.0','0.0','0.0','0.0','0.0','','','','','0.0','0.0','False','False','False','False','False','','','','','','','','','','','','0.0','False','157','','','','','');
INSERT INTO "Contact" VALUES(206,'','','','','','','','Active','','','AO2M938J','Then ball throw news remember family wait.','Onboarding','False','2021-08-25','fr.friedman@example.com','','','','','','','','Initial Inquiry','Frederick','False','','','','Budget night risk total particular break. Debate everyone never concern exactly area. Become factor perform.','','Sales','Initial Inquiry','English','Friedman','Inactive','Volunteering','Bennett, Stokes and Ball','Japanese','408.300.4498','Volunteer;Team Facilitator Lead;Client','Theory.','Prefer to self-describe','','','','','None','','','','','','','','Operations- Master Docs - READ ONLY','','True','','','','Mobility;Autism','None','','','','','ffriedman@example.org','fr.friedman@example.com','Home','Personal','','False','Other','frederick_friedman3@example.com','924.521.3546x3235','0.0','2110.0','1996','2022-04-15','53657.0','0.0','2022-06-28','0.0','2022-10-18','Power finish dark drive else goal political. Suddenly economic wear respond machine federal.','Soon form through doctor professional several full.','0.0','2022-10-02','2022-05-18','Household__c.Name','0.0','0.0','0.0','0.0','0.0','0.0','0.0','0.0','0.0','0.0','0.0','3471.0','77788.0','12403.0','83577.0','0.0','0.0','False','False','False','False','True','29722.0','2022-05-03','55679.0','2022-12-05','56334.0','','78164.0','28478.0','46102.0','70263.0','92889.0','0.0','False','157','','','','','');
INSERT INTO "Contact" VALUES(207,'','','','','','','','None','','','DL5VXR2Z','Both apply church whether against fall discussion.','None','False','2005-02-12','dakota+mitchell2010@example.com','','','','','','','','None','Dakota','False','','','','Popular break even by inside ability. Why process staff reduce skill. Cell prevent memory whom camera. Who throughout administration share military likely.','','Website development','None','English','Mitchell','None','Volunteering','Manning, Mckenzie and Duncan','Japanese','072-190-3264x1813','Board Member','Yet.','She/Her','','','','','None','','','','','','','','Active Projects- Team Facilitator Certification','','True','','','','Narcolepsy Alert','None','','','','','dakota_mitchell3@example.org','dakota+mitchell2010@example.com','Home','Personal','','False','Work','d+mitchell5@example.com','228-115-7727x39414','0.0','29742.0','2016','2022-06-30','61440.0','0.0','2022-02-27','0.0','2022-08-27','Light deal foreign western market. Discussion budget pick. Cold but factor race.','Recent ahead executive environmental cover outside require on. Fast team trip born performance.','0.0','2022-08-12','2022-12-08','Household__c.Name','0.0','0.0','0.0','0.0','0.0','0.0','0.0','0.0','0.0','0.0','0.0','73806.0','97906.0','87555.0','66589.0','0.0','0.0','False','False','False','False','True','84028.0','2022-08-24','20982.0','2022-04-01','70201.0','','53116.0','95299.0','23639.0','73058.0','48800.0','0.0','False','157','','','','','');
INSERT INTO "Contact" VALUES(208,'','','','','','','','Onboarding','','','5JO5QPB7','Well whatever expert increase wife forward listen.','None','False','2013-08-29','er.foley@example.net','','','','','','','','None','Erin','False','','','','Edge best support phone side activity. Anything glass new quality political right financial. Student last early with.','','Medical/Mental Health','None','Russian','Foley','None','Client Certification','Meyers, Terrell and Ayala','Spanish','938.785.7168x463','Volunteer;Puppy Raiser','Country.','Prefer not to answer','','','','','Suspended','','','','','','','','Sensitive Info- Trainer','','True','','','','Diabetes Alert','None','','','','','erin.foley09@example.com','er.foley@example.net','Home','Personal','','False','Home','er.foley8@example.net','642-063-3505x985','0.0','22605.0','1972','2022-11-17','86868.0','0.0','2022-05-21','0.0','2022-07-11','Practice such national. Defense physical pretty group beautiful mind. Seem let carry war learn.','Field site report usually create. American contain mouth white prevent.','0.0','2022-05-05','2022-08-16','Household__c.Informal_Greeting__c','0.0','0.0','0.0','0.0','0.0','0.0','0.0','0.0','0.0','0.0','0.0','51902.0','51382.0','54695.0','89341.0','0.0','0.0','False','False','False','True','False','46625.0','2022-12-28','17102.0','2022-05-26','1652.0','','76691.0','69989.0','40947.0','95395.0','81807.0','0.0','False','157','','','','','');
INSERT INTO "Contact" VALUES(209,'','','','','','','','','','','','','None','False','','ethan.carson@example.net','','','','','','','','None','Carson','False','','','','','','','','English','Ethan','','','','','+1-234-926-2072','','','','','','','','None','','','','','','','','','','False','','','','','None','','','','','e.carson2011@example.com','ethan.carson@example.org','Home','Personal','Work','False','Other','ethan-carson@example.org','8541391024','0.0','','','','','0.0','','0.0','','','','0.0','','','','0.0','0.0','0.0','0.0','0.0','0.0','0.0','0.0','0.0','0.0','0.0','','','','','0.0','0.0','False','False','False','False','False','','','','','','','','','','','','0.0','False','159','','','','','');
INSERT INTO "Contact" VALUES(210,'','','','','','','','','','','','','None','False','','vhunt00@example.com','','','','','','','','None','Hunt','False','','','','','','','','English','Victoria','','','','','(174)088-1776x5580','','','','','','','','None','','','','','','','','','','False','','','','','None','','','','','vihunt0@example.net','vhunt00@example.com','Home','Personal','','False','Work','v.hunt@example.net','+1-697-247-5996x423','0.0','','','','','0.0','','0.0','','','','0.0','','','','0.0','0.0','0.0','0.0','0.0','0.0','0.0','0.0','0.0','0.0','0.0','','','','','0.0','0.0','False','False','False','False','False','','','','','','','','','','','','0.0','False','160','','','','','');
INSERT INTO "Contact" VALUES(211,'','','','','','','','','','','','','None','False','','mi_lara5@example.org','','','','','','','','None','Lara','False','','','','','','','','English','Mitchell','','','','','367-475-0026','','','','','','','','None','','','','','','','','','','False','','','','','None','','','','','m+lara0@example.com','mi_lara5@example.org','Home','Personal','','False','Home','mitchelllara@example.net','+1-989-998-4479x3024','0.0','','','','','0.0','','0.0','','','','0.0','','','','0.0','0.0','0.0','0.0','0.0','0.0','0.0','0.0','0.0','0.0','0.0','','','','','0.0','0.0','False','False','False','False','False','','','','','','','','','','','','0.0','False','160','','','','','');
INSERT INTO "Contact" VALUES(212,'','','','','','','','Inactive','','','EGNSLIP7','Time film gun first bad.','None','True','2000-07-19','a.wagner48@example.com','','','','','','','','None','Angelica','False','','','','Debate behind shake. Market together enjoy society dark only and.','','Graphic Design','Initial Inquiry','English','Wagner','None','Team Facilitator Certification','Clements-Sullivan','Korean','734.765.4494','Trainer','Scientist.','Prefer not to answer','','','','','None','','','','','','','','Active Projects- Academy','','False','','','','Seizure Response','Onboarding','','','','','angelicawagner@example.net','a.wagner48@example.com','Home','Personal','','False','Home','angelica.wagner1950@example.net','+1-987-715-6406x73865','0.0','54652.0','1971','2022-12-13','34535.0','0.0','2022-07-19','0.0','2022-09-08','Ability hard teacher out region.','Reveal husband home. Rise political level open bar. Pm wind well must understand he tree.','0.0','2022-10-04','2022-11-30','Household__c.Formal_Greeting__c','0.0','0.0','0.0','0.0','0.0','0.0','0.0','0.0','0.0','0.0','0.0','75553.0','15383.0','45209.0','63848.0','0.0','0.0','False','False','True','False','False','56654.0','2022-09-15','91324.0','2022-11-30','43912.0','','15984.0','32772.0','75773.0','6226.0','68565.0','0.0','False','160','','','','','');
INSERT INTO "Contact" VALUES(213,'','','','','','','','None','','','41JMPUVF','Outside Congress trial lay.','Certified','True','2005-01-13','d+wilson1943@example.com','','','','','','','','None','Devon','False','','','','Kid product line cut. Its vote party. Several speech truth hair experience. Fight sort very government the.','','Legal','Active','Spanish','Wilson','None','Sponsorship/Donations','Barnett PLC','Portuguese','531-162-9571','Trainer;Client','Resource.','Prefer to self-describe','','','','','None','','','','','','','','Active Projects- Team Facilitator Certification','','True','','','','Psychiatric;Autism','Discontinued','','','','','de.wilson6@example.org','d+wilson1943@example.com','Home','Personal','','False','Work','d.wilson92@example.org','401.240.4332','0.0','77720.0','2005','2022-11-27','52398.0','0.0','2023-01-12','0.0','2022-04-29','Without participant too financial seek risk.','Lose capital either. Old simply send four must industry.','0.0','2022-04-07','2022-05-24','Household__c.Name','0.0','0.0','0.0','0.0','0.0','0.0','0.0','0.0','0.0','0.0','0.0','72398.0','19350.0','96491.0','26191.0','0.0','0.0','False','False','False','False','True','70801.0','2023-01-21','5797.0','2022-05-14','28353.0','','32131.0','9846.0','6595.0','47814.0','50324.0','0.0','False','167','','','','','');
INSERT INTO "Contact" VALUES(214,'','','','','','','','None','','','2AUHUNYB','Career baby security computer.','None','True','2008-10-26','w_massey@example.com','','','','','','','','Onboarding','Wendy','False','','','','Mouth response know word send. Such group century call. Something prevent glass debate mother save ago. Choice strategy child and white lead rest.','','Outreach/Networking','None','English','Massey','Inactive','General info/Other','Farmer, Schultz and Gordon','Spanish;French','731-754-9143','Team Facilitator Lead','Window it.','He/Him','','','','','None','','','','','','','','Active Projects- Community Outreach and Education','','True','','','','Psychiatric','None','','','','','we.massey1952@example.net','w_massey@example.com','Home','Personal','','False','Other','w-massey@example.net','709-061-3479x1854','0.0','10047.0','2000','2022-12-07','68500.0','0.0','2023-01-18','0.0','2022-10-23','Current detail defense live. Good beat save notice social house customer.','Trouble article thousand hard. Political claim such adult.','0.0','2023-01-07','2022-05-31','Household__c.Informal_Greeting__c','0.0','0.0','0.0','0.0','0.0','0.0','0.0','0.0','0.0','0.0','0.0','62185.0','77780.0','80269.0','65994.0','0.0','0.0','False','False','False','True','False','88577.0','2022-08-13','1485.0','2022-07-07','55634.0','','5756.0','65862.0','28746.0','33613.0','14575.0','0.0','False','160','','','','','');
INSERT INTO "Contact" VALUES(215,'','','','','','','','Initial Inquiry','','','GDH98O6J','Purpose art prove might.','Decertified','True','2010-12-05','s-mann1984@example.com','','','','','','','','None','Shirley','False','','','','Impact yard serious newspaper article fact. Process present with general finish open. Especially speak peace when.','','Writing/Communications','None','English','Mann','None','Assistance Dogs Set in Motion Program','Bautista-Warren','Mandarin','001-628-848-1582x397','Client;Puppy Raiser','Cut human.','He/Him','','','','','Initial Inquiry','','','','','','','','Active Projects- Volunteer Recruitment and Retention','','False','','','','Mobility;Autism','None','','','','','s.mann43@example.org','s-mann1984@example.com','Home','Personal','','False','Work','shirley-mann68@example.org','(704)111-7850x692','0.0','11264.0','2022','2022-07-01','84010.0','0.0','2022-04-10','0.0','2022-07-26','Recently especially first moment. Management woman democratic open court peace put.','Who perhaps meeting. Personal able not government each.','0.0','2022-03-25','2022-03-09','Household__c.Formal_Greeting__c','0.0','0.0','0.0','0.0','0.0','0.0','0.0','0.0','0.0','0.0','0.0','98504.0','25416.0','69418.0','58422.0','0.0','0.0','False','False','True','False','False','24304.0','2022-03-11','37084.0','2022-03-04','5853.0','','68749.0','46266.0','14394.0','82912.0','68172.0','0.0','False','160','','','','','');
INSERT INTO "Contact" VALUES(216,'','','','','','','','','','','','','None','False','','i.randall1944@example.net','','','','','','','','None','Randall','False','','','','','','','','English','Isaac','','','','','(568)068-5659x1323','','','','','','','','None','','','','','','','','','','False','','','','','None','','','','','is_randall@example.com','i.randall1944@example.net','Home','Personal','','False','Home','is+randall1967@example.com','303.475.6527x61094','0.0','','','','','0.0','','0.0','','','','0.0','','','','0.0','0.0','0.0','0.0','0.0','0.0','0.0','0.0','0.0','0.0','0.0','','','','','0.0','0.0','False','False','False','False','False','','','','','','','','','','','','0.0','False','167','','','','','');
INSERT INTO "Contact" VALUES(217,'','','','','','','','','','','','','None','False','','jason+wiley@example.com','','','','','','','','None','Wiley','False','','','','','','','','English','Jason','','','','','679-632-0288','','','','','','','','None','','','','','','','','','','False','','','','','None','','','','','jason.wiley@example.org','jason+wiley@example.com','Home','Personal','','False','Home','ja+wiley1986@example.net','(146)270-2376','0.0','','','','','0.0','','0.0','','','','0.0','','','','0.0','0.0','0.0','0.0','0.0','0.0','0.0','0.0','0.0','0.0','0.0','','','','','0.0','0.0','False','False','False','False','False','','','','','','','','','','','','0.0','False','167','','','','','');
INSERT INTO "Contact" VALUES(218,'','','','','','','','Onboarding','','','42Q3Q7BN','Office age trade ok something bank area.','None','True','2001-09-21','kbeltran@example.net','','','','','','','','Certified-Active','Karla','False','','','','Certain trouble late fight admit firm health. Quite lead year rich rich because bill. Southern pay north stay. Nearly personal serve deal recently.','','Website development','Active','English','Beltran','Inactive','Sweet Snoopers Training Program','Armstrong Group','Portuguese','001-846-340-9896x17010','Team Facilitator Lead','From.','She/Her','','','','','None','','','','','','','','Active Projects- Team Facilitator Certification','','False','','','','Psychiatric','None','','','','','kabeltran@example.com','kbeltran@example.net','Home','Personal','','False','Work','karla_beltran1@example.com','001-409-274-9609','0.0','67277.0','1999','2022-09-21','2891.0','0.0','2023-02-07','0.0','2022-09-05','Arrive though including feel drive. Foot understand respond against born.','National style where where even. Exactly get interesting article relate red talk.','0.0','2022-04-24','2022-05-05','Household__c.Name','0.0','0.0','0.0','0.0','0.0','0.0','0.0','0.0','0.0','0.0','0.0','7605.0','43072.0','23414.0','42042.0','0.0','0.0','False','False','False','False','True','4986.0','2022-10-18','92319.0','2022-08-28','20823.0','','63759.0','37202.0','91943.0','58379.0','99808.0','0.0','False','167','','','','','');
INSERT INTO "Contact" VALUES(219,'','','','','','','','Active','','','AO2M9AYB','Be economy political defense operation offer.','None','False','2022-07-10','revasquez@example.org','','','','','','','','Certified-Active','Rebekah','False','','','','Rate subject today. Type scene father partner finally.','','Marketing and Branding','Active','English','Vasquez','None','Assistance Dogs Set in Motion Program','Snow PLC','Spanish','995.145.6613x17290','Volunteer;Team Facilitator','Make.','Prefer to self-describe','','','','','None','','','','','','','','Board - READ ONLY','','True','','','','Psychiatric;Autism','None','','','','','rebekah_vasquez04@example.com','revasquez@example.org','Home','Personal','','False','Other','rebekah.vasquez7@example.net','480.550.5026','0.0','6359.0','2000','2022-07-24','80731.0','0.0','2022-09-21','0.0','2022-11-20','Language door ten win fire. Employee political success everything to foot item.','Pay nice store thousand school. Rate and enough third at.','0.0','2022-12-23','2022-09-24','Household__c.Informal_Greeting__c','0.0','0.0','0.0','0.0','0.0','0.0','0.0','0.0','0.0','0.0','0.0','75667.0','5428.0','63445.0','43156.0','0.0','0.0','False','False','False','True','False','52741.0','2022-02-25','73323.0','2022-08-18','43586.0','','4935.0','92790.0','93921.0','98758.0','26708.0','0.0','False','167','','','','','');
INSERT INTO "Contact" VALUES(220,'','','','','','','','','','','','','None','False','','jmiller46@example.net','','','','','','','','None','Miller','False','','','','','','','','English','Jenny','','','','','225-706-0220x4569','','','','','','','','None','','','','','','','','','','False','','','','','None','','','','','jenny+miller54@example.net','jmiller46@example.net','Home','Personal','','False','Other','j_miller@example.org','531.314.3250x5797','0.0','','','','','0.0','','0.0','','','','0.0','','','','0.0','0.0','0.0','0.0','0.0','0.0','0.0','0.0','0.0','0.0','0.0','','','','','0.0','0.0','False','False','False','False','False','','','','','','','','','','','','0.0','False','169','','','','','');
INSERT INTO "Contact" VALUES(221,'','','','','','','','','','','','','None','False','','linda-ferrell1972@example.com','','','','','','','','None','Ferrell','False','','','','','','','','English','Linda','','','','','+1-650-198-1673','','','','','','','','None','','','','','','','','','','False','','','','','None','','','','','l-ferrell1979@example.com','linda-ferrell1972@example.com','Home','Personal','','False','Work','li-ferrell1@example.net','966.381.6881','0.0','','','','','0.0','','0.0','','','','0.0','','','','0.0','0.0','0.0','0.0','0.0','0.0','0.0','0.0','0.0','0.0','0.0','','','','','0.0','0.0','False','False','False','False','False','','','','','','','','','','','','0.0','False','169','','','','','');
INSERT INTO "Contact" VALUES(222,'','','','','','','','Active','','','DL5VXJD7','This fall entire manager along game.','None','True','2016-02-26','ja-cisneros@example.com','','','','','','','','Initial Inquiry','Jamie','False','','','','Those senior choice according staff political his. Station point difference. Happen officer no way it.','','Disability Advocacy','Initial Inquiry','English','Cisneros','None','Sweet Snoopers Training Program','Woods, Weaver and Little','Spanish','+1-781-740-5940','Volunteer;Team Facilitator','Blue.','Prefer to self-describe','','','','','None','','','','','','','','Active Projects- Team Facilitator Certification','','False','','','','Narcolepsy Alert','None','','','','','jamiecisneros@example.com','ja-cisneros@example.com','Home','Personal','','False','Work','jamie_cisneros1996@example.net','(668)894-7188x07221','0.0','74565.0','1977','2022-09-17','5241.0','0.0','2022-07-17','0.0','2022-09-01','Relate quality son someone. Action police go unit early mind.','Simple send reflect anyone. Play owner window back though across.','0.0','2022-11-30','2022-03-02','Household__c.Formal_Greeting__c','0.0','0.0','0.0','0.0','0.0','0.0','0.0','0.0','0.0','0.0','0.0','17596.0','28494.0','51957.0','956.0','0.0','0.0','False','False','True','False','False','65846.0','2022-02-25','22284.0','2022-09-13','71705.0','','27154.0','57244.0','24481.0','88420.0','17071.0','0.0','False','169','','','','','');
INSERT INTO "Contact" VALUES(223,'','','','','','','','','','','','','None','False','','viduncan44@example.net','','','','','','','','None','Duncan','False','','','','','','','','English','Vicki','','','','','709.470.9403x23224','','','','','','','','None','','','','','','','','','','False','','','','','None','','','','','v.duncan50@example.org','viduncan44@example.net','Home','Personal','','False','Work','vi_duncan@example.org','+1-666-538-2471x52081','0.0','','','','','0.0','','0.0','','','','0.0','','','','0.0','0.0','0.0','0.0','0.0','0.0','0.0','0.0','0.0','0.0','0.0','','','','','0.0','0.0','False','False','False','False','False','','','','','','','','','','','','0.0','False','171','','','','','');
INSERT INTO "Contact" VALUES(224,'','','','','','','','Inactive','','','5JO5QHLF','Task evidence chair truth certain.','Initial Inquiry','False','2013-10-21','e-daniels11@example.org','','','','','','','','Certified-Active','Eddie','False','','','','Grow news each amount market decade call blue. Sell front year summer. Sport whatever laugh ask admit.','','Technology/Infrastructure','Active','Spanish','Daniels','Active','Assistance Dogs Set in Motion Program','Salinas Ltd','Portuguese','+1-277-437-6470x32482','Volunteer;Team Facilitator Lead;Client','Say along.','Prefer not to answer','','','','','None','','','','','','','','Active Projects- Trainer Certification','','True','','','','Mobility','None','','','','','ed_daniels01@example.net','e-daniels11@example.org','Home','Personal','','False','Home','e.daniels9@example.net','(755)570-2409','0.0','48478.0','2021','2022-03-27','64322.0','0.0','2022-09-03','0.0','2022-11-23','Cultural modern skill power win force.','Politics civil effect bed nothing. Hand decade beautiful religious like window.','0.0','2022-03-14','2022-06-04','Household__c.Name','0.0','0.0','0.0','0.0','0.0','0.0','0.0','0.0','0.0','0.0','0.0','15529.0','68194.0','78391.0','89457.0','0.0','0.0','False','False','False','False','True','20063.0','2022-12-07','83064.0','2022-12-06','15084.0','','96212.0','50147.0','43142.0','29819.0','62580.0','0.0','False','171','','','','','');
INSERT INTO "Contact" VALUES(225,'','','','','','','','','','','','','None','False','','ja.becker1945@example.org','','','','','','','','None','Becker','False','','','','','','','','English','Jasmin','','','','','785.408.1644x208','','','','','','','','None','','','','','','','','','','False','','','','','None','','','','','ja-becker0@example.org','ja.becker1945@example.org','Home','Personal','','False','Work','ja_becker@example.org','819-024-3599x98254','0.0','','','','','0.0','','0.0','','','','0.0','','','','0.0','0.0','0.0','0.0','0.0','0.0','0.0','0.0','0.0','0.0','0.0','','','','','0.0','0.0','False','False','False','False','False','','','','','','','','','','','','0.0','False','173','','','','','');
INSERT INTO "Contact" VALUES(226,'','','','','','','','Active','','','2AUHUG8J','Give attorney treatment light various let southern wonder.','Discontinued','False','2002-08-08','m+lee92@example.com','','','','','','','','Onboarding','Molly','False','','','','Always usually expert difficult leg stuff. Various time food modern rise suggest. Turn college adult between focus glass policy address.','','Disability Advocacy','None','American Sign Language','Lee','Inactive','Assistance Dogs Set in Motion Program','Robles Group','Spanish','001-980-678-2463x95498','Volunteer;Team Facilitator Lead;Client','History.','Prefer not to answer','','','','','None','','','','','','','','Board','','True','','','','Psychiatric','None','','','','','molly-lee1983@example.net','m+lee92@example.com','Home','Personal','','False','Other','m-lee73@example.net','001-264-958-5330x4620','0.0','21820.0','2000','2022-05-10','50461.0','0.0','2022-08-18','0.0','2022-09-07','Drug positive artist. Reason paper nearly it response before study. Off trade risk choose.','Such enter argue cost really. Place maintain style worry yourself. Create produce as line.','0.0','2022-03-17','2023-01-25','Household__c.Informal_Greeting__c','0.0','0.0','0.0','0.0','0.0','0.0','0.0','0.0','0.0','0.0','0.0','93781.0','90340.0','19771.0','8810.0','0.0','0.0','False','False','False','True','False','90174.0','2022-04-13','60409.0','2022-08-31','56672.0','','27078.0','24862.0','39629.0','2272.0','19431.0','0.0','False','171','','','','','');
INSERT INTO "Contact" VALUES(227,'','','','','','','','Inactive','','','EGNSKVJV','Ahead store fire machine law.','None','True','2012-05-01','migeorge2@example.net','','','','','','','','None','Michele','False','','','','Purpose rise happy bag spend record however. Keep sell financial power side performance public serious. Item second site kind forward become toward.','','Fundraising/Grants','None','English','George','None','Volunteering','Mcmillan, Mosley and Becker','American Sign Language','311-610-7090','Volunteer;Trainer','Effort.','Prefer to self-describe','','','','','None','','','','','','','','Operations- Trainer','','False','','','','Mobility','Onboarding','','','','','migeorge1959@example.com','migeorge2@example.net','Home','Personal','','False','Other','michele_george@example.com','(975)690-7170x5753','0.0','27220.0','1999','2022-09-20','38898.0','0.0','2022-09-18','0.0','2023-01-13','Point result nearly idea often.','Nor do plan attack. Dinner onto position address travel individual above right.','0.0','2022-07-15','2022-07-15','Household__c.Formal_Greeting__c','0.0','0.0','0.0','0.0','0.0','0.0','0.0','0.0','0.0','0.0','0.0','3587.0','47046.0','38437.0','97334.0','0.0','0.0','False','False','True','False','False','79801.0','2022-06-22','35916.0','2022-05-26','73623.0','','23720.0','33073.0','86696.0','32997.0','85187.0','0.0','False','171','','','','','');
INSERT INTO "Contact" VALUES(228,'','','','','','','','','','','','','None','False','','ty_preston2@example.org','','','','','','','','None','Preston','False','','','','','','','','English','Tyler','','','','','+1-195-500-7437x266','','','','','','','','None','','','','','','','','','','False','','','','','None','','','','','t-preston77@example.net','ty_preston2@example.org','Home','Personal','','False','Home','tyler-preston53@example.org','4103395908','0.0','','','','','0.0','','0.0','','','','0.0','','','','0.0','0.0','0.0','0.0','0.0','0.0','0.0','0.0','0.0','0.0','0.0','','','','','0.0','0.0','False','False','False','False','False','','','','','','','','','','','','0.0','False','173','','','','','');
INSERT INTO "Contact" VALUES(229,'','','','','','','','Initial Inquiry','','','GDH9A66Z','Huge tell member government at.','','False','2019-10-19','da_warren1976@example.com','','','','','','','','None','Dakota','False','','','','Feeling opportunity voice theory. Bad morning simple across source. Land deal PM deal.','','Medical/Mental Health','None','English','Warren','None','Sponsorship/Donations','Gilbert PLC','Russian','240.775.5388x9606','Board Member','Personal.','He/Him','','','','','None','','','','','','','','Active Projects- Academy','','False','','','','Mobility','None','','','','','dwarren@example.org','da_warren1976@example.com','Home','Personal','','False','Other','dakota_warren79@example.com','(457)196-5559','0.0','29296.0','2012','2022-12-23','80020.0','0.0','2023-01-04','0.0','2022-11-27','Behavior for culture he sometimes behind history. Trip reach involve affect federal.','Per door democratic than. Mission forget take upon friend. Boy me gas until.','0.0','2022-04-22','2023-02-11','Household__c.Informal_Greeting__c','0.0','0.0','0.0','0.0','0.0','0.0','0.0','0.0','0.0','0.0','0.0','46107.0','44492.0','50565.0','52129.0','0.0','0.0','False','False','False','True','False','46936.0','2022-04-24','93927.0','2022-12-12','17612.0','','14018.0','81803.0','49193.0','14978.0','60337.0','0.0','False','173','','','','','');
INSERT INTO "Contact" VALUES(230,'','','','','','','','','','','','','None','False','','ma-bradley1990@example.org','','','','','','','','None','Bradley','False','','','','','','','','English','Maria','','','','','802.871.2202x050','','','','','','','','None','','','','','','','','','','False','','','','','None','','','','','ma.bradley@example.com','ma-bradley1990@example.org','Home','Personal','','False','Other','m+bradley@example.com','001-216-759-7884','0.0','','','','','0.0','','0.0','','','','0.0','','','','0.0','0.0','0.0','0.0','0.0','0.0','0.0','0.0','0.0','0.0','0.0','','','','','0.0','0.0','False','False','False','False','False','','','','','','','','','','','','0.0','False','177','','','','','');
INSERT INTO "Contact" VALUES(231,'','','','','','','','','','','','','None','False','','j_luna1948@example.org','','','','','','','','None','Luna','False','','','','','','','','English','Jasmin','','','','','668.199.5093','','','','','','','','None','','','','','','','','','','False','','','','','None','','','','','ja_luna7@example.org','j_luna1948@example.org','Home','Personal','','False','Home','jluna@example.com','001-425-016-2720','0.0','','','','','0.0','','0.0','','','','0.0','','','','0.0','0.0','0.0','0.0','0.0','0.0','0.0','0.0','0.0','0.0','0.0','','','','','0.0','0.0','False','False','False','False','False','','','','','','','','','','','','0.0','False','177','','','','','');
INSERT INTO "Contact" VALUES(232,'','','','','','','','Active','','','42Q3PZLV','Never I development election after human.','None','False','2008-11-11','h_roth2000@example.net','','','','','','','','Discontinued','Heidi','False','','','','Certainly big her another cultural. Course most sometimes place pressure sport. Student first quickly base ok often various.','','Nonprofit Leadership','Inactive','English','Roth','None','Client Certification','Nicholson, Bright and Dillon','Mandarin','251.669.7409x4749','Volunteer;Team Facilitator','Often cut.','She/Her','','','','','None','','','','','','','','Active Projects- ADI','','True','','','','Psychiatric','None','','','','','heidi_roth83@example.com','h_roth2000@example.net','Home','Personal','','False','Other','h.roth63@example.org','446.409.5629x365','0.0','4074.0','1997','2023-01-09','11651.0','0.0','2022-06-20','0.0','2022-04-24','This bed military national. Article father town author.','Rather look defense its seem if. Remember various thousand population able arrive resource.','0.0','2022-07-20','2022-12-09','Household__c.Formal_Greeting__c','0.0','0.0','0.0','0.0','0.0','0.0','0.0','0.0','0.0','0.0','0.0','13123.0','14926.0','52215.0','82696.0','0.0','0.0','False','False','True','False','False','60444.0','2022-02-26','81398.0','2022-11-27','42608.0','','17286.0','34522.0','57704.0','50620.0','56871.0','0.0','False','177','','','','','');
INSERT INTO "Contact" VALUES(233,'','','','','','','','Onboarding','','','41JMP7Q3','Become computer agree important main employee.','None','False','2012-11-16','d-olson8@example.com','','','','','','','','None','Darlene','False','','','','Rock notice up ok two his environment. Democratic western risk card the where.','','Graphic Design','Initial Inquiry','English','Olson','None','Client Certification','Townsend, Wilkerson and Gonzalez','Cantonese','(789)655-4140','Volunteer;Trainer','Drug.','Prefer not to answer','','','','','None','','','','','','','','Operations- Volunteer and Staff','','False','','','','Psychiatric','Certified-Active','','','','','da+olson6@example.org','d-olson8@example.com','Home','Personal','','False','Home','darlene+olson87@example.org','001-384-960-5838x6714','0.0','79746.0','1978','2022-03-03','29610.0','0.0','2022-09-26','0.0','2022-03-05','You society true into maybe north guy. Door relate democratic travel also trip.','Collection subject pull since time him. Treat western but.','0.0','2022-04-01','2022-09-04','Household__c.Formal_Greeting__c','0.0','0.0','0.0','0.0','0.0','0.0','0.0','0.0','0.0','0.0','0.0','74711.0','98398.0','94813.0','61599.0','0.0','0.0','False','False','True','False','False','45861.0','2022-12-24','85385.0','2022-09-20','33997.0','','83127.0','11721.0','47848.0','7701.0','8311.0','0.0','False','177','','','','','');
INSERT INTO "Contact" VALUES(234,'','','','','','','','','','','','','None','False','','ronald-orr@example.com','','','','','','','','None','Orr','False','','','','','','','','English','Ronald','','','','','167.508.7778x4743','','','','','','','','None','','','','','','','','','','False','','','','','None','','','','','r.orr1980@example.com','ronald_orr1986@example.org','Home','Personal','Work','False','Home','ronaldorr61@example.net','(171)930-8456','0.0','','','','','0.0','','0.0','','','','0.0','','','','0.0','0.0','0.0','0.0','0.0','0.0','0.0','0.0','0.0','0.0','0.0','','','','','0.0','0.0','False','False','False','False','False','','','','','','','','','','','','0.0','False','179','','','','','');
INSERT INTO "Contact" VALUES(235,'','','','','','','','Onboarding','','','DL5VXBNF','There several heavy since.','Decertified','False','2008-09-09','k-barron53@example.net','','','','','','','','None','Katie','False','','','','Reason themselves seven significant believe six. Lose program page morning plant improve. Discover set food method. Law common common along.','','Outreach/Networking','Inactive','English','Barron','None','Trainer Certification','Dickson LLC','Cantonese','075-333-4321x964','Trainer;Client','Cell.','Prefer not to answer','','','','','None','','','','','','','','Active Projects- Research and Development','','True','','','','Mobility;Autism','Discontinued','','','','','ka+barron13@example.net','k-barron53@example.net','Home','Personal','','False','Work','k_barron2@example.net','(860)617-6453x97783','0.0','75110.0','1986','2022-12-04','96514.0','0.0','2022-11-21','0.0','2023-01-08','Player they against stand money. Success find little young several eight.','Something politics keep. Although sea great consumer general. Choice really far physical I.','0.0','2023-01-20','2023-01-31','Household__c.Informal_Greeting__c','0.0','0.0','0.0','0.0','0.0','0.0','0.0','0.0','0.0','0.0','0.0','29050.0','92557.0','15616.0','73918.0','0.0','0.0','False','False','False','True','False','94402.0','2022-09-19','92905.0','2022-08-14','78918.0','','6055.0','35583.0','23855.0','44706.0','21298.0','0.0','False','180','','','','','');
INSERT INTO "Contact" VALUES(236,'','','','','','','','','','','','','None','False','','kristin-hubbard@example.org','','','','','','','','None','Hubbard','False','','','','','','','','English','Kristin','','','','','624-339-0337x125','','','','','','','','None','','','','','','','','','','False','','','','','None','','','','','kr+hubbard1960@example.net','kristin-hubbard@example.org','Home','Personal','','False','Other','kristin_hubbard12@example.net','253.718.6298x40096','0.0','','','','','0.0','','0.0','','','','0.0','','','','0.0','0.0','0.0','0.0','0.0','0.0','0.0','0.0','0.0','0.0','0.0','','','','','0.0','0.0','False','False','False','False','False','','','','','','','','','','','','0.0','False','180','','','','','');
INSERT INTO "Contact" VALUES(237,'','','','','','','','','','','','','None','False','','k-spencer@example.com','','','','','','','','None','Spencer','False','','','','','','','','English','Kathleen','','','','','868.852.1523x8700','','','','','','','','None','','','','','','','','','','False','','','','','None','','','','','ka+spencer2@example.com','k-spencer@example.com','Home','Personal','','False','Home','kathleenspencer1963@example.com','001-222-426-0089x85213','0.0','','','','','0.0','','0.0','','','','0.0','','','','0.0','0.0','0.0','0.0','0.0','0.0','0.0','0.0','0.0','0.0','0.0','','','','','0.0','0.0','False','False','False','False','False','','','','','','','','','','','','0.0','False','180','','','','','');
INSERT INTO "Contact" VALUES(238,'','','','','','','','Initial Inquiry','','','AO2MADJ7','However way many front help career.','None','False','2015-02-20','becordova2003@example.org','','','','','','','','Initial Inquiry','Beth','False','','','','And art direction training as direction. Turn car book task bar water maybe. Inside loss what cause across her.','','Nonprofit Leadership','None','English','Cordova','Active','Client Certification','Roach-Whitehead','Russian','(024)357-5940x633','Team Facilitator Lead','Hope.','Prefer to self-describe','','','','','None','','','','','','','','Active Projects- ADI','','False','','','','Autism','None','','','','','becordova5@example.org','becordova2003@example.org','Home','Personal','','False','Home','b-cordova@example.org','(103)019-2126x9163','0.0','50163.0','2005','2022-04-15','41669.0','0.0','2022-07-09','0.0','2022-08-11','Final sign do of force.','Power and baby beat perform today. Interview pick home television. Raise method why she.','0.0','2022-07-09','2022-12-12','Household__c.Informal_Greeting__c','0.0','0.0','0.0','0.0','0.0','0.0','0.0','0.0','0.0','0.0','0.0','38500.0','24229.0','27242.0','12063.0','0.0','0.0','False','False','False','True','False','21539.0','2022-05-16','64073.0','2022-03-21','22052.0','','87393.0','10819.0','18091.0','95981.0','11476.0','0.0','False','180','','','','','');
INSERT INTO "Contact" VALUES(239,'','','','','','','','Inactive','','','5JO5R4QR','West kind evidence serve father perform her.','None','False','2008-01-17','ja-colon1987@example.org','','','','','','','','None','Jackie','False','','','','Attention number three like keep professional. State reason can produce. Staff right forget parent.','','Marketing and Branding','Active','English','Colon','None','Assistance Dogs Set in Motion Program','Moss, Joyce and Osborn','Korean','319-424-0953x632','Board Member','Hot.','Prefer to self-describe','','','','','None','','','','','','','','Active Projects- Team Facilitator Certification','','True','','','','Autism','None','','','','','jacolon1949@example.com','ja-colon1987@example.org','Home','Personal','','False','Home','jackie+colon55@example.net','001-665-419-9956','0.0','63514.0','2017','2023-01-18','50077.0','0.0','2022-06-18','0.0','2022-07-01','When resource poor. To firm type.','Five drug evidence never human glass available. Business surface quickly possible east keep follow.','0.0','2022-07-18','2022-07-04','Household__c.Informal_Greeting__c','0.0','0.0','0.0','0.0','0.0','0.0','0.0','0.0','0.0','0.0','0.0','91321.0','73422.0','50611.0','49232.0','0.0','0.0','False','False','False','True','False','49191.0','2022-03-12','23542.0','2022-07-05','20211.0','','24145.0','46634.0','94890.0','1731.0','34911.0','0.0','False','180','','','','','');
INSERT INTO "Contact" VALUES(240,'','','','','','','','','','','','','None','False','','da.mcbride75@example.net','','','','','','','','None','Mcbride','False','','','','','','','','English','Dalton','','','','','332.814.0958x995','','','','','','','','None','','','','','','','','','','False','','','','','None','','','','','da_mcbride1954@example.org','da.mcbride75@example.net','Home','Personal','','False','Home','dalton_mcbride0@example.net','(268)629-9041x876','0.0','','','','','0.0','','0.0','','','','0.0','','','','0.0','0.0','0.0','0.0','0.0','0.0','0.0','0.0','0.0','0.0','0.0','','','','','0.0','0.0','False','False','False','False','False','','','','','','','','','','','','0.0','False','186','','','','','');
INSERT INTO "Contact" VALUES(241,'','','','','','','','','','','','','None','False','','kr+lindsey@example.com','','','','','','','','None','Lindsey','False','','','','','','','','English','Kristi','','','','','2161892565','','','','','','','','None','','','','','','','','','','False','','','','','None','','','','','k-lindsey@example.net','kr+lindsey@example.com','Home','Personal','','False','Work','kristi.lindsey@example.net','001-206-793-4822','0.0','','','','','0.0','','0.0','','','','0.0','','','','0.0','0.0','0.0','0.0','0.0','0.0','0.0','0.0','0.0','0.0','0.0','','','','','0.0','0.0','False','False','False','False','False','','','','','','','','','','','','0.0','False','186','','','','','');
INSERT INTO "Contact" VALUES(242,'','','','','','','','Onboarding','','','EGNSL39N','Beyond with travel meet public school.','None','False','2002-01-26','ma+curtis2@example.org','','','','','','','','Suspended','Marie','False','','','','Door play person give address. Stay participant want defense. Media institution about time guess Democrat head.','','Social Media','None','Portuguese','Curtis','Active','Assistance Dogs Set in Motion Program','Case, Aguirre and Howard','English','8564837662','Team Facilitator Lead','Fast.','Prefer to self-describe','','','','','None','','','','','','','','Operations- Volunteer and Staff','','True','','','','Mobility;Autism','None','','','','','mcurtis1@example.org','ma+curtis2@example.org','Home','Personal','','False','Other','macurtis6@example.net','352.333.3062x9188','0.0','59186.0','2013','2022-11-28','88935.0','0.0','2022-04-29','0.0','2022-08-17','Minute reveal president leg court mother once. Stop message laugh. Technology education decision.','Heavy executive pass million candidate. New if popular out. Station store read.','0.0','2022-09-06','2022-09-03','Household__c.Informal_Greeting__c','0.0','0.0','0.0','0.0','0.0','0.0','0.0','0.0','0.0','0.0','0.0','66301.0','2093.0','76220.0','93890.0','0.0','0.0','False','False','False','True','False','1593.0','2022-10-25','18156.0','2022-03-09','60091.0','','1353.0','57026.0','22030.0','94155.0','14984.0','0.0','False','186','','','','','');
INSERT INTO "Contact" VALUES(243,'','','','','','','','Inactive','','','2AUHU8IR','Participant get activity professor.','None','False','2016-04-30','k+hester97@example.net','','','','','','','','None','Kathleen','False','','','','Analysis simple young especially admit among. Lawyer be traditional. Believe world any bar might value identify.','','Dog Training/Behavior/Veterinary','Initial Inquiry','English','Hester','None','Sponsorship/Donations','Mckay, Foley and Reilly','Japanese','001-691-130-0009x717','Volunteer;Trainer','Score.','Prefer to self-describe','','','','','None','','','','','','','','Board - READ ONLY','','True','','','','Psychiatric;Autism','Suspended','','','','','ka-hester1997@example.org','k+hester97@example.net','Home','Personal','','False','Other','ka-hester2011@example.net','706-145-2106x74053','0.0','88717.0','1998','2022-07-06','9331.0','0.0','2022-08-14','0.0','2022-12-28','Recognize eye approach girl. Face high such night eye cell model. Current meet either its gas day.','Record rule many bank I build create now. West seem team spring find involve.','0.0','2022-04-18','2022-05-24','Household__c.Informal_Greeting__c','0.0','0.0','0.0','0.0','0.0','0.0','0.0','0.0','0.0','0.0','0.0','13822.0','69650.0','93102.0','14953.0','0.0','0.0','False','False','False','True','False','89932.0','2022-04-02','78158.0','2023-01-05','1049.0','','25969.0','10614.0','55196.0','81472.0','70064.0','0.0','False','186','','','','','');
INSERT INTO "Contact" VALUES(244,'','','','','','','','','','','','','None','False','','j_miller@example.org','','','','','','','','None','Miller','False','','','','','','','','English','Joanna','','','','','(127)000-7906','','','','','','','','None','','','','','','','','','','False','','','','','None','','','','','j-miller7@example.net','j_miller@example.org','Home','Personal','','False','Home','joanna-miller47@example.org','+1-885-654-3733x1105','0.0','','','','','0.0','','0.0','','','','0.0','','','','0.0','0.0','0.0','0.0','0.0','0.0','0.0','0.0','0.0','0.0','0.0','','','','','0.0','0.0','False','False','False','False','False','','','','','','','','','','','','0.0','False','171','','','','','');
INSERT INTO "Contact" VALUES(245,'','','','','','','','Onboarding','','','GDH99YH7','Character blood amount piece decade yourself.','None','True','2020-12-25','julian_arroyo4@example.com','','','','','','','','None','Julian','False','','','','Only yourself can risk effect consumer range morning. But lawyer pretty authority administration.','','Education/Course Development','Active','English','Arroyo','None','Trainer Certification','Hickman-Wu','Japanese','520-605-0407x2033','Staff','Himself.','Prefer not to answer','','','','','None','','','','','','','','Active Projects- Community Outreach and Education','','True','','','','Autism','None','','','','','ju.arroyo54@example.org','julian_arroyo4@example.com','Home','Personal','','False','Home','jarroyo1975@example.net','853-956-4062x045','0.0','13416.0','1978','2022-10-19','58811.0','0.0','2022-06-28','0.0','2022-10-02','Word learn understand painting view rich. Data network risk stuff this improve rather.','Anyone study hotel example.','0.0','2022-05-27','2023-01-30','Household__c.Name','0.0','0.0','0.0','0.0','0.0','0.0','0.0','0.0','0.0','0.0','0.0','70756.0','58215.0','56126.0','77574.0','0.0','0.0','False','False','False','False','True','43553.0','2022-04-20','55567.0','2022-03-31','69465.0','','57117.0','52868.0','35270.0','52738.0','28417.0','0.0','False','186','','','','','');
INSERT INTO "Contact" VALUES(246,'','','','','','','','','','','','','None','False','','d-phillips0@example.org','','','','','','','','None','Phillips','False','','','','','','','','English','Dennis','','','','','+1-892-279-3311x210','','','','','','','','None','','','','','','','','','','False','','','','','None','','','','','d+phillips1957@example.org','d-phillips0@example.org','Home','Personal','','False','Other','d+phillips51@example.net','+1-934-768-8035x090','0.0','','','','','0.0','','0.0','','','','0.0','','','','0.0','0.0','0.0','0.0','0.0','0.0','0.0','0.0','0.0','0.0','0.0','','','','','0.0','0.0','False','False','False','False','False','','','','','','','','','','','','0.0','False','188','','','','','');
INSERT INTO "Contact" VALUES(247,'','','','','','','','Active','','','DL5VSE6J','Any result report production cold.','Decertified','True','2017-03-14','ch+holt@example.com','','','','','','','','None','Chloe','False','','','','In board carry task play. Unit media PM career staff than. Perhaps six be quite west.','','Legal','None','English','Holt','None','Sweet Snoopers Training Program','Barry-Davila','Spanish','212-850-9254','Client;Puppy Raiser','Fish.','They/Them','','','','','Suspended','','','','','','','','Active Projects- Trainer Certification','','False','','','','Seizure Response','None','','','','','ch+holt74@example.org','ch+holt@example.com','Home','Personal','','False','Work','c.holt6@example.net','6039626575','0.0','39217.0','1992','2022-11-28','44010.0','0.0','2022-12-24','0.0','2022-06-10','Executive field magazine somebody floor. Film maintain cut rule money pull.','Daughter part who attention. New air modern expert.','0.0','2022-05-05','2022-10-13','Household__c.Name','0.0','0.0','0.0','0.0','0.0','0.0','0.0','0.0','0.0','0.0','0.0','25025.0','37291.0','99349.0','84997.0','0.0','0.0','False','False','False','False','True','24233.0','2022-07-15','18152.0','2022-10-13','71597.0','','46929.0','80391.0','42744.0','8421.0','41817.0','0.0','False','93','','','','','');
INSERT INTO "Contact" VALUES(248,'','','','','','','','Inactive','','','5JO5ORV7','Appear memory despite nice than scientist hot.','None','True','2006-02-16','ma+roy9@example.com','','','','','','','','None','Maria','False','','','','Least wind certain over police clear.','','Photography/Videography','Onboarding','Mandarin','Roy','None','Trainer Certification','Farrell, Chaney and English','Spanish','001-075-466-7480x86583','Volunteer','Building.','They/Them','','','','','None','','','','','','','','Active Projects- Dog Availability','','True','','','','Mobility','None','','','','','m-roy@example.com','ma+roy9@example.com','Home','Personal','','False','Home','ma-roy@example.com','+1-597-438-6912','0.0','2187.0','1972','2022-07-20','88884.0','0.0','2022-04-29','0.0','2022-10-11','Bed than cause prove someone take. Cost animal out cultural.','Step help do involve. Clear protect billion stand side memory.','0.0','2022-11-10','2022-07-19','Household__c.Name','0.0','0.0','0.0','0.0','0.0','0.0','0.0','0.0','0.0','0.0','0.0','5645.0','42612.0','33848.0','64794.0','0.0','0.0','False','False','False','False','True','50469.0','2022-05-31','98253.0','2022-04-17','51459.0','','14167.0','2561.0','84086.0','88339.0','68529.0','0.0','False','93','','','','','');
INSERT INTO "Contact" VALUES(249,'','','','','','','','','','','','','None','False','','l-hayes@example.net','','','','','','','','None','Hayes','False','','','','','','','','English','Larry','','','','','+1-680-232-1443','','','','','','','','None','','','','','','','','','','False','','','','','None','','','','','larry.hayes47@example.org','l-hayes@example.net','Home','Personal','','False','Home','larryhayes1953@example.net','209-502-5704x509','0.0','','','','','0.0','','0.0','','','','0.0','','','','0.0','0.0','0.0','0.0','0.0','0.0','0.0','0.0','0.0','0.0','0.0','','','','','0.0','0.0','False','False','False','False','False','','','','','','','','','','','','0.0','False','97','','','','','');
INSERT INTO "Contact" VALUES(250,'','','','','','','','','','','','','None','False','','k+lynn@example.org','','','','','','','','None','Lynn','False','','','','','','','','English','Kaitlyn','','','','','(006)730-7669','','','','','','','','None','','','','','','','','','','False','','','','','None','','','','','kaitlyn-lynn8@example.org','k+lynn@example.org','Home','Personal','','False','Other','kalynn3@example.org','(224)656-5654','0.0','','','','','0.0','','0.0','','','','0.0','','','','0.0','0.0','0.0','0.0','0.0','0.0','0.0','0.0','0.0','0.0','0.0','','','','','0.0','0.0','False','False','False','False','False','','','','','','','','','','','','0.0','False','97','','','','','');
INSERT INTO "Contact" VALUES(251,'','','','','','','','Active','','','EGNSMLA3','Fund anyone of environmental foreign dog world.','None','True','2014-09-02','andres+lin@example.com','','','','','','','','None','Andres','False','','','','Music end if help.','','Administration','Active','English','Lin','None','Assistance Dogs Set in Motion Program','Woods PLC','Arabic','2058131111','Volunteer','True.','She/Her','','','','','None','','','','','','','','Operations- Client','','False','','','','Medical Incident Assist','None','','','','','andres-lin6@example.net','andres+lin@example.com','Home','Personal','','False','Home','andres+lin6@example.com','(328)637-3183','0.0','25079.0','1980','2022-06-06','8825.0','0.0','2023-02-22','0.0','2022-06-01','Answer blood compare big nearly pay.','Need play education up could. Describe about or moment.','0.0','2022-03-28','2022-05-14','Household__c.Formal_Greeting__c','0.0','0.0','0.0','0.0','0.0','0.0','0.0','0.0','0.0','0.0','0.0','37534.0','67729.0','74906.0','65159.0','0.0','0.0','False','False','True','False','False','7946.0','2022-07-02','94109.0','2022-06-19','35353.0','','72822.0','45453.0','61425.0','26747.0','5945.0','0.0','False','97','','','','','');
INSERT INTO "Contact" VALUES(252,'','','','','','','','Onboarding','','','2AUHPB1V','Attack back officer until will artist project.','Onboarding','True','2000-07-23','br+williamson@example.net','','','','','','','','None','Brittney','False','','','','General yard evening government itself. Happen administration state billion note cup page.','','Education/Course Development','None','Spanish','Williamson','None','Trainer Certification','Ho, Kent and Andrade','French','016.165.3339','Client','Number.','Prefer to self-describe','','','','','None','','','','','','','','Active Projects- Team Facilitator Certification','','True','','','','Diabetes Alert','None','','','','','br+williamson3@example.org','br+williamson@example.net','Home','Personal','','False','Other','br_williamson2@example.com','001-806-883-9222','0.0','21745.0','1971','2022-09-15','52867.0','0.0','2022-10-19','0.0','2022-06-23','Source you kid very my be happen. Director difficult yourself because coach ahead beautiful.','Leg class bring them. Adult poor his go. Sport animal behind crime above sister compare.','0.0','2022-10-23','2023-02-01','Household__c.Name','0.0','0.0','0.0','0.0','0.0','0.0','0.0','0.0','0.0','0.0','0.0','11721.0','18081.0','50164.0','6960.0','0.0','0.0','False','False','False','False','True','82345.0','2022-08-08','21000.0','2022-03-13','64873.0','','37134.0','49562.0','58797.0','28576.0','75359.0','0.0','False','97','','','','','');
INSERT INTO "Contact" VALUES(253,'','','','','','','','','','','','','None','False','','john+perez1985@example.net','','','','','','','','None','Perez','False','','','','','','','','English','John','','','','','001-342-005-8297x09002','','','','','','','','None','','','','','','','','','','False','','','','','None','','','','','j.perez2@example.net','jo-perez4@example.org','Home','Personal','Work','False','Work','j.perez5@example.org','001-254-211-6240x955','0.0','','','','','0.0','','0.0','','','','0.0','','','','0.0','0.0','0.0','0.0','0.0','0.0','0.0','0.0','0.0','0.0','0.0','','','','','0.0','0.0','False','False','False','False','False','','','','','','','','','','','','0.0','False','99','','','','','');
INSERT INTO "Contact" VALUES(254,'','','','','','','','','','','','','None','False','','br-stein2@example.com','','','','','','','','None','Stein','False','','','','','','','','English','Brittany','','','','','001-975-270-6479x7495','','','','','','','','None','','','','','','','','','','False','','','','','None','','','','','brstein74@example.org','br-stein2@example.com','Home','Personal','','False','Work','b.stein@example.net','034.423.3772x51381','0.0','','','','','0.0','','0.0','','','','0.0','','','','0.0','0.0','0.0','0.0','0.0','0.0','0.0','0.0','0.0','0.0','0.0','','','','','0.0','0.0','False','False','False','False','False','','','','','','','','','','','','0.0','False','100','','','','','');
INSERT INTO "Contact" VALUES(255,'','','','','','','','','','','','','None','False','','se-richardson3@example.org','','','','','','','','None','Richardson','False','','','','','','','','English','Seth','','','','','661.170.2851x306','','','','','','','','None','','','','','','','','','','False','','','','','None','','','','','serichardson8@example.com','se-richardson3@example.org','Home','Personal','','False','Other','srichardson73@example.org','001-628-618-2689x80090','0.0','','','','','0.0','','0.0','','','','0.0','','','','0.0','0.0','0.0','0.0','0.0','0.0','0.0','0.0','0.0','0.0','0.0','','','','','0.0','0.0','False','False','False','False','False','','','','','','','','','','','','0.0','False','100','','','','','');
INSERT INTO "Contact" VALUES(256,'','','','','','','','Initial Inquiry','','','GDH9510B','People writer still very where.','None','True','2005-12-14','m+martinez3@example.org','','','','','','','','Onboarding','Mario','False','','','','Leave third most current idea exactly. Claim bad because base policy process. Blue his explain wide. Various fight maintain team even life the.','','Project/Program Management','Onboarding','English','Martinez','None','Team Facilitator Certification','Vaughan, Forbes and Allison','Russian','(405)822-2799','Team Facilitator','To weight.','He/Him','','','','','None','','','','','','','','Operations- Volunteer and Staff','','True','','','','Narcolepsy Alert','None','','','','','mariomartinez57@example.com','m+martinez3@example.org','Home','Personal','','False','Other','m-martinez2@example.org','3901552277','0.0','16830.0','1996','2022-05-25','85684.0','0.0','2022-11-12','0.0','2022-11-01','Skill fact present use challenge manage firm. Measure thank someone nearly light enter.','Each yes common clear free. Approach share fish war. To understand increase season.','0.0','2022-12-04','2022-10-24','Household__c.Informal_Greeting__c','0.0','0.0','0.0','0.0','0.0','0.0','0.0','0.0','0.0','0.0','0.0','48540.0','21878.0','18230.0','34308.0','0.0','0.0','False','False','False','True','False','46736.0','2022-06-05','89109.0','2022-03-10','62542.0','','48937.0','69248.0','7608.0','59011.0','46532.0','0.0','False','100','','','','','');
INSERT INTO "Contact" VALUES(257,'','','','','','','','Initial Inquiry','','','41JMK2JF','Open fish despite husband notice way.','None','False','2015-05-23','r+bean73@example.com','','','','','','','','None','Robyn','False','','','','Laugh some detail measure happy. Buy office including power military certainly.','','Administration','Inactive','English','Bean','None','Trainer Certification','Ponce, Bowman and Galvan','Spanish','001-386-017-6678','Staff','Simply.','Prefer not to answer','','','','','None','','','','','','','','Active Projects- Community Outreach and Education','','False','','','','Mobility','None','','','','','robyn+bean65@example.net','r+bean73@example.com','Home','Personal','','False','Work','robyn-bean0@example.org','+1-328-716-4079x730','0.0','57242.0','1996','2022-03-01','89572.0','0.0','2022-06-17','0.0','2022-06-18','Change their stay because.','Camera yeah week generation bank leave. Have ago adult speak guess put will.','0.0','2022-06-22','2022-05-06','Household__c.Name','0.0','0.0','0.0','0.0','0.0','0.0','0.0','0.0','0.0','0.0','0.0','84955.0','61443.0','65389.0','43256.0','0.0','0.0','False','False','False','False','True','17591.0','2022-05-21','93323.0','2023-02-04','74181.0','','52055.0','28198.0','2153.0','18689.0','9610.0','0.0','False','100','','','','','');
INSERT INTO "Contact" VALUES(258,'','','','','','','','Onboarding','','','42Q3RPC3','Science tend little decade serious act human.','Certified','True','2005-06-05','janice_phillips6@example.net','','','','','','','','None','Janice','False','','','','Agency control investment rest. Clearly recent necessary hot friend president truth. Could probably forget summer company beautiful cost.','','Fundraising/Grants','Active','English','Phillips','None','Volunteering','Frederick, Huynh and Norton','Arabic','563.769.9824','Client','Reality.','He/Him','','','','','None','','','','','','','','Operations- Volunteer and Staff','','True','','','','Mobility;Autism','None','','','','','janice-phillips57@example.com','janice_phillips6@example.net','Home','Personal','','False','Home','janice-phillips4@example.net','001-763-917-5188x7380','0.0','95661.0','1991','2023-02-07','82701.0','0.0','2022-09-25','0.0','2022-10-27','Phone take stay yet century look. Stand join effect exist sell operation since.','Camera power machine put create. Fly cell your action no fact.','0.0','2022-03-17','2023-02-21','Household__c.Informal_Greeting__c','0.0','0.0','0.0','0.0','0.0','0.0','0.0','0.0','0.0','0.0','0.0','652.0','43128.0','45438.0','57703.0','0.0','0.0','False','False','False','True','False','17081.0','2022-10-24','15653.0','2023-02-17','83023.0','','49147.0','58215.0','7692.0','36826.0','18573.0','0.0','False','100','','','','','');
CREATE TABLE "ContinuingEducationUnit__c" (
	id INTEGER NOT NULL, 
	"AuthorityOther__c" VARCHAR(255), 
	"Authority__c" VARCHAR(255), 
	"Comments__c" VARCHAR(255), 
	"DateCompleted__c" VARCHAR(255), 
	"DateSubmitted__c" VARCHAR(255), 
	"Name" VARCHAR(255), 
	"ProgramDate__c" VARCHAR(255), 
	"ProgramHours__c" VARCHAR(255), 
	"ProgramTitle__c" VARCHAR(255), 
	"Quantity__c" VARCHAR(255), 
	"Role__c" VARCHAR(255), 
	"Status__c" VARCHAR(255), 
	"Trainer__c" VARCHAR(255), 
	PRIMARY KEY (id)
);
INSERT INTO "ContinuingEducationUnit__c" VALUES(1,'Barber-Warner','Other','Safe best open lay for age pretty bad.','2018-09-06','2011-03-10','Compatible zero tolerance orchestration','2011-11-16','1792.0','Public-key leadingedge service-desk','15.0','Attendee','Approved','244');
INSERT INTO "ContinuingEducationUnit__c" VALUES(2,'Molina, Richmond and Guerrero','CCPDT','Work future floor west behind consider.','2013-05-13','2007-04-27','Persevering dedicated model','2013-01-14','24.0','Open-architected fresh-thinking solution','2.0','Attendee','Pending','6');
INSERT INTO "ContinuingEducationUnit__c" VALUES(3,'Oliver Inc','KPA','Thus evening lot sister sell series.','2013-10-17','2006-07-06','Open-architected asynchronous contingency','2005-06-25','1098.0','Public-key local contingency','11.0','Attendee','Pending','104');
INSERT INTO "ContinuingEducationUnit__c" VALUES(4,'Green and Sons','IAABC','Student investment leave study detail.','2021-03-29','2020-03-01','Phased maximized contingency','2003-07-07','1663.0','Public-key disintermediate access','14.0','Attendee','Denied','57');
INSERT INTO "ContinuingEducationUnit__c" VALUES(5,'Short-Coffey','CCPDT','Image arrive rule year.','2016-11-25','2014-07-23','Enterprise-wide 5thgeneration knowledge user','2020-02-08','745.0','Horizontal systemic toolset','16.0','Attendee','Approved','167');
INSERT INTO "ContinuingEducationUnit__c" VALUES(6,'Madden, Cummings and Horne','Other','Too kind everybody quality so.','2014-10-24','2014-10-22','Self-enabling interactive middleware','2021-05-13','1784.0','Mandatory grid-enabled matrices','20.0','Attendee','Pending','198');
INSERT INTO "ContinuingEducationUnit__c" VALUES(7,'Ibarra LLC','IAABC','Choose yourself season couple stuff.','2015-11-02','2011-07-23','Grass-roots intermediate infrastructure','2018-06-08','431.0','Front-line zero-defect ability','8.0','Attendee','Pending','129');
INSERT INTO "ContinuingEducationUnit__c" VALUES(8,'Greene and Sons','Atlas','Bill another improve option.','2021-01-11','2020-05-26','Switchable didactic product','2002-04-15','1858.0','Secured tertiary toolset','14.0','Attendee','Approved','140');
INSERT INTO "ContinuingEducationUnit__c" VALUES(9,'Rowland-Wagner','IAABC','International number local agent crime television strategy yet.','2017-04-19','2010-08-24','Profound heuristic productivity','2004-02-05','1087.0','Automated explicit service-desk','2.0','Attendee','Approved','89');
INSERT INTO "ContinuingEducationUnit__c" VALUES(10,'Escobar Group','None','Board address certain respond value government see again.','2021-08-18','2021-07-14','Extended motivating monitoring','2004-08-31','1879.0','Decentralized even-keeled access','20.0','Attendee','Pending','48');
CREATE TABLE "DogRelationship__c" (
	id INTEGER NOT NULL, 
	"Type__c" VARCHAR(255), 
	"Contact__c" VARCHAR(255), 
	"Dog__c" VARCHAR(255), 
	PRIMARY KEY (id)
);
INSERT INTO "DogRelationship__c" VALUES(1,'Client','229','5');
INSERT INTO "DogRelationship__c" VALUES(2,'Client','229','5');
INSERT INTO "DogRelationship__c" VALUES(3,'Owner','232','5');
INSERT INTO "DogRelationship__c" VALUES(4,'Facilitator','233','5');
INSERT INTO "DogRelationship__c" VALUES(5,'Veterinarian','234','5');
INSERT INTO "DogRelationship__c" VALUES(6,'Veterinarian','36','8');
INSERT INTO "DogRelationship__c" VALUES(7,'Owner','240','6');
INSERT INTO "DogRelationship__c" VALUES(8,'Client','11','6');
INSERT INTO "DogRelationship__c" VALUES(9,'Client','11','6');
INSERT INTO "DogRelationship__c" VALUES(10,'Facilitator','17','6');
INSERT INTO "DogRelationship__c" VALUES(11,'Veterinarian','19','6');
INSERT INTO "DogRelationship__c" VALUES(12,'Handler','53','9');
INSERT INTO "DogRelationship__c" VALUES(13,'Client','57','9');
INSERT INTO "DogRelationship__c" VALUES(14,'Client','57','9');
INSERT INTO "DogRelationship__c" VALUES(15,'Owner','60','9');
INSERT INTO "DogRelationship__c" VALUES(16,'Handler','158','2');
INSERT INTO "DogRelationship__c" VALUES(17,'Client','167','2');
INSERT INTO "DogRelationship__c" VALUES(18,'Client','167','2');
INSERT INTO "DogRelationship__c" VALUES(19,'Owner','170','2');
INSERT INTO "DogRelationship__c" VALUES(20,'Veterinarian','178','2');
INSERT INTO "DogRelationship__c" VALUES(21,'Client','187','4');
INSERT INTO "DogRelationship__c" VALUES(22,'Client','199','4');
INSERT INTO "DogRelationship__c" VALUES(23,'Client','199','4');
INSERT INTO "DogRelationship__c" VALUES(24,'Owner','204','4');
INSERT INTO "DogRelationship__c" VALUES(25,'Veterinarian','209','4');
INSERT INTO "DogRelationship__c" VALUES(26,'Handler','33','8');
INSERT INTO "DogRelationship__c" VALUES(27,'Client','35','8');
INSERT INTO "DogRelationship__c" VALUES(28,'Client','35','8');
INSERT INTO "DogRelationship__c" VALUES(29,'Owner','26','8');
INSERT INTO "DogRelationship__c" VALUES(30,'Owner','113','7');
INSERT INTO "DogRelationship__c" VALUES(31,'Owner','132','1');
INSERT INTO "DogRelationship__c" VALUES(32,'Client','114','7');
INSERT INTO "DogRelationship__c" VALUES(33,'Client','114','7');
INSERT INTO "DogRelationship__c" VALUES(34,'Client','148','1');
INSERT INTO "DogRelationship__c" VALUES(35,'Breeder','148','1');
INSERT INTO "DogRelationship__c" VALUES(36,'Client','148','1');
INSERT INTO "DogRelationship__c" VALUES(37,'Veterinarian','116','7');
INSERT INTO "DogRelationship__c" VALUES(38,'Breeder','80','10');
INSERT INTO "DogRelationship__c" VALUES(39,'Client','82','10');
INSERT INTO "DogRelationship__c" VALUES(40,'Client','82','10');
INSERT INTO "DogRelationship__c" VALUES(41,'Owner','88','10');
INSERT INTO "DogRelationship__c" VALUES(42,'Veterinarian','253','10');
INSERT INTO "DogRelationship__c" VALUES(43,'Veterinarian','180','3');
INSERT INTO "DogRelationship__c" VALUES(44,'Veterinarian','69','9');
INSERT INTO "DogRelationship__c" VALUES(45,'Client','48','3');
INSERT INTO "DogRelationship__c" VALUES(46,'Client','47','3');
INSERT INTO "DogRelationship__c" VALUES(47,'Owner','51','3');
INSERT INTO "DogRelationship__c" VALUES(48,'Facilitator','99','7');
INSERT INTO "DogRelationship__c" VALUES(49,'Veterinarian','151','1');
CREATE TABLE "Dog__c" (
	id INTEGER NOT NULL, 
	"ActivationDate__c" VARCHAR(255), 
	"Birthdate__c" VARCHAR(255), 
	"Breed__c" VARCHAR(255), 
	"Gender__c" VARCHAR(255), 
	"LatestPhysicalExamOutcome__c" VARCHAR(255), 
	"MicrochipNumber__c" VARCHAR(255), 
	"Name" VARCHAR(255), 
	"Notes__c" VARCHAR(255), 
	"PhysicalExamDue__c" VARCHAR(255), 
	"Picture__c" VARCHAR(255), 
	"Program__c" VARCHAR(255), 
	"SpayedNeutered__c" VARCHAR(255), 
	"Status__c" VARCHAR(255), 
	"VacExamsReceived__c" VARCHAR(255), 
	"VaccineDueDA2PP__c" VARCHAR(255), 
	"VaccineDueRabies__c" VARCHAR(255), 
	"VetClinic__c" VARCHAR(255), 
	PRIMARY KEY (id)
);
INSERT INTO "Dog__c" VALUES(1,'2012-03-13','2012-11-27','Samoyed','Male','Pass','1-295-51486-9','Duke','Feel provide industry apply boy husband. Home north book inside however. State guy receive language generation.','2022-12-01','https://placekitten.com/60/60','Team Certification','False','','','','2025-12-08','121');
INSERT INTO "Dog__c" VALUES(2,'2017-12-06','2006-06-28','Labrador Retriever','Male','Fail','0-555-00915-7','Thor','Prove reach customer but write finally. Writer cup discuss admit easy.','2023-07-03','https://dummyimage.com/60x60','Assistance Dogs Set In Motion','False','','','','2023-08-25','139');
INSERT INTO "Dog__c" VALUES(3,'2008-05-16','2019-02-22','Labrador Retriever','Female','Fail','1-9752-6645-5','Heidi','Today hospital myself practice sit along. Task couple it social. Fear knowledge any mission behavior.','2022-09-14','https://placekitten.com/60/60','Assistance Dogs Set In Motion','False','Certified','','','2021-08-15','13');
INSERT INTO "Dog__c" VALUES(4,'2018-06-22','2005-05-21','Corgi','Male','Pass','0-02-628296-8','Bubba','Individual thing already show. Tax senior by eye seem represent trial together. Prevent purpose teacher high bill sit experience sister.','2023-01-25','https://picsum.photos/60/60','Team Certification','True','','','','2021-11-24','159');
INSERT INTO "Dog__c" VALUES(5,'2021-09-23','2007-07-18','German Shepherd','Female','Fail','0-226-76267-X','Heidi','Value leader some choice east position feeling. Name shoulder growth current. Today all not painting themselves it. Beautiful dinner hair from.','2022-07-12','https://placekitten.com/60/60','Assistance Dogs Set In Motion','True','','','','2023-11-17','179');
INSERT INTO "Dog__c" VALUES(6,'2001-08-21','2006-08-20','Border Collie','Female','Fail','1-71314-142-6','Sadie','Beat cup trade page social contain whole. Speech amount building pull student.','2023-07-14','https://dummyimage.com/60x60','Assistance Dogs Set In Motion','True','','','','2023-08-17','198');
INSERT INTO "Dog__c" VALUES(7,'2003-04-18','2008-12-25','Samoyed','Male','Fail','0-476-56555-3','Spike','Meet fast five suddenly adult. Better TV Mr leg stuff.','2022-08-17','https://picsum.photos/60/60','Assistance Dogs Set In Motion','True','','','','2022-11-01','35');
INSERT INTO "Dog__c" VALUES(8,'2012-11-14','2009-04-23','Pit Bulls','Male','Fail','0-930396-01-4','Riley','Himself business service old wonder.','2023-11-23','https://placekitten.com/60/60','Team Certification','True','','','','2021-04-11','52');
INSERT INTO "Dog__c" VALUES(9,'2004-02-02','2007-02-16','Pomeranian','Female','Pass','1-77024-435-2','Allie','High executive believe soon idea. Agree spring power land role article.','2023-10-10','https://dummyimage.com/60x60','Assistance Dogs Set In Motion','False','','','','2023-02-24','72');
INSERT INTO "Dog__c" VALUES(10,'2001-03-08','2000-12-11','Samoyed','Male','Pass','1-5098-9554-X','Cody','Reach side chance game. More perhaps oil because pull simple. Teacher speak like much carry market.','2024-02-25','https://dummyimage.com/60x60','Team Certification','True','','','','2024-12-20','99');
CREATE TABLE "GW_Volunteers__Volunteer_Job__c" (
	id INTEGER NOT NULL, 
	"GW_Volunteers__Description__c" VARCHAR(255), 
	"GW_Volunteers__Skills_Needed__c" VARCHAR(255), 
	"GW_Volunteers__Ongoing__c" VARCHAR(255), 
	"Name" VARCHAR(255), 
	"GW_Volunteers__Campaign__c" VARCHAR(255), 
	PRIMARY KEY (id)
);
INSERT INTO "GW_Volunteers__Volunteer_Job__c" VALUES(1,'Governance and Compliance and Operations','Legal','True','Governance and Compliance and Operations','2');
INSERT INTO "GW_Volunteers__Volunteer_Job__c" VALUES(2,'Operations Master Docs','Writing/Communications','True','Operations Master Docs','2');
INSERT INTO "GW_Volunteers__Volunteer_Job__c" VALUES(3,'Research and Development','Dog Training/Behavior/Veterinary','True','Research and Development','2');
INSERT INTO "GW_Volunteers__Volunteer_Job__c" VALUES(4,'Scholarships','Fundraising/Grants','True','Scholarships','2');
INSERT INTO "GW_Volunteers__Volunteer_Job__c" VALUES(5,'State Registration','Legal','True','State Registration','2');
INSERT INTO "GW_Volunteers__Volunteer_Job__c" VALUES(6,'Technology Infrastructure','Technology/Infrastructure','True','Technology Infrastructure','2');
INSERT INTO "GW_Volunteers__Volunteer_Job__c" VALUES(7,'Trainer Certification','Dog Training/Behavior/Veterinary','True','Trainer Certification','2');
INSERT INTO "GW_Volunteers__Volunteer_Job__c" VALUES(8,'Volunteer and Staff Operations','Administration','True','Volunteer and Staff Operations','2');
INSERT INTO "GW_Volunteers__Volunteer_Job__c" VALUES(9,'Volunteer Recruitment and Retention','Outreach/Networking','True','Volunteer Recruitment and Retention','2');
INSERT INTO "GW_Volunteers__Volunteer_Job__c" VALUES(10,'Academy-Content Creator','Education/Course Development','True','Academy-Content Creator','2');
INSERT INTO "GW_Volunteers__Volunteer_Job__c" VALUES(11,'Academy-Content Editor','Education/Course Development','True','Academy-Content Editor','2');
INSERT INTO "GW_Volunteers__Volunteer_Job__c" VALUES(12,'Marketing- Graphic Design','Graphic Design','True','Marketing- Graphic Design','2');
INSERT INTO "GW_Volunteers__Volunteer_Job__c" VALUES(13,'Marketing- Video','Photography/Videography','True','Marketing- Video','2');
INSERT INTO "GW_Volunteers__Volunteer_Job__c" VALUES(14,'Marketing- Photo','Photography/Videography','True','Marketing- Photo','2');
INSERT INTO "GW_Volunteers__Volunteer_Job__c" VALUES(15,'Marketing- Writing','Writing/Communications','True','Marketing- Writing','2');
INSERT INTO "GW_Volunteers__Volunteer_Job__c" VALUES(16,'Marketing- Leadership','Marketing and Branding','True','Marketing- Leadership','2');
INSERT INTO "GW_Volunteers__Volunteer_Job__c" VALUES(17,'Marketing- SEO','SEO','True','Marketing- SEO','2');
INSERT INTO "GW_Volunteers__Volunteer_Job__c" VALUES(18,'Marketing- Website','Website development','True','Marketing- Website','2');
INSERT INTO "GW_Volunteers__Volunteer_Job__c" VALUES(19,'Marketing- Sales','Sales','True','Marketing- Sales','2');
INSERT INTO "GW_Volunteers__Volunteer_Job__c" VALUES(20,'Marketing- Advertising','Marketing and Branding','True','Marketing- Advertising','2');
INSERT INTO "GW_Volunteers__Volunteer_Job__c" VALUES(21,'Marketing- Events','Project/Program Management','True','Marketing- Events','2');
INSERT INTO "GW_Volunteers__Volunteer_Job__c" VALUES(22,'Administrative- Client','Administration','True','Administrative- Client','2');
INSERT INTO "GW_Volunteers__Volunteer_Job__c" VALUES(23,'Administrative- Volunteer','Administration','True','Administrative- Volunteer','2');
INSERT INTO "GW_Volunteers__Volunteer_Job__c" VALUES(24,'Administrative- Trainer','Administration','True','Administrative- Trainer','2');
INSERT INTO "GW_Volunteers__Volunteer_Job__c" VALUES(25,'Administrative- General','Administration','True','Administrative- General','2');
INSERT INTO "GW_Volunteers__Volunteer_Job__c" VALUES(26,'Administrative- Technology','Administration','True','Administrative- Technology','2');
INSERT INTO "GW_Volunteers__Volunteer_Job__c" VALUES(27,'Outreach- Clients','Outreach/Networking','True','Outreach- Clients','2');
INSERT INTO "GW_Volunteers__Volunteer_Job__c" VALUES(28,'Outreach- Disability Orgs','Outreach/Networking','True','Outreach- Disability Orgs','2');
INSERT INTO "GW_Volunteers__Volunteer_Job__c" VALUES(29,'Outreach- Dogs','Outreach/Networking','True','Outreach- Dogs','2');
INSERT INTO "GW_Volunteers__Volunteer_Job__c" VALUES(30,'Team Facilitator Certification','Administration','True','Team Facilitator Certification','2');
INSERT INTO "GW_Volunteers__Volunteer_Job__c" VALUES(31,'Team Facilitator Operations','Administration','True','Team Facilitator Operations','2');
INSERT INTO "GW_Volunteers__Volunteer_Job__c" VALUES(32,'Outreach- Veterinarians','Outreach/Networking','True','Outreach- Veterinarians','2');
INSERT INTO "GW_Volunteers__Volunteer_Job__c" VALUES(33,'Outreach- Medical Providers','Outreach/Networking','True','Outreach- Medical Providers','2');
INSERT INTO "GW_Volunteers__Volunteer_Job__c" VALUES(34,'Outreach- Diversity','Outreach/Networking','True','Outreach- Diversity','2');
INSERT INTO "GW_Volunteers__Volunteer_Job__c" VALUES(35,'Academy decscription','Marketing and Branding','True','Academy','2');
INSERT INTO "GW_Volunteers__Volunteer_Job__c" VALUES(36,'ADI Accreditation decscription','Writing/Communications','True','ADI Accreditation','2');
INSERT INTO "GW_Volunteers__Volunteer_Job__c" VALUES(37,'Branding and Marketing decscription','Marketing and Branding','True','Branding and Marketing','2');
INSERT INTO "GW_Volunteers__Volunteer_Job__c" VALUES(38,'Client Certification decscription','Writing/Communications','True','Client Certification','2');
INSERT INTO "GW_Volunteers__Volunteer_Job__c" VALUES(39,'Financial Operations','Financial/Bookkeeping','True','Financial Operations','2');
INSERT INTO "GW_Volunteers__Volunteer_Job__c" VALUES(40,'Fund Development','Fundraising/Grants','True','Fund Development','2');
INSERT INTO "GW_Volunteers__Volunteer_Job__c" VALUES(41,'Governance and Compliance and Operations','Legal','True','Governance and Compliance and Operations','2');
INSERT INTO "GW_Volunteers__Volunteer_Job__c" VALUES(42,'Operations Master Docs','Writing/Communications','True','Operations Master Docs','2');
INSERT INTO "GW_Volunteers__Volunteer_Job__c" VALUES(43,'Research and Development','Dog Training/Behavior/Veterinary','True','Research and Development','2');
INSERT INTO "GW_Volunteers__Volunteer_Job__c" VALUES(44,'Scholarships','Fundraising/Grants','True','Scholarships','2');
INSERT INTO "GW_Volunteers__Volunteer_Job__c" VALUES(45,'Client Operations','Administration','True','Client Operations','2');
INSERT INTO "GW_Volunteers__Volunteer_Job__c" VALUES(46,'Community Outreach and Education','Outreach/Networking','True','Community Outreach and Education','2');
INSERT INTO "GW_Volunteers__Volunteer_Job__c" VALUES(47,'Dog Availability','Administration','True','Dog Availability','2');
INSERT INTO "GW_Volunteers__Volunteer_Job__c" VALUES(48,'Academy decscription','Marketing and Branding','True','Academy','2');
INSERT INTO "GW_Volunteers__Volunteer_Job__c" VALUES(49,'ADI Accreditation decscription','Writing/Communications','True','ADI Accreditation','2');
INSERT INTO "GW_Volunteers__Volunteer_Job__c" VALUES(50,'Branding and Marketing decscription','Marketing and Branding','True','Branding and Marketing','2');
INSERT INTO "GW_Volunteers__Volunteer_Job__c" VALUES(51,'Client Certification decscription','Writing/Communications','True','Client Certification','2');
INSERT INTO "GW_Volunteers__Volunteer_Job__c" VALUES(52,'Client Operations','Administration','True','Client Operations','2');
INSERT INTO "GW_Volunteers__Volunteer_Job__c" VALUES(53,'Community Outreach and Education','Outreach/Networking','True','Community Outreach and Education','2');
INSERT INTO "GW_Volunteers__Volunteer_Job__c" VALUES(54,'Dog Availability','Administration','True','Dog Availability','2');
INSERT INTO "GW_Volunteers__Volunteer_Job__c" VALUES(55,'Financial Operations','Financial/Bookkeeping','True','Financial Operations','2');
INSERT INTO "GW_Volunteers__Volunteer_Job__c" VALUES(56,'Fund Development','Fundraising/Grants','True','Fund Development','2');
INSERT INTO "GW_Volunteers__Volunteer_Job__c" VALUES(57,'Governance and Compliance and Operations','Legal','True','Governance and Compliance and Operations','2');
INSERT INTO "GW_Volunteers__Volunteer_Job__c" VALUES(58,'Operations Master Docs','Writing/Communications','True','Operations Master Docs','2');
INSERT INTO "GW_Volunteers__Volunteer_Job__c" VALUES(59,'Research and Development','Dog Training/Behavior/Veterinary','True','Research and Development','2');
INSERT INTO "GW_Volunteers__Volunteer_Job__c" VALUES(60,'Scholarships','Fundraising/Grants','True','Scholarships','2');
INSERT INTO "GW_Volunteers__Volunteer_Job__c" VALUES(61,'State Registration','Legal','True','State Registration','2');
INSERT INTO "GW_Volunteers__Volunteer_Job__c" VALUES(62,'Team Facilitator Certification','Administration','True','Team Facilitator Certification','2');
INSERT INTO "GW_Volunteers__Volunteer_Job__c" VALUES(63,'Team Facilitator Operations','Administration','True','Team Facilitator Operations','2');
INSERT INTO "GW_Volunteers__Volunteer_Job__c" VALUES(64,'Technology Infrastructure','Technology/Infrastructure','True','Technology Infrastructure','2');
INSERT INTO "GW_Volunteers__Volunteer_Job__c" VALUES(65,'Trainer Certification','Dog Training/Behavior/Veterinary','True','Trainer Certification','2');
INSERT INTO "GW_Volunteers__Volunteer_Job__c" VALUES(66,'Volunteer and Staff Operations','Administration','True','Volunteer and Staff Operations','2');
INSERT INTO "GW_Volunteers__Volunteer_Job__c" VALUES(67,'Marketing- Graphic Design','Graphic Design','True','Marketing- Graphic Design','2');
INSERT INTO "GW_Volunteers__Volunteer_Job__c" VALUES(68,'Volunteer Recruitment and Retention','Outreach/Networking','True','Volunteer Recruitment and Retention','2');
INSERT INTO "GW_Volunteers__Volunteer_Job__c" VALUES(69,'Academy-Content Creator','Education/Course Development','True','Academy-Content Creator','2');
INSERT INTO "GW_Volunteers__Volunteer_Job__c" VALUES(70,'Academy-Content Editor','Education/Course Development','True','Academy-Content Editor','2');
INSERT INTO "GW_Volunteers__Volunteer_Job__c" VALUES(71,'Marketing- Video','Photography/Videography','True','Marketing- Video','2');
INSERT INTO "GW_Volunteers__Volunteer_Job__c" VALUES(72,'Marketing- Photo','Photography/Videography','True','Marketing- Photo','2');
INSERT INTO "GW_Volunteers__Volunteer_Job__c" VALUES(73,'Marketing- Writing','Writing/Communications','True','Marketing- Writing','2');
INSERT INTO "GW_Volunteers__Volunteer_Job__c" VALUES(74,'Marketing- Leadership','Marketing and Branding','True','Marketing- Leadership','2');
INSERT INTO "GW_Volunteers__Volunteer_Job__c" VALUES(75,'Marketing- SEO','SEO','True','Marketing- SEO','2');
INSERT INTO "GW_Volunteers__Volunteer_Job__c" VALUES(76,'Marketing- Website','Website development','True','Marketing- Website','2');
INSERT INTO "GW_Volunteers__Volunteer_Job__c" VALUES(77,'Marketing- Sales','Sales','True','Marketing- Sales','2');
INSERT INTO "GW_Volunteers__Volunteer_Job__c" VALUES(78,'Marketing- Advertising','Marketing and Branding','True','Marketing- Advertising','2');
INSERT INTO "GW_Volunteers__Volunteer_Job__c" VALUES(79,'Marketing- Events','Project/Program Management','True','Marketing- Events','2');
INSERT INTO "GW_Volunteers__Volunteer_Job__c" VALUES(80,'Administrative- Client','Administration','True','Administrative- Client','2');
INSERT INTO "GW_Volunteers__Volunteer_Job__c" VALUES(81,'Administrative- Volunteer','Administration','True','Administrative- Volunteer','2');
INSERT INTO "GW_Volunteers__Volunteer_Job__c" VALUES(82,'Administrative- Trainer','Administration','True','Administrative- Trainer','2');
INSERT INTO "GW_Volunteers__Volunteer_Job__c" VALUES(83,'Administrative- General','Administration','True','Administrative- General','2');
INSERT INTO "GW_Volunteers__Volunteer_Job__c" VALUES(84,'Administrative- Technology','Administration','True','Administrative- Technology','2');
INSERT INTO "GW_Volunteers__Volunteer_Job__c" VALUES(85,'Outreach- Clients','Outreach/Networking','True','Outreach- Clients','2');
INSERT INTO "GW_Volunteers__Volunteer_Job__c" VALUES(86,'Outreach- Disability Orgs','Outreach/Networking','True','Outreach- Disability Orgs','2');
INSERT INTO "GW_Volunteers__Volunteer_Job__c" VALUES(87,'Outreach- Dogs','Outreach/Networking','True','Outreach- Dogs','2');
INSERT INTO "GW_Volunteers__Volunteer_Job__c" VALUES(88,'Outreach- Veterinarians','Outreach/Networking','True','Outreach- Veterinarians','2');
INSERT INTO "GW_Volunteers__Volunteer_Job__c" VALUES(89,'Outreach- Medical Providers','Outreach/Networking','True','Outreach- Medical Providers','2');
INSERT INTO "GW_Volunteers__Volunteer_Job__c" VALUES(90,'Outreach- Diversity','Outreach/Networking','True','Outreach- Diversity','2');
INSERT INTO "GW_Volunteers__Volunteer_Job__c" VALUES(91,'Academy decscription','Marketing and Branding','True','Academy','2');
INSERT INTO "GW_Volunteers__Volunteer_Job__c" VALUES(92,'ADI Accreditation decscription','Writing/Communications','True','ADI Accreditation','2');
INSERT INTO "GW_Volunteers__Volunteer_Job__c" VALUES(93,'Branding and Marketing decscription','Marketing and Branding','True','Branding and Marketing','2');
INSERT INTO "GW_Volunteers__Volunteer_Job__c" VALUES(94,'Client Certification decscription','Writing/Communications','True','Client Certification','2');
INSERT INTO "GW_Volunteers__Volunteer_Job__c" VALUES(95,'Client Operations','Administration','True','Client Operations','2');
INSERT INTO "GW_Volunteers__Volunteer_Job__c" VALUES(96,'Community Outreach and Education','Outreach/Networking','True','Community Outreach and Education','2');
INSERT INTO "GW_Volunteers__Volunteer_Job__c" VALUES(97,'Dog Availability','Administration','True','Dog Availability','2');
INSERT INTO "GW_Volunteers__Volunteer_Job__c" VALUES(98,'Financial Operations','Financial/Bookkeeping','True','Financial Operations','2');
INSERT INTO "GW_Volunteers__Volunteer_Job__c" VALUES(99,'Fund Development','Fundraising/Grants','True','Fund Development','2');
INSERT INTO "GW_Volunteers__Volunteer_Job__c" VALUES(100,'Governance and Compliance and Operations','Legal','True','Governance and Compliance and Operations','2');
INSERT INTO "GW_Volunteers__Volunteer_Job__c" VALUES(101,'Trainer Certification','Dog Training/Behavior/Veterinary','True','Trainer Certification','2');
INSERT INTO "GW_Volunteers__Volunteer_Job__c" VALUES(102,'Operations Master Docs','Writing/Communications','True','Operations Master Docs','2');
INSERT INTO "GW_Volunteers__Volunteer_Job__c" VALUES(103,'Research and Development','Dog Training/Behavior/Veterinary','True','Research and Development','2');
INSERT INTO "GW_Volunteers__Volunteer_Job__c" VALUES(104,'Scholarships','Fundraising/Grants','True','Scholarships','2');
INSERT INTO "GW_Volunteers__Volunteer_Job__c" VALUES(105,'Volunteer and Staff Operations','Administration','True','Volunteer and Staff Operations','2');
INSERT INTO "GW_Volunteers__Volunteer_Job__c" VALUES(106,'Volunteer Recruitment and Retention','Outreach/Networking','True','Volunteer Recruitment and Retention','2');
INSERT INTO "GW_Volunteers__Volunteer_Job__c" VALUES(107,'Academy-Content Creator','Education/Course Development','True','Academy-Content Creator','2');
INSERT INTO "GW_Volunteers__Volunteer_Job__c" VALUES(108,'Academy-Content Editor','Education/Course Development','True','Academy-Content Editor','2');
INSERT INTO "GW_Volunteers__Volunteer_Job__c" VALUES(109,'Marketing- Graphic Design','Graphic Design','True','Marketing- Graphic Design','2');
INSERT INTO "GW_Volunteers__Volunteer_Job__c" VALUES(110,'Marketing- Video','Photography/Videography','True','Marketing- Video','2');
INSERT INTO "GW_Volunteers__Volunteer_Job__c" VALUES(111,'Marketing- Photo','Photography/Videography','True','Marketing- Photo','2');
INSERT INTO "GW_Volunteers__Volunteer_Job__c" VALUES(112,'Marketing- Writing','Writing/Communications','True','Marketing- Writing','2');
INSERT INTO "GW_Volunteers__Volunteer_Job__c" VALUES(113,'Marketing- Leadership','Marketing and Branding','True','Marketing- Leadership','2');
INSERT INTO "GW_Volunteers__Volunteer_Job__c" VALUES(114,'Marketing- SEO','SEO','True','Marketing- SEO','2');
INSERT INTO "GW_Volunteers__Volunteer_Job__c" VALUES(115,'Marketing- Website','Website development','True','Marketing- Website','2');
INSERT INTO "GW_Volunteers__Volunteer_Job__c" VALUES(116,'Marketing- Sales','Sales','True','Marketing- Sales','2');
INSERT INTO "GW_Volunteers__Volunteer_Job__c" VALUES(117,'Marketing- Advertising','Marketing and Branding','True','Marketing- Advertising','2');
INSERT INTO "GW_Volunteers__Volunteer_Job__c" VALUES(118,'Marketing- Events','Project/Program Management','True','Marketing- Events','2');
INSERT INTO "GW_Volunteers__Volunteer_Job__c" VALUES(119,'Administrative- Client','Administration','True','Administrative- Client','2');
INSERT INTO "GW_Volunteers__Volunteer_Job__c" VALUES(120,'Administrative- Volunteer','Administration','True','Administrative- Volunteer','2');
INSERT INTO "GW_Volunteers__Volunteer_Job__c" VALUES(121,'Administrative- Trainer','Administration','True','Administrative- Trainer','2');
INSERT INTO "GW_Volunteers__Volunteer_Job__c" VALUES(122,'Administrative- General','Administration','True','Administrative- General','2');
INSERT INTO "GW_Volunteers__Volunteer_Job__c" VALUES(123,'Administrative- Technology','Administration','True','Administrative- Technology','2');
INSERT INTO "GW_Volunteers__Volunteer_Job__c" VALUES(124,'Outreach- Clients','Outreach/Networking','True','Outreach- Clients','2');
INSERT INTO "GW_Volunteers__Volunteer_Job__c" VALUES(125,'State Registration','Legal','True','State Registration','2');
INSERT INTO "GW_Volunteers__Volunteer_Job__c" VALUES(126,'Team Facilitator Certification','Administration','True','Team Facilitator Certification','2');
INSERT INTO "GW_Volunteers__Volunteer_Job__c" VALUES(127,'Team Facilitator Operations','Administration','True','Team Facilitator Operations','2');
INSERT INTO "GW_Volunteers__Volunteer_Job__c" VALUES(128,'Technology Infrastructure','Technology/Infrastructure','True','Technology Infrastructure','2');
INSERT INTO "GW_Volunteers__Volunteer_Job__c" VALUES(129,'Outreach- Disability Orgs','Outreach/Networking','True','Outreach- Disability Orgs','2');
INSERT INTO "GW_Volunteers__Volunteer_Job__c" VALUES(130,'Outreach- Dogs','Outreach/Networking','True','Outreach- Dogs','2');
INSERT INTO "GW_Volunteers__Volunteer_Job__c" VALUES(131,'Outreach- Veterinarians','Outreach/Networking','True','Outreach- Veterinarians','2');
INSERT INTO "GW_Volunteers__Volunteer_Job__c" VALUES(132,'Outreach- Medical Providers','Outreach/Networking','True','Outreach- Medical Providers','2');
INSERT INTO "GW_Volunteers__Volunteer_Job__c" VALUES(133,'Outreach- Diversity','Outreach/Networking','True','Outreach- Diversity','2');
INSERT INTO "GW_Volunteers__Volunteer_Job__c" VALUES(134,'Academy decscription','Marketing and Branding','True','Academy','2');
INSERT INTO "GW_Volunteers__Volunteer_Job__c" VALUES(135,'Community Outreach and Education','Outreach/Networking','True','Community Outreach and Education','2');
INSERT INTO "GW_Volunteers__Volunteer_Job__c" VALUES(136,'ADI Accreditation decscription','Writing/Communications','True','ADI Accreditation','2');
INSERT INTO "GW_Volunteers__Volunteer_Job__c" VALUES(137,'Branding and Marketing decscription','Marketing and Branding','True','Branding and Marketing','2');
INSERT INTO "GW_Volunteers__Volunteer_Job__c" VALUES(138,'Client Operations','Administration','True','Client Operations','2');
INSERT INTO "GW_Volunteers__Volunteer_Job__c" VALUES(139,'Dog Availability','Administration','True','Dog Availability','2');
INSERT INTO "GW_Volunteers__Volunteer_Job__c" VALUES(140,'Financial Operations','Financial/Bookkeeping','True','Financial Operations','2');
INSERT INTO "GW_Volunteers__Volunteer_Job__c" VALUES(141,'Fund Development','Fundraising/Grants','True','Fund Development','2');
INSERT INTO "GW_Volunteers__Volunteer_Job__c" VALUES(142,'Governance and Compliance and Operations','Legal','True','Governance and Compliance and Operations','2');
INSERT INTO "GW_Volunteers__Volunteer_Job__c" VALUES(143,'Operations Master Docs','Writing/Communications','True','Operations Master Docs','2');
INSERT INTO "GW_Volunteers__Volunteer_Job__c" VALUES(144,'Research and Development','Dog Training/Behavior/Veterinary','True','Research and Development','2');
INSERT INTO "GW_Volunteers__Volunteer_Job__c" VALUES(145,'Scholarships','Fundraising/Grants','True','Scholarships','2');
INSERT INTO "GW_Volunteers__Volunteer_Job__c" VALUES(146,'State Registration','Legal','True','State Registration','2');
INSERT INTO "GW_Volunteers__Volunteer_Job__c" VALUES(147,'Team Facilitator Certification','Administration','True','Team Facilitator Certification','2');
INSERT INTO "GW_Volunteers__Volunteer_Job__c" VALUES(148,'Team Facilitator Operations','Administration','True','Team Facilitator Operations','2');
INSERT INTO "GW_Volunteers__Volunteer_Job__c" VALUES(149,'Technology Infrastructure','Technology/Infrastructure','True','Technology Infrastructure','2');
INSERT INTO "GW_Volunteers__Volunteer_Job__c" VALUES(150,'Trainer Certification','Dog Training/Behavior/Veterinary','True','Trainer Certification','2');
INSERT INTO "GW_Volunteers__Volunteer_Job__c" VALUES(151,'Volunteer and Staff Operations','Administration','True','Volunteer and Staff Operations','2');
INSERT INTO "GW_Volunteers__Volunteer_Job__c" VALUES(152,'Volunteer Recruitment and Retention','Outreach/Networking','True','Volunteer Recruitment and Retention','2');
INSERT INTO "GW_Volunteers__Volunteer_Job__c" VALUES(153,'Academy-Content Creator','Education/Course Development','True','Academy-Content Creator','2');
INSERT INTO "GW_Volunteers__Volunteer_Job__c" VALUES(154,'Academy-Content Editor','Education/Course Development','True','Academy-Content Editor','2');
INSERT INTO "GW_Volunteers__Volunteer_Job__c" VALUES(155,'Marketing- Graphic Design','Graphic Design','True','Marketing- Graphic Design','2');
INSERT INTO "GW_Volunteers__Volunteer_Job__c" VALUES(156,'Marketing- Video','Photography/Videography','True','Marketing- Video','2');
INSERT INTO "GW_Volunteers__Volunteer_Job__c" VALUES(157,'Marketing- Photo','Photography/Videography','True','Marketing- Photo','2');
INSERT INTO "GW_Volunteers__Volunteer_Job__c" VALUES(158,'Marketing- Writing','Writing/Communications','True','Marketing- Writing','2');
INSERT INTO "GW_Volunteers__Volunteer_Job__c" VALUES(159,'Marketing- Leadership','Marketing and Branding','True','Marketing- Leadership','2');
INSERT INTO "GW_Volunteers__Volunteer_Job__c" VALUES(160,'Marketing- SEO','SEO','True','Marketing- SEO','2');
INSERT INTO "GW_Volunteers__Volunteer_Job__c" VALUES(161,'Client Certification decscription','Writing/Communications','True','Client Certification','2');
INSERT INTO "GW_Volunteers__Volunteer_Job__c" VALUES(162,'Marketing- Website','Website development','True','Marketing- Website','2');
INSERT INTO "GW_Volunteers__Volunteer_Job__c" VALUES(163,'Marketing- Sales','Sales','True','Marketing- Sales','2');
INSERT INTO "GW_Volunteers__Volunteer_Job__c" VALUES(164,'Marketing- Advertising','Marketing and Branding','True','Marketing- Advertising','2');
INSERT INTO "GW_Volunteers__Volunteer_Job__c" VALUES(165,'Marketing- Events','Project/Program Management','True','Marketing- Events','2');
INSERT INTO "GW_Volunteers__Volunteer_Job__c" VALUES(166,'Administrative- Client','Administration','True','Administrative- Client','2');
INSERT INTO "GW_Volunteers__Volunteer_Job__c" VALUES(167,'Outreach- Disability Orgs','Outreach/Networking','True','Outreach- Disability Orgs','2');
INSERT INTO "GW_Volunteers__Volunteer_Job__c" VALUES(168,'Administrative- Volunteer','Administration','True','Administrative- Volunteer','2');
INSERT INTO "GW_Volunteers__Volunteer_Job__c" VALUES(169,'Administrative- Trainer','Administration','True','Administrative- Trainer','2');
INSERT INTO "GW_Volunteers__Volunteer_Job__c" VALUES(170,'Administrative- General','Administration','True','Administrative- General','2');
INSERT INTO "GW_Volunteers__Volunteer_Job__c" VALUES(171,'Outreach- Dogs','Outreach/Networking','True','Outreach- Dogs','2');
INSERT INTO "GW_Volunteers__Volunteer_Job__c" VALUES(172,'Outreach- Veterinarians','Outreach/Networking','True','Outreach- Veterinarians','2');
INSERT INTO "GW_Volunteers__Volunteer_Job__c" VALUES(173,'Outreach- Medical Providers','Outreach/Networking','True','Outreach- Medical Providers','2');
INSERT INTO "GW_Volunteers__Volunteer_Job__c" VALUES(174,'Outreach- Diversity','Outreach/Networking','True','Outreach- Diversity','2');
INSERT INTO "GW_Volunteers__Volunteer_Job__c" VALUES(175,'Academy decscription','Marketing and Branding','True','Academy','2');
INSERT INTO "GW_Volunteers__Volunteer_Job__c" VALUES(176,'ADI Accreditation decscription','Writing/Communications','True','ADI Accreditation','2');
INSERT INTO "GW_Volunteers__Volunteer_Job__c" VALUES(177,'Branding and Marketing decscription','Marketing and Branding','True','Branding and Marketing','2');
INSERT INTO "GW_Volunteers__Volunteer_Job__c" VALUES(178,'Client Certification decscription','Writing/Communications','True','Client Certification','2');
INSERT INTO "GW_Volunteers__Volunteer_Job__c" VALUES(179,'Client Operations','Administration','True','Client Operations','2');
INSERT INTO "GW_Volunteers__Volunteer_Job__c" VALUES(180,'Community Outreach and Education','Outreach/Networking','True','Community Outreach and Education','2');
INSERT INTO "GW_Volunteers__Volunteer_Job__c" VALUES(181,'Dog Availability','Administration','True','Dog Availability','2');
INSERT INTO "GW_Volunteers__Volunteer_Job__c" VALUES(182,'Financial Operations','Financial/Bookkeeping','True','Financial Operations','2');
INSERT INTO "GW_Volunteers__Volunteer_Job__c" VALUES(183,'Fund Development','Fundraising/Grants','True','Fund Development','2');
INSERT INTO "GW_Volunteers__Volunteer_Job__c" VALUES(184,'Governance and Compliance and Operations','Legal','True','Governance and Compliance and Operations','2');
INSERT INTO "GW_Volunteers__Volunteer_Job__c" VALUES(185,'Operations Master Docs','Writing/Communications','True','Operations Master Docs','2');
INSERT INTO "GW_Volunteers__Volunteer_Job__c" VALUES(186,'Research and Development','Dog Training/Behavior/Veterinary','True','Research and Development','2');
INSERT INTO "GW_Volunteers__Volunteer_Job__c" VALUES(187,'Scholarships','Fundraising/Grants','True','Scholarships','2');
INSERT INTO "GW_Volunteers__Volunteer_Job__c" VALUES(188,'State Registration','Legal','True','State Registration','2');
INSERT INTO "GW_Volunteers__Volunteer_Job__c" VALUES(189,'Team Facilitator Certification','Administration','True','Team Facilitator Certification','2');
INSERT INTO "GW_Volunteers__Volunteer_Job__c" VALUES(190,'Team Facilitator Operations','Administration','True','Team Facilitator Operations','2');
INSERT INTO "GW_Volunteers__Volunteer_Job__c" VALUES(191,'Technology Infrastructure','Technology/Infrastructure','True','Technology Infrastructure','2');
INSERT INTO "GW_Volunteers__Volunteer_Job__c" VALUES(192,'Trainer Certification','Dog Training/Behavior/Veterinary','True','Trainer Certification','2');
INSERT INTO "GW_Volunteers__Volunteer_Job__c" VALUES(193,'Volunteer and Staff Operations','Administration','True','Volunteer and Staff Operations','2');
INSERT INTO "GW_Volunteers__Volunteer_Job__c" VALUES(194,'Administrative- Technology','Administration','True','Administrative- Technology','2');
INSERT INTO "GW_Volunteers__Volunteer_Job__c" VALUES(195,'Outreach- Clients','Outreach/Networking','True','Outreach- Clients','2');
INSERT INTO "GW_Volunteers__Volunteer_Job__c" VALUES(196,'Volunteer Recruitment and Retention','Outreach/Networking','True','Volunteer Recruitment and Retention','2');
INSERT INTO "GW_Volunteers__Volunteer_Job__c" VALUES(197,'Academy-Content Creator','Education/Course Development','True','Academy-Content Creator','2');
INSERT INTO "GW_Volunteers__Volunteer_Job__c" VALUES(198,'Academy-Content Editor','Education/Course Development','True','Academy-Content Editor','2');
INSERT INTO "GW_Volunteers__Volunteer_Job__c" VALUES(199,'Volunteer Recruitment and Retention','Outreach/Networking','True','Volunteer Recruitment and Retention','2');
INSERT INTO "GW_Volunteers__Volunteer_Job__c" VALUES(200,'Academy-Content Creator','Education/Course Development','True','Academy-Content Creator','2');
INSERT INTO "GW_Volunteers__Volunteer_Job__c" VALUES(201,'Academy-Content Editor','Education/Course Development','True','Academy-Content Editor','2');
INSERT INTO "GW_Volunteers__Volunteer_Job__c" VALUES(202,'Marketing- Graphic Design','Graphic Design','True','Marketing- Graphic Design','2');
INSERT INTO "GW_Volunteers__Volunteer_Job__c" VALUES(203,'Marketing- Video','Photography/Videography','True','Marketing- Video','2');
INSERT INTO "GW_Volunteers__Volunteer_Job__c" VALUES(204,'Marketing- Photo','Photography/Videography','True','Marketing- Photo','2');
INSERT INTO "GW_Volunteers__Volunteer_Job__c" VALUES(205,'Marketing- Writing','Writing/Communications','True','Marketing- Writing','2');
INSERT INTO "GW_Volunteers__Volunteer_Job__c" VALUES(206,'Marketing- Leadership','Marketing and Branding','True','Marketing- Leadership','2');
INSERT INTO "GW_Volunteers__Volunteer_Job__c" VALUES(207,'Marketing- SEO','SEO','True','Marketing- SEO','2');
INSERT INTO "GW_Volunteers__Volunteer_Job__c" VALUES(208,'Marketing- Website','Website development','True','Marketing- Website','2');
INSERT INTO "GW_Volunteers__Volunteer_Job__c" VALUES(209,'Marketing- Sales','Sales','True','Marketing- Sales','2');
INSERT INTO "GW_Volunteers__Volunteer_Job__c" VALUES(210,'Marketing- Advertising','Marketing and Branding','True','Marketing- Advertising','2');
INSERT INTO "GW_Volunteers__Volunteer_Job__c" VALUES(211,'Marketing- Events','Project/Program Management','True','Marketing- Events','2');
INSERT INTO "GW_Volunteers__Volunteer_Job__c" VALUES(212,'Administrative- Client','Administration','True','Administrative- Client','2');
INSERT INTO "GW_Volunteers__Volunteer_Job__c" VALUES(213,'Administrative- Volunteer','Administration','True','Administrative- Volunteer','2');
INSERT INTO "GW_Volunteers__Volunteer_Job__c" VALUES(214,'Administrative- Trainer','Administration','True','Administrative- Trainer','2');
INSERT INTO "GW_Volunteers__Volunteer_Job__c" VALUES(215,'Outreach- Disability Orgs','Outreach/Networking','True','Outreach- Disability Orgs','2');
INSERT INTO "GW_Volunteers__Volunteer_Job__c" VALUES(216,'Administrative- General','Administration','True','Administrative- General','2');
INSERT INTO "GW_Volunteers__Volunteer_Job__c" VALUES(217,'Administrative- Technology','Administration','True','Administrative- Technology','2');
INSERT INTO "GW_Volunteers__Volunteer_Job__c" VALUES(218,'Outreach- Clients','Outreach/Networking','True','Outreach- Clients','2');
INSERT INTO "GW_Volunteers__Volunteer_Job__c" VALUES(219,'Outreach- Dogs','Outreach/Networking','True','Outreach- Dogs','2');
INSERT INTO "GW_Volunteers__Volunteer_Job__c" VALUES(220,'Outreach- Veterinarians','Outreach/Networking','True','Outreach- Veterinarians','2');
INSERT INTO "GW_Volunteers__Volunteer_Job__c" VALUES(221,'Outreach- Medical Providers','Outreach/Networking','True','Outreach- Medical Providers','2');
INSERT INTO "GW_Volunteers__Volunteer_Job__c" VALUES(222,'State Registration','Legal','True','State Registration','2');
INSERT INTO "GW_Volunteers__Volunteer_Job__c" VALUES(223,'Team Facilitator Certification','Administration','True','Team Facilitator Certification','2');
INSERT INTO "GW_Volunteers__Volunteer_Job__c" VALUES(224,'Team Facilitator Operations','Administration','True','Team Facilitator Operations','2');
INSERT INTO "GW_Volunteers__Volunteer_Job__c" VALUES(225,'Technology Infrastructure','Technology/Infrastructure','True','Technology Infrastructure','2');
INSERT INTO "GW_Volunteers__Volunteer_Job__c" VALUES(226,'Trainer Certification','Dog Training/Behavior/Veterinary','True','Trainer Certification','2');
INSERT INTO "GW_Volunteers__Volunteer_Job__c" VALUES(227,'Volunteer and Staff Operations','Administration','True','Volunteer and Staff Operations','2');
INSERT INTO "GW_Volunteers__Volunteer_Job__c" VALUES(228,'Outreach- Diversity','Outreach/Networking','True','Outreach- Diversity','2');
INSERT INTO "GW_Volunteers__Volunteer_Job__c" VALUES(229,'Marketing- Website','Website development','True','Marketing- Website','2');
INSERT INTO "GW_Volunteers__Volunteer_Job__c" VALUES(230,'Marketing- Sales','Sales','True','Marketing- Sales','2');
INSERT INTO "GW_Volunteers__Volunteer_Job__c" VALUES(231,'Marketing- Advertising','Marketing and Branding','True','Marketing- Advertising','2');
INSERT INTO "GW_Volunteers__Volunteer_Job__c" VALUES(232,'Marketing- Events','Project/Program Management','True','Marketing- Events','2');
INSERT INTO "GW_Volunteers__Volunteer_Job__c" VALUES(233,'Administrative- Client','Administration','True','Administrative- Client','2');
INSERT INTO "GW_Volunteers__Volunteer_Job__c" VALUES(234,'Administrative- Volunteer','Administration','True','Administrative- Volunteer','2');
INSERT INTO "GW_Volunteers__Volunteer_Job__c" VALUES(235,'Administrative- Trainer','Administration','True','Administrative- Trainer','2');
INSERT INTO "GW_Volunteers__Volunteer_Job__c" VALUES(236,'Administrative- General','Administration','True','Administrative- General','2');
INSERT INTO "GW_Volunteers__Volunteer_Job__c" VALUES(237,'Administrative- Technology','Administration','True','Administrative- Technology','2');
INSERT INTO "GW_Volunteers__Volunteer_Job__c" VALUES(238,'Outreach- Clients','Outreach/Networking','True','Outreach- Clients','2');
INSERT INTO "GW_Volunteers__Volunteer_Job__c" VALUES(239,'Outreach- Disability Orgs','Outreach/Networking','True','Outreach- Disability Orgs','2');
INSERT INTO "GW_Volunteers__Volunteer_Job__c" VALUES(240,'Outreach- Dogs','Outreach/Networking','True','Outreach- Dogs','2');
INSERT INTO "GW_Volunteers__Volunteer_Job__c" VALUES(241,'Outreach- Veterinarians','Outreach/Networking','True','Outreach- Veterinarians','2');
INSERT INTO "GW_Volunteers__Volunteer_Job__c" VALUES(242,'Outreach- Medical Providers','Outreach/Networking','True','Outreach- Medical Providers','2');
INSERT INTO "GW_Volunteers__Volunteer_Job__c" VALUES(243,'Outreach- Diversity','Outreach/Networking','True','Outreach- Diversity','2');
INSERT INTO "GW_Volunteers__Volunteer_Job__c" VALUES(244,'Academy decscription','Marketing and Branding','True','Academy','2');
INSERT INTO "GW_Volunteers__Volunteer_Job__c" VALUES(245,'ADI Accreditation decscription','Writing/Communications','True','ADI Accreditation','2');
INSERT INTO "GW_Volunteers__Volunteer_Job__c" VALUES(246,'Branding and Marketing decscription','Marketing and Branding','True','Branding and Marketing','2');
INSERT INTO "GW_Volunteers__Volunteer_Job__c" VALUES(247,'Client Certification decscription','Writing/Communications','True','Client Certification','2');
INSERT INTO "GW_Volunteers__Volunteer_Job__c" VALUES(248,'Marketing- SEO','SEO','True','Marketing- SEO','2');
INSERT INTO "GW_Volunteers__Volunteer_Job__c" VALUES(249,'Client Operations','Administration','True','Client Operations','2');
INSERT INTO "GW_Volunteers__Volunteer_Job__c" VALUES(250,'Community Outreach and Education','Outreach/Networking','True','Community Outreach and Education','2');
INSERT INTO "GW_Volunteers__Volunteer_Job__c" VALUES(251,'Marketing- Leadership','Marketing and Branding','True','Marketing- Leadership','2');
INSERT INTO "GW_Volunteers__Volunteer_Job__c" VALUES(252,'Dog Availability','Administration','True','Dog Availability','2');
INSERT INTO "GW_Volunteers__Volunteer_Job__c" VALUES(253,'Financial Operations','Financial/Bookkeeping','True','Financial Operations','2');
INSERT INTO "GW_Volunteers__Volunteer_Job__c" VALUES(254,'Fund Development','Fundraising/Grants','True','Fund Development','2');
INSERT INTO "GW_Volunteers__Volunteer_Job__c" VALUES(255,'Governance and Compliance and Operations','Legal','True','Governance and Compliance and Operations','2');
INSERT INTO "GW_Volunteers__Volunteer_Job__c" VALUES(256,'Operations Master Docs','Writing/Communications','True','Operations Master Docs','2');
INSERT INTO "GW_Volunteers__Volunteer_Job__c" VALUES(257,'Research and Development','Dog Training/Behavior/Veterinary','True','Research and Development','2');
INSERT INTO "GW_Volunteers__Volunteer_Job__c" VALUES(258,'Scholarships','Fundraising/Grants','True','Scholarships','2');
INSERT INTO "GW_Volunteers__Volunteer_Job__c" VALUES(259,'Technology Infrastructure','Technology/Infrastructure','True','Technology Infrastructure','2');
INSERT INTO "GW_Volunteers__Volunteer_Job__c" VALUES(260,'Trainer Certification','Dog Training/Behavior/Veterinary','True','Trainer Certification','2');
INSERT INTO "GW_Volunteers__Volunteer_Job__c" VALUES(261,'Volunteer and Staff Operations','Administration','True','Volunteer and Staff Operations','2');
INSERT INTO "GW_Volunteers__Volunteer_Job__c" VALUES(262,'Volunteer Recruitment and Retention','Outreach/Networking','True','Volunteer Recruitment and Retention','2');
INSERT INTO "GW_Volunteers__Volunteer_Job__c" VALUES(263,'Academy-Content Creator','Education/Course Development','True','Academy-Content Creator','2');
INSERT INTO "GW_Volunteers__Volunteer_Job__c" VALUES(264,'Academy-Content Editor','Education/Course Development','True','Academy-Content Editor','2');
INSERT INTO "GW_Volunteers__Volunteer_Job__c" VALUES(265,'Marketing- Graphic Design','Graphic Design','True','Marketing- Graphic Design','2');
INSERT INTO "GW_Volunteers__Volunteer_Job__c" VALUES(266,'Marketing- Video','Photography/Videography','True','Marketing- Video','2');
INSERT INTO "GW_Volunteers__Volunteer_Job__c" VALUES(267,'Marketing- Photo','Photography/Videography','True','Marketing- Photo','2');
INSERT INTO "GW_Volunteers__Volunteer_Job__c" VALUES(268,'Marketing- Writing','Writing/Communications','True','Marketing- Writing','2');
INSERT INTO "GW_Volunteers__Volunteer_Job__c" VALUES(269,'Marketing- Leadership','Marketing and Branding','True','Marketing- Leadership','2');
INSERT INTO "GW_Volunteers__Volunteer_Job__c" VALUES(270,'Marketing- SEO','SEO','True','Marketing- SEO','2');
INSERT INTO "GW_Volunteers__Volunteer_Job__c" VALUES(271,'Marketing- Website','Website development','True','Marketing- Website','2');
INSERT INTO "GW_Volunteers__Volunteer_Job__c" VALUES(272,'Marketing- Sales','Sales','True','Marketing- Sales','2');
INSERT INTO "GW_Volunteers__Volunteer_Job__c" VALUES(273,'Marketing- Advertising','Marketing and Branding','True','Marketing- Advertising','2');
INSERT INTO "GW_Volunteers__Volunteer_Job__c" VALUES(274,'Marketing- Events','Project/Program Management','True','Marketing- Events','2');
INSERT INTO "GW_Volunteers__Volunteer_Job__c" VALUES(275,'Administrative- Client','Administration','True','Administrative- Client','2');
INSERT INTO "GW_Volunteers__Volunteer_Job__c" VALUES(276,'Administrative- Volunteer','Administration','True','Administrative- Volunteer','2');
INSERT INTO "GW_Volunteers__Volunteer_Job__c" VALUES(277,'Administrative- Trainer','Administration','True','Administrative- Trainer','2');
INSERT INTO "GW_Volunteers__Volunteer_Job__c" VALUES(278,'Administrative- General','Administration','True','Administrative- General','2');
INSERT INTO "GW_Volunteers__Volunteer_Job__c" VALUES(279,'Administrative- Technology','Administration','True','Administrative- Technology','2');
INSERT INTO "GW_Volunteers__Volunteer_Job__c" VALUES(280,'State Registration','Legal','True','State Registration','2');
INSERT INTO "GW_Volunteers__Volunteer_Job__c" VALUES(281,'Team Facilitator Certification','Administration','True','Team Facilitator Certification','2');
INSERT INTO "GW_Volunteers__Volunteer_Job__c" VALUES(282,'Outreach- Dogs','Outreach/Networking','True','Outreach- Dogs','2');
INSERT INTO "GW_Volunteers__Volunteer_Job__c" VALUES(283,'Team Facilitator Operations','Administration','True','Team Facilitator Operations','2');
INSERT INTO "GW_Volunteers__Volunteer_Job__c" VALUES(284,'Outreach- Clients','Outreach/Networking','True','Outreach- Clients','2');
INSERT INTO "GW_Volunteers__Volunteer_Job__c" VALUES(285,'Outreach- Disability Orgs','Outreach/Networking','True','Outreach- Disability Orgs','2');
INSERT INTO "GW_Volunteers__Volunteer_Job__c" VALUES(286,'Outreach- Veterinarians','Outreach/Networking','True','Outreach- Veterinarians','2');
INSERT INTO "GW_Volunteers__Volunteer_Job__c" VALUES(287,'Outreach- Medical Providers','Outreach/Networking','True','Outreach- Medical Providers','2');
INSERT INTO "GW_Volunteers__Volunteer_Job__c" VALUES(288,'Outreach- Diversity','Outreach/Networking','True','Outreach- Diversity','2');
INSERT INTO "GW_Volunteers__Volunteer_Job__c" VALUES(289,'Academy decscription','Marketing and Branding','True','Academy','2');
INSERT INTO "GW_Volunteers__Volunteer_Job__c" VALUES(290,'ADI Accreditation decscription','Writing/Communications','True','ADI Accreditation','2');
INSERT INTO "GW_Volunteers__Volunteer_Job__c" VALUES(291,'Branding and Marketing decscription','Marketing and Branding','True','Branding and Marketing','2');
INSERT INTO "GW_Volunteers__Volunteer_Job__c" VALUES(292,'Client Certification decscription','Writing/Communications','True','Client Certification','2');
INSERT INTO "GW_Volunteers__Volunteer_Job__c" VALUES(293,'Client Operations','Administration','True','Client Operations','2');
INSERT INTO "GW_Volunteers__Volunteer_Job__c" VALUES(294,'Community Outreach and Education','Outreach/Networking','True','Community Outreach and Education','2');
INSERT INTO "GW_Volunteers__Volunteer_Job__c" VALUES(295,'Dog Availability','Administration','True','Dog Availability','2');
INSERT INTO "GW_Volunteers__Volunteer_Job__c" VALUES(296,'Financial Operations','Financial/Bookkeeping','True','Financial Operations','2');
INSERT INTO "GW_Volunteers__Volunteer_Job__c" VALUES(297,'Fund Development','Fundraising/Grants','True','Fund Development','2');
INSERT INTO "GW_Volunteers__Volunteer_Job__c" VALUES(298,'Governance and Compliance and Operations','Legal','True','Governance and Compliance and Operations','2');
INSERT INTO "GW_Volunteers__Volunteer_Job__c" VALUES(299,'Operations Master Docs','Writing/Communications','True','Operations Master Docs','2');
INSERT INTO "GW_Volunteers__Volunteer_Job__c" VALUES(300,'Research and Development','Dog Training/Behavior/Veterinary','True','Research and Development','2');
INSERT INTO "GW_Volunteers__Volunteer_Job__c" VALUES(301,'Scholarships','Fundraising/Grants','True','Scholarships','2');
INSERT INTO "GW_Volunteers__Volunteer_Job__c" VALUES(302,'State Registration','Legal','True','State Registration','2');
INSERT INTO "GW_Volunteers__Volunteer_Job__c" VALUES(303,'Team Facilitator Certification','Administration','True','Team Facilitator Certification','2');
INSERT INTO "GW_Volunteers__Volunteer_Job__c" VALUES(304,'Team Facilitator Operations','Administration','True','Team Facilitator Operations','2');
INSERT INTO "GW_Volunteers__Volunteer_Job__c" VALUES(305,'Technology Infrastructure','Technology/Infrastructure','True','Technology Infrastructure','2');
INSERT INTO "GW_Volunteers__Volunteer_Job__c" VALUES(306,'Trainer Certification','Dog Training/Behavior/Veterinary','True','Trainer Certification','2');
INSERT INTO "GW_Volunteers__Volunteer_Job__c" VALUES(307,'Volunteer and Staff Operations','Administration','True','Volunteer and Staff Operations','2');
INSERT INTO "GW_Volunteers__Volunteer_Job__c" VALUES(308,'Volunteer Recruitment and Retention','Outreach/Networking','True','Volunteer Recruitment and Retention','2');
INSERT INTO "GW_Volunteers__Volunteer_Job__c" VALUES(309,'Academy-Content Creator','Education/Course Development','True','Academy-Content Creator','2');
INSERT INTO "GW_Volunteers__Volunteer_Job__c" VALUES(310,'Academy-Content Editor','Education/Course Development','True','Academy-Content Editor','2');
INSERT INTO "GW_Volunteers__Volunteer_Job__c" VALUES(311,'Marketing- Graphic Design','Graphic Design','True','Marketing- Graphic Design','2');
INSERT INTO "GW_Volunteers__Volunteer_Job__c" VALUES(312,'Marketing- Video','Photography/Videography','True','Marketing- Video','2');
INSERT INTO "GW_Volunteers__Volunteer_Job__c" VALUES(313,'Marketing- Photo','Photography/Videography','True','Marketing- Photo','2');
INSERT INTO "GW_Volunteers__Volunteer_Job__c" VALUES(314,'Marketing- Writing','Writing/Communications','True','Marketing- Writing','2');
INSERT INTO "GW_Volunteers__Volunteer_Job__c" VALUES(315,'Marketing- Leadership','Marketing and Branding','True','Marketing- Leadership','2');
INSERT INTO "GW_Volunteers__Volunteer_Job__c" VALUES(316,'Marketing- SEO','SEO','True','Marketing- SEO','2');
INSERT INTO "GW_Volunteers__Volunteer_Job__c" VALUES(317,'Marketing- Website','Website development','True','Marketing- Website','2');
INSERT INTO "GW_Volunteers__Volunteer_Job__c" VALUES(318,'Administrative- Client','Administration','True','Administrative- Client','2');
INSERT INTO "GW_Volunteers__Volunteer_Job__c" VALUES(319,'Marketing- Sales','Sales','True','Marketing- Sales','2');
INSERT INTO "GW_Volunteers__Volunteer_Job__c" VALUES(320,'Marketing- Advertising','Marketing and Branding','True','Marketing- Advertising','2');
INSERT INTO "GW_Volunteers__Volunteer_Job__c" VALUES(321,'Marketing- Events','Project/Program Management','True','Marketing- Events','2');
INSERT INTO "GW_Volunteers__Volunteer_Job__c" VALUES(322,'Administrative- Volunteer','Administration','True','Administrative- Volunteer','2');
INSERT INTO "GW_Volunteers__Volunteer_Job__c" VALUES(323,'Administrative- Trainer','Administration','True','Administrative- Trainer','2');
INSERT INTO "GW_Volunteers__Volunteer_Job__c" VALUES(324,'Administrative- General','Administration','True','Administrative- General','2');
INSERT INTO "GW_Volunteers__Volunteer_Job__c" VALUES(325,'Administrative- Technology','Administration','True','Administrative- Technology','2');
INSERT INTO "GW_Volunteers__Volunteer_Job__c" VALUES(326,'Outreach- Clients','Outreach/Networking','True','Outreach- Clients','2');
INSERT INTO "GW_Volunteers__Volunteer_Job__c" VALUES(327,'Outreach- Disability Orgs','Outreach/Networking','True','Outreach- Disability Orgs','2');
INSERT INTO "GW_Volunteers__Volunteer_Job__c" VALUES(328,'Outreach- Dogs','Outreach/Networking','True','Outreach- Dogs','2');
INSERT INTO "GW_Volunteers__Volunteer_Job__c" VALUES(329,'Outreach- Veterinarians','Outreach/Networking','True','Outreach- Veterinarians','2');
INSERT INTO "GW_Volunteers__Volunteer_Job__c" VALUES(330,'Outreach- Medical Providers','Outreach/Networking','True','Outreach- Medical Providers','2');
INSERT INTO "GW_Volunteers__Volunteer_Job__c" VALUES(331,'Outreach- Diversity','Outreach/Networking','True','Outreach- Diversity','2');
INSERT INTO "GW_Volunteers__Volunteer_Job__c" VALUES(332,'Academy decscription','Marketing and Branding','True','Academy','2');
INSERT INTO "GW_Volunteers__Volunteer_Job__c" VALUES(333,'ADI Accreditation decscription','Writing/Communications','True','ADI Accreditation','2');
INSERT INTO "GW_Volunteers__Volunteer_Job__c" VALUES(334,'Branding and Marketing decscription','Marketing and Branding','True','Branding and Marketing','2');
INSERT INTO "GW_Volunteers__Volunteer_Job__c" VALUES(335,'Client Certification decscription','Writing/Communications','True','Client Certification','2');
INSERT INTO "GW_Volunteers__Volunteer_Job__c" VALUES(336,'Client Operations','Administration','True','Client Operations','2');
INSERT INTO "GW_Volunteers__Volunteer_Job__c" VALUES(337,'Community Outreach and Education','Outreach/Networking','True','Community Outreach and Education','2');
INSERT INTO "GW_Volunteers__Volunteer_Job__c" VALUES(338,'Dog Availability','Administration','True','Dog Availability','2');
INSERT INTO "GW_Volunteers__Volunteer_Job__c" VALUES(339,'Financial Operations','Financial/Bookkeeping','True','Financial Operations','2');
INSERT INTO "GW_Volunteers__Volunteer_Job__c" VALUES(340,'Fund Development','Fundraising/Grants','True','Fund Development','2');
INSERT INTO "GW_Volunteers__Volunteer_Job__c" VALUES(341,'Governance and Compliance and Operations','Legal','True','Governance and Compliance and Operations','2');
INSERT INTO "GW_Volunteers__Volunteer_Job__c" VALUES(342,'Operations Master Docs','Writing/Communications','True','Operations Master Docs','2');
INSERT INTO "GW_Volunteers__Volunteer_Job__c" VALUES(343,'Research and Development','Dog Training/Behavior/Veterinary','True','Research and Development','2');
INSERT INTO "GW_Volunteers__Volunteer_Job__c" VALUES(344,'Scholarships','Fundraising/Grants','True','Scholarships','2');
INSERT INTO "GW_Volunteers__Volunteer_Job__c" VALUES(345,'State Registration','Legal','True','State Registration','2');
INSERT INTO "GW_Volunteers__Volunteer_Job__c" VALUES(346,'Team Facilitator Certification','Administration','True','Team Facilitator Certification','2');
INSERT INTO "GW_Volunteers__Volunteer_Job__c" VALUES(347,'Team Facilitator Operations','Administration','True','Team Facilitator Operations','2');
INSERT INTO "GW_Volunteers__Volunteer_Job__c" VALUES(348,'Technology Infrastructure','Technology/Infrastructure','True','Technology Infrastructure','2');
INSERT INTO "GW_Volunteers__Volunteer_Job__c" VALUES(349,'Trainer Certification','Dog Training/Behavior/Veterinary','True','Trainer Certification','2');
INSERT INTO "GW_Volunteers__Volunteer_Job__c" VALUES(350,'Volunteer and Staff Operations','Administration','True','Volunteer and Staff Operations','2');
INSERT INTO "GW_Volunteers__Volunteer_Job__c" VALUES(351,'Marketing- Graphic Design','Graphic Design','True','Marketing- Graphic Design','2');
INSERT INTO "GW_Volunteers__Volunteer_Job__c" VALUES(352,'Volunteer Recruitment and Retention','Outreach/Networking','True','Volunteer Recruitment and Retention','2');
INSERT INTO "GW_Volunteers__Volunteer_Job__c" VALUES(353,'Academy-Content Creator','Education/Course Development','True','Academy-Content Creator','2');
INSERT INTO "GW_Volunteers__Volunteer_Job__c" VALUES(354,'Academy-Content Editor','Education/Course Development','True','Academy-Content Editor','2');
INSERT INTO "GW_Volunteers__Volunteer_Job__c" VALUES(355,'Marketing- Video','Photography/Videography','True','Marketing- Video','2');
INSERT INTO "GW_Volunteers__Volunteer_Job__c" VALUES(356,'Marketing- Photo','Photography/Videography','True','Marketing- Photo','2');
INSERT INTO "GW_Volunteers__Volunteer_Job__c" VALUES(357,'Marketing- Website','Website development','True','Marketing- Website','2');
INSERT INTO "GW_Volunteers__Volunteer_Job__c" VALUES(358,'Marketing- Sales','Sales','True','Marketing- Sales','2');
INSERT INTO "GW_Volunteers__Volunteer_Job__c" VALUES(359,'Marketing- Advertising','Marketing and Branding','True','Marketing- Advertising','2');
INSERT INTO "GW_Volunteers__Volunteer_Job__c" VALUES(360,'Marketing- Events','Project/Program Management','True','Marketing- Events','2');
INSERT INTO "GW_Volunteers__Volunteer_Job__c" VALUES(361,'Administrative- Client','Administration','True','Administrative- Client','2');
INSERT INTO "GW_Volunteers__Volunteer_Job__c" VALUES(362,'Administrative- Volunteer','Administration','True','Administrative- Volunteer','2');
INSERT INTO "GW_Volunteers__Volunteer_Job__c" VALUES(363,'Administrative- Trainer','Administration','True','Administrative- Trainer','2');
INSERT INTO "GW_Volunteers__Volunteer_Job__c" VALUES(364,'Administrative- General','Administration','True','Administrative- General','2');
INSERT INTO "GW_Volunteers__Volunteer_Job__c" VALUES(365,'Administrative- Technology','Administration','True','Administrative- Technology','2');
INSERT INTO "GW_Volunteers__Volunteer_Job__c" VALUES(366,'Outreach- Clients','Outreach/Networking','True','Outreach- Clients','2');
INSERT INTO "GW_Volunteers__Volunteer_Job__c" VALUES(367,'Outreach- Disability Orgs','Outreach/Networking','True','Outreach- Disability Orgs','2');
INSERT INTO "GW_Volunteers__Volunteer_Job__c" VALUES(368,'Outreach- Dogs','Outreach/Networking','True','Outreach- Dogs','2');
INSERT INTO "GW_Volunteers__Volunteer_Job__c" VALUES(369,'Outreach- Veterinarians','Outreach/Networking','True','Outreach- Veterinarians','2');
INSERT INTO "GW_Volunteers__Volunteer_Job__c" VALUES(370,'Outreach- Medical Providers','Outreach/Networking','True','Outreach- Medical Providers','2');
INSERT INTO "GW_Volunteers__Volunteer_Job__c" VALUES(371,'Outreach- Diversity','Outreach/Networking','True','Outreach- Diversity','2');
INSERT INTO "GW_Volunteers__Volunteer_Job__c" VALUES(372,'Academy decscription','Marketing and Branding','True','Academy','2');
INSERT INTO "GW_Volunteers__Volunteer_Job__c" VALUES(373,'ADI Accreditation decscription','Writing/Communications','True','ADI Accreditation','2');
INSERT INTO "GW_Volunteers__Volunteer_Job__c" VALUES(374,'Branding and Marketing decscription','Marketing and Branding','True','Branding and Marketing','2');
INSERT INTO "GW_Volunteers__Volunteer_Job__c" VALUES(375,'Client Certification decscription','Writing/Communications','True','Client Certification','2');
INSERT INTO "GW_Volunteers__Volunteer_Job__c" VALUES(376,'Client Operations','Administration','True','Client Operations','2');
INSERT INTO "GW_Volunteers__Volunteer_Job__c" VALUES(377,'Community Outreach and Education','Outreach/Networking','True','Community Outreach and Education','2');
INSERT INTO "GW_Volunteers__Volunteer_Job__c" VALUES(378,'Marketing- Writing','Writing/Communications','True','Marketing- Writing','2');
INSERT INTO "GW_Volunteers__Volunteer_Job__c" VALUES(379,'Marketing- Leadership','Marketing and Branding','True','Marketing- Leadership','2');
INSERT INTO "GW_Volunteers__Volunteer_Job__c" VALUES(380,'Marketing- SEO','SEO','True','Marketing- SEO','2');
INSERT INTO "GW_Volunteers__Volunteer_Job__c" VALUES(381,'Dog Availability','Administration','True','Dog Availability','2');
INSERT INTO "GW_Volunteers__Volunteer_Job__c" VALUES(382,'Financial Operations','Financial/Bookkeeping','True','Financial Operations','2');
INSERT INTO "GW_Volunteers__Volunteer_Job__c" VALUES(383,'Fund Development','Fundraising/Grants','True','Fund Development','2');
INSERT INTO "GW_Volunteers__Volunteer_Job__c" VALUES(384,'Technology Infrastructure','Technology/Infrastructure','True','Technology Infrastructure','1');
INSERT INTO "GW_Volunteers__Volunteer_Job__c" VALUES(385,'State Registration','Legal','True','State Registration','1');
INSERT INTO "GW_Volunteers__Volunteer_Job__c" VALUES(386,'Team Facilitator Certification','Administration','True','Team Facilitator Certification','1');
INSERT INTO "GW_Volunteers__Volunteer_Job__c" VALUES(387,'Team Facilitator Operations','Administration','True','Team Facilitator Operations','1');
INSERT INTO "GW_Volunteers__Volunteer_Job__c" VALUES(388,'Trainer Certification','Dog Training/Behavior/Veterinary','True','Trainer Certification','1');
INSERT INTO "GW_Volunteers__Volunteer_Job__c" VALUES(389,'Volunteer and Staff Operations','Administration','True','Volunteer and Staff Operations','1');
INSERT INTO "GW_Volunteers__Volunteer_Job__c" VALUES(390,'Volunteer Recruitment and Retention','Outreach/Networking','True','Volunteer Recruitment and Retention','1');
INSERT INTO "GW_Volunteers__Volunteer_Job__c" VALUES(391,'Academy-Content Creator','Education/Course Development','True','Academy-Content Creator','1');
INSERT INTO "GW_Volunteers__Volunteer_Job__c" VALUES(392,'Academy-Content Editor','Education/Course Development','True','Academy-Content Editor','1');
INSERT INTO "GW_Volunteers__Volunteer_Job__c" VALUES(393,'Marketing- Graphic Design','Graphic Design','True','Marketing- Graphic Design','1');
INSERT INTO "GW_Volunteers__Volunteer_Job__c" VALUES(394,'Marketing- Video','Photography/Videography','True','Marketing- Video','1');
INSERT INTO "GW_Volunteers__Volunteer_Job__c" VALUES(395,'Marketing- Photo','Photography/Videography','True','Marketing- Photo','1');
INSERT INTO "GW_Volunteers__Volunteer_Job__c" VALUES(396,'Marketing- Writing','Writing/Communications','True','Marketing- Writing','1');
INSERT INTO "GW_Volunteers__Volunteer_Job__c" VALUES(397,'Marketing- Leadership','Marketing and Branding','True','Marketing- Leadership','1');
INSERT INTO "GW_Volunteers__Volunteer_Job__c" VALUES(398,'Marketing- SEO','SEO','True','Marketing- SEO','1');
INSERT INTO "GW_Volunteers__Volunteer_Job__c" VALUES(399,'Marketing- Website','Website development','True','Marketing- Website','1');
INSERT INTO "GW_Volunteers__Volunteer_Job__c" VALUES(400,'Marketing- Sales','Sales','True','Marketing- Sales','1');
INSERT INTO "GW_Volunteers__Volunteer_Job__c" VALUES(401,'Marketing- Advertising','Marketing and Branding','True','Marketing- Advertising','1');
INSERT INTO "GW_Volunteers__Volunteer_Job__c" VALUES(402,'Marketing- Events','Project/Program Management','True','Marketing- Events','1');
INSERT INTO "GW_Volunteers__Volunteer_Job__c" VALUES(403,'Administrative- Client','Administration','True','Administrative- Client','1');
INSERT INTO "GW_Volunteers__Volunteer_Job__c" VALUES(404,'Administrative- Volunteer','Administration','True','Administrative- Volunteer','1');
INSERT INTO "GW_Volunteers__Volunteer_Job__c" VALUES(405,'Administrative- Trainer','Administration','True','Administrative- Trainer','1');
INSERT INTO "GW_Volunteers__Volunteer_Job__c" VALUES(406,'Administrative- General','Administration','True','Administrative- General','1');
INSERT INTO "GW_Volunteers__Volunteer_Job__c" VALUES(407,'Administrative- Technology','Administration','True','Administrative- Technology','1');
INSERT INTO "GW_Volunteers__Volunteer_Job__c" VALUES(408,'Outreach- Clients','Outreach/Networking','True','Outreach- Clients','1');
INSERT INTO "GW_Volunteers__Volunteer_Job__c" VALUES(409,'Outreach- Disability Orgs','Outreach/Networking','True','Outreach- Disability Orgs','1');
INSERT INTO "GW_Volunteers__Volunteer_Job__c" VALUES(410,'Outreach- Dogs','Outreach/Networking','True','Outreach- Dogs','1');
INSERT INTO "GW_Volunteers__Volunteer_Job__c" VALUES(411,'Outreach- Veterinarians','Outreach/Networking','True','Outreach- Veterinarians','1');
INSERT INTO "GW_Volunteers__Volunteer_Job__c" VALUES(412,'Outreach- Medical Providers','Outreach/Networking','True','Outreach- Medical Providers','1');
INSERT INTO "GW_Volunteers__Volunteer_Job__c" VALUES(413,'Outreach- Diversity','Outreach/Networking','True','Outreach- Diversity','1');
INSERT INTO "GW_Volunteers__Volunteer_Job__c" VALUES(414,'Marketing- Writing','Writing/Communications','True','Marketing- Writing','2');
INSERT INTO "GW_Volunteers__Volunteer_Job__c" VALUES(415,'Marketing- Graphic Design','Graphic Design','True','Marketing- Graphic Design','2');
INSERT INTO "GW_Volunteers__Volunteer_Job__c" VALUES(416,'Marketing- Video','Photography/Videography','True','Marketing- Video','2');
INSERT INTO "GW_Volunteers__Volunteer_Job__c" VALUES(417,'Marketing- Photo','Photography/Videography','True','Marketing- Photo','2');
INSERT INTO "GW_Volunteers__Volunteer_Job__c" VALUES(418,'Academy decscription','Marketing and Branding','True','Academy','1');
INSERT INTO "GW_Volunteers__Volunteer_Job__c" VALUES(419,'ADI Accreditation decscription','Writing/Communications','True','ADI Accreditation','1');
INSERT INTO "GW_Volunteers__Volunteer_Job__c" VALUES(420,'Branding and Marketing decscription','Marketing and Branding','True','Branding and Marketing','1');
INSERT INTO "GW_Volunteers__Volunteer_Job__c" VALUES(421,'Client Certification decscription','Writing/Communications','True','Client Certification','1');
INSERT INTO "GW_Volunteers__Volunteer_Job__c" VALUES(422,'Client Operations','Administration','True','Client Operations','1');
INSERT INTO "GW_Volunteers__Volunteer_Job__c" VALUES(423,'Community Outreach and Education','Outreach/Networking','True','Community Outreach and Education','1');
INSERT INTO "GW_Volunteers__Volunteer_Job__c" VALUES(424,'Dog Availability','Administration','True','Dog Availability','1');
INSERT INTO "GW_Volunteers__Volunteer_Job__c" VALUES(425,'Financial Operations','Financial/Bookkeeping','True','Financial Operations','1');
INSERT INTO "GW_Volunteers__Volunteer_Job__c" VALUES(426,'Fund Development','Fundraising/Grants','True','Fund Development','1');
INSERT INTO "GW_Volunteers__Volunteer_Job__c" VALUES(427,'Governance and Compliance and Operations','Legal','True','Governance and Compliance and Operations','1');
INSERT INTO "GW_Volunteers__Volunteer_Job__c" VALUES(428,'Operations Master Docs','Writing/Communications','True','Operations Master Docs','1');
INSERT INTO "GW_Volunteers__Volunteer_Job__c" VALUES(429,'Research and Development','Dog Training/Behavior/Veterinary','True','Research and Development','1');
INSERT INTO "GW_Volunteers__Volunteer_Job__c" VALUES(430,'Scholarships','Fundraising/Grants','True','Scholarships','1');
CREATE TABLE "Lead" (
	id INTEGER NOT NULL, 
	"City" VARCHAR(255), 
	"Company" VARCHAR(255), 
	"Country" VARCHAR(255), 
	"Email" VARCHAR(255), 
	"FirstName" VARCHAR(255), 
	"GW_Volunteers__Volunteer_Availability__c" VARCHAR(255), 
	"GW_Volunteers__Volunteer_Notes__c" VARCHAR(255), 
	"GW_Volunteers__Volunteer_Skills__c" VARCHAR(255), 
	"GW_Volunteers__Volunteer_Status__c" VARCHAR(255), 
	"IsConverted" VARCHAR(255), 
	"IsUnreadByOwner" VARCHAR(255), 
	"LastName" VARCHAR(255), 
	"LeadInterest__c" VARCHAR(255), 
	"LeadSource" VARCHAR(255), 
	"LeadSourceOther__c" VARCHAR(255), 
	"MobilePhone" VARCHAR(255), 
	"Phone" VARCHAR(255), 
	"PostalCode" VARCHAR(255), 
	"PronounOther__c" VARCHAR(255), 
	"Pronoun__c" VARCHAR(255), 
	"State" VARCHAR(255), 
	"Status" VARCHAR(255), 
	"Street" VARCHAR(255), 
	"npe01__Preferred_Email__c" VARCHAR(255), 
	"npe01__Preferred_Phone__c" VARCHAR(255), 
	"npsp__CompanyCity__c" VARCHAR(255), 
	"npsp__CompanyCountry__c" VARCHAR(255), 
	"npsp__CompanyPostalCode__c" VARCHAR(255), 
	"npsp__CompanyState__c" VARCHAR(255), 
	"npsp__CompanyStreet__c" VARCHAR(255), 
	"npsp__Batch__c" VARCHAR(255), 
	PRIMARY KEY (id)
);
INSERT INTO "Lead" VALUES(1,'East Paulaville','N/A','Vanuatu','peggymcpherson@example.net','Leon','','','','','False','True','Cameron','Assistance Dogs Set in Motion Program','Health Provider','','001-128-986-2699x1661','(251)560-7771x829','21498','Still.','They/Them','Idaho','Working - Contacted','410 Mercado Pine','Work','Other','','','','','','');
INSERT INTO "Lead" VALUES(2,'Chelseahaven','N/A','Holy See (Vatican City State)','deancody@example.net','Kaitlin','','','','','False','True','Mercer','Volunteering','Search Engine','','(069)507-8862','(517)212-4881x7413','97969','Point.','Prefer not to answer','Washington','Open - Not Contacted','6329 Mcdonald Points Suite 875','Personal','Mobile','','','','','','');
INSERT INTO "Lead" VALUES(3,'Dominicview','N/A','Turks and Caicos Islands','dclay@example.com','Steven','','','','','False','True','Clark','Volunteering','Twitter','','+1-178-697-3812','479.982.0723','15475','Ten major.','She/Her','North Dakota','Working - Contacted','792 Teresa Landing Suite 712','Alternate','Mobile','','','','','','');
INSERT INTO "Lead" VALUES(4,'North Ericafurt','N/A','Equatorial Guinea','lalvarez@example.org','Ivan','','','','','False','True','Rojas','Sponsorship/Donations','Health Provider','','230-279-8405x9292','102-548-7919x750','28403','Set fly.','She/Her','West Virginia','Working - Contacted','7409 Crystal Estates Apt. 120','Alternate','Other','','','','','','');
INSERT INTO "Lead" VALUES(5,'Frederickland','N/A','Reunion','mcmahontimothy@example.net','Robert','','','','','False','True','Hale','Assistance Dogs Set in Motion Program','Website','','969-729-5035','(921)086-9191x65634','96619','Without.','She/Her','Wyoming','Working - Contacted','01512 Cooley Flat Suite 542','Work','Home','','','','','','');
INSERT INTO "Lead" VALUES(6,'West Stacie','N/A','Bahrain','bmoran@example.org','Jeanette','','','','','False','True','Rosario','General info/Other','Search Engine','','001-868-426-1432x445','398.018.7582','57967','We though.','He/Him','West Virginia','Working - Contacted','8356 Mcmahon Rapid','Work','Other','','','','','','');
INSERT INTO "Lead" VALUES(7,'South Glenda','N/A','Israel','woodwardjoe@example.com','Elijah','','','','','False','True','Aguilar','Sweet Snoopers Training Program','Twitter','','(189)815-7579x801','287-582-0658','79743','Week.','They/Them','Ohio','Open - Not Contacted','431 Clifford Tunnel Suite 608','Alternate','Work','','','','','','');
INSERT INTO "Lead" VALUES(8,'New Yesenia','N/A','Sudan','estesjeffery@example.net','Harry','','','','','False','True','Richardson','Assistance Dogs Set in Motion Program','Health Provider','','(655)892-1323','+1-391-861-7027x2014','11235','City.','Prefer not to answer','Connecticut','Open - Not Contacted','2210 Kelley Trail','Personal','Work','','','','','','');
INSERT INTO "Lead" VALUES(9,'Hillton','N/A','Libyan Arab Jamahiriya','uboyd@example.org','Brandy','','','','','False','True','Vance','Client Certification','Health Provider','','001-211-984-8193','+1-310-380-3848x48709','07386','Beyond.','They/Them','New York','Open - Not Contacted','075 Mccall Estates','Personal','Other','','','','','','');
INSERT INTO "Lead" VALUES(10,'East Candicestad','N/A','Norway','romerokristopher@example.com','Ray','','','','','False','True','Fuller','Sweet Snoopers Training Program','Search Engine','','+1-465-383-2478x733','766-080-2626x62044','02404','Seat.','He/Him','Wyoming','Open - Not Contacted','85546 Howard Lakes Suite 801','Work','Mobile','','','','','','');
CREATE TABLE "Log__c" (
	id INTEGER NOT NULL, 
	"ClientHours__c" VARCHAR(255), 
	"ClientStress__c" VARCHAR(255), 
	"Date__c" VARCHAR(255), 
	"Details__c" VARCHAR(255), 
	"OtherHours__c" VARCHAR(255), 
	"PublicAccessHours__c" VARCHAR(255), 
	"RecordTypeId" VARCHAR(255), 
	"RequestSupportFromAtlas__c" VARCHAR(255), 
	"RequestSupportFromTeam__c" VARCHAR(255), 
	"Satisfaction__c" VARCHAR(255), 
	"SessionType__c" VARCHAR(255), 
	"Stress__c" VARCHAR(255), 
	"SupportDetails__c" VARCHAR(255), 
	"Team__c" VARCHAR(255), 
	"Facilitator__c" VARCHAR(255), 
	"Submitter__c" VARCHAR(255), 
	PRIMARY KEY (id)
);
INSERT INTO "Log__c" VALUES(1,'16.0','Only a little','2015-12-10','Itself show popular. Tax development rather might past. North hit off away end.','43.0','31.0','01203000000KPI9AAO','False','False','Some enjoyment','Virtual','Very much','Break how music kitchen loss much pressure. Nor not consider region however personal adult.','2','5','9');
INSERT INTO "Log__c" VALUES(2,'43.0','Rather much','2018-02-04','Weight their behavior fill discover garden. Size rock check discuss find affect very.','45.0','76.0','01203000000KPIAAA4','False','False','Rather much enjoyment','Virtual','Only a little','Simply several short political stay. Suddenly fear value pick tree million activity.','2','6','23');
INSERT INTO "Log__c" VALUES(3,'88.0','To some extent','2015-05-26','Research six material remain. Position behavior ago officer water message yet. Much third money pretty measure.','61.0','32.0','01203000000KPI9AAO','False','True','Some enjoyment','In Person','Rather much','Explain doctor able moment identify. Move similar issue enjoy. At old chance up camera threat.','2','8','3');
INSERT INTO "Log__c" VALUES(4,'64.0','Only a little','2015-07-19','Bill need must fine statement different. International quickly certain former look. White time thank federal inside include wear.','33.0','39.0','01203000000KPI9AAO','True','False','Some enjoyment','In Person','To some extent','Road agency weight treat just third. Upon third north traditional. Cause through Mr central claim financial day understand.','2','10','17');
INSERT INTO "Log__c" VALUES(5,'5.0','Rather much','2019-04-20','Eat why offer sit west commercial community. Per work stuff under. In east blood television recognize hand reflect.','20.0','37.0','01203000000KPIAAA4','True','False','No enjoyment','In Person','To some extent','Without else today simple.','2','12','246');
INSERT INTO "Log__c" VALUES(6,'52.0','Very much','2016-12-02','Sing mean must avoid. Power wrong clear. Direction hear second receive military popular reality.','7.0','64.0','01203000000KPI9AAO','False','False','Rather much enjoyment','Virtual','Rather much','Skill only parent between. Worry imagine where.','2','13','15');
INSERT INTO "Log__c" VALUES(7,'13.0','Rather much','2016-10-08','There mouth business theory big example money.','17.0','57.0','01203000000KPIAAA4','False','False','No enjoyment','In Person','Very much','Claim two group role author go not. Game save service. Own worker apply visit in sense strong so.','2','13','18');
INSERT INTO "Log__c" VALUES(8,'82.0','To some extent','2018-02-25','Source suffer agree board decide. Bill best author where another keep bring.','37.0','35.0','01203000000KPI9AAO','True','False','A little enjoyment','In Person','To some extent','Item also thing parent quality never financial. Now ready decision remain.','2','13','20');
INSERT INTO "Log__c" VALUES(9,'42.0','Only a little','2022-12-09','Attack man guess field expert. Where street despite idea local health. Suffer indeed data finish. Fund offer cold front actually thing over opportunity.','92.0','30.0','01203000000KPI9AAO','False','True','Rather much enjoyment','In Person','Rather much','Several question practice explain. Edge network over cold lose politics imagine.','9','80','80');
INSERT INTO "Log__c" VALUES(10,'68.0','Only a little','2021-08-30','Over hard accept might situation military edge realize. Figure food order which food play together.','40.0','93.0','01203000000KPIAAA4','False','False','Extreme amount of enjoyment','Virtual','Rather much','Reduce free ground civil fine specific. Four likely you. Within difference top.','9','81','82');
INSERT INTO "Log__c" VALUES(11,'48.0','To some extent','2018-11-13','Focus ok near billion sound. Likely ahead interest seven.','93.0','88.0','01203000000KPIAAA4','True','False','No enjoyment','Virtual','Very much','Coach myself official issue wear whose. Crime any range indicate goal within argue bed.','9','81','250');
INSERT INTO "Log__c" VALUES(12,'52.0','Rather much','2017-05-02','Image method if note including order. Because wall hospital newspaper. Trade look themselves suddenly catch probably policy.','11.0','38.0','01203000000KPI9AAO','False','True','Rather much enjoyment','Virtual','Only a little','School television financial they than. For remain laugh market collection forget. Medical training home mission majority these. Art old before single debate bank notice.','9','81','254');
INSERT INTO "Log__c" VALUES(13,'3.0','Rather much','2021-07-03','Dream raise contain maintain. Weight any say actually information. It over certain into century rule him.','88.0','51.0','01203000000KPIAAA4','False','False','No enjoyment','Virtual','Only a little','Specific apply weight audience people. Scientist class leave perhaps when class discuss.','9','81','258');
INSERT INTO "Log__c" VALUES(14,'67.0','Very much','2019-04-28','Later air condition only any computer return officer. Decide upon these carry section draw religious. Manager several sing while husband.','94.0','58.0','01203000000KPIAAA4','True','False','No enjoyment','In Person','Not at all','Interesting newspaper available thank. Focus start to kind instead against ever. Environmental five share main present upon return.','9','86','83');
INSERT INTO "Log__c" VALUES(15,'12.0','Rather much','2018-08-01','Front seven move part claim leader represent. Table lay sometimes. Republican woman example often color each hospital. Woman her then message by.','78.0','49.0','01203000000KPIAAA4','False','False','A little enjoyment','Virtual','To some extent','Expert machine write total. Change easy eight road research American.','9','86','85');
INSERT INTO "Log__c" VALUES(16,'36.0','Rather much','2015-07-03','Lose where student go ground before.','89.0','20.0','01203000000KPI9AAO','True','False','A little enjoyment','Virtual','Rather much','Rather morning reveal window between old. From college lot rock politics. Ground bar support television.','9','87','81');
INSERT INTO "Log__c" VALUES(17,'46.0','Only a little','2017-10-11','Catch usually later position sign first. Heart consider after yet education modern well. Represent site simply debate.','20.0','72.0','01203000000KPIAAA4','False','True','Some enjoyment','In Person','Only a little','Cost however popular surface. Service activity find.','9','87','251');
INSERT INTO "Log__c" VALUES(18,'17.0','Very much','2016-09-08','Stand should for.','72.0','21.0','01203000000KPI9AAO','True','True','A little enjoyment','Virtual','Not at all','Pm over Mr well executive. After away case question. Usually including appear debate indeed.','9','89','88');
INSERT INTO "Log__c" VALUES(19,'27.0','Rather much','2023-02-22','Evidence term increase present enough. Fine system give. Point be arm might carry might he better.','29.0','71.0','01203000000KPI9AAO','True','False','Extreme amount of enjoyment','In Person','To some extent','Media avoid degree use source cost lead. Low hospital ability. Party small central animal.','9','247','80');
INSERT INTO "Log__c" VALUES(20,'57.0','To some extent','2018-07-21','Two those forward term become. Authority dog democratic activity.','48.0','17.0','01203000000KPIAAA4','False','False','Some enjoyment','Virtual','Very much','War size include operation certain hold our newspaper. Answer yet other various research.','9','253','81');
INSERT INTO "Log__c" VALUES(21,'23.0','Not at all','2020-03-19','Use eat term hotel add. Might occur happen life behind other cover.','71.0','53.0','01203000000KPIAAA4','False','True','Extreme amount of enjoyment','In Person','Only a little','Together morning statement thus. Push effort ability big skin. Article remember fire blue thing poor.','9','254','251');
INSERT INTO "Log__c" VALUES(22,'30.0','Rather much','2017-02-04','Inside choose bad yeah account provide. Floor meeting smile computer social recent official.','0.0','70.0','01203000000KPI9AAO','True','True','A little enjoyment','Virtual','Only a little','Live anyone door couple understand work effect. Win expect tell believe.','9','256','256');
INSERT INTO "Log__c" VALUES(23,'21.0','To some extent','2019-08-25','Cup hear artist talk yet. Receive really all forget late region. Next exist throughout former week statement again stock. Agent he shake dream.','81.0','35.0','01203000000KPIAAA4','True','False','A little enjoyment','In Person','Very much','Close do involve hold.','9','258','248');
INSERT INTO "Log__c" VALUES(24,'8.0','Only a little','2022-12-19','Him bag car able situation enough do. Or star sit learn thus require.','69.0','21.0','01203000000KPI9AAO','False','False','Rather much enjoyment','In Person','Only a little','Enter hard able far. Whose human traditional theory bring note run hot.','2','21','241');
INSERT INTO "Log__c" VALUES(25,'40.0','Rather much','2016-09-03','Purpose member art job. Value hope sure investment space. Growth as economy management walk.','74.0','6.0','01203000000KPI9AAO','False','False','Extreme amount of enjoyment','In Person','Very much','Artist machine will yeah face possible. Message interest last option business travel. Save real bring star fall animal.','2','16','7');
INSERT INTO "Log__c" VALUES(26,'78.0','Rather much','2020-06-28','Cup camera material remember poor get. More affect recently generation ahead.','83.0','41.0','01203000000KPIAAA4','False','False','A little enjoyment','Virtual','Only a little','Share table describe discussion exist draw would. Field expect method spend chance eat mind.','2','17','11');
INSERT INTO "Log__c" VALUES(27,'4.0','Rather much','2021-12-09','Itself how ball water general analysis. International result girl single because.','68.0','15.0','01203000000KPIAAA4','True','False','No enjoyment','In Person','Very much','Conference true fight. Light for pick share use quality. Trial color go board listen.','2','18','23');
INSERT INTO "Log__c" VALUES(28,'6.0','Rather much','2022-12-22','Certainly health explain speak research budget. Set action hope range population next himself.','12.0','11.0','01203000000KPI9AAO','True','True','Extreme amount of enjoyment','Virtual','Rather much','Ability far strong day. Fast family protect dog truth American top.','2','22','23');
INSERT INTO "Log__c" VALUES(29,'0.0','Not at all','2020-08-30','Hand at carry yourself little appear. Write because point statement lay simple nothing.','0.0','68.0','01203000000KPI9AAO','True','False','No enjoyment','Virtual','Rather much','Would financial scientist name may hair according. Character middle rule number court.','2','23','15');
INSERT INTO "Log__c" VALUES(30,'45.0','Only a little','2015-05-03','Something hold spend maintain manager forward despite. Total bag give better certain human become. Meet significant apply need then age beyond lot. Really shoulder find rather.','20.0','3.0','01203000000KPI9AAO','True','True','A little enjoyment','In Person','Rather much','Blue cultural dog behind. Fall heart customer when him treatment sometimes fish.','3','44','57');
INSERT INTO "Log__c" VALUES(31,'81.0','Not at all','2018-01-28','I industry level bed she arm. Night same her care fine. Them forget my speech fill.','20.0','22.0','01203000000KPI9AAO','True','False','Extreme amount of enjoyment','Virtual','Only a little','Price wind single energy.','3','41','45');
INSERT INTO "Log__c" VALUES(32,'51.0','Very much','2019-04-15','Picture research box during worker. Good room and whether.','56.0','49.0','01203000000KPIAAA4','True','False','No enjoyment','In Person','Only a little','List would summer determine father generation work. Similar report see serious pick. Four education billion beautiful bit if coach street.','3','41','60');
INSERT INTO "Log__c" VALUES(33,'64.0','Only a little','2016-10-25','What west almost throughout recent network. Firm meet notice strategy other pass approach. Contain him name democratic happy join catch. Throw among stand strategy.','35.0','69.0','01203000000KPIAAA4','True','True','Extreme amount of enjoyment','Virtual','Very much','Hospital person up seat economy bar. Themselves evidence exactly without alone. Foreign him pay plan allow back back.','3','41','67');
INSERT INTO "Log__c" VALUES(34,'40.0','Rather much','2016-02-06','Despite staff he. Least wear feeling spend deep.','65.0','37.0','01203000000KPI9AAO','True','False','No enjoyment','Virtual','Rather much','Interesting issue ten culture alone who once message. Season yourself development explain. Piece three year participant Mr rule industry.','3','46','46');
INSERT INTO "Log__c" VALUES(35,'21.0','Not at all','2020-04-28','Face relationship century away police old whom. Girl student whose war alone about. Parent state than impact everything political.','13.0','9.0','01203000000KPI9AAO','False','True','Extreme amount of enjoyment','In Person','To some extent','National bit me charge.','3','46','54');
INSERT INTO "Log__c" VALUES(36,'38.0','Rather much','2021-10-09','Run keep find age build anyone kitchen. Arrive dinner build too teach. Finish reduce his religious conference.','7.0','92.0','01203000000KPIAAA4','True','True','A little enjoyment','In Person','Not at all','Customer simple simple level.','3','52','65');
INSERT INTO "Log__c" VALUES(37,'14.0','Rather much','2020-09-30','Picture six bag smile themselves according. Board analysis control make pick follow this. Evidence community effect break bill her account.','19.0','96.0','01203000000KPIAAA4','True','True','Rather much enjoyment','Virtual','Not at all','School culture friend from. Above true attorney factor morning security. Man heart my condition behavior. Fall beautiful difficult method.','3','53','65');
INSERT INTO "Log__c" VALUES(38,'57.0','Very much','2019-07-18','Recently write one keep. Yes oil less effort because his stuff rather.','36.0','68.0','01203000000KPIAAA4','False','False','No enjoyment','Virtual','Only a little','Toward great get message I. Base find nothing animal father. Strong black science word wide seven.','3','55','41');
INSERT INTO "Log__c" VALUES(39,'98.0','Only a little','2015-01-22','Budget view audience letter itself although player agency.','6.0','38.0','01203000000KPIAAA4','True','False','Rather much enjoyment','Virtual','Very much','More smile debate professor body second method. Throughout peace cold know course like. Public have believe story program.','3','57','41');
INSERT INTO "Log__c" VALUES(40,'61.0','Rather much','2022-09-08','Push campaign image. Discussion understand call find song. Recognize help help strategy big American old. I according training computer yourself think market.','20.0','85.0','01203000000KPI9AAO','False','True','A little enjoyment','Virtual','To some extent','Might dark guy American. Strong mean help board audience coach member.','9','255','90');
INSERT INTO "Log__c" VALUES(41,'97.0','To some extent','2020-11-25','Foreign down election bar institution. Eight head book remain. Put window anyone skin.','16.0','74.0','01203000000KPIAAA4','False','False','No enjoyment','Virtual','To some extent','Not federal parent far occur might. Question discussion hair member pay water particularly great. Language happen arm instead sense campaign second to.','9','258','251');
INSERT INTO "Log__c" VALUES(42,'13.0','Rather much','2015-12-06','Or quickly environmental east could daughter service natural. Director option early trade east. Politics tend investment full.','28.0','14.0','01203000000KPI9AAO','False','False','Extreme amount of enjoyment','In Person','Only a little','Eye white major development yet. Name again community environmental behavior nation. Difference ball less red.','9','257','252');
INSERT INTO "Log__c" VALUES(43,'36.0','To some extent','2018-05-13','Enough staff green song. Blue rule group soldier school teach small.','33.0','79.0','01203000000KPIAAA4','False','True','Rather much enjoyment','Virtual','Rather much','Pressure bank significant discover run get its. Condition buy soon including drop close audience. Something know ok authority major and wonder.','9','255','88');
INSERT INTO "Log__c" VALUES(44,'81.0','Rather much','2020-02-23','Cultural through foreign get. Generation available case. Heavy quite think carry.','6.0','8.0','01203000000KPI9AAO','True','False','A little enjoyment','In Person','Very much','Relate nor happen his. Line young matter provide. Little not film himself practice past ask ago.','9','255','255');
INSERT INTO "Log__c" VALUES(45,'44.0','Only a little','2017-06-08','Consider letter already speech player already table. Before door lose health no walk capital position. Test national something people wall whatever.','66.0','11.0','01203000000KPI9AAO','True','False','Some enjoyment','In Person','Not at all','None most little glass threat thought make. By budget case. Happen create alone prepare culture money view.','7','96','107');
INSERT INTO "Log__c" VALUES(46,'35.0','Not at all','2021-01-20','Discussion challenge sport general above. Offer in language appear play military as. Order feeling end wear some structure. Couple government more including.','73.0','91.0','01203000000KPIAAA4','True','False','Rather much enjoyment','In Person','To some extent','Provide public others stay collection system.','7','100','99');
INSERT INTO "Log__c" VALUES(47,'15.0','To some extent','2016-01-08','Most quite leg exactly. Issue floor since traditional likely relate team.','69.0','5.0','01203000000KPI9AAO','True','False','A little enjoyment','Virtual','Rather much','Federal while civil her difference control floor. Yes tell ten amount toward record call.','7','101','73');
INSERT INTO "Log__c" VALUES(48,'38.0','Not at all','2016-03-21','Positive large able administration theory officer apply. Big nation issue front car walk.','57.0','45.0','01203000000KPIAAA4','False','False','A little enjoyment','In Person','Only a little','Stop use force security growth marriage. Ability team manager player real.','7','101','74');
INSERT INTO "Log__c" VALUES(49,'44.0','Only a little','2017-10-23','Year research article. Consumer bad mention political try design. Watch put age produce most.','100.0','48.0','01203000000KPI9AAO','False','True','Rather much enjoyment','In Person','To some extent','Purpose though behavior say. Without finally forget affect artist opportunity. He our rise green recent easy begin.','7','102','101');
INSERT INTO "Log__c" VALUES(50,'88.0','Only a little','2019-06-01','Ahead report human economy. Likely simple believe experience while mention.','50.0','42.0','01203000000KPI9AAO','False','False','Extreme amount of enjoyment','Virtual','Rather much','Size more situation reduce something. Detail certainly provide enjoy technology alone. Know reduce scene whether.','7','106','115');
INSERT INTO "Log__c" VALUES(51,'27.0','Not at all','2021-07-05','Kitchen power trade artist be base blue. Likely air theory bill become relationship.','64.0','37.0','01203000000KPIAAA4','False','False','Some enjoyment','In Person','Only a little','Trial brother lot. Training suddenly recognize call travel whether.','7','108','108');
INSERT INTO "Log__c" VALUES(52,'57.0','Only a little','2019-05-20','As six research resource discussion. Best discover member feel. Environment article leg see race.','35.0','49.0','01203000000KPI9AAO','False','False','Some enjoyment','In Person','Very much','Ask environment to. Eight where how responsibility manager police.','7','108','113');
INSERT INTO "Log__c" VALUES(53,'61.0','Only a little','2018-07-16','First near use test over. Color edge American bring man. Drive head lead include.','68.0','59.0','01203000000KPIAAA4','True','True','Extreme amount of enjoyment','In Person','Not at all','Glass necessary bed save forward line so. Add baby detail society technology smile poor.','7','109','116');
INSERT INTO "Log__c" VALUES(54,'54.0','Only a little','2022-05-02','Beat lay scientist page hear according. Way continue popular ahead save half.','62.0','3.0','01203000000KPIAAA4','False','True','No enjoyment','Virtual','Not at all','Goal sense health investment party.','7','109','74');
INSERT INTO "Log__c" VALUES(55,'36.0','Rather much','2018-09-03','See enter style. One kid business service blood among back.','35.0','40.0','01203000000KPIAAA4','True','False','Rather much enjoyment','Virtual','Very much','Everyone check author clearly ten. Major thank issue owner she.','3','65','63');
INSERT INTO "Log__c" VALUES(56,'43.0','To some extent','2016-09-04','Wonder until science big police finish. Always agent expert baby run two someone throughout. Record administration even anything point color.','99.0','2.0','01203000000KPIAAA4','False','True','A little enjoyment','In Person','To some extent','Kitchen maintain sign compare. Collection defense soon determine test stand wrong.','3','59','55');
INSERT INTO "Log__c" VALUES(57,'63.0','To some extent','2018-02-06','Argue media product water treatment son rise. Cost difference avoid fine staff cup would. Dog sense green project personal.','53.0','6.0','01203000000KPI9AAO','False','False','Rather much enjoyment','In Person','Not at all','Management increase for upon quickly road himself. Past high build strong focus position. His road behind then cost body.','3','63','58');
INSERT INTO "Log__c" VALUES(58,'45.0','Only a little','2020-02-05','Although do thought sing history choose hotel. Amount try lead cost mean last. History on statement sound. Should edge we memory.','69.0','88.0','01203000000KPI9AAO','False','True','No enjoyment','Virtual','Very much','Fact share every trouble require. Beat hundred rest gun knowledge under star. Include instead Mrs. Evening purpose both worker like second truth.','3','65','44');
INSERT INTO "Log__c" VALUES(59,'27.0','To some extent','2020-08-04','Tell probably perform eye piece up attack like. Ever career hot great degree. Throughout child voice.','96.0','90.0','01203000000KPIAAA4','True','False','Rather much enjoyment','Virtual','To some extent','Despite throw value economy. Discuss interest news onto agency try player use. Race sea practice while author.','3','65','66');
INSERT INTO "Log__c" VALUES(60,'16.0','To some extent','2019-12-29','Physical good ahead. Every popular owner trade feeling grow woman. Reason painting happen less.','63.0','4.0','01203000000KPIAAA4','False','False','Rather much enjoyment','In Person','Rather much','Change specific interesting hold. Administration finish win college.','3','65','69');
INSERT INTO "Log__c" VALUES(61,'62.0','Only a little','2020-08-15','Others above speak attention movement staff we beat. Drug teacher prepare.','71.0','87.0','01203000000KPIAAA4','True','False','Extreme amount of enjoyment','Virtual','To some extent','Physical rate between expert hundred little dinner. Yeah might stage.','3','66','44');
INSERT INTO "Log__c" VALUES(62,'77.0','Rather much','2019-11-01','Seat general tax else learn benefit. Card true hold certain support magazine through. Off hear break wall science power experience.','90.0','72.0','01203000000KPIAAA4','True','False','Some enjoyment','Virtual','Only a little','Really chair information listen American entire sound young. Cause character area real amount talk degree.','3','70','43');
INSERT INTO "Log__c" VALUES(63,'66.0','To some extent','2022-04-08','Who popular hot create artist image. Save voice back campaign eye agreement.','7.0','24.0','01203000000KPIAAA4','True','False','Extreme amount of enjoyment','Virtual','Very much','Worry money civil oil. Lose sell job high agreement affect.','3','71','55');
INSERT INTO "Log__c" VALUES(64,'31.0','To some extent','2018-03-12','A up leg city close. Example difference far goal or pressure of. Receive back west. Suddenly represent guy one style.','28.0','15.0','01203000000KPIAAA4','False','False','No enjoyment','Virtual','Only a little','Water include whom note. Fly itself check every others.','3','71','62');
INSERT INTO "Log__c" VALUES(65,'20.0','Not at all','2017-07-31','Where week discuss affect. Age matter power bit eye. One capital nor line activity. Record great above these every send.','64.0','56.0','01203000000KPI9AAO','False','True','No enjoyment','In Person','Very much','Foreign theory cultural live allow knowledge on because. Travel place either color anyone report. About various picture record politics entire.','10','194','156');
INSERT INTO "Log__c" VALUES(66,'98.0','Not at all','2015-08-14','Education ever interesting affect evening move. Onto make series amount loss piece often alone.','6.0','90.0','01203000000KPI9AAO','True','True','Extreme amount of enjoyment','In Person','Only a little','Cut deal station theory. Consider reveal shake range test. Inside nice black plant.','10','194','48');
INSERT INTO "Log__c" VALUES(67,'59.0','Not at all','2019-02-06','Way shake up doctor ever bar baby. His finally a room phone relate.','75.0','46.0','01203000000KPIAAA4','True','True','Rather much enjoyment','Virtual','Not at all','Open foreign may forget. Follow level could nature.','10','195','47');
INSERT INTO "Log__c" VALUES(68,'12.0','To some extent','2020-08-22','Role north quality shake maybe. Song future federal great example board.','96.0','83.0','01203000000KPIAAA4','False','True','No enjoyment','Virtual','Very much','Newspaper forward type feeling experience news heavy open. Idea force very response technology describe. Financial authority scene walk could story.','10','195','51');
INSERT INTO "Log__c" VALUES(69,'78.0','Very much','2018-06-30','Without send significant. Opportunity military carry finally already.','79.0','6.0','01203000000KPI9AAO','False','True','Rather much enjoyment','Virtual','Only a little','Often public water.','10','195','77');
INSERT INTO "Log__c" VALUES(70,'62.0','Only a little','2023-01-25','Perform shoulder financial nature campaign.','48.0','4.0','01203000000KPIAAA4','False','False','Some enjoyment','Virtual','Only a little','Media history care information trial. Parent send artist game. Onto notice institution none during suggest.','10','156','180');
INSERT INTO "Log__c" VALUES(71,'25.0','Rather much','2019-12-12','Condition camera summer agency chance red turn. Through building director high information.','33.0','37.0','01203000000KPI9AAO','True','True','A little enjoyment','In Person','To some extent','Chair vote PM policy. Other growth unit likely choose practice. Campaign go around suggest cover save school people.','7','113','107');
INSERT INTO "Log__c" VALUES(72,'56.0','Rather much','2021-05-15','Question help so. Option high week painting. Government teach myself good cultural side.','4.0','62.0','01203000000KPIAAA4','True','False','Rather much enjoyment','In Person','Not at all','Discover approach pattern sure break need party. Stage off join much season.','7','112','115');
INSERT INTO "Log__c" VALUES(73,'18.0','Very much','2019-09-14','Talk year interest we leader center manager.','53.0','1.0','01203000000KPI9AAO','True','False','Extreme amount of enjoyment','In Person','Very much','Born address middle ability suffer pay sing. Speech class professor.','7','112','75');
INSERT INTO "Log__c" VALUES(74,'52.0','Not at all','2018-06-24','Specific particularly born charge still oil wish. Contain single all. Performance start wear must prove mission million. Likely pass thus how our ready.','100.0','55.0','01203000000KPIAAA4','True','False','Some enjoyment','Virtual','To some extent','Night year popular doctor lawyer.','7','113','100');
INSERT INTO "Log__c" VALUES(75,'26.0','Only a little','2016-08-29','Continue price common need wish. Laugh town ten occur use study.','94.0','61.0','01203000000KPI9AAO','False','False','No enjoyment','In Person','Only a little','Instead civil kitchen animal until rule. Process low strong your. Do peace several spring service fall.','7','113','115');
INSERT INTO "Log__c" VALUES(76,'59.0','To some extent','2016-10-28','Such born share nature alone data. Himself end generation south small condition. Exactly skin high most social practice.','17.0','63.0','01203000000KPIAAA4','False','True','Rather much enjoyment','In Person','Very much','Natural candidate look discuss. Take phone treat condition through attack party.','7','113','99');
INSERT INTO "Log__c" VALUES(77,'43.0','Only a little','2017-03-17','Then song report prevent own look.','68.0','76.0','01203000000KPIAAA4','True','True','Extreme amount of enjoyment','Virtual','To some extent','Kitchen culture indeed similar difficult traditional many. One service subject claim sell hundred white stop.','7','114','100');
INSERT INTO "Log__c" VALUES(78,'4.0','Very much','2016-08-01','Same use religious day phone particular source. Despite your reduce expert.','94.0','45.0','01203000000KPIAAA4','True','False','A little enjoyment','In Person','Rather much','Finally door assume send discuss age floor. Amount new class continue point safe must sure.','7','73','115');
INSERT INTO "Log__c" VALUES(79,'63.0','To some extent','2017-11-12','Still thought believe seek film possible. Likely push health boy century often mean.','43.0','38.0','01203000000KPI9AAO','True','True','A little enjoyment','Virtual','To some extent','Claim grow and husband top speech. Wife structure manager.','7','75','98');
INSERT INTO "Log__c" VALUES(80,'92.0','Very much','2018-08-05','Foreign the newspaper attack magazine glass edge. Get put view method no color perhaps paper. Represent responsibility customer discover.','85.0','22.0','01203000000KPIAAA4','False','True','Extreme amount of enjoyment','In Person','To some extent','Pull interview him production. Front wonder push compare.','7','99','111');
INSERT INTO "Log__c" VALUES(81,'94.0','Very much','2017-07-15','Only evening company study anyone change whom. Responsibility thus they north find success forward that.','1.0','44.0','01203000000KPI9AAO','True','True','Extreme amount of enjoyment','Virtual','Not at all','Half among else leg customer.','8','131','134');
INSERT INTO "Log__c" VALUES(82,'2.0','Rather much','2021-03-07','Once maintain give meeting may meeting. Brother sound fall throw impact.','52.0','64.0','01203000000KPIAAA4','False','False','A little enjoyment','Virtual','Rather much','Figure true perform lawyer guy seem. We usually degree thought score special today. Reason similar choice those election.','8','131','135');
INSERT INTO "Log__c" VALUES(83,'60.0','Very much','2016-08-07','Contain first smile those. More training miss Congress. Late rich purpose chance learn myself.','94.0','6.0','01203000000KPIAAA4','True','False','Extreme amount of enjoyment','Virtual','Only a little','Dinner hour only arm. Item top structure car.','8','131','145');
INSERT INTO "Log__c" VALUES(84,'38.0','Rather much','2015-05-07','Kid along final shake still appear PM help. Because win have environmental around little commercial. Machine important international my every think nature.','39.0','2.0','01203000000KPIAAA4','True','False','A little enjoyment','Virtual','To some extent','Better several fire executive. Fire professional article station live control response floor. Knowledge agency nature say his site meeting.','8','131','146');
INSERT INTO "Log__c" VALUES(85,'91.0','Rather much','2018-07-25','We its change performance believe nice could. Stand father thousand bank.','23.0','33.0','01203000000KPIAAA4','False','False','A little enjoyment','In Person','Very much','Time expert sign professional well. Toward program break drive. Chance close economic appear.','8','132','148');
INSERT INTO "Log__c" VALUES(86,'55.0','To some extent','2016-07-14','Sell television official world. Almost how response soldier commercial. Often somebody party determine.','54.0','83.0','01203000000KPIAAA4','True','True','Rather much enjoyment','In Person','Very much','Suggest assume around theory star tough several. Address money PM hundred letter position.','8','130','148');
INSERT INTO "Log__c" VALUES(87,'88.0','To some extent','2021-07-10','Accept police price case. Treat she ability mouth.','52.0','38.0','01203000000KPI9AAO','True','False','Some enjoyment','Virtual','Only a little','Dog hot per region seat quite way. Hold method manage window fill central.','10','159','159');
INSERT INTO "Log__c" VALUES(88,'49.0','Very much','2017-04-23','Despite billion little red. May television mission gun.','63.0','11.0','01203000000KPI9AAO','False','True','No enjoyment','In Person','To some extent','Action decision us traditional upon. Realize cold step issue commercial garden radio win. Relate keep author take nor wind marriage.','10','157','121');
INSERT INTO "Log__c" VALUES(89,'52.0','Only a little','2017-06-18','Half evidence kitchen. Drive through start indeed politics toward expert.','31.0','15.0','01203000000KPIAAA4','True','True','Rather much enjoyment','In Person','Only a little','Pm street evening usually firm. What growth five great building line hope.','10','157','124');
INSERT INTO "Log__c" VALUES(90,'69.0','Not at all','2017-10-09','Culture certainly usually court prevent none young. Total loss education ground each one hear. Drive reduce ground report or government pretty.','90.0','74.0','01203000000KPI9AAO','False','True','No enjoyment','In Person','To some extent','Very rate wrong too walk bad back. Wait sound on each focus. Relate hold describe likely claim left third.','10','159','189');
INSERT INTO "Log__c" VALUES(91,'96.0','Very much','2015-03-22','Some paper assume when. Term more ahead fly could.','85.0','89.0','01203000000KPIAAA4','True','True','No enjoyment','In Person','Not at all','Model thousand rate federal. Hard focus start such wrong.','10','48','97');
INSERT INTO "Log__c" VALUES(92,'71.0','To some extent','2020-06-27','Player impact onto. Behavior avoid chance good these area.','80.0','49.0','01203000000KPI9AAO','False','True','Some enjoyment','Virtual','Only a little','Model executive police respond authority respond. Account deal myself involve body painting its. See someone center everyone join result painting. Share quality test manager.','10','50','157');
INSERT INTO "Log__c" VALUES(93,'83.0','Not at all','2023-02-13','Black one issue teacher management food trial. Manager material stop purpose least church century.','90.0','56.0','01203000000KPI9AAO','False','True','Rather much enjoyment','Virtual','Very much','Security listen go most. And design specific class conference wait hit.','10','47','51');
INSERT INTO "Log__c" VALUES(94,'62.0','Rather much','2022-01-06','Recognize outside pressure high court. Report capital big western avoid lead from somebody.','65.0','97.0','01203000000KPIAAA4','True','False','Some enjoyment','Virtual','Not at all','Question whose put season. Floor politics consider heart bed number. Partner star memory almost so seven.','10','47','51');
INSERT INTO "Log__c" VALUES(95,'75.0','Not at all','2020-02-26','Central church player magazine open size because eye. Exist character already would term. More there speech think body large. Should home Congress company.','28.0','20.0','01203000000KPIAAA4','False','False','No enjoyment','In Person','Not at all','Send use catch yes. Condition stuff stage play special wind say coach.','10','120','195');
INSERT INTO "Log__c" VALUES(96,'86.0','Not at all','2017-10-25','Can realize then through reduce color.','79.0','60.0','01203000000KPI9AAO','True','False','Rather much enjoyment','Virtual','Rather much','Message fast carry give either blue. Physical unit while like vote ago.','10','120','47');
INSERT INTO "Log__c" VALUES(97,'59.0','Only a little','2022-05-19','Can statement dream tell. Already rate operation assume.','71.0','48.0','01203000000KPI9AAO','True','True','No enjoyment','In Person','Rather much','Right one skin cultural.','10','121','76');
INSERT INTO "Log__c" VALUES(98,'8.0','To some extent','2020-11-10','Top party within onto miss financial traditional way. Among write back. Say pattern clearly. Make out paper food up able.','100.0','46.0','01203000000KPIAAA4','True','False','Some enjoyment','In Person','To some extent','Man position politics garden. Buy onto be federal kind admit leave. Piece public almost sing.','10','122','120');
INSERT INTO "Log__c" VALUES(99,'84.0','Not at all','2019-04-14','Administration surface interview receive road. Sometimes glass natural could evening.','80.0','7.0','01203000000KPI9AAO','True','True','Extreme amount of enjoyment','In Person','Not at all','Unit similar low whole. Practice partner car here late red clearly.','10','124','195');
INSERT INTO "Log__c" VALUES(100,'13.0','Not at all','2015-03-28','Child bad military.','46.0','34.0','01203000000KPIAAA4','False','True','Extreme amount of enjoyment','Virtual','Very much','Defense ball last beat enough car floor. Either run spend foot.','10','124','51');
INSERT INTO "Log__c" VALUES(101,'41.0','Not at all','2015-08-18','Just try contain become week tough. Suddenly firm can. Specific small small central picture billion economy. Without American deep.','28.0','74.0','01203000000KPI9AAO','False','False','Extreme amount of enjoyment','Virtual','Not at all','Describe citizen easy line enjoy hot. Provide teach onto course more need.','8','130','148');
INSERT INTO "Log__c" VALUES(102,'58.0','Rather much','2023-01-20','By break fact allow defense. Ability law action lead eight article.','11.0','12.0','01203000000KPIAAA4','True','True','Extreme amount of enjoyment','Virtual','To some extent','Suddenly image among political special many area. Vote range religious turn accept nice. Position design another anyone husband meeting.','8','136','145');
INSERT INTO "Log__c" VALUES(103,'50.0','Not at all','2020-01-22','Many writer worry country. Add house wonder those man south. Huge black person item scientist black.','75.0','8.0','01203000000KPIAAA4','True','True','A little enjoyment','In Person','To some extent','Feeling head position let. Hold important pattern nothing full exist.','8','137','155');
INSERT INTO "Log__c" VALUES(104,'10.0','Only a little','2016-06-30','Tend campaign prevent glass adult final trip. Back address performance appear would try. Two identify TV.','44.0','9.0','01203000000KPI9AAO','False','True','Some enjoyment','Virtual','Rather much','Down station shoulder idea sell central fight stand. Vote rest deal growth. Light film out work positive.','8','145','133');
INSERT INTO "Log__c" VALUES(105,'39.0','Rather much','2020-05-02','Dream usually recently agreement daughter stand. Expert state leg a skill tonight project large. Itself network single I before wish good.','30.0','9.0','01203000000KPI9AAO','False','True','Rather much enjoyment','In Person','Rather much','Old trip draw front military board skin. Service evidence join difficult.','8','139','142');
INSERT INTO "Log__c" VALUES(106,'2.0','To some extent','2018-04-07','Water break environment. Him firm live hard mother. Size simply military democratic need force apply where.','71.0','78.0','01203000000KPIAAA4','True','True','Rather much enjoyment','Virtual','Rather much','Sign course effort plan raise exist. Bed safe pattern thing left keep realize.','8','140','147');
INSERT INTO "Log__c" VALUES(107,'19.0','Not at all','2018-11-17','Management moment large market culture bed. Memory still country edge see. A card ahead spring attack.','41.0','54.0','01203000000KPI9AAO','False','True','A little enjoyment','In Person','Only a little','So tax work detail certainly risk way. Officer film maybe dog not next. Establish follow push lawyer.','8','142','133');
INSERT INTO "Log__c" VALUES(108,'89.0','Not at all','2022-08-30','Once rule former bill. Future development myself ever.','77.0','93.0','01203000000KPIAAA4','False','True','Rather much enjoyment','Virtual','To some extent','Agent back big last this south day attack. System modern require focus choose pretty. Short stop stop would each modern add.','8','147','132');
INSERT INTO "Log__c" VALUES(109,'53.0','Very much','2018-05-15','Contain better white analysis case glass mission available.','79.0','18.0','01203000000KPIAAA4','False','False','Some enjoyment','In Person','To some extent','Recognize job event final value national red civil. Effect college safe music lot customer service.','8','148','131');
INSERT INTO "Log__c" VALUES(110,'37.0','Very much','2019-01-17','Its want huge clearly. Source whether window reason push tell activity. Serve senior his mention choice.','8.0','67.0','01203000000KPIAAA4','True','True','Extreme amount of enjoyment','In Person','To some extent','Event animal realize support arm media southern contain.','8','150','132');
INSERT INTO "Log__c" VALUES(111,'35.0','To some extent','2016-02-05','Civil year three after explain fall. Stand help nation focus local could seek. Right lay discuss hear middle fly shake clearly.','89.0','11.0','01203000000KPI9AAO','False','False','A little enjoyment','Virtual','Not at all','Drop arrive because yes challenge foot pretty. Any during ability. Next low language decide sing direction so key.','8','151','146');
INSERT INTO "Log__c" VALUES(112,'56.0','Only a little','2017-10-05','Sister social by now my investment start. Voice study news end stay.','48.0','24.0','01203000000KPI9AAO','False','False','Extreme amount of enjoyment','In Person','To some extent','Always fast near audience. Smile evidence southern direction.','8','153','144');
INSERT INTO "Log__c" VALUES(113,'20.0','Very much','2017-11-25','Building evening meet. Huge method through decision type recently.','49.0','72.0','01203000000KPI9AAO','False','True','A little enjoyment','In Person','To some extent','Phone main himself near administration pull. Ball leg report I power. Identify worry book. Summer attack likely radio character federal.','8','154','151');
INSERT INTO "Log__c" VALUES(114,'96.0','Only a little','2017-08-20','Pretty truth different in director. Pm who behavior across thought research word.','23.0','41.0','01203000000KPIAAA4','False','True','Extreme amount of enjoyment','In Person','Rather much','Sense new land. Officer land life throughout deep but cover return.','8','154','154');
INSERT INTO "Log__c" VALUES(115,'91.0','Only a little','2022-03-04','War wait hard interview foreign. Result pass pay even test total.','56.0','50.0','01203000000KPIAAA4','True','True','No enjoyment','In Person','Only a little','Least task final history cold reach. Clear town identify maintain. In tax together story quickly.','4','160','170');
INSERT INTO "Log__c" VALUES(116,'79.0','To some extent','2017-01-19','Reason late back store above. Probably dog two I thus pull vote theory.','92.0','100.0','01203000000KPI9AAO','False','False','A little enjoyment','In Person','Not at all','Rest spring back plant list different street address. Father day seem kitchen leave design.','4','161','158');
INSERT INTO "Log__c" VALUES(117,'80.0','Rather much','2017-05-11','Past necessary carry adult position. Easy rather none.','12.0','100.0','01203000000KPI9AAO','False','True','Some enjoyment','In Person','Not at all','Individual policy truth just may dinner test. Food there system tend pretty food international. Whole do voice energy response address.','4','161','178');
INSERT INTO "Log__c" VALUES(118,'18.0','Very much','2020-01-27','According similar teacher soon let face. Itself day environment. Detail hotel enjoy nice. Environmental easy husband free area.','28.0','96.0','01203000000KPI9AAO','False','True','Rather much enjoyment','In Person','Only a little','Surface natural draw away serve picture PM. Around around people true.','4','158','172');
INSERT INTO "Log__c" VALUES(119,'36.0','Only a little','2018-03-29','Product yeah against. Parent teacher physical trial.','57.0','56.0','01203000000KPI9AAO','True','True','Rather much enjoyment','In Person','Very much','Measure street good how kid little magazine. End usually south court medical loss health leave.','4','158','177');
INSERT INTO "Log__c" VALUES(120,'35.0','Not at all','2017-01-24','One make leg man now. Now strong cell task force.','99.0','39.0','01203000000KPIAAA4','True','True','A little enjoyment','Virtual','Not at all','Citizen cause player difficult. Through buy five fill personal that real.','4','164','166');
INSERT INTO "Log__c" VALUES(121,'47.0','To some extent','2021-04-12','Simply road because scientist challenge outside security. Conference record month debate.','37.0','72.0','01203000000KPIAAA4','False','False','Some enjoyment','Virtual','Only a little','Into little dream hear people black. Serve he enter one draw during.','4','162','165');
INSERT INTO "Log__c" VALUES(122,'31.0','Very much','2020-11-24','Visit price family run. Shoulder job area national city card.','2.0','71.0','01203000000KPI9AAO','False','True','Rather much enjoyment','In Person','Not at all','Girl large media strong beat. Term size trip defense. Organization nature speak million road chance. Phone thank part loss through.','4','163','164');
INSERT INTO "Log__c" VALUES(123,'72.0','To some extent','2017-01-25','Side message marriage economy third approach example.','96.0','42.0','01203000000KPIAAA4','True','False','Rather much enjoyment','Virtual','Not at all','Congress almost kid adult around operation.','4','163','183');
INSERT INTO "Log__c" VALUES(124,'94.0','Only a little','2018-03-16','Different return off old small financial instead.','43.0','100.0','01203000000KPI9AAO','False','True','No enjoyment','In Person','Not at all','Away movie real sign party game. Military often ten begin pretty move.','4','166','164');
INSERT INTO "Log__c" VALUES(125,'22.0','Only a little','2018-05-02','Close sea friend remain. Hour drug section by moment TV least instead.','47.0','85.0','01203000000KPI9AAO','False','True','Extreme amount of enjoyment','Virtual','Only a little','Close beat note determine very. Cultural sure star final full seem soldier. Take sometimes market need sound walk.','4','168','177');
INSERT INTO "Log__c" VALUES(126,'1.0','Only a little','2017-09-03','Allow before half someone visit. Design five speech water fact manage summer. Performance he source laugh.','68.0','10.0','01203000000KPI9AAO','False','False','No enjoyment','In Person','Very much','Each early there fill. Play similar follow next data commercial. Whatever forget soldier believe.','4','170','174');
INSERT INTO "Log__c" VALUES(127,'51.0','Rather much','2016-12-08','Under develop impact suffer less include yes. Want inside total three enter need push executive.','53.0','20.0','01203000000KPI9AAO','False','True','Some enjoyment','Virtual','Only a little','Mission produce bank size street. Kid our player.','4','171','171');
INSERT INTO "Log__c" VALUES(128,'59.0','Not at all','2021-10-13','Technology office charge. Talk employee wrong kid.','61.0','37.0','01203000000KPI9AAO','True','False','Extreme amount of enjoyment','In Person','Rather much','Cost win air cold. Onto about office bank require month tell bill.','4','171','169');
INSERT INTO "Log__c" VALUES(129,'23.0','Only a little','2020-03-16','Them fish course young heart true. Western large cell card enter quality.','96.0','81.0','01203000000KPIAAA4','False','False','A little enjoyment','Virtual','To some extent','Specific whether song yard guy break.','4','171','174');
INSERT INTO "Log__c" VALUES(130,'8.0','To some extent','2019-09-21','Reduce fill federal consider. First play produce decade class sit.','29.0','6.0','01203000000KPIAAA4','True','False','No enjoyment','Virtual','Rather much','Bad fly serve my citizen your note. People sometimes trip without can doctor little. Give mouth three final more.','4','175','179');
INSERT INTO "Log__c" VALUES(131,'62.0','Very much','2016-11-01','Strong stuff area artist off security. Rather write boy protect natural economy arm.','21.0','66.0','01203000000KPIAAA4','True','True','Rather much enjoyment','Virtual','To some extent','Color friend instead work should reason. Model news better may. News security pull one person. Outside college very suggest share.','4','177','166');
INSERT INTO "Log__c" VALUES(132,'15.0','Not at all','2015-07-20','Still professional court anything relationship task. Performance up born power open. Idea billion couple evening many leg.','34.0','15.0','01203000000KPIAAA4','False','True','No enjoyment','Virtual','Rather much','Guy likely cold push camera without media. Own focus likely why prevent discussion car. Field country structure trade trial drive figure. Future child technology word billion politics.','4','179','169');
INSERT INTO "Log__c" VALUES(133,'62.0','To some extent','2018-08-31','Per teacher deal me be reality. Billion sometimes choose manager party investment. Little game woman collection her stuff.','59.0','3.0','01203000000KPI9AAO','True','True','Some enjoyment','Virtual','Rather much','Candidate name four finally second. Treat left agency red catch. Safe color author especially.','4','181','177');
INSERT INTO "Log__c" VALUES(134,'87.0','Very much','2016-01-08','Management behind pull marriage. Democratic son price education travel. Reduce laugh world treatment in to simply.','53.0','13.0','01203000000KPIAAA4','True','False','Extreme amount of enjoyment','Virtual','To some extent','Better once science manager. Artist size history certainly they former.','4','183','170');
INSERT INTO "Log__c" VALUES(135,'35.0','Only a little','2016-07-02','Ask cold start agent. Series society operation current.','59.0','27.0','01203000000KPI9AAO','True','False','No enjoyment','Virtual','Rather much','Usually week staff attention maybe sell. Experience big purpose source.','6','32','31');
INSERT INTO "Log__c" VALUES(136,'37.0','Only a little','2021-08-14','Structure media anything old. Effort middle yourself better enter themselves.','96.0','38.0','01203000000KPIAAA4','False','True','No enjoyment','In Person','Only a little','Above offer Republican specific court raise lose. Own police create.','6','36','35');
INSERT INTO "Log__c" VALUES(137,'95.0','To some extent','2015-06-10','Bad fill instead national discover doctor kid simple.','1.0','38.0','01203000000KPIAAA4','False','True','No enjoyment','In Person','To some extent','Statement music him term price too on enough. Suddenly idea guy kid before. Design soon month.','6','128','128');
INSERT INTO "Log__c" VALUES(138,'79.0','Not at all','2018-06-27','Sister he democratic property. To other fly natural level party. Scene environment school price worker despite also.','14.0','36.0','01203000000KPIAAA4','True','True','Extreme amount of enjoyment','Virtual','Only a little','Whose discussion fine sort then arm morning.','6','39','37');
INSERT INTO "Log__c" VALUES(139,'9.0','Very much','2021-02-01','Network add former require majority head indicate. Should enjoy always voice. Prevent add bar sell check chance TV.','63.0','67.0','01203000000KPIAAA4','True','False','Some enjoyment','Virtual','Only a little','Game production side when can. Newspaper weight remain strong. Name wife support field social alone type her.','6','42','33');
INSERT INTO "Log__c" VALUES(140,'50.0','Only a little','2015-06-17','Through practice expert nature real green do. Product involve wonder around result seven star deal.','54.0','39.0','01203000000KPIAAA4','False','False','Extreme amount of enjoyment','In Person','To some extent','Mind play after candidate individual call. Son protect book we gun low. Meeting end himself ever prove ok top.','6','34','28');
INSERT INTO "Log__c" VALUES(141,'95.0','Only a little','2019-05-17','Miss matter business medical surface another collection it. Education concern increase strong over population. Tend poor half us social.','17.0','42.0','01203000000KPI9AAO','True','False','Rather much enjoyment','In Person','Only a little','Happen wonder option seven big much. Win actually third I by laugh matter part. Beautiful role activity company.','6','128','129');
INSERT INTO "Log__c" VALUES(142,'89.0','Only a little','2019-07-02','Traditional my somebody easy attack on. Year course sister guy surface student. On while writer learn visit go.','14.0','84.0','01203000000KPIAAA4','True','False','Rather much enjoyment','Virtual','Very much','Certain majority stage. Kid early activity figure need.','6','129','26');
INSERT INTO "Log__c" VALUES(143,'86.0','Not at all','2015-03-11','Tv month push analysis. Add feeling face main none. Drug serious increase more prevent often member success.','49.0','90.0','01203000000KPIAAA4','False','False','A little enjoyment','Virtual','Rather much','Current have power audience president. Tonight business vote character young seem listen cause. Style someone interesting hand read discuss morning.','6','26','30');
INSERT INTO "Log__c" VALUES(144,'11.0','Only a little','2022-11-23','About effort fact perhaps arm herself past.','94.0','97.0','01203000000KPIAAA4','False','False','A little enjoyment','In Person','Very much','Company thus area. Establish rather as usually fall. However someone lose fire bill create either.','6','27','42');
INSERT INTO "Log__c" VALUES(145,'73.0','Rather much','2019-09-09','Popular one class learn war. Friend social someone.','83.0','11.0','01203000000KPIAAA4','True','True','A little enjoyment','Virtual','Very much','Treat join rest back deal. Itself their consumer model. Individual source Mrs figure. Travel responsibility situation join space wish value.','6','27','27');
INSERT INTO "Log__c" VALUES(146,'21.0','To some extent','2018-07-25','Everybody behind much cultural drive over. Clearly onto trip specific.','17.0','95.0','01203000000KPIAAA4','True','True','Rather much enjoyment','Virtual','To some extent','Serve town she out say people south candidate. Cut mean beyond great.','6','24','129');
INSERT INTO "Log__c" VALUES(147,'82.0','To some extent','2021-06-14','Herself billion rule share want region state sister. Important history memory where. Fine hit ago character.','23.0','10.0','01203000000KPI9AAO','False','False','No enjoyment','In Person','Rather much','Continue great full no through teacher law finally. Still player meeting money trouble radio short.','6','24','27');
INSERT INTO "Log__c" VALUES(148,'31.0','Very much','2022-11-14','Best these return thousand part. Expect hot whatever officer so suffer final. Hotel hear peace finally mouth paper.','49.0','31.0','01203000000KPI9AAO','True','True','A little enjoyment','Virtual','Very much','What girl product effect could. Among of spring might. Others song name carry.','6','127','39');
INSERT INTO "Log__c" VALUES(149,'62.0','Not at all','2019-05-24','Attorney material prepare different hot employee whole. Thing network herself list development however join.','100.0','78.0','01203000000KPIAAA4','True','False','Rather much enjoyment','Virtual','Only a little','Without long out leader threat feel. Suggest cost brother computer. See miss hit language media.','6','127','128');
INSERT INTO "Log__c" VALUES(150,'25.0','Not at all','2017-10-03','And food break answer whom deal real. Family democratic another since place image finish.','87.0','66.0','01203000000KPIAAA4','True','False','Extreme amount of enjoyment','Virtual','Rather much','Fire order officer leader we politics body. Same minute if order.','6','127','129');
INSERT INTO "Log__c" VALUES(151,'99.0','Very much','2016-05-07','Some road mission. Skill court whose buy.','94.0','78.0','01203000000KPIAAA4','True','False','Rather much enjoyment','In Person','To some extent','Window seat medical. Apply near value plan investment health. Democratic space great detail animal just let.','6','25','118');
INSERT INTO "Log__c" VALUES(152,'90.0','To some extent','2018-09-25','Technology evidence year catch official degree than. Activity begin draw building visit.','66.0','16.0','01203000000KPI9AAO','True','True','Rather much enjoyment','In Person','Very much','Country truth feeling home wonder. Newspaper sing sense carry. Usually more hour order appear away.','6','28','26');
INSERT INTO "Log__c" VALUES(153,'74.0','Only a little','2015-03-08','House prevent operation help as. Skin among sit position choice.','50.0','25.0','01203000000KPIAAA4','False','True','A little enjoyment','Virtual','Rather much','Case memory many need leader million. Watch most evidence this low help long policy.','5','186','205');
INSERT INTO "Log__c" VALUES(154,'100.0','Rather much','2018-12-19','Mrs along leader middle thing perhaps per appear. Also image level option course organization expert. Specific head theory anything certainly.','32.0','96.0','01203000000KPI9AAO','True','False','Some enjoyment','In Person','Not at all','Raise oil project beyond also friend into. International site moment design.','6','28','127');
INSERT INTO "Log__c" VALUES(155,'0.0','Rather much','2020-03-04','Green hard choose research necessary without more. Manage land kid past house same cold page.','67.0','29.0','01203000000KPIAAA4','False','True','No enjoyment','Virtual','Not at all','Room bed manager from director. Born truth peace theory hundred woman prevent.','6','28','25');
INSERT INTO "Log__c" VALUES(156,'79.0','To some extent','2022-12-18','Box trade family believe or decision. My lot seven image machine expert.','84.0','9.0','01203000000KPIAAA4','False','False','Some enjoyment','Virtual','Only a little','Candidate water dark happen possible fight film garden. Blue approach realize politics.','5','184','197');
INSERT INTO "Log__c" VALUES(157,'63.0','Not at all','2021-02-11','Worker yet remain suffer. People source hold market nor. Together than federal from analysis degree.','24.0','57.0','01203000000KPI9AAO','True','True','A little enjoyment','Virtual','To some extent','Often TV natural field. Size inside with late.','5','186','208');
INSERT INTO "Log__c" VALUES(158,'97.0','To some extent','2015-09-30','Meet boy here.','17.0','54.0','01203000000KPIAAA4','False','True','Extreme amount of enjoyment','In Person','Very much','Style hear doctor realize. Project less American. Listen section determine step land level simply.','5','188','187');
INSERT INTO "Log__c" VALUES(159,'95.0','Rather much','2016-10-27','Now let bank agency cell west read. Woman yes standard growth. Possible cultural make party finally nearly range think.','37.0','54.0','01203000000KPIAAA4','False','True','Extreme amount of enjoyment','Virtual','Very much','Argue worker upon. Service source pattern four including much different. Matter drop chance executive.','5','190','204');
INSERT INTO "Log__c" VALUES(160,'7.0','Very much','2016-04-06','State seek something thousand view. Any action training. Answer bed detail figure.','24.0','28.0','01203000000KPIAAA4','False','False','A little enjoyment','In Person','Not at all','Teach seem stage stage audience give back. Some that girl ahead return.','5','192','205');
INSERT INTO "Log__c" VALUES(161,'5.0','Not at all','2022-03-10','Behind summer adult first area without end. Key real rather again off medical. Include to several century office draw car.','83.0','22.0','01203000000KPIAAA4','True','False','No enjoyment','Virtual','Only a little','Room hundred possible because arrive himself respond national.','5','192','206');
INSERT INTO "Log__c" VALUES(162,'77.0','Not at all','2021-04-22','Development when school continue bag compare degree. Throughout whatever you pretty whatever.','47.0','18.0','01203000000KPI9AAO','False','False','Rather much enjoyment','In Person','Only a little','Close parent why state rather possible individual practice. Huge song owner believe. Believe machine early indeed. Wonder offer break American dark give marriage.','5','196','206');
INSERT INTO "Log__c" VALUES(163,'39.0','To some extent','2017-08-31','Learn everyone walk country coach. Head no need how before rule rich.','14.0','85.0','01203000000KPIAAA4','False','True','No enjoyment','In Person','Only a little','Evidence public cold establish environmental. Rise may relate form race address. Never day color even true team.','5','198','206');
INSERT INTO "Log__c" VALUES(164,'35.0','Very much','2021-06-10','Think best wall idea town. Maintain car large method all owner.','78.0','88.0','01203000000KPI9AAO','False','True','A little enjoyment','Virtual','To some extent','Business me material shake college boy accept. General crime various young serve focus laugh.','5','199','201');
INSERT INTO "Log__c" VALUES(165,'48.0','Very much','2017-11-15','Campaign whom wonder near. Where project indeed possible end.','76.0','16.0','01203000000KPI9AAO','True','False','A little enjoyment','In Person','To some extent','Song buy operation guy. Rock second student arrive support laugh. Head any positive.','5','200','206');
INSERT INTO "Log__c" VALUES(166,'89.0','To some extent','2015-01-27','Sound region song goal study several. Person clear rather cup Congress pressure.','36.0','1.0','01203000000KPIAAA4','True','True','Extreme amount of enjoyment','Virtual','Very much','Ball necessary school matter. Few leader run. Civil religious step itself. Not break daughter more leg.','5','201','184');
INSERT INTO "Log__c" VALUES(167,'57.0','Very much','2016-09-18','Many this not among draw fire car. Information politics act special each. Above activity space final food type leave.','100.0','71.0','01203000000KPIAAA4','False','False','Extreme amount of enjoyment','Virtual','Very much','Move possible term probably ok finish right air. Movie anything opportunity song moment character real. Kitchen beat foot word story do tonight.','5','201','210');
INSERT INTO "Log__c" VALUES(168,'56.0','Very much','2017-10-11','Building example clearly. Court base doctor crime college know. Argue product cut rather year not.','20.0','22.0','01203000000KPIAAA4','True','True','A little enjoyment','In Person','Not at all','Tough get four citizen. Theory friend radio particular set central.','5','202','203');
INSERT INTO "Log__c" VALUES(169,'20.0','Not at all','2015-06-25','Make none real impact. Money spring lawyer weight.','75.0','51.0','01203000000KPI9AAO','False','False','Extreme amount of enjoyment','Virtual','To some extent','Down capital exist different art. Information three phone play.','5','203','204');
INSERT INTO "Log__c" VALUES(170,'46.0','Very much','2022-11-17','These future course around former wish. Live nothing get record fall. Feeling consumer page pay good so former.','27.0','58.0','01203000000KPIAAA4','False','True','Rather much enjoyment','In Person','To some extent','Sound share tough under husband. Both heavy board expert eat recognize. Travel kid want long soldier. Significant myself one.','5','206','207');
INSERT INTO "Log__c" VALUES(171,'33.0','Not at all','2016-11-28','Hair close rock. Authority amount network health.','86.0','40.0','01203000000KPI9AAO','False','True','A little enjoyment','Virtual','Rather much','International especially author operation ahead. Sister view present officer American remain simply. Most majority skin almost expert.','5','205','201');
INSERT INTO "Log__c" VALUES(172,'48.0','Rather much','2020-04-22','Store end group beautiful certain. Couple enough it we personal partner above. Range life watch. Phone degree model.','41.0','72.0','01203000000KPIAAA4','True','False','Rather much enjoyment','In Person','Only a little','Specific exist guy sense talk prepare. Price put attack water. We certain section specific despite.','5','205','201');
INSERT INTO "Log__c" VALUES(173,'53.0','Not at all','2018-03-13','Manager especially audience occur only. Member lead test thing.','65.0','59.0','01203000000KPIAAA4','False','False','Rather much enjoyment','Virtual','Very much','Hospital person into change message movie soldier prevent. Water current dream open. Because toward visit find system your position indeed.','5','206','185');
INSERT INTO "Log__c" VALUES(174,'74.0','Only a little','2021-10-24','Smile find particular stage follow believe. End serve picture behavior project read meeting. Same identify million region.','21.0','45.0','01203000000KPIAAA4','True','False','No enjoyment','Virtual','To some extent','Voice local imagine behind heart herself. Able might even receive cultural else. Develop or even job across.','5','212','210');
INSERT INTO "Log__c" VALUES(175,'22.0','Only a little','2020-09-25','Range west huge smile. Newspaper later floor wind this and these. Great charge special.','87.0','75.0','01203000000KPIAAA4','False','False','A little enjoyment','Virtual','Only a little','Building effort control around. Choose enter do him specific low. We also situation today former lead that. Offer research take arm style resource least activity.','1','224','236');
INSERT INTO "Log__c" VALUES(176,'42.0','Not at all','2019-02-24','Husband all challenge instead mind fact very. However daughter debate meeting some represent. Shoulder everyone size method require foreign.','71.0','34.0','01203000000KPIAAA4','False','True','Some enjoyment','In Person','Rather much','Number street easy huge against their ago month. Increase across certainly learn any break. Security TV last sort this thought. Role responsibility less.','1','227','220');
INSERT INTO "Log__c" VALUES(177,'83.0','Not at all','2018-07-13','Can member among someone sure catch reduce reach. Meet sense will small process choice course suffer. Together cup those soon easy young.','54.0','25.0','01203000000KPI9AAO','False','False','No enjoyment','Virtual','To some extent','Positive main key less fly pull bed him. Pattern address trip year drive law. After tough some civil firm sing.','1','226','226');
INSERT INTO "Log__c" VALUES(178,'51.0','Not at all','2018-04-20','Without pattern must career force. Future prove eye paper recognize kid nothing. Thing music always if up heavy herself.','76.0','75.0','01203000000KPIAAA4','False','False','Extreme amount of enjoyment','Virtual','Rather much','Authority for agency drug adult chair would. Necessary investment behind ability network.','1','226','223');
INSERT INTO "Log__c" VALUES(179,'72.0','Only a little','2022-09-06','Know American arm kid I enter. Maintain town fight set book cell.','12.0','77.0','01203000000KPIAAA4','True','False','Extreme amount of enjoyment','In Person','Only a little','Last nature explain within effect entire.','1','228','224');
INSERT INTO "Log__c" VALUES(180,'15.0','Very much','2021-11-06','Member discussion close as. Experience speech apply into operation good open. Personal practice evening behavior determine almost word.','10.0','65.0','01203000000KPI9AAO','True','False','A little enjoyment','Virtual','Not at all','As statement phone behavior. Yes coach management seek night. Conference financial learn once.','1','228','233');
INSERT INTO "Log__c" VALUES(181,'58.0','To some extent','2020-08-14','Better raise day good hundred. Government material leg. Blue writer charge when number line when.','8.0','93.0','01203000000KPIAAA4','False','False','No enjoyment','Virtual','Very much','Course may morning. Decide born piece form close every wait. Trip others south rest air couple after.','1','230','218');
INSERT INTO "Log__c" VALUES(182,'67.0','Not at all','2015-10-25','Air worker here specific mind. Respond institution dream decide modern continue yeah. From his democratic today wife.','22.0','100.0','01203000000KPI9AAO','False','True','A little enjoyment','Virtual','Only a little','Few cut kitchen myself move key seven person. Nothing seat middle something. General get than run door TV.','1','244','235');
INSERT INTO "Log__c" VALUES(183,'88.0','Rather much','2019-04-18','Mouth newspaper cost simply magazine never certain. Action none game family. Discover whether education many different tend.','13.0','15.0','01203000000KPI9AAO','False','False','Extreme amount of enjoyment','In Person','Rather much','Until wonder election then. Office approach boy lead. See shoulder us figure continue goal.','1','233','224');
INSERT INTO "Log__c" VALUES(184,'44.0','To some extent','2019-01-26','Animal western benefit above choice however. Small capital ball perform become gun. Quickly left data Mr more claim performance reason. Rise development keep which together environment necessary series.','0.0','92.0','01203000000KPI9AAO','False','False','A little enjoyment','In Person','Only a little','Wife smile care. Personal across within effort though particular wife. Shoulder have early which week short available.','1','233','236');
INSERT INTO "Log__c" VALUES(185,'96.0','Not at all','2020-01-24','Feel cup they form rest in box level. Official be lawyer success happen machine inside operation.','51.0','33.0','01203000000KPI9AAO','False','False','Some enjoyment','In Person','Very much','Happen future nice huge begin least. Chance peace night cost there paper modern. Yeah call against likely table writer establish.','1','216','233');
INSERT INTO "Log__c" VALUES(186,'83.0','Only a little','2019-05-20','Central reason final too build director can. Event mother keep keep.','42.0','70.0','01203000000KPIAAA4','False','False','A little enjoyment','In Person','To some extent','Writer push organization physical current four remember. Beat physical cause fund account occur player. Beyond sometimes finish wide.','1','234','238');
INSERT INTO "Log__c" VALUES(187,'94.0','Not at all','2021-07-14','Happy last mother. Similar present down central dinner sea.','37.0','32.0','01203000000KPI9AAO','True','True','Rather much enjoyment','In Person','Rather much','Way know still tree. Civil meeting Mrs each price create dream seem.','1','234','239');
INSERT INTO "Log__c" VALUES(188,'55.0','To some extent','2019-05-30','Perhaps if table deal. Apply very house.','60.0','41.0','01203000000KPIAAA4','True','False','No enjoyment','In Person','To some extent','First close who within. Everything part from suggest. Follow someone feel security.','1','235','234');
INSERT INTO "Log__c" VALUES(189,'28.0','Very much','2017-03-20','When pretty wide bill administration street shake out. Evidence PM prepare information officer friend try.','44.0','83.0','01203000000KPI9AAO','False','False','Extreme amount of enjoyment','In Person','Very much','Have project Democrat without. Movement example then safe student say stage.','1','216','238');
INSERT INTO "Log__c" VALUES(190,'61.0','Not at all','2021-07-30','Include clear police picture movie. Site already say have.','39.0','68.0','01203000000KPI9AAO','False','False','Extreme amount of enjoyment','In Person','Only a little','Look weight hair nor again will artist late.','1','217','229');
INSERT INTO "Log__c" VALUES(191,'9.0','Not at all','2019-05-18','Pattern home room whatever first economy former. Information her indeed different than near. Level offer significant particular top collection.','65.0','53.0','01203000000KPIAAA4','False','False','Rather much enjoyment','In Person','Very much','Condition interesting drop blood case whom. Example few throw mission indicate end hospital. Imagine at culture child under community.','1','218','222');
INSERT INTO "Log__c" VALUES(192,'7.0','Very much','2020-01-23','Action success plan mouth source large evening. View since behind huge.','86.0','53.0','01203000000KPI9AAO','False','False','Some enjoyment','In Person','To some extent','Represent positive month. Which ready house improve black. Huge factor customer build training strong life since.','1','213','223');
INSERT INTO "Log__c" VALUES(193,'57.0','Only a little','2016-08-29','Turn position offer material development remain Mr including. Bad term page quality less figure former. Yet center step lose wind bring.','0.0','68.0','01203000000KPIAAA4','False','True','A little enjoyment','In Person','Not at all','Best mother maintain compare issue. Able huge class easy. Single thing collection key friend firm.','1','220','225');
INSERT INTO "Log__c" VALUES(194,'30.0','Very much','2021-07-20','Wrong always of very point. Customer prevent if old piece wall. Quite here show where ok past inside myself.','57.0','99.0','01203000000KPIAAA4','False','True','No enjoyment','In Person','Only a little','Back life sometimes sit fill. Why road lot morning various morning first.','1','222','234');
INSERT INTO "Log__c" VALUES(195,'22.0','Very much','2019-10-26','Appear member dark property mission order. Mean thus protect teacher soon draw mission. Democrat everything skill recognize not.','49.0','57.0','01203000000KPI9AAO','True','True','Extreme amount of enjoyment','In Person','Rather much','Every just quite such story. Reduce science hear recognize get staff couple.','2','240','7');
INSERT INTO "Log__c" VALUES(196,'90.0','Not at all','2018-01-19','About beyond side ok company. Place left paper remain get next wrong.','6.0','48.0','01203000000KPI9AAO','False','False','A little enjoyment','Virtual','Only a little','Outside imagine market small. Back again economy.','2','243','17');
INSERT INTO "Log__c" VALUES(197,'14.0','Rather much','2022-05-18','Star hope factor age Mrs.','12.0','27.0','01203000000KPIAAA4','False','False','Some enjoyment','Virtual','Only a little','Number theory cell these. Though actually hour create experience.','2','246','246');
INSERT INTO "Log__c" VALUES(198,'76.0','Rather much','2020-08-11','Decade service sort continue specific team dog. Well approach benefit political against management evidence.','2.0','92.0','01203000000KPIAAA4','False','False','Some enjoyment','Virtual','To some extent','Money party thank significant. International property week lose mouth. Throughout short result drive join beautiful wait.','2','1','242');
INSERT INTO "Log__c" VALUES(199,'29.0','Not at all','2015-05-07','Star Republican talk offer fund college stay. Heart strong far skin food. Method American yeah include foot expert.','38.0','30.0','01203000000KPI9AAO','False','False','No enjoyment','In Person','To some extent','Data Congress course painting compare teacher. Above again force relationship move suddenly include to.','2','1','1');
INSERT INTO "Log__c" VALUES(200,'75.0','Very much','2015-04-19','That happy expert whole dark could. Candidate red amount ahead fire. Operation knowledge behavior quite concern total agent. Trade choice tell surface decide color.','88.0','17.0','01203000000KPI9AAO','True','False','No enjoyment','Virtual','Not at all','Positive stand themselves control. Instead take forget run continue.','2','2','16');
CREATE TABLE "Log__c_rt_mapping" (
	record_type_id VARCHAR(18) NOT NULL, 
	developer_name VARCHAR(255), 
	PRIMARY KEY (record_type_id)
);
INSERT INTO "Log__c_rt_mapping" VALUES('01203000000KPI9AAO','Client');
INSERT INTO "Log__c_rt_mapping" VALUES('01203000000KPIAAA4','TeamFacilitator');
CREATE TABLE "ProgramAssignment__c" (
	id INTEGER NOT NULL, 
	"AssignedDate__c" VARCHAR(255), 
	"CompletionDate__c" VARCHAR(255), 
	"ExpectedCompletion__c" VARCHAR(255), 
	"Status__c" VARCHAR(255), 
	"Contact__c" VARCHAR(255), 
	"Program__c" VARCHAR(255), 
	PRIMARY KEY (id)
);
INSERT INTO "ProgramAssignment__c" VALUES(1,'2016-10-03','2022-02-26','2017-07-12','Discontinued','32','47');
INSERT INTO "ProgramAssignment__c" VALUES(2,'2015-02-25','2016-01-25','2022-01-30','Completed','229','216');
INSERT INTO "ProgramAssignment__c" VALUES(3,'2018-04-16','2019-10-01','2020-11-26','Discontinued','13','124');
INSERT INTO "ProgramAssignment__c" VALUES(4,'2016-09-06','2017-11-20','2019-01-10','Discontinued','174','201');
INSERT INTO "ProgramAssignment__c" VALUES(5,'2017-11-24','2022-06-22','2019-03-21','Removed','203','192');
INSERT INTO "ProgramAssignment__c" VALUES(6,'2015-02-20','2021-02-28','2017-02-19','Completed','110','87');
INSERT INTO "ProgramAssignment__c" VALUES(7,'2017-03-25','2019-04-23','2022-08-22','Discontinued','146','146');
INSERT INTO "ProgramAssignment__c" VALUES(8,'2023-02-25','2023-02-25','2023-02-25','Completed','248','130');
INSERT INTO "ProgramAssignment__c" VALUES(9,'2021-10-11','2021-12-24','2022-12-06','Discontinued','79','64');
INSERT INTO "ProgramAssignment__c" VALUES(10,'2018-02-19','2018-10-17','2022-01-21','In Progress','62','40');
CREATE TABLE "Program__c" (
	id INTEGER NOT NULL, 
	"CEU__c" VARCHAR(255), 
	"Current__c" VARCHAR(255), 
	"Months__c" VARCHAR(255), 
	"Name" VARCHAR(255), 
	"Reminder__c" VARCHAR(255), 
	"Standalone__c" VARCHAR(255), 
	PRIMARY KEY (id)
);
INSERT INTO "Program__c" VALUES(1,'False','True','1.5','Medical Disability [CEU]','','True');
INSERT INTO "Program__c" VALUES(2,'False','True','1.0','Medical Disability','','True');
INSERT INTO "Program__c" VALUES(3,'False','True','1.5','Medical Disability [CEU]','','True');
INSERT INTO "Program__c" VALUES(4,'True','True','4.0','OT Advanced Bundle [CEU]','','True');
INSERT INTO "Program__c" VALUES(5,'False','True','1.0','Psychiatric Disability','','True');
INSERT INTO "Program__c" VALUES(6,'True','True','1.5','Psychiatric Disability [CEU]','','True');
INSERT INTO "Program__c" VALUES(7,'False','True','4.0','Puppy Raiser','30.0','False');
INSERT INTO "Program__c" VALUES(8,'False','True','1.0','Service Dog Selection','','True');
INSERT INTO "Program__c" VALUES(9,'True','True','1.5','Service Dog Selection [CEU]','','True');
INSERT INTO "Program__c" VALUES(10,'False','True','6.0','Client Certification','30.0','False');
INSERT INTO "Program__c" VALUES(11,'False','True','1.0','Fitness','','True');
INSERT INTO "Program__c" VALUES(12,'True','True','1.5','Fitness [CEU]','','True');
INSERT INTO "Program__c" VALUES(13,'False','True','1.0','Medical Disability','','True');
INSERT INTO "Program__c" VALUES(14,'True','True','4.0','Service Dog Training Bundle','','True');
INSERT INTO "Program__c" VALUES(15,'False','True','1.0','Service Dogs Foundations','','True');
INSERT INTO "Program__c" VALUES(16,'False','True','1.5','Service Dogs Foundations [CEU]','','True');
INSERT INTO "Program__c" VALUES(17,'False','True','0.3','Staff','7.0','False');
INSERT INTO "Program__c" VALUES(18,'True','True','3.0','Sweet Snoopers [CEU]','','True');
INSERT INTO "Program__c" VALUES(19,'False','True','0.5','Volunteer','7.0','False');
INSERT INTO "Program__c" VALUES(20,'False','True','6.0','Client Certification','30.0','False');
INSERT INTO "Program__c" VALUES(21,'False','True','1.0','Fitness','','True');
INSERT INTO "Program__c" VALUES(22,'True','True','1.5','Fitness [CEU]','','True');
INSERT INTO "Program__c" VALUES(23,'False','True','1.0','Medical Disability','','True');
INSERT INTO "Program__c" VALUES(24,'False','True','1.5','Medical Disability [CEU]','','True');
INSERT INTO "Program__c" VALUES(25,'False','True','1.0','Medical Disability','','True');
INSERT INTO "Program__c" VALUES(26,'False','True','1.5','Medical Disability [CEU]','','True');
INSERT INTO "Program__c" VALUES(27,'True','True','4.0','OT Advanced Bundle [CEU]','','True');
INSERT INTO "Program__c" VALUES(28,'False','True','1.0','Psychiatric Disability','','True');
INSERT INTO "Program__c" VALUES(29,'True','True','1.5','Psychiatric Disability [CEU]','','True');
INSERT INTO "Program__c" VALUES(30,'False','True','4.0','Puppy Raiser','30.0','False');
INSERT INTO "Program__c" VALUES(31,'False','True','1.0','Service Dog Selection','','True');
INSERT INTO "Program__c" VALUES(32,'True','True','1.5','Service Dog Selection [CEU]','','True');
INSERT INTO "Program__c" VALUES(33,'True','True','4.0','Service Dog Training Bundle','','True');
INSERT INTO "Program__c" VALUES(34,'False','True','1.0','Service Dogs Foundations','','True');
INSERT INTO "Program__c" VALUES(35,'False','True','1.5','Service Dogs Foundations [CEU]','','True');
INSERT INTO "Program__c" VALUES(36,'False','True','0.3','Staff','7.0','False');
INSERT INTO "Program__c" VALUES(37,'True','True','3.0','Sweet Snoopers [CEU]','','True');
INSERT INTO "Program__c" VALUES(38,'False','True','4.0','Team Facilitator','30.0','True');
INSERT INTO "Program__c" VALUES(39,'False','True','6.0','Teams Set in Motion Client','','True');
INSERT INTO "Program__c" VALUES(40,'True','True','9.0','Trainer Certification','30.0','False');
INSERT INTO "Program__c" VALUES(41,'False','True','0.5','Volunteer','7.0','False');
INSERT INTO "Program__c" VALUES(42,'False','True','6.0','Client Certification','30.0','False');
INSERT INTO "Program__c" VALUES(43,'False','True','1.0','Fitness','','True');
INSERT INTO "Program__c" VALUES(44,'True','True','1.5','Fitness [CEU]','','True');
INSERT INTO "Program__c" VALUES(45,'False','True','1.0','Medical Disability','','True');
INSERT INTO "Program__c" VALUES(46,'False','True','4.0','Team Facilitator','30.0','True');
INSERT INTO "Program__c" VALUES(47,'False','True','6.0','Teams Set in Motion Client','','True');
INSERT INTO "Program__c" VALUES(48,'True','True','9.0','Trainer Certification','30.0','False');
INSERT INTO "Program__c" VALUES(49,'False','True','1.5','Medical Disability [CEU]','','True');
INSERT INTO "Program__c" VALUES(50,'False','True','1.0','Medical Disability','','True');
INSERT INTO "Program__c" VALUES(51,'False','True','1.5','Medical Disability [CEU]','','True');
INSERT INTO "Program__c" VALUES(52,'True','True','4.0','OT Advanced Bundle [CEU]','','True');
INSERT INTO "Program__c" VALUES(53,'False','True','1.0','Psychiatric Disability','','True');
INSERT INTO "Program__c" VALUES(54,'True','True','1.5','Psychiatric Disability [CEU]','','True');
INSERT INTO "Program__c" VALUES(55,'False','True','4.0','Puppy Raiser','30.0','False');
INSERT INTO "Program__c" VALUES(56,'False','True','1.0','Service Dog Selection','','True');
INSERT INTO "Program__c" VALUES(57,'True','True','1.5','Service Dog Selection [CEU]','','True');
INSERT INTO "Program__c" VALUES(58,'True','True','4.0','Service Dog Training Bundle','','True');
INSERT INTO "Program__c" VALUES(59,'False','True','1.0','Service Dogs Foundations','','True');
INSERT INTO "Program__c" VALUES(60,'False','True','1.5','Service Dogs Foundations [CEU]','','True');
INSERT INTO "Program__c" VALUES(61,'False','True','0.3','Staff','7.0','False');
INSERT INTO "Program__c" VALUES(62,'True','True','3.0','Sweet Snoopers [CEU]','','True');
INSERT INTO "Program__c" VALUES(63,'False','True','4.0','Team Facilitator','30.0','True');
INSERT INTO "Program__c" VALUES(64,'False','True','6.0','Teams Set in Motion Client','','True');
INSERT INTO "Program__c" VALUES(65,'True','True','9.0','Trainer Certification','30.0','False');
INSERT INTO "Program__c" VALUES(66,'False','True','0.5','Volunteer','7.0','False');
INSERT INTO "Program__c" VALUES(67,'False','True','6.0','Client Certification','30.0','False');
INSERT INTO "Program__c" VALUES(68,'False','True','1.0','Fitness','','True');
INSERT INTO "Program__c" VALUES(69,'True','True','1.5','Fitness [CEU]','','True');
INSERT INTO "Program__c" VALUES(70,'False','True','1.0','Medical Disability','','True');
INSERT INTO "Program__c" VALUES(71,'False','True','1.5','Medical Disability [CEU]','','True');
INSERT INTO "Program__c" VALUES(72,'False','True','1.0','Medical Disability','','True');
INSERT INTO "Program__c" VALUES(73,'False','True','1.5','Medical Disability [CEU]','','True');
INSERT INTO "Program__c" VALUES(74,'True','True','4.0','OT Advanced Bundle [CEU]','','True');
INSERT INTO "Program__c" VALUES(75,'False','True','1.0','Psychiatric Disability','','True');
INSERT INTO "Program__c" VALUES(76,'True','True','1.5','Psychiatric Disability [CEU]','','True');
INSERT INTO "Program__c" VALUES(77,'False','True','4.0','Puppy Raiser','30.0','False');
INSERT INTO "Program__c" VALUES(78,'False','True','1.0','Service Dog Selection','','True');
INSERT INTO "Program__c" VALUES(79,'True','True','1.5','Service Dog Selection [CEU]','','True');
INSERT INTO "Program__c" VALUES(80,'True','True','4.0','Service Dog Training Bundle','','True');
INSERT INTO "Program__c" VALUES(81,'False','True','1.0','Service Dogs Foundations','','True');
INSERT INTO "Program__c" VALUES(82,'False','True','1.5','Service Dogs Foundations [CEU]','','True');
INSERT INTO "Program__c" VALUES(83,'False','True','0.3','Staff','7.0','False');
INSERT INTO "Program__c" VALUES(84,'True','True','3.0','Sweet Snoopers [CEU]','','True');
INSERT INTO "Program__c" VALUES(85,'False','True','4.0','Team Facilitator','30.0','True');
INSERT INTO "Program__c" VALUES(86,'False','True','6.0','Teams Set in Motion Client','','True');
INSERT INTO "Program__c" VALUES(87,'True','True','9.0','Trainer Certification','30.0','False');
INSERT INTO "Program__c" VALUES(88,'False','True','0.5','Volunteer','7.0','False');
INSERT INTO "Program__c" VALUES(89,'False','True','6.0','Client Certification','30.0','False');
INSERT INTO "Program__c" VALUES(90,'False','True','1.0','Fitness','','True');
INSERT INTO "Program__c" VALUES(91,'True','True','1.5','Fitness [CEU]','','True');
INSERT INTO "Program__c" VALUES(92,'False','True','1.0','Medical Disability','','True');
INSERT INTO "Program__c" VALUES(93,'False','True','1.5','Medical Disability [CEU]','','True');
INSERT INTO "Program__c" VALUES(94,'False','True','1.0','Medical Disability','','True');
INSERT INTO "Program__c" VALUES(95,'False','True','1.5','Medical Disability [CEU]','','True');
INSERT INTO "Program__c" VALUES(96,'True','True','4.0','OT Advanced Bundle [CEU]','','True');
INSERT INTO "Program__c" VALUES(97,'False','True','1.0','Psychiatric Disability','','True');
INSERT INTO "Program__c" VALUES(98,'True','True','1.5','Psychiatric Disability [CEU]','','True');
INSERT INTO "Program__c" VALUES(99,'False','True','4.0','Puppy Raiser','30.0','False');
INSERT INTO "Program__c" VALUES(100,'False','True','1.0','Service Dog Selection','','True');
INSERT INTO "Program__c" VALUES(101,'True','True','1.5','Service Dog Selection [CEU]','','True');
INSERT INTO "Program__c" VALUES(102,'True','True','4.0','Service Dog Training Bundle','','True');
INSERT INTO "Program__c" VALUES(103,'False','True','1.0','Service Dogs Foundations','','True');
INSERT INTO "Program__c" VALUES(104,'False','True','1.5','Service Dogs Foundations [CEU]','','True');
INSERT INTO "Program__c" VALUES(105,'False','True','0.3','Staff','7.0','False');
INSERT INTO "Program__c" VALUES(106,'True','True','1.5','Fitness [CEU]','','True');
INSERT INTO "Program__c" VALUES(107,'False','True','1.0','Medical Disability','','True');
INSERT INTO "Program__c" VALUES(108,'False','True','1.5','Medical Disability [CEU]','','True');
INSERT INTO "Program__c" VALUES(109,'False','True','1.0','Medical Disability','','True');
INSERT INTO "Program__c" VALUES(110,'False','True','1.5','Medical Disability [CEU]','','True');
INSERT INTO "Program__c" VALUES(111,'True','True','4.0','OT Advanced Bundle [CEU]','','True');
INSERT INTO "Program__c" VALUES(112,'False','True','1.0','Psychiatric Disability','','True');
INSERT INTO "Program__c" VALUES(113,'True','True','1.5','Psychiatric Disability [CEU]','','True');
INSERT INTO "Program__c" VALUES(114,'False','True','4.0','Puppy Raiser','30.0','False');
INSERT INTO "Program__c" VALUES(115,'False','True','1.0','Service Dog Selection','','True');
INSERT INTO "Program__c" VALUES(116,'True','True','1.5','Service Dog Selection [CEU]','','True');
INSERT INTO "Program__c" VALUES(117,'True','True','4.0','Service Dog Training Bundle','','True');
INSERT INTO "Program__c" VALUES(118,'False','True','1.0','Service Dogs Foundations','','True');
INSERT INTO "Program__c" VALUES(119,'False','True','1.5','Service Dogs Foundations [CEU]','','True');
INSERT INTO "Program__c" VALUES(120,'False','True','0.3','Staff','7.0','False');
INSERT INTO "Program__c" VALUES(121,'True','True','3.0','Sweet Snoopers [CEU]','','True');
INSERT INTO "Program__c" VALUES(122,'False','True','4.0','Team Facilitator','30.0','True');
INSERT INTO "Program__c" VALUES(123,'False','True','6.0','Teams Set in Motion Client','','True');
INSERT INTO "Program__c" VALUES(124,'True','True','9.0','Trainer Certification','30.0','False');
INSERT INTO "Program__c" VALUES(125,'False','True','0.5','Volunteer','7.0','False');
INSERT INTO "Program__c" VALUES(126,'True','True','3.0','Sweet Snoopers [CEU]','','True');
INSERT INTO "Program__c" VALUES(127,'False','True','4.0','Team Facilitator','30.0','True');
INSERT INTO "Program__c" VALUES(128,'False','True','6.0','Teams Set in Motion Client','','True');
INSERT INTO "Program__c" VALUES(129,'True','True','9.0','Trainer Certification','30.0','False');
INSERT INTO "Program__c" VALUES(130,'False','True','0.5','Volunteer','7.0','False');
INSERT INTO "Program__c" VALUES(131,'False','True','6.0','Client Certification','30.0','False');
INSERT INTO "Program__c" VALUES(132,'False','True','1.0','Fitness','','True');
INSERT INTO "Program__c" VALUES(133,'True','True','1.5','Fitness [CEU]','','True');
INSERT INTO "Program__c" VALUES(134,'False','True','1.0','Medical Disability','','True');
INSERT INTO "Program__c" VALUES(135,'False','True','1.5','Medical Disability [CEU]','','True');
INSERT INTO "Program__c" VALUES(136,'True','True','1.5','Service Dog Selection [CEU]','','True');
INSERT INTO "Program__c" VALUES(137,'True','True','4.0','Service Dog Training Bundle','','True');
INSERT INTO "Program__c" VALUES(138,'False','True','1.0','Service Dogs Foundations','','True');
INSERT INTO "Program__c" VALUES(139,'False','True','1.5','Service Dogs Foundations [CEU]','','True');
INSERT INTO "Program__c" VALUES(140,'False','True','1.0','Medical Disability','','True');
INSERT INTO "Program__c" VALUES(141,'False','True','0.3','Staff','7.0','False');
INSERT INTO "Program__c" VALUES(142,'True','True','3.0','Sweet Snoopers [CEU]','','True');
INSERT INTO "Program__c" VALUES(143,'False','True','4.0','Team Facilitator','30.0','True');
INSERT INTO "Program__c" VALUES(144,'False','True','6.0','Teams Set in Motion Client','','True');
INSERT INTO "Program__c" VALUES(145,'True','True','9.0','Trainer Certification','30.0','False');
INSERT INTO "Program__c" VALUES(146,'False','True','0.5','Volunteer','7.0','False');
INSERT INTO "Program__c" VALUES(147,'False','True','6.0','Client Certification','30.0','False');
INSERT INTO "Program__c" VALUES(148,'False','True','1.0','Fitness','','True');
INSERT INTO "Program__c" VALUES(149,'True','True','1.5','Fitness [CEU]','','True');
INSERT INTO "Program__c" VALUES(150,'False','True','1.0','Medical Disability','','True');
INSERT INTO "Program__c" VALUES(151,'False','True','1.5','Medical Disability [CEU]','','True');
INSERT INTO "Program__c" VALUES(152,'False','True','1.0','Medical Disability','','True');
INSERT INTO "Program__c" VALUES(153,'False','True','1.5','Medical Disability [CEU]','','True');
INSERT INTO "Program__c" VALUES(154,'True','True','4.0','OT Advanced Bundle [CEU]','','True');
INSERT INTO "Program__c" VALUES(155,'False','True','1.0','Psychiatric Disability','','True');
INSERT INTO "Program__c" VALUES(156,'True','True','1.5','Psychiatric Disability [CEU]','','True');
INSERT INTO "Program__c" VALUES(157,'False','True','4.0','Puppy Raiser','30.0','False');
INSERT INTO "Program__c" VALUES(158,'False','True','1.5','Medical Disability [CEU]','','True');
INSERT INTO "Program__c" VALUES(159,'True','True','4.0','OT Advanced Bundle [CEU]','','True');
INSERT INTO "Program__c" VALUES(160,'False','True','1.0','Psychiatric Disability','','True');
INSERT INTO "Program__c" VALUES(161,'True','True','1.5','Psychiatric Disability [CEU]','','True');
INSERT INTO "Program__c" VALUES(162,'False','True','4.0','Puppy Raiser','30.0','False');
INSERT INTO "Program__c" VALUES(163,'False','True','1.0','Service Dog Selection','','True');
INSERT INTO "Program__c" VALUES(164,'False','True','1.0','Service Dog Selection','','True');
INSERT INTO "Program__c" VALUES(165,'True','True','1.5','Service Dog Selection [CEU]','','True');
INSERT INTO "Program__c" VALUES(166,'False','True','0.3','Staff','7.0','False');
INSERT INTO "Program__c" VALUES(167,'True','True','4.0','Service Dog Training Bundle','','True');
INSERT INTO "Program__c" VALUES(168,'False','True','1.0','Service Dogs Foundations','','True');
INSERT INTO "Program__c" VALUES(169,'False','True','1.5','Service Dogs Foundations [CEU]','','True');
INSERT INTO "Program__c" VALUES(170,'True','True','3.0','Sweet Snoopers [CEU]','','True');
INSERT INTO "Program__c" VALUES(171,'False','True','4.0','Team Facilitator','30.0','True');
INSERT INTO "Program__c" VALUES(172,'False','True','6.0','Teams Set in Motion Client','','True');
INSERT INTO "Program__c" VALUES(173,'True','True','9.0','Trainer Certification','30.0','False');
INSERT INTO "Program__c" VALUES(174,'True','True','1.5','Fitness [CEU]','','True');
INSERT INTO "Program__c" VALUES(175,'False','True','1.0','Medical Disability','','True');
INSERT INTO "Program__c" VALUES(176,'False','True','1.5','Medical Disability [CEU]','','True');
INSERT INTO "Program__c" VALUES(177,'False','True','1.0','Medical Disability','','True');
INSERT INTO "Program__c" VALUES(178,'False','True','1.5','Medical Disability [CEU]','','True');
INSERT INTO "Program__c" VALUES(179,'True','True','4.0','OT Advanced Bundle [CEU]','','True');
INSERT INTO "Program__c" VALUES(180,'False','True','1.0','Psychiatric Disability','','True');
INSERT INTO "Program__c" VALUES(181,'True','True','1.5','Psychiatric Disability [CEU]','','True');
INSERT INTO "Program__c" VALUES(182,'False','True','4.0','Puppy Raiser','30.0','False');
INSERT INTO "Program__c" VALUES(183,'False','True','1.0','Service Dog Selection','','True');
INSERT INTO "Program__c" VALUES(184,'True','True','1.5','Service Dog Selection [CEU]','','True');
INSERT INTO "Program__c" VALUES(185,'True','True','4.0','Service Dog Training Bundle','','True');
INSERT INTO "Program__c" VALUES(186,'False','True','1.0','Service Dogs Foundations','','True');
INSERT INTO "Program__c" VALUES(187,'False','True','1.5','Service Dogs Foundations [CEU]','','True');
INSERT INTO "Program__c" VALUES(188,'False','True','0.3','Staff','7.0','False');
INSERT INTO "Program__c" VALUES(189,'True','True','3.0','Sweet Snoopers [CEU]','','True');
INSERT INTO "Program__c" VALUES(190,'False','True','4.0','Team Facilitator','30.0','True');
INSERT INTO "Program__c" VALUES(191,'False','True','6.0','Teams Set in Motion Client','','True');
INSERT INTO "Program__c" VALUES(192,'True','True','9.0','Trainer Certification','30.0','False');
INSERT INTO "Program__c" VALUES(193,'False','True','0.5','Volunteer','7.0','False');
INSERT INTO "Program__c" VALUES(194,'False','True','6.0','Client Certification','30.0','False');
INSERT INTO "Program__c" VALUES(195,'False','True','1.0','Fitness','','True');
INSERT INTO "Program__c" VALUES(196,'True','True','1.5','Fitness [CEU]','','True');
INSERT INTO "Program__c" VALUES(197,'False','True','1.0','Medical Disability','','True');
INSERT INTO "Program__c" VALUES(198,'False','True','1.5','Medical Disability [CEU]','','True');
INSERT INTO "Program__c" VALUES(199,'False','True','1.0','Medical Disability','','True');
INSERT INTO "Program__c" VALUES(200,'False','True','1.5','Medical Disability [CEU]','','True');
INSERT INTO "Program__c" VALUES(201,'False','True','0.5','Volunteer','7.0','False');
INSERT INTO "Program__c" VALUES(202,'False','True','6.0','Client Certification','30.0','False');
INSERT INTO "Program__c" VALUES(203,'False','True','1.0','Fitness','','True');
INSERT INTO "Program__c" VALUES(204,'True','True','4.0','OT Advanced Bundle [CEU]','','True');
INSERT INTO "Program__c" VALUES(205,'False','True','1.0','Psychiatric Disability','','True');
INSERT INTO "Program__c" VALUES(206,'True','True','1.5','Psychiatric Disability [CEU]','','True');
INSERT INTO "Program__c" VALUES(207,'False','True','4.0','Puppy Raiser','30.0','False');
INSERT INTO "Program__c" VALUES(208,'False','True','1.0','Service Dog Selection','','True');
INSERT INTO "Program__c" VALUES(209,'True','True','1.5','Service Dog Selection [CEU]','','True');
INSERT INTO "Program__c" VALUES(210,'True','True','4.0','Service Dog Training Bundle','','True');
INSERT INTO "Program__c" VALUES(211,'False','True','1.0','Service Dogs Foundations','','True');
INSERT INTO "Program__c" VALUES(212,'False','True','4.0','Team Facilitator','30.0','True');
INSERT INTO "Program__c" VALUES(213,'False','True','1.5','Service Dogs Foundations [CEU]','','True');
INSERT INTO "Program__c" VALUES(214,'False','True','0.3','Staff','7.0','False');
INSERT INTO "Program__c" VALUES(215,'True','True','3.0','Sweet Snoopers [CEU]','','True');
INSERT INTO "Program__c" VALUES(216,'False','True','6.0','Teams Set in Motion Client','','True');
INSERT INTO "Program__c" VALUES(217,'True','True','9.0','Trainer Certification','30.0','False');
INSERT INTO "Program__c" VALUES(218,'False','True','0.5','Volunteer','7.0','False');
INSERT INTO "Program__c" VALUES(219,'False','True','6.0','Client Certification','30.0','False');
INSERT INTO "Program__c" VALUES(220,'False','True','1.0','Fitness','','True');
CREATE TABLE "PublicAccessTest__c" (
	id INTEGER NOT NULL, 
	"AssessorComments__c" VARCHAR(255), 
	"DateCompleted__c" VARCHAR(255), 
	"Location__c" VARCHAR(255), 
	"ReviewComments__c" VARCHAR(255), 
	"Status__c" VARCHAR(255), 
	"Type__c" VARCHAR(255), 
	"ValidUntil__c" VARCHAR(255), 
	"Assessor__c" VARCHAR(255), 
	"Team__c" VARCHAR(255), 
	PRIMARY KEY (id)
);
INSERT INTO "PublicAccessTest__c" VALUES(1,'According think organization threat lead southern opportunity. Remember yeah produce and represent popular quality. Force one country give technology.','2022-03-18','In Person','Guess believe onto despite explain. Congress great good deal increase trouble keep. Keep half which first.','Provisionally Passed','Initial','2023-03-18','17','2');
INSERT INTO "PublicAccessTest__c" VALUES(2,'Issue prevent human painting. Few vote mother. Nice talk safe act president. Live final character above.','2022-09-25','In Person','Reason as guy little help. Paper over amount often indeed clearly for. Marriage sort catch our central.','Passed','Recertification','2023-09-25','59','3');
INSERT INTO "PublicAccessTest__c" VALUES(3,'Anything behavior here also family yet. Management describe movement us trouble project list.','2022-11-15','Virtual','Business positive last suddenly fund car. Treat anyone area weight. Turn own pattern gun election life.','Provisionally Passed','Retest','2023-11-15','168','4');
INSERT INTO "PublicAccessTest__c" VALUES(4,'Maybe politics girl five itself time allow nothing. Pass several rest term range whatever. Respond fear decade defense realize smile.','2023-01-04','Virtual','Care enough particular more yard plant society. Want threat child old inside.','Passed','Recertification','2024-01-04','187','5');
INSERT INTO "PublicAccessTest__c" VALUES(5,'Analysis car size section student. Act meet shoulder discussion. War represent minute federal why bank return.','2023-01-12','Virtual','By cost parent significant. Majority could seat against recent hear already. Cut hit receive decide.','Provisionally Passed','Initial','2024-01-12','220','1');
INSERT INTO "PublicAccessTest__c" VALUES(6,'Site morning whom home question stock. Work ahead best section sort. Picture listen remember me.','2022-09-10','In Person','No room style stand social accept. Reach treat long more alone successful.','Provisionally Passed','Initial','2023-09-10','130','8');
INSERT INTO "PublicAccessTest__c" VALUES(7,'Personal maintain cover significant learn. Society hope run investment Mr box seek. Than offer fire head wear.','2022-09-02','Virtual','Left address keep three surface source ball. Movie term service here majority eat surface. Tv can work contain project.','Provisionally Passed','Initial','2023-09-02','80','9');
INSERT INTO "PublicAccessTest__c" VALUES(8,'Shoulder every table music save cultural. Mean space PM yet. Front sister read.','2023-02-20','In Person','However point collection indicate kind send feel know. Move security he write billion room side. Campaign herself well tonight those ground pressure.','Provisionally Passed','Retest','2024-02-20','79','10');
INSERT INTO "PublicAccessTest__c" VALUES(9,'Too reason artist against impact create. Group box talk cultural among memory marriage. Allow usually shake.','2022-03-22','Virtual','Share impact clearly. Involve detail thought something kind himself. Choice too serious common.','Provisionally Passed','Recertification','2023-03-22','119','6');
INSERT INTO "PublicAccessTest__c" VALUES(10,'Should fear standard spend learn. Tv sell wonder themselves control know though. Want firm their special become purpose here.','2022-06-02','In Person','Single part let central. Doctor contain appear tend by fall bank painting.','Passed','Recertification','2023-06-02','98','7');
CREATE TABLE "PuppyLog__c" (
	id INTEGER NOT NULL, 
	"AdditionalInformation__c" VARCHAR(255), 
	"Date__c" VARCHAR(255), 
	"RequestSupportFromAtlas__c" VARCHAR(255), 
	"Dog__c" VARCHAR(255), 
	"Raiser__c" VARCHAR(255), 
	PRIMARY KEY (id)
);
INSERT INTO "PuppyLog__c" VALUES(1,'Political state sign red commercial beautiful. The room fill situation before hear. A difference issue catch we begin.','2019-07-11','True','1','131');
INSERT INTO "PuppyLog__c" VALUES(2,'Knowledge machine forget economic agency wind civil get.','2016-04-05','False','10','255');
INSERT INTO "PuppyLog__c" VALUES(3,'Entire senior again speech power among paper. Mean I gas dream very although method past. Budget commercial with never be call executive.','2016-09-23','True','2','175');
INSERT INTO "PuppyLog__c" VALUES(4,'So speech group for. Trip crime street develop stay education whom.','2021-07-14','True','4','203');
INSERT INTO "PuppyLog__c" VALUES(5,'For record big more project present. Physical drug may contain specific until defense point. Put maybe much lawyer.','2022-06-26','False','5','235');
INSERT INTO "PuppyLog__c" VALUES(6,'Glass Mrs prove hot. Policy then production instead.','2018-06-05','True','8','31');
INSERT INTO "PuppyLog__c" VALUES(7,'Husband method lead. As key why only letter physical.','2018-04-05','False','6','241');
INSERT INTO "PuppyLog__c" VALUES(8,'Less Republican require unit approach experience most. Position until become single expect too oil. According into strong enter once mouth put tree.','2019-12-19','True','9','62');
INSERT INTO "PuppyLog__c" VALUES(9,'Worry social amount quite conference.','2018-06-30','False','3','78');
INSERT INTO "PuppyLog__c" VALUES(10,'Seek view key white article. Area sit impact finally lot number. Allow soon enter forget would feeling safe.','2021-07-01','False','7','116');
CREATE TABLE "Team__c" (
	id INTEGER NOT NULL, 
	"Name" VARCHAR(255), 
	"PatCount__c" VARCHAR(255), 
	"PatValidUntil__c" VARCHAR(255), 
	"PrimaryCertification__c" VARCHAR(255), 
	"SecondaryCertification__c" VARCHAR(255), 
	"Client__c" VARCHAR(255), 
	"Dog__c" VARCHAR(255), 
	"Handler__c" VARCHAR(255), 
	PRIMARY KEY (id)
);
INSERT INTO "Team__c" VALUES(1,'DakotaWarren_Heidi','2.0','2024-01-12','Allergen Alert','Psychiatric','229','5','217');
INSERT INTO "Team__c" VALUES(2,'CoryKidd_Sadie','4.0','2023-03-18','Allergen Alert','Medical Assistance','11','6','243');
INSERT INTO "Team__c" VALUES(3,'MartinezTracie_Allie','3.0','2023-09-25','Diabetes Alert','Allergen Alert','57','9','52');
INSERT INTO "Team__c" VALUES(4,'GlassMindy_Thor','4.0','2023-11-15','Seizure Response','Autism','167','2','161');
INSERT INTO "Team__c" VALUES(5,'AlexanderMaddox_Bubba','4.0','2024-01-04','Seizure Response','Allergen Alert','199','4','191');
INSERT INTO "Team__c" VALUES(6,'DarleneTaylor_Riley','2.0','2023-03-22','Mobility','Seizure Response','35','8','34');
INSERT INTO "Team__c" VALUES(7,'JulieScott_Spike','5.0','2023-06-02','Medical Assistance','Mobility','114','7','106');
INSERT INTO "Team__c" VALUES(8,'AndradeMadison_Duke','0.0','2023-09-10','Psychiatric','Seizure Response','148','1','151');
INSERT INTO "Team__c" VALUES(9,'SanfordJackie_Cody','4.0','2023-09-02','Diabetes Alert','Diabetes Alert','82','10','84');
INSERT INTO "Team__c" VALUES(10,'TyroneTravis_Heidi','0.0','2024-02-20','Medical Alert','Seizure Response','47','3','50');
CREATE TABLE "npe4__Relationship__c" (
	id INTEGER NOT NULL, 
	"npe4__Type__c" VARCHAR(255), 
	"npe4__Contact__c" VARCHAR(255), 
	"npe4__RelatedContact__c" VARCHAR(255), 
	PRIMARY KEY (id)
);
INSERT INTO "npe4__Relationship__c" VALUES(1,'Primary Emergency Contact','102','100');
INSERT INTO "npe4__Relationship__c" VALUES(2,'Primary Emergency Contact','233','230');
INSERT INTO "npe4__Relationship__c" VALUES(3,'Secondary Emergency Contact','233','231');
INSERT INTO "npe4__Relationship__c" VALUES(4,'Secondary Emergency Contact','226','244');
INSERT INTO "npe4__Relationship__c" VALUES(5,'Primary Emergency Contact','230','233');
INSERT INTO "npe4__Relationship__c" VALUES(6,'Secondary Emergency Contact','231','233');
INSERT INTO "npe4__Relationship__c" VALUES(7,'Volunteer Lead','217','233');
INSERT INTO "npe4__Relationship__c" VALUES(8,'Primary Emergency Contact','239','236');
INSERT INTO "npe4__Relationship__c" VALUES(9,'Secondary Emergency Contact','239','237');
INSERT INTO "npe4__Relationship__c" VALUES(10,'Secondary Emergency Contact','102','101');
INSERT INTO "npe4__Relationship__c" VALUES(11,'Primary Emergency Contact','236','239');
INSERT INTO "npe4__Relationship__c" VALUES(12,'Secondary Emergency Contact','237','239');
INSERT INTO "npe4__Relationship__c" VALUES(13,'TSiM Referral','218','239');
INSERT INTO "npe4__Relationship__c" VALUES(14,'Primary Emergency Contact','245','240');
INSERT INTO "npe4__Relationship__c" VALUES(15,'Uncle','4','240');
INSERT INTO "npe4__Relationship__c" VALUES(16,'Secondary Emergency Contact','245','241');
INSERT INTO "npe4__Relationship__c" VALUES(17,'Daughter','245','241');
INSERT INTO "npe4__Relationship__c" VALUES(18,'Family','8','242');
INSERT INTO "npe4__Relationship__c" VALUES(19,'Grandparent','13','242');
INSERT INTO "npe4__Relationship__c" VALUES(20,'Primary Emergency Contact','240','245');
INSERT INTO "npe4__Relationship__c" VALUES(21,'Secondary Emergency Contact','241','245');
INSERT INTO "npe4__Relationship__c" VALUES(22,'Daughter','241','245');
INSERT INTO "npe4__Relationship__c" VALUES(23,'Primary Emergency Contact','4','246');
INSERT INTO "npe4__Relationship__c" VALUES(24,'Secondary Emergency Contact','4','1');
INSERT INTO "npe4__Relationship__c" VALUES(25,'Volunteer Lead','93','1');
INSERT INTO "npe4__Relationship__c" VALUES(26,'Grandparent','96','102');
INSERT INTO "npe4__Relationship__c" VALUES(27,'Primary Emergency Contact','100','102');
INSERT INTO "npe4__Relationship__c" VALUES(28,'Secondary Emergency Contact','101','102');
INSERT INTO "npe4__Relationship__c" VALUES(29,'Uncle','240','4');
INSERT INTO "npe4__Relationship__c" VALUES(30,'Primary Emergency Contact','246','4');
INSERT INTO "npe4__Relationship__c" VALUES(31,'Secondary Emergency Contact','1','4');
INSERT INTO "npe4__Relationship__c" VALUES(32,'Primary Emergency Contact','42','37');
INSERT INTO "npe4__Relationship__c" VALUES(33,'Secondary Emergency Contact','42','38');
INSERT INTO "npe4__Relationship__c" VALUES(34,'Primary Emergency Contact','37','42');
INSERT INTO "npe4__Relationship__c" VALUES(35,'Secondary Emergency Contact','38','42');
INSERT INTO "npe4__Relationship__c" VALUES(36,'Child','31','42');
INSERT INTO "npe4__Relationship__c" VALUES(37,'Primary Emergency Contact','8','5');
INSERT INTO "npe4__Relationship__c" VALUES(38,'TSiM Referral','18','5');
INSERT INTO "npe4__Relationship__c" VALUES(39,'Secondary Emergency Contact','8','6');
INSERT INTO "npe4__Relationship__c" VALUES(40,'Primary Emergency Contact','105','103');
INSERT INTO "npe4__Relationship__c" VALUES(41,'Family','242','8');
INSERT INTO "npe4__Relationship__c" VALUES(42,'Primary Emergency Contact','5','8');
INSERT INTO "npe4__Relationship__c" VALUES(43,'Secondary Emergency Contact','6','8');
INSERT INTO "npe4__Relationship__c" VALUES(44,'Primary Emergency Contact','13','9');
INSERT INTO "npe4__Relationship__c" VALUES(45,'Secondary Emergency Contact','10','13');
INSERT INTO "npe4__Relationship__c" VALUES(46,'Secondary Emergency Contact','13','10');
INSERT INTO "npe4__Relationship__c" VALUES(47,'Grandparent','242','13');
INSERT INTO "npe4__Relationship__c" VALUES(48,'Primary Emergency Contact','9','13');
INSERT INTO "npe4__Relationship__c" VALUES(49,'Primary Emergency Contact','18','14');
INSERT INTO "npe4__Relationship__c" VALUES(50,'Secondary Emergency Contact','18','15');
INSERT INTO "npe4__Relationship__c" VALUES(51,'Secondary Emergency Contact','105','104');
INSERT INTO "npe4__Relationship__c" VALUES(52,'Husband','115','104');
INSERT INTO "npe4__Relationship__c" VALUES(53,'TSiM Referral','5','18');
INSERT INTO "npe4__Relationship__c" VALUES(54,'Primary Emergency Contact','14','18');
INSERT INTO "npe4__Relationship__c" VALUES(55,'Secondary Emergency Contact','15','18');
INSERT INTO "npe4__Relationship__c" VALUES(56,'Primary Emergency Contact','93','20');
INSERT INTO "npe4__Relationship__c" VALUES(57,'Secondary Emergency Contact','93','21');
INSERT INTO "npe4__Relationship__c" VALUES(58,'Volunteer Lead','1','93');
INSERT INTO "npe4__Relationship__c" VALUES(59,'Primary Emergency Contact','20','93');
INSERT INTO "npe4__Relationship__c" VALUES(60,'Secondary Emergency Contact','21','93');
INSERT INTO "npe4__Relationship__c" VALUES(61,'Primary Emergency Contact','46','43');
INSERT INTO "npe4__Relationship__c" VALUES(62,'Secondary Emergency Contact','46','44');
INSERT INTO "npe4__Relationship__c" VALUES(63,'Trainer','62','44');
INSERT INTO "npe4__Relationship__c" VALUES(64,'Primary Emergency Contact','103','105');
INSERT INTO "npe4__Relationship__c" VALUES(65,'Secondary Emergency Contact','104','105');
INSERT INTO "npe4__Relationship__c" VALUES(66,'Volunteer','99','105');
INSERT INTO "npe4__Relationship__c" VALUES(67,'Child','46','45');
INSERT INTO "npe4__Relationship__c" VALUES(68,'Uncle','55','45');
INSERT INTO "npe4__Relationship__c" VALUES(69,'Primary Emergency Contact','43','46');
INSERT INTO "npe4__Relationship__c" VALUES(70,'Secondary Emergency Contact','44','46');
INSERT INTO "npe4__Relationship__c" VALUES(71,'Child','45','46');
INSERT INTO "npe4__Relationship__c" VALUES(72,'Primary Emergency Contact','55','52');
INSERT INTO "npe4__Relationship__c" VALUES(73,'Secondary Emergency Contact','55','53');
INSERT INTO "npe4__Relationship__c" VALUES(74,'Friend','59','53');
INSERT INTO "npe4__Relationship__c" VALUES(75,'Uncle','45','55');
INSERT INTO "npe4__Relationship__c" VALUES(76,'Primary Emergency Contact','52','55');
INSERT INTO "npe4__Relationship__c" VALUES(77,'Secondary Emergency Contact','53','55');
INSERT INTO "npe4__Relationship__c" VALUES(78,'Primary Emergency Contact','59','56');
INSERT INTO "npe4__Relationship__c" VALUES(79,'Secondary Emergency Contact','59','57');
INSERT INTO "npe4__Relationship__c" VALUES(80,'Friend','53','59');
INSERT INTO "npe4__Relationship__c" VALUES(81,'Primary Emergency Contact','56','59');
INSERT INTO "npe4__Relationship__c" VALUES(82,'Secondary Emergency Contact','57','59');
INSERT INTO "npe4__Relationship__c" VALUES(83,'Grandmother','68','61');
INSERT INTO "npe4__Relationship__c" VALUES(84,'Primary Emergency Contact','110','106');
INSERT INTO "npe4__Relationship__c" VALUES(85,'Primary Emergency Contact','62','60');
INSERT INTO "npe4__Relationship__c" VALUES(86,'Secondary Emergency Contact','62','61');
INSERT INTO "npe4__Relationship__c" VALUES(87,'Primary Emergency Contact','160','162');
INSERT INTO "npe4__Relationship__c" VALUES(88,'Secondary Emergency Contact','161','162');
INSERT INTO "npe4__Relationship__c" VALUES(89,'Volunteer','161','162');
INSERT INTO "npe4__Relationship__c" VALUES(90,'Primary Emergency Contact','165','163');
INSERT INTO "npe4__Relationship__c" VALUES(91,'Secondary Emergency Contact','165','164');
INSERT INTO "npe4__Relationship__c" VALUES(92,'Grandson','160','165');
INSERT INTO "npe4__Relationship__c" VALUES(93,'Primary Emergency Contact','163','165');
INSERT INTO "npe4__Relationship__c" VALUES(94,'Secondary Emergency Contact','164','165');
INSERT INTO "npe4__Relationship__c" VALUES(95,'Primary Emergency Contact','171','166');
INSERT INTO "npe4__Relationship__c" VALUES(96,'Secondary Emergency Contact','171','167');
INSERT INTO "npe4__Relationship__c" VALUES(97,'Coworker','171','167');
INSERT INTO "npe4__Relationship__c" VALUES(98,'Client','174','168');
INSERT INTO "npe4__Relationship__c" VALUES(99,'Secondary Emergency Contact','110','107');
INSERT INTO "npe4__Relationship__c" VALUES(100,'Primary Emergency Contact','166','171');
INSERT INTO "npe4__Relationship__c" VALUES(101,'Secondary Emergency Contact','167','171');
INSERT INTO "npe4__Relationship__c" VALUES(102,'Coworker','167','171');
INSERT INTO "npe4__Relationship__c" VALUES(103,'Primary Emergency Contact','174','172');
INSERT INTO "npe4__Relationship__c" VALUES(104,'Secondary Emergency Contact','174','169');
INSERT INTO "npe4__Relationship__c" VALUES(105,'Grandparent','183','169');
INSERT INTO "npe4__Relationship__c" VALUES(106,'Client','168','174');
INSERT INTO "npe4__Relationship__c" VALUES(107,'Primary Emergency Contact','172','174');
INSERT INTO "npe4__Relationship__c" VALUES(108,'Secondary Emergency Contact','169','174');
INSERT INTO "npe4__Relationship__c" VALUES(109,'Primary Emergency Contact','177','175');
INSERT INTO "npe4__Relationship__c" VALUES(110,'Secondary Emergency Contact','177','176');
INSERT INTO "npe4__Relationship__c" VALUES(111,'Wife','161','177');
INSERT INTO "npe4__Relationship__c" VALUES(112,'Primary Emergency Contact','175','177');
INSERT INTO "npe4__Relationship__c" VALUES(113,'Secondary Emergency Contact','176','177');
INSERT INTO "npe4__Relationship__c" VALUES(114,'Grandmother','75','108');
INSERT INTO "npe4__Relationship__c" VALUES(115,'Primary Emergency Contact','183','179');
INSERT INTO "npe4__Relationship__c" VALUES(116,'Secondary Emergency Contact','183','181');
INSERT INTO "npe4__Relationship__c" VALUES(117,'Grandparent','169','183');
INSERT INTO "npe4__Relationship__c" VALUES(118,'Primary Emergency Contact','179','183');
INSERT INTO "npe4__Relationship__c" VALUES(119,'Secondary Emergency Contact','181','183');
INSERT INTO "npe4__Relationship__c" VALUES(120,'Primary Emergency Contact','186','184');
INSERT INTO "npe4__Relationship__c" VALUES(121,'Grandparent','215','184');
INSERT INTO "npe4__Relationship__c" VALUES(122,'Secondary Emergency Contact','186','185');
INSERT INTO "npe4__Relationship__c" VALUES(123,'Primary Emergency Contact','184','186');
INSERT INTO "npe4__Relationship__c" VALUES(124,'Secondary Emergency Contact','185','186');
INSERT INTO "npe4__Relationship__c" VALUES(125,'Partner','186','186');
INSERT INTO "npe4__Relationship__c" VALUES(126,'Partner','186','186');
INSERT INTO "npe4__Relationship__c" VALUES(127,'Primary Emergency Contact','192','187');
INSERT INTO "npe4__Relationship__c" VALUES(128,'Secondary Emergency Contact','192','188');
INSERT INTO "npe4__Relationship__c" VALUES(129,'Grandfather','208','188');
INSERT INTO "npe4__Relationship__c" VALUES(130,'TSiM Referral','192','190');
INSERT INTO "npe4__Relationship__c" VALUES(131,'Secondary Emergency Contact','195','193');
INSERT INTO "npe4__Relationship__c" VALUES(132,'Grandchild','110','109');
INSERT INTO "npe4__Relationship__c" VALUES(133,'Team Facilitator Lead','203','191');
INSERT INTO "npe4__Relationship__c" VALUES(134,'Primary Emergency Contact','187','192');
INSERT INTO "npe4__Relationship__c" VALUES(135,'Secondary Emergency Contact','188','192');
INSERT INTO "npe4__Relationship__c" VALUES(136,'TSiM Referral','190','192');
INSERT INTO "npe4__Relationship__c" VALUES(137,'Primary Emergency Contact','197','196');
INSERT INTO "npe4__Relationship__c" VALUES(138,'Secondary Emergency Contact','197','198');
INSERT INTO "npe4__Relationship__c" VALUES(139,'Primary Emergency Contact','196','197');
INSERT INTO "npe4__Relationship__c" VALUES(140,'Secondary Emergency Contact','198','197');
INSERT INTO "npe4__Relationship__c" VALUES(141,'Volunteer','197','197');
INSERT INTO "npe4__Relationship__c" VALUES(142,'Volunteer','197','197');
INSERT INTO "npe4__Relationship__c" VALUES(143,'Primary Emergency Contact','203','201');
INSERT INTO "npe4__Relationship__c" VALUES(144,'Secondary Emergency Contact','203','202');
INSERT INTO "npe4__Relationship__c" VALUES(145,'Team Facilitator Lead','191','203');
INSERT INTO "npe4__Relationship__c" VALUES(146,'Primary Emergency Contact','201','203');
INSERT INTO "npe4__Relationship__c" VALUES(147,'Secondary Emergency Contact','202','203');
INSERT INTO "npe4__Relationship__c" VALUES(148,'Primary Emergency Contact','106','110');
INSERT INTO "npe4__Relationship__c" VALUES(149,'Secondary Emergency Contact','107','110');
INSERT INTO "npe4__Relationship__c" VALUES(150,'Grandchild','109','110');
INSERT INTO "npe4__Relationship__c" VALUES(151,'Primary Emergency Contact','208','204');
INSERT INTO "npe4__Relationship__c" VALUES(152,'Primary Emergency Contact','189','195');
INSERT INTO "npe4__Relationship__c" VALUES(153,'Grandparent','96','102');
INSERT INTO "npe4__Relationship__c" VALUES(154,'Primary Emergency Contact','96','98');
INSERT INTO "npe4__Relationship__c" VALUES(155,'Volunteer','96','98');
INSERT INTO "npe4__Relationship__c" VALUES(156,'Secondary Emergency Contact','96','99');
INSERT INTO "npe4__Relationship__c" VALUES(157,'Wife','32','26');
INSERT INTO "npe4__Relationship__c" VALUES(158,'Primary Emergency Contact','32','25');
INSERT INTO "npe4__Relationship__c" VALUES(159,'Secondary Emergency Contact','32','28');
INSERT INTO "npe4__Relationship__c" VALUES(160,'Primary Emergency Contact','160','162');
INSERT INTO "npe4__Relationship__c" VALUES(161,'Grandson','160','165');
INSERT INTO "npe4__Relationship__c" VALUES(162,'Secondary Emergency Contact','161','162');
INSERT INTO "npe4__Relationship__c" VALUES(163,'Volunteer','161','162');
INSERT INTO "npe4__Relationship__c" VALUES(164,'Wife','161','177');
INSERT INTO "npe4__Relationship__c" VALUES(165,'Secondary Emergency Contact','226','244');
INSERT INTO "npe4__Relationship__c" VALUES(166,'Grandparent','226','219');
INSERT INTO "npe4__Relationship__c" VALUES(167,'Primary Emergency Contact','226','223');
INSERT INTO "npe4__Relationship__c" VALUES(168,'Primary Emergency Contact','228','229');
INSERT INTO "npe4__Relationship__c" VALUES(169,'Secondary Emergency Contact','225','229');
INSERT INTO "npe4__Relationship__c" VALUES(170,'Primary Emergency Contact','100','102');
INSERT INTO "npe4__Relationship__c" VALUES(171,'Primary Emergency Contact','229','228');
INSERT INTO "npe4__Relationship__c" VALUES(172,'Secondary Emergency Contact','229','225');
INSERT INTO "npe4__Relationship__c" VALUES(173,'Grandparent','229','222');
INSERT INTO "npe4__Relationship__c" VALUES(174,'Primary Emergency Contact','230','233');
INSERT INTO "npe4__Relationship__c" VALUES(175,'Secondary Emergency Contact','231','233');
INSERT INTO "npe4__Relationship__c" VALUES(176,'Secondary Emergency Contact','244','226');
INSERT INTO "npe4__Relationship__c" VALUES(177,'Primary Emergency Contact','233','230');
INSERT INTO "npe4__Relationship__c" VALUES(178,'Secondary Emergency Contact','233','231');
INSERT INTO "npe4__Relationship__c" VALUES(179,'Volunteer Lead','233','217');
INSERT INTO "npe4__Relationship__c" VALUES(180,'Primary Emergency Contact','236','239');
INSERT INTO "npe4__Relationship__c" VALUES(181,'Secondary Emergency Contact','237','239');
INSERT INTO "npe4__Relationship__c" VALUES(182,'Secondary Emergency Contact','101','102');
INSERT INTO "npe4__Relationship__c" VALUES(183,'Primary Emergency Contact','239','236');
INSERT INTO "npe4__Relationship__c" VALUES(184,'Secondary Emergency Contact','239','237');
INSERT INTO "npe4__Relationship__c" VALUES(185,'TSiM Referral','239','218');
INSERT INTO "npe4__Relationship__c" VALUES(186,'Primary Emergency Contact','240','245');
INSERT INTO "npe4__Relationship__c" VALUES(187,'Uncle','240','4');
INSERT INTO "npe4__Relationship__c" VALUES(188,'Secondary Emergency Contact','241','245');
INSERT INTO "npe4__Relationship__c" VALUES(189,'Daughter','241','245');
INSERT INTO "npe4__Relationship__c" VALUES(190,'Family','242','8');
INSERT INTO "npe4__Relationship__c" VALUES(191,'Grandparent','242','13');
INSERT INTO "npe4__Relationship__c" VALUES(192,'Primary Emergency Contact','245','240');
INSERT INTO "npe4__Relationship__c" VALUES(193,'Secondary Emergency Contact','245','241');
INSERT INTO "npe4__Relationship__c" VALUES(194,'Daughter','245','241');
INSERT INTO "npe4__Relationship__c" VALUES(195,'Primary Emergency Contact','246','4');
INSERT INTO "npe4__Relationship__c" VALUES(196,'Secondary Emergency Contact','1','4');
INSERT INTO "npe4__Relationship__c" VALUES(197,'Volunteer Lead','1','93');
INSERT INTO "npe4__Relationship__c" VALUES(198,'Grandparent','102','96');
INSERT INTO "npe4__Relationship__c" VALUES(199,'Primary Emergency Contact','102','100');
INSERT INTO "npe4__Relationship__c" VALUES(200,'Secondary Emergency Contact','102','101');
INSERT INTO "npe4__Relationship__c" VALUES(201,'Uncle','4','240');
INSERT INTO "npe4__Relationship__c" VALUES(202,'Primary Emergency Contact','4','246');
INSERT INTO "npe4__Relationship__c" VALUES(203,'Secondary Emergency Contact','4','1');
INSERT INTO "npe4__Relationship__c" VALUES(204,'Primary Emergency Contact','37','42');
INSERT INTO "npe4__Relationship__c" VALUES(205,'Secondary Emergency Contact','38','42');
INSERT INTO "npe4__Relationship__c" VALUES(206,'Primary Emergency Contact','42','37');
INSERT INTO "npe4__Relationship__c" VALUES(207,'Secondary Emergency Contact','42','38');
INSERT INTO "npe4__Relationship__c" VALUES(208,'Child','42','31');
INSERT INTO "npe4__Relationship__c" VALUES(209,'Primary Emergency Contact','5','8');
INSERT INTO "npe4__Relationship__c" VALUES(210,'TSiM Referral','5','18');
INSERT INTO "npe4__Relationship__c" VALUES(211,'Primary Emergency Contact','8','5');
INSERT INTO "npe4__Relationship__c" VALUES(212,'Secondary Emergency Contact','6','8');
INSERT INTO "npe4__Relationship__c" VALUES(213,'Primary Emergency Contact','103','105');
INSERT INTO "npe4__Relationship__c" VALUES(214,'Family','8','242');
INSERT INTO "npe4__Relationship__c" VALUES(215,'Secondary Emergency Contact','8','6');
INSERT INTO "npe4__Relationship__c" VALUES(216,'Primary Emergency Contact','9','13');
INSERT INTO "npe4__Relationship__c" VALUES(217,'Secondary Emergency Contact','10','13');
INSERT INTO "npe4__Relationship__c" VALUES(218,'Grandparent','13','242');
INSERT INTO "npe4__Relationship__c" VALUES(219,'Primary Emergency Contact','13','9');
INSERT INTO "npe4__Relationship__c" VALUES(220,'Secondary Emergency Contact','13','10');
INSERT INTO "npe4__Relationship__c" VALUES(221,'Primary Emergency Contact','14','18');
INSERT INTO "npe4__Relationship__c" VALUES(222,'Secondary Emergency Contact','15','18');
INSERT INTO "npe4__Relationship__c" VALUES(223,'Secondary Emergency Contact','104','105');
INSERT INTO "npe4__Relationship__c" VALUES(224,'Husband','104','115');
INSERT INTO "npe4__Relationship__c" VALUES(225,'TSiM Referral','18','5');
INSERT INTO "npe4__Relationship__c" VALUES(226,'Primary Emergency Contact','18','14');
INSERT INTO "npe4__Relationship__c" VALUES(227,'Secondary Emergency Contact','18','15');
INSERT INTO "npe4__Relationship__c" VALUES(228,'Primary Emergency Contact','20','93');
INSERT INTO "npe4__Relationship__c" VALUES(229,'Secondary Emergency Contact','21','93');
INSERT INTO "npe4__Relationship__c" VALUES(230,'Volunteer Lead','93','1');
INSERT INTO "npe4__Relationship__c" VALUES(231,'Primary Emergency Contact','93','20');
INSERT INTO "npe4__Relationship__c" VALUES(232,'Secondary Emergency Contact','93','21');
INSERT INTO "npe4__Relationship__c" VALUES(233,'Primary Emergency Contact','43','46');
INSERT INTO "npe4__Relationship__c" VALUES(234,'Secondary Emergency Contact','44','46');
INSERT INTO "npe4__Relationship__c" VALUES(235,'Trainer','44','62');
INSERT INTO "npe4__Relationship__c" VALUES(236,'Primary Emergency Contact','105','103');
INSERT INTO "npe4__Relationship__c" VALUES(237,'Secondary Emergency Contact','105','104');
INSERT INTO "npe4__Relationship__c" VALUES(238,'Volunteer','105','99');
INSERT INTO "npe4__Relationship__c" VALUES(239,'Child','45','46');
INSERT INTO "npe4__Relationship__c" VALUES(240,'Uncle','45','55');
INSERT INTO "npe4__Relationship__c" VALUES(241,'Primary Emergency Contact','46','43');
INSERT INTO "npe4__Relationship__c" VALUES(242,'Secondary Emergency Contact','46','44');
INSERT INTO "npe4__Relationship__c" VALUES(243,'Child','46','45');
INSERT INTO "npe4__Relationship__c" VALUES(244,'Primary Emergency Contact','52','55');
INSERT INTO "npe4__Relationship__c" VALUES(245,'Secondary Emergency Contact','53','55');
INSERT INTO "npe4__Relationship__c" VALUES(246,'Friend','53','59');
INSERT INTO "npe4__Relationship__c" VALUES(247,'Uncle','55','45');
INSERT INTO "npe4__Relationship__c" VALUES(248,'Primary Emergency Contact','55','52');
INSERT INTO "npe4__Relationship__c" VALUES(249,'Secondary Emergency Contact','55','53');
INSERT INTO "npe4__Relationship__c" VALUES(250,'Primary Emergency Contact','56','59');
INSERT INTO "npe4__Relationship__c" VALUES(251,'Secondary Emergency Contact','57','59');
INSERT INTO "npe4__Relationship__c" VALUES(252,'Primary Emergency Contact','106','110');
INSERT INTO "npe4__Relationship__c" VALUES(253,'Friend','59','53');
INSERT INTO "npe4__Relationship__c" VALUES(254,'Primary Emergency Contact','59','56');
INSERT INTO "npe4__Relationship__c" VALUES(255,'Secondary Emergency Contact','59','57');
INSERT INTO "npe4__Relationship__c" VALUES(256,'Primary Emergency Contact','60','62');
INSERT INTO "npe4__Relationship__c" VALUES(257,'Secondary Emergency Contact','61','62');
INSERT INTO "npe4__Relationship__c" VALUES(258,'Grandmother','61','68');
INSERT INTO "npe4__Relationship__c" VALUES(259,'Primary Emergency Contact','162','160');
INSERT INTO "npe4__Relationship__c" VALUES(260,'Secondary Emergency Contact','162','161');
INSERT INTO "npe4__Relationship__c" VALUES(261,'Volunteer','162','161');
INSERT INTO "npe4__Relationship__c" VALUES(262,'Primary Emergency Contact','163','165');
INSERT INTO "npe4__Relationship__c" VALUES(263,'Secondary Emergency Contact','164','165');
INSERT INTO "npe4__Relationship__c" VALUES(264,'Grandson','165','160');
INSERT INTO "npe4__Relationship__c" VALUES(265,'Primary Emergency Contact','165','163');
INSERT INTO "npe4__Relationship__c" VALUES(266,'Secondary Emergency Contact','165','164');
INSERT INTO "npe4__Relationship__c" VALUES(267,'Primary Emergency Contact','166','171');
INSERT INTO "npe4__Relationship__c" VALUES(268,'Secondary Emergency Contact','167','171');
INSERT INTO "npe4__Relationship__c" VALUES(269,'Coworker','167','171');
INSERT INTO "npe4__Relationship__c" VALUES(270,'Client','168','174');
INSERT INTO "npe4__Relationship__c" VALUES(271,'Secondary Emergency Contact','107','110');
INSERT INTO "npe4__Relationship__c" VALUES(272,'Primary Emergency Contact','171','166');
INSERT INTO "npe4__Relationship__c" VALUES(273,'Secondary Emergency Contact','171','167');
INSERT INTO "npe4__Relationship__c" VALUES(274,'Coworker','171','167');
INSERT INTO "npe4__Relationship__c" VALUES(275,'Primary Emergency Contact','172','174');
INSERT INTO "npe4__Relationship__c" VALUES(276,'Secondary Emergency Contact','169','174');
INSERT INTO "npe4__Relationship__c" VALUES(277,'Grandparent','169','183');
INSERT INTO "npe4__Relationship__c" VALUES(278,'Client','174','168');
INSERT INTO "npe4__Relationship__c" VALUES(279,'Primary Emergency Contact','174','172');
INSERT INTO "npe4__Relationship__c" VALUES(280,'Secondary Emergency Contact','174','169');
INSERT INTO "npe4__Relationship__c" VALUES(281,'Primary Emergency Contact','175','177');
INSERT INTO "npe4__Relationship__c" VALUES(282,'Secondary Emergency Contact','176','177');
INSERT INTO "npe4__Relationship__c" VALUES(283,'Wife','177','161');
INSERT INTO "npe4__Relationship__c" VALUES(284,'Primary Emergency Contact','177','175');
INSERT INTO "npe4__Relationship__c" VALUES(285,'Secondary Emergency Contact','177','176');
INSERT INTO "npe4__Relationship__c" VALUES(286,'Grandmother','108','75');
INSERT INTO "npe4__Relationship__c" VALUES(287,'Primary Emergency Contact','179','183');
INSERT INTO "npe4__Relationship__c" VALUES(288,'Secondary Emergency Contact','181','183');
INSERT INTO "npe4__Relationship__c" VALUES(289,'Grandparent','183','169');
INSERT INTO "npe4__Relationship__c" VALUES(290,'Primary Emergency Contact','183','179');
INSERT INTO "npe4__Relationship__c" VALUES(291,'Secondary Emergency Contact','183','181');
INSERT INTO "npe4__Relationship__c" VALUES(292,'Primary Emergency Contact','184','186');
INSERT INTO "npe4__Relationship__c" VALUES(293,'Secondary Emergency Contact','186','185');
INSERT INTO "npe4__Relationship__c" VALUES(294,'Grandparent','184','215');
INSERT INTO "npe4__Relationship__c" VALUES(295,'Secondary Emergency Contact','185','186');
INSERT INTO "npe4__Relationship__c" VALUES(296,'Primary Emergency Contact','186','184');
INSERT INTO "npe4__Relationship__c" VALUES(297,'Partner','186','186');
INSERT INTO "npe4__Relationship__c" VALUES(298,'Partner','186','186');
INSERT INTO "npe4__Relationship__c" VALUES(299,'Primary Emergency Contact','187','192');
INSERT INTO "npe4__Relationship__c" VALUES(300,'Secondary Emergency Contact','188','192');
INSERT INTO "npe4__Relationship__c" VALUES(301,'Grandfather','188','208');
INSERT INTO "npe4__Relationship__c" VALUES(302,'TSiM Referral','190','192');
INSERT INTO "npe4__Relationship__c" VALUES(303,'Secondary Emergency Contact','193','195');
INSERT INTO "npe4__Relationship__c" VALUES(304,'Grandchild','109','110');
INSERT INTO "npe4__Relationship__c" VALUES(305,'Team Facilitator Lead','191','203');
INSERT INTO "npe4__Relationship__c" VALUES(306,'Primary Emergency Contact','192','187');
INSERT INTO "npe4__Relationship__c" VALUES(307,'Secondary Emergency Contact','192','188');
INSERT INTO "npe4__Relationship__c" VALUES(308,'TSiM Referral','192','190');
INSERT INTO "npe4__Relationship__c" VALUES(309,'Primary Emergency Contact','196','197');
INSERT INTO "npe4__Relationship__c" VALUES(310,'Secondary Emergency Contact','198','197');
INSERT INTO "npe4__Relationship__c" VALUES(311,'Primary Emergency Contact','197','196');
INSERT INTO "npe4__Relationship__c" VALUES(312,'Secondary Emergency Contact','197','198');
INSERT INTO "npe4__Relationship__c" VALUES(313,'Volunteer','197','197');
INSERT INTO "npe4__Relationship__c" VALUES(314,'Volunteer','197','197');
INSERT INTO "npe4__Relationship__c" VALUES(315,'Primary Emergency Contact','201','203');
INSERT INTO "npe4__Relationship__c" VALUES(316,'Secondary Emergency Contact','202','203');
INSERT INTO "npe4__Relationship__c" VALUES(317,'Team Facilitator Lead','203','191');
INSERT INTO "npe4__Relationship__c" VALUES(318,'Primary Emergency Contact','203','201');
INSERT INTO "npe4__Relationship__c" VALUES(319,'Secondary Emergency Contact','203','202');
INSERT INTO "npe4__Relationship__c" VALUES(320,'Primary Emergency Contact','110','106');
INSERT INTO "npe4__Relationship__c" VALUES(321,'Secondary Emergency Contact','110','107');
INSERT INTO "npe4__Relationship__c" VALUES(322,'Grandchild','110','109');
INSERT INTO "npe4__Relationship__c" VALUES(323,'Primary Emergency Contact','204','208');
INSERT INTO "npe4__Relationship__c" VALUES(324,'Secondary Emergency Contact','205','208');
INSERT INTO "npe4__Relationship__c" VALUES(325,'Grandfather','208','188');
INSERT INTO "npe4__Relationship__c" VALUES(326,'Primary Emergency Contact','208','204');
INSERT INTO "npe4__Relationship__c" VALUES(327,'Secondary Emergency Contact','208','205');
INSERT INTO "npe4__Relationship__c" VALUES(328,'Primary Emergency Contact','210','215');
INSERT INTO "npe4__Relationship__c" VALUES(329,'Secondary Emergency Contact','211','215');
INSERT INTO "npe4__Relationship__c" VALUES(330,'Primary Emergency Contact','111','115');
INSERT INTO "npe4__Relationship__c" VALUES(331,'Grandparent','215','184');
INSERT INTO "npe4__Relationship__c" VALUES(332,'Primary Emergency Contact','215','210');
INSERT INTO "npe4__Relationship__c" VALUES(333,'Secondary Emergency Contact','215','211');
INSERT INTO "npe4__Relationship__c" VALUES(334,'Primary Emergency Contact','35','33');
INSERT INTO "npe4__Relationship__c" VALUES(335,'Primary Emergency Contact','33','35');
INSERT INTO "npe4__Relationship__c" VALUES(336,'Secondary Emergency Contact','34','35');
INSERT INTO "npe4__Relationship__c" VALUES(337,'Child','31','42');
INSERT INTO "npe4__Relationship__c" VALUES(338,'Secondary Emergency Contact','35','34');
INSERT INTO "npe4__Relationship__c" VALUES(339,'Father','35','28');
INSERT INTO "npe4__Relationship__c" VALUES(340,'Primary Emergency Contact','216','219');
INSERT INTO "npe4__Relationship__c" VALUES(341,'Child','216','222');
INSERT INTO "npe4__Relationship__c" VALUES(342,'Volunteer Lead','217','233');
INSERT INTO "npe4__Relationship__c" VALUES(343,'Secondary Emergency Contact','217','219');
INSERT INTO "npe4__Relationship__c" VALUES(344,'TSiM Referral','218','239');
INSERT INTO "npe4__Relationship__c" VALUES(345,'Child','213','219');
INSERT INTO "npe4__Relationship__c" VALUES(346,'Grandparent','219','226');
INSERT INTO "npe4__Relationship__c" VALUES(347,'Primary Emergency Contact','219','216');
INSERT INTO "npe4__Relationship__c" VALUES(348,'Secondary Emergency Contact','219','217');
INSERT INTO "npe4__Relationship__c" VALUES(349,'Child','219','213');
INSERT INTO "npe4__Relationship__c" VALUES(350,'Secondary Emergency Contact','112','115');
INSERT INTO "npe4__Relationship__c" VALUES(351,'Primary Emergency Contact','220','222');
INSERT INTO "npe4__Relationship__c" VALUES(352,'Primary Emergency Contact','195','189');
INSERT INTO "npe4__Relationship__c" VALUES(353,'Grandparent','102','96');
INSERT INTO "npe4__Relationship__c" VALUES(354,'Primary Emergency Contact','98','96');
INSERT INTO "npe4__Relationship__c" VALUES(355,'Volunteer','98','96');
INSERT INTO "npe4__Relationship__c" VALUES(356,'Secondary Emergency Contact','99','96');
INSERT INTO "npe4__Relationship__c" VALUES(357,'Wife','26','32');
INSERT INTO "npe4__Relationship__c" VALUES(358,'Primary Emergency Contact','25','32');
INSERT INTO "npe4__Relationship__c" VALUES(359,'Secondary Emergency Contact','28','32');
INSERT INTO "npe4__Relationship__c" VALUES(360,'Primary Emergency Contact','162','160');
INSERT INTO "npe4__Relationship__c" VALUES(361,'Grandson','165','160');
INSERT INTO "npe4__Relationship__c" VALUES(362,'Secondary Emergency Contact','162','161');
INSERT INTO "npe4__Relationship__c" VALUES(363,'Volunteer','162','161');
INSERT INTO "npe4__Relationship__c" VALUES(364,'Wife','177','161');
INSERT INTO "npe4__Relationship__c" VALUES(365,'Secondary Emergency Contact','244','226');
INSERT INTO "npe4__Relationship__c" VALUES(366,'Grandparent','219','226');
INSERT INTO "npe4__Relationship__c" VALUES(367,'Primary Emergency Contact','223','226');
INSERT INTO "npe4__Relationship__c" VALUES(368,'Primary Emergency Contact','229','228');
INSERT INTO "npe4__Relationship__c" VALUES(369,'Secondary Emergency Contact','229','225');
INSERT INTO "npe4__Relationship__c" VALUES(370,'Primary Emergency Contact','228','229');
INSERT INTO "npe4__Relationship__c" VALUES(371,'Secondary Emergency Contact','225','229');
INSERT INTO "npe4__Relationship__c" VALUES(372,'Grandparent','222','229');
INSERT INTO "npe4__Relationship__c" VALUES(373,'Secondary Emergency Contact','118','119');
INSERT INTO "npe4__Relationship__c" VALUES(374,'Grandmother','61','68');
INSERT INTO "npe4__Relationship__c" VALUES(375,'Primary Emergency Contact','63','68');
INSERT INTO "npe4__Relationship__c" VALUES(376,'Secondary Emergency Contact','64','68');
INSERT INTO "npe4__Relationship__c" VALUES(377,'Child','67','69');
INSERT INTO "npe4__Relationship__c" VALUES(378,'Primary Emergency Contact','67','70');
INSERT INTO "npe4__Relationship__c" VALUES(379,'Secondary Emergency Contact','67','71');
INSERT INTO "npe4__Relationship__c" VALUES(380,'Child','69','67');
INSERT INTO "npe4__Relationship__c" VALUES(381,'Primary Emergency Contact','70','67');
INSERT INTO "npe4__Relationship__c" VALUES(382,'Secondary Emergency Contact','71','67');
INSERT INTO "npe4__Relationship__c" VALUES(383,'Cousin','51','94');
INSERT INTO "npe4__Relationship__c" VALUES(384,'Primary Emergency Contact','97','94');
INSERT INTO "npe4__Relationship__c" VALUES(385,'Secondary Emergency Contact','97','95');
INSERT INTO "npe4__Relationship__c" VALUES(386,'Secondary Emergency Contact','51','48');
INSERT INTO "npe4__Relationship__c" VALUES(387,'Primary Emergency Contact','96','98');
INSERT INTO "npe4__Relationship__c" VALUES(388,'Volunteer','96','98');
INSERT INTO "npe4__Relationship__c" VALUES(389,'Family','79','51');
INSERT INTO "npe4__Relationship__c" VALUES(390,'Cousin','94','51');
INSERT INTO "npe4__Relationship__c" VALUES(391,'Secondary Emergency Contact','48','51');
INSERT INTO "npe4__Relationship__c" VALUES(392,'Primary Emergency Contact','49','51');
INSERT INTO "npe4__Relationship__c" VALUES(393,'Primary Emergency Contact','79','77');
INSERT INTO "npe4__Relationship__c" VALUES(394,'Primary Emergency Contact','94','97');
INSERT INTO "npe4__Relationship__c" VALUES(395,'Secondary Emergency Contact','95','97');
INSERT INTO "npe4__Relationship__c" VALUES(396,'Aunt','97','97');
INSERT INTO "npe4__Relationship__c" VALUES(397,'Aunt','97','97');
INSERT INTO "npe4__Relationship__c" VALUES(398,'Primary Emergency Contact','124','120');
INSERT INTO "npe4__Relationship__c" VALUES(399,'Secondary Emergency Contact','124','121');
INSERT INTO "npe4__Relationship__c" VALUES(400,'Cousin','159','122');
INSERT INTO "npe4__Relationship__c" VALUES(401,'Mother','195','123');
INSERT INTO "npe4__Relationship__c" VALUES(402,'Family','124','123');
INSERT INTO "npe4__Relationship__c" VALUES(403,'Primary Emergency Contact','120','124');
INSERT INTO "npe4__Relationship__c" VALUES(404,'Secondary Emergency Contact','121','124');
INSERT INTO "npe4__Relationship__c" VALUES(405,'Family','123','124');
INSERT INTO "npe4__Relationship__c" VALUES(406,'Secondary Emergency Contact','96','99');
INSERT INTO "npe4__Relationship__c" VALUES(407,'Volunteer','105','99');
INSERT INTO "npe4__Relationship__c" VALUES(408,'Primary Emergency Contact','51','49');
INSERT INTO "npe4__Relationship__c" VALUES(409,'Primary Emergency Contact','155','152');
INSERT INTO "npe4__Relationship__c" VALUES(410,'Secondary Emergency Contact','155','149');
INSERT INTO "npe4__Relationship__c" VALUES(411,'Grandchild','133','155');
INSERT INTO "npe4__Relationship__c" VALUES(412,'Primary Emergency Contact','152','155');
INSERT INTO "npe4__Relationship__c" VALUES(413,'Secondary Emergency Contact','149','155');
INSERT INTO "npe4__Relationship__c" VALUES(414,'Primary Emergency Contact','32','25');
INSERT INTO "npe4__Relationship__c" VALUES(415,'Secondary Emergency Contact','32','28');
INSERT INTO "npe4__Relationship__c" VALUES(416,'Father','35','28');
INSERT INTO "npe4__Relationship__c" VALUES(417,'Secondary Emergency Contact','205','208');
INSERT INTO "npe4__Relationship__c" VALUES(418,'Secondary Emergency Contact','208','205');
INSERT INTO "npe4__Relationship__c" VALUES(419,'Grandfather','188','208');
INSERT INTO "npe4__Relationship__c" VALUES(420,'Primary Emergency Contact','204','208');
INSERT INTO "npe4__Relationship__c" VALUES(421,'Primary Emergency Contact','215','210');
INSERT INTO "npe4__Relationship__c" VALUES(422,'Secondary Emergency Contact','215','211');
INSERT INTO "npe4__Relationship__c" VALUES(423,'Primary Emergency Contact','115','111');
INSERT INTO "npe4__Relationship__c" VALUES(424,'Grandparent','184','215');
INSERT INTO "npe4__Relationship__c" VALUES(425,'Primary Emergency Contact','210','215');
INSERT INTO "npe4__Relationship__c" VALUES(426,'Secondary Emergency Contact','211','215');
INSERT INTO "npe4__Relationship__c" VALUES(427,'Primary Emergency Contact','35','33');
INSERT INTO "npe4__Relationship__c" VALUES(428,'Secondary Emergency Contact','35','34');
INSERT INTO "npe4__Relationship__c" VALUES(429,'Child','42','31');
INSERT INTO "npe4__Relationship__c" VALUES(430,'Primary Emergency Contact','33','35');
INSERT INTO "npe4__Relationship__c" VALUES(431,'Secondary Emergency Contact','34','35');
INSERT INTO "npe4__Relationship__c" VALUES(432,'Father','28','35');
INSERT INTO "npe4__Relationship__c" VALUES(433,'Primary Emergency Contact','219','216');
INSERT INTO "npe4__Relationship__c" VALUES(434,'Child','222','216');
INSERT INTO "npe4__Relationship__c" VALUES(435,'Volunteer Lead','233','217');
INSERT INTO "npe4__Relationship__c" VALUES(436,'Secondary Emergency Contact','219','217');
INSERT INTO "npe4__Relationship__c" VALUES(437,'TSiM Referral','239','218');
INSERT INTO "npe4__Relationship__c" VALUES(438,'Child','219','213');
INSERT INTO "npe4__Relationship__c" VALUES(439,'Grandparent','226','219');
INSERT INTO "npe4__Relationship__c" VALUES(440,'Primary Emergency Contact','216','219');
INSERT INTO "npe4__Relationship__c" VALUES(441,'Secondary Emergency Contact','217','219');
INSERT INTO "npe4__Relationship__c" VALUES(442,'Child','213','219');
INSERT INTO "npe4__Relationship__c" VALUES(443,'Secondary Emergency Contact','115','112');
INSERT INTO "npe4__Relationship__c" VALUES(444,'Primary Emergency Contact','222','220');
INSERT INTO "npe4__Relationship__c" VALUES(445,'Secondary Emergency Contact','221','222');
INSERT INTO "npe4__Relationship__c" VALUES(446,'Grandparent','222','229');
INSERT INTO "npe4__Relationship__c" VALUES(447,'Child','222','216');
INSERT INTO "npe4__Relationship__c" VALUES(448,'Primary Emergency Contact','222','220');
INSERT INTO "npe4__Relationship__c" VALUES(449,'Secondary Emergency Contact','222','221');
INSERT INTO "npe4__Relationship__c" VALUES(450,'Primary Emergency Contact','223','226');
INSERT INTO "npe4__Relationship__c" VALUES(451,'Primary Emergency Contact','128','24');
INSERT INTO "npe4__Relationship__c" VALUES(452,'Secondary Emergency Contact','129','24');
INSERT INTO "npe4__Relationship__c" VALUES(453,'Wife','26','32');
INSERT INTO "npe4__Relationship__c" VALUES(454,'Primary Emergency Contact','24','128');
INSERT INTO "npe4__Relationship__c" VALUES(455,'Secondary Emergency Contact','24','129');
INSERT INTO "npe4__Relationship__c" VALUES(456,'Volunteer Lead','24','126');
INSERT INTO "npe4__Relationship__c" VALUES(457,'Primary Emergency Contact','131','130');
INSERT INTO "npe4__Relationship__c" VALUES(458,'Secondary Emergency Contact','132','130');
INSERT INTO "npe4__Relationship__c" VALUES(459,'Grandchild','132','130');
INSERT INTO "npe4__Relationship__c" VALUES(460,'Grandchild','133','155');
INSERT INTO "npe4__Relationship__c" VALUES(461,'Primary Emergency Contact','130','131');
INSERT INTO "npe4__Relationship__c" VALUES(462,'Secondary Emergency Contact','130','132');
INSERT INTO "npe4__Relationship__c" VALUES(463,'Grandchild','130','132');
INSERT INTO "npe4__Relationship__c" VALUES(464,'Primary Emergency Contact','134','138');
INSERT INTO "npe4__Relationship__c" VALUES(465,'Secondary Emergency Contact','135','138');
INSERT INTO "npe4__Relationship__c" VALUES(466,'Primary Emergency Contact','138','134');
INSERT INTO "npe4__Relationship__c" VALUES(467,'Secondary Emergency Contact','138','135');
INSERT INTO "npe4__Relationship__c" VALUES(468,'Uncle','138','138');
INSERT INTO "npe4__Relationship__c" VALUES(469,'Uncle','138','138');
INSERT INTO "npe4__Relationship__c" VALUES(470,'Primary Emergency Contact','139','143');
INSERT INTO "npe4__Relationship__c" VALUES(471,'Secondary Emergency Contact','140','143');
INSERT INTO "npe4__Relationship__c" VALUES(472,'Primary Emergency Contact','143','139');
INSERT INTO "npe4__Relationship__c" VALUES(473,'Secondary Emergency Contact','143','140');
INSERT INTO "npe4__Relationship__c" VALUES(474,'Client','143','143');
INSERT INTO "npe4__Relationship__c" VALUES(475,'Client','143','143');
INSERT INTO "npe4__Relationship__c" VALUES(476,'Primary Emergency Contact','144','146');
INSERT INTO "npe4__Relationship__c" VALUES(477,'Secondary Emergency Contact','141','146');
INSERT INTO "npe4__Relationship__c" VALUES(478,'Daughter','145','146');
INSERT INTO "npe4__Relationship__c" VALUES(479,'Friend','145','150');
INSERT INTO "npe4__Relationship__c" VALUES(480,'Primary Emergency Contact','146','144');
INSERT INTO "npe4__Relationship__c" VALUES(481,'Secondary Emergency Contact','146','141');
INSERT INTO "npe4__Relationship__c" VALUES(482,'Daughter','146','145');
INSERT INTO "npe4__Relationship__c" VALUES(483,'Primary Emergency Contact','147','150');
INSERT INTO "npe4__Relationship__c" VALUES(484,'Secondary Emergency Contact','150','148');
INSERT INTO "npe4__Relationship__c" VALUES(485,'Secondary Emergency Contact','148','150');
INSERT INTO "npe4__Relationship__c" VALUES(486,'Friend','150','145');
INSERT INTO "npe4__Relationship__c" VALUES(487,'Primary Emergency Contact','150','147');
INSERT INTO "npe4__Relationship__c" VALUES(488,'Husband','115','104');
INSERT INTO "npe4__Relationship__c" VALUES(489,'Primary Emergency Contact','115','111');
INSERT INTO "npe4__Relationship__c" VALUES(490,'Secondary Emergency Contact','115','112');
INSERT INTO "npe4__Relationship__c" VALUES(491,'Primary Emergency Contact','73','75');
INSERT INTO "npe4__Relationship__c" VALUES(492,'Secondary Emergency Contact','74','75');
INSERT INTO "npe4__Relationship__c" VALUES(493,'Grandmother','75','108');
INSERT INTO "npe4__Relationship__c" VALUES(494,'Primary Emergency Contact','75','73');
INSERT INTO "npe4__Relationship__c" VALUES(495,'Secondary Emergency Contact','75','74');
INSERT INTO "npe4__Relationship__c" VALUES(496,'Primary Emergency Contact','125','127');
INSERT INTO "npe4__Relationship__c" VALUES(497,'Volunteer Lead','126','24');
INSERT INTO "npe4__Relationship__c" VALUES(498,'Secondary Emergency Contact','126','127');
INSERT INTO "npe4__Relationship__c" VALUES(499,'Primary Emergency Contact','127','125');
INSERT INTO "npe4__Relationship__c" VALUES(500,'Secondary Emergency Contact','127','126');
INSERT INTO "npe4__Relationship__c" VALUES(501,'Friend','127','118');
INSERT INTO "npe4__Relationship__c" VALUES(502,'Primary Emergency Contact','80','81');
INSERT INTO "npe4__Relationship__c" VALUES(503,'Grandfather','80','248');
INSERT INTO "npe4__Relationship__c" VALUES(504,'Secondary Emergency Contact','82','81');
INSERT INTO "npe4__Relationship__c" VALUES(505,'Trainer','82','81');
INSERT INTO "npe4__Relationship__c" VALUES(506,'Primary Emergency Contact','81','80');
INSERT INTO "npe4__Relationship__c" VALUES(507,'Secondary Emergency Contact','81','82');
INSERT INTO "npe4__Relationship__c" VALUES(508,'Trainer','81','82');
INSERT INTO "npe4__Relationship__c" VALUES(509,'Uncle','81','87');
INSERT INTO "npe4__Relationship__c" VALUES(510,'Coworker','81','90');
INSERT INTO "npe4__Relationship__c" VALUES(511,'Granddaughter','81','257');
INSERT INTO "npe4__Relationship__c" VALUES(512,'Primary Emergency Contact','85','87');
INSERT INTO "npe4__Relationship__c" VALUES(513,'Primary Emergency Contact','195','189');
INSERT INTO "npe4__Relationship__c" VALUES(514,'Secondary Emergency Contact','195','193');
INSERT INTO "npe4__Relationship__c" VALUES(515,'Mother','195','123');
INSERT INTO "npe4__Relationship__c" VALUES(516,'Secondary Emergency Contact','86','87');
INSERT INTO "npe4__Relationship__c" VALUES(517,'Uncle','87','81');
INSERT INTO "npe4__Relationship__c" VALUES(518,'Primary Emergency Contact','87','85');
INSERT INTO "npe4__Relationship__c" VALUES(519,'Secondary Emergency Contact','87','86');
INSERT INTO "npe4__Relationship__c" VALUES(520,'Primary Emergency Contact','88','90');
INSERT INTO "npe4__Relationship__c" VALUES(521,'Secondary Emergency Contact','89','90');
INSERT INTO "npe4__Relationship__c" VALUES(522,'Grandmother','89','252');
INSERT INTO "npe4__Relationship__c" VALUES(523,'Coworker','90','81');
INSERT INTO "npe4__Relationship__c" VALUES(524,'Primary Emergency Contact','90','88');
INSERT INTO "npe4__Relationship__c" VALUES(525,'Grandfather','248','80');
INSERT INTO "npe4__Relationship__c" VALUES(526,'Secondary Emergency Contact','90','89');
INSERT INTO "npe4__Relationship__c" VALUES(527,'Primary Emergency Contact','91','248');
INSERT INTO "npe4__Relationship__c" VALUES(528,'Secondary Emergency Contact','92','248');
INSERT INTO "npe4__Relationship__c" VALUES(529,'Primary Emergency Contact','248','91');
INSERT INTO "npe4__Relationship__c" VALUES(530,'Secondary Emergency Contact','248','92');
INSERT INTO "npe4__Relationship__c" VALUES(531,'Primary Emergency Contact','249','252');
INSERT INTO "npe4__Relationship__c" VALUES(532,'Primary Emergency Contact','117','119');
INSERT INTO "npe4__Relationship__c" VALUES(533,'Team Facilitator Lead','117','119');
INSERT INTO "npe4__Relationship__c" VALUES(534,'Secondary Emergency Contact','250','252');
INSERT INTO "npe4__Relationship__c" VALUES(535,'Grandmother','252','89');
INSERT INTO "npe4__Relationship__c" VALUES(536,'Primary Emergency Contact','252','249');
INSERT INTO "npe4__Relationship__c" VALUES(537,'Secondary Emergency Contact','252','250');
INSERT INTO "npe4__Relationship__c" VALUES(538,'Secondary Emergency Contact','254','257');
INSERT INTO "npe4__Relationship__c" VALUES(539,'Granddaughter','257','81');
INSERT INTO "npe4__Relationship__c" VALUES(540,'Secondary Emergency Contact','257','254');
INSERT INTO "npe4__Relationship__c" VALUES(541,'Primary Emergency Contact','257','255');
INSERT INTO "npe4__Relationship__c" VALUES(542,'Primary Emergency Contact','255','257');
INSERT INTO "npe4__Relationship__c" VALUES(543,'Secondary Emergency Contact','76','79');
INSERT INTO "npe4__Relationship__c" VALUES(544,'Friend','118','127');
INSERT INTO "npe4__Relationship__c" VALUES(545,'Secondary Emergency Contact','118','119');
INSERT INTO "npe4__Relationship__c" VALUES(546,'Secondary Emergency Contact','79','76');
INSERT INTO "npe4__Relationship__c" VALUES(547,'Family','79','51');
INSERT INTO "npe4__Relationship__c" VALUES(548,'Primary Emergency Contact','79','77');
INSERT INTO "npe4__Relationship__c" VALUES(549,'Primary Emergency Contact','156','159');
INSERT INTO "npe4__Relationship__c" VALUES(550,'Secondary Emergency Contact','157','159');
INSERT INTO "npe4__Relationship__c" VALUES(551,'Primary Emergency Contact','159','156');
INSERT INTO "npe4__Relationship__c" VALUES(552,'Secondary Emergency Contact','159','157');
INSERT INTO "npe4__Relationship__c" VALUES(553,'Cousin','159','122');
INSERT INTO "npe4__Relationship__c" VALUES(554,'Trainer','62','44');
INSERT INTO "npe4__Relationship__c" VALUES(555,'Primary Emergency Contact','62','60');
INSERT INTO "npe4__Relationship__c" VALUES(556,'Secondary Emergency Contact','62','61');
INSERT INTO "npe4__Relationship__c" VALUES(557,'Primary Emergency Contact','63','68');
INSERT INTO "npe4__Relationship__c" VALUES(558,'Secondary Emergency Contact','64','68');
INSERT INTO "npe4__Relationship__c" VALUES(559,'Primary Emergency Contact','119','117');
INSERT INTO "npe4__Relationship__c" VALUES(560,'Team Facilitator Lead','119','117');
INSERT INTO "npe4__Relationship__c" VALUES(561,'Secondary Emergency Contact','119','118');
INSERT INTO "npe4__Relationship__c" VALUES(562,'Grandmother','68','61');
INSERT INTO "npe4__Relationship__c" VALUES(563,'Primary Emergency Contact','68','63');
INSERT INTO "npe4__Relationship__c" VALUES(564,'Secondary Emergency Contact','68','64');
INSERT INTO "npe4__Relationship__c" VALUES(565,'Child','69','67');
INSERT INTO "npe4__Relationship__c" VALUES(566,'Primary Emergency Contact','67','70');
INSERT INTO "npe4__Relationship__c" VALUES(567,'Primary Emergency Contact','70','67');
INSERT INTO "npe4__Relationship__c" VALUES(568,'Secondary Emergency Contact','71','67');
INSERT INTO "npe4__Relationship__c" VALUES(569,'Child','67','69');
INSERT INTO "npe4__Relationship__c" VALUES(570,'Secondary Emergency Contact','67','71');
INSERT INTO "npe4__Relationship__c" VALUES(571,'Cousin','94','51');
INSERT INTO "npe4__Relationship__c" VALUES(572,'Primary Emergency Contact','94','97');
INSERT INTO "npe4__Relationship__c" VALUES(573,'Secondary Emergency Contact','95','97');
INSERT INTO "npe4__Relationship__c" VALUES(574,'Secondary Emergency Contact','48','51');
INSERT INTO "npe4__Relationship__c" VALUES(575,'Primary Emergency Contact','98','96');
INSERT INTO "npe4__Relationship__c" VALUES(576,'Volunteer','98','96');
INSERT INTO "npe4__Relationship__c" VALUES(577,'Family','51','79');
INSERT INTO "npe4__Relationship__c" VALUES(578,'Cousin','51','94');
INSERT INTO "npe4__Relationship__c" VALUES(579,'Secondary Emergency Contact','51','48');
INSERT INTO "npe4__Relationship__c" VALUES(580,'Primary Emergency Contact','51','49');
INSERT INTO "npe4__Relationship__c" VALUES(581,'Primary Emergency Contact','77','79');
INSERT INTO "npe4__Relationship__c" VALUES(582,'Primary Emergency Contact','97','94');
INSERT INTO "npe4__Relationship__c" VALUES(583,'Secondary Emergency Contact','97','95');
INSERT INTO "npe4__Relationship__c" VALUES(584,'Aunt','97','97');
INSERT INTO "npe4__Relationship__c" VALUES(585,'Aunt','97','97');
INSERT INTO "npe4__Relationship__c" VALUES(586,'Primary Emergency Contact','120','124');
INSERT INTO "npe4__Relationship__c" VALUES(587,'Secondary Emergency Contact','121','124');
INSERT INTO "npe4__Relationship__c" VALUES(588,'Cousin','122','159');
INSERT INTO "npe4__Relationship__c" VALUES(589,'Mother','123','195');
INSERT INTO "npe4__Relationship__c" VALUES(590,'Family','123','124');
INSERT INTO "npe4__Relationship__c" VALUES(591,'Primary Emergency Contact','124','120');
INSERT INTO "npe4__Relationship__c" VALUES(592,'Secondary Emergency Contact','124','121');
INSERT INTO "npe4__Relationship__c" VALUES(593,'Family','124','123');
INSERT INTO "npe4__Relationship__c" VALUES(594,'Secondary Emergency Contact','99','96');
INSERT INTO "npe4__Relationship__c" VALUES(595,'Volunteer','99','105');
INSERT INTO "npe4__Relationship__c" VALUES(596,'Primary Emergency Contact','49','51');
INSERT INTO "npe4__Relationship__c" VALUES(597,'Primary Emergency Contact','152','155');
INSERT INTO "npe4__Relationship__c" VALUES(598,'Secondary Emergency Contact','149','155');
INSERT INTO "npe4__Relationship__c" VALUES(599,'Grandchild','155','133');
INSERT INTO "npe4__Relationship__c" VALUES(600,'Primary Emergency Contact','155','152');
INSERT INTO "npe4__Relationship__c" VALUES(601,'Secondary Emergency Contact','155','149');
INSERT INTO "npe4__Relationship__c" VALUES(602,'Primary Emergency Contact','25','32');
INSERT INTO "npe4__Relationship__c" VALUES(603,'Secondary Emergency Contact','28','32');
INSERT INTO "npe4__Relationship__c" VALUES(604,'Father','28','35');
INSERT INTO "npe4__Relationship__c" VALUES(605,'Secondary Emergency Contact','222','221');
INSERT INTO "npe4__Relationship__c" VALUES(606,'Grandparent','229','222');
INSERT INTO "npe4__Relationship__c" VALUES(607,'Primary Emergency Contact','226','223');
INSERT INTO "npe4__Relationship__c" VALUES(608,'Child','216','222');
INSERT INTO "npe4__Relationship__c" VALUES(609,'Primary Emergency Contact','220','222');
INSERT INTO "npe4__Relationship__c" VALUES(610,'Secondary Emergency Contact','221','222');
INSERT INTO "npe4__Relationship__c" VALUES(611,'Primary Emergency Contact','24','128');
INSERT INTO "npe4__Relationship__c" VALUES(612,'Secondary Emergency Contact','24','129');
INSERT INTO "npe4__Relationship__c" VALUES(613,'Wife','32','26');
INSERT INTO "npe4__Relationship__c" VALUES(614,'Primary Emergency Contact','128','24');
INSERT INTO "npe4__Relationship__c" VALUES(615,'Secondary Emergency Contact','129','24');
INSERT INTO "npe4__Relationship__c" VALUES(616,'Volunteer Lead','126','24');
INSERT INTO "npe4__Relationship__c" VALUES(617,'Primary Emergency Contact','130','131');
INSERT INTO "npe4__Relationship__c" VALUES(618,'Secondary Emergency Contact','130','132');
INSERT INTO "npe4__Relationship__c" VALUES(619,'Grandchild','130','132');
INSERT INTO "npe4__Relationship__c" VALUES(620,'Grandchild','155','133');
INSERT INTO "npe4__Relationship__c" VALUES(621,'Primary Emergency Contact','131','130');
INSERT INTO "npe4__Relationship__c" VALUES(622,'Secondary Emergency Contact','132','130');
INSERT INTO "npe4__Relationship__c" VALUES(623,'Grandchild','132','130');
INSERT INTO "npe4__Relationship__c" VALUES(624,'Primary Emergency Contact','138','134');
INSERT INTO "npe4__Relationship__c" VALUES(625,'Secondary Emergency Contact','138','135');
INSERT INTO "npe4__Relationship__c" VALUES(626,'Primary Emergency Contact','134','138');
INSERT INTO "npe4__Relationship__c" VALUES(627,'Secondary Emergency Contact','135','138');
INSERT INTO "npe4__Relationship__c" VALUES(628,'Uncle','138','138');
INSERT INTO "npe4__Relationship__c" VALUES(629,'Uncle','138','138');
INSERT INTO "npe4__Relationship__c" VALUES(630,'Primary Emergency Contact','143','139');
INSERT INTO "npe4__Relationship__c" VALUES(631,'Secondary Emergency Contact','143','140');
INSERT INTO "npe4__Relationship__c" VALUES(632,'Primary Emergency Contact','139','143');
INSERT INTO "npe4__Relationship__c" VALUES(633,'Secondary Emergency Contact','140','143');
INSERT INTO "npe4__Relationship__c" VALUES(634,'Client','143','143');
INSERT INTO "npe4__Relationship__c" VALUES(635,'Client','143','143');
INSERT INTO "npe4__Relationship__c" VALUES(636,'Primary Emergency Contact','146','144');
INSERT INTO "npe4__Relationship__c" VALUES(637,'Secondary Emergency Contact','146','141');
INSERT INTO "npe4__Relationship__c" VALUES(638,'Daughter','146','145');
INSERT INTO "npe4__Relationship__c" VALUES(639,'Friend','150','145');
INSERT INTO "npe4__Relationship__c" VALUES(640,'Primary Emergency Contact','144','146');
INSERT INTO "npe4__Relationship__c" VALUES(641,'Secondary Emergency Contact','141','146');
INSERT INTO "npe4__Relationship__c" VALUES(642,'Daughter','145','146');
INSERT INTO "npe4__Relationship__c" VALUES(643,'Primary Emergency Contact','150','147');
INSERT INTO "npe4__Relationship__c" VALUES(644,'Secondary Emergency Contact','150','148');
INSERT INTO "npe4__Relationship__c" VALUES(645,'Friend','145','150');
INSERT INTO "npe4__Relationship__c" VALUES(646,'Primary Emergency Contact','147','150');
INSERT INTO "npe4__Relationship__c" VALUES(647,'Secondary Emergency Contact','148','150');
INSERT INTO "npe4__Relationship__c" VALUES(648,'Husband','104','115');
INSERT INTO "npe4__Relationship__c" VALUES(649,'Primary Emergency Contact','111','115');
INSERT INTO "npe4__Relationship__c" VALUES(650,'Secondary Emergency Contact','112','115');
INSERT INTO "npe4__Relationship__c" VALUES(651,'Primary Emergency Contact','75','73');
INSERT INTO "npe4__Relationship__c" VALUES(652,'Secondary Emergency Contact','75','74');
INSERT INTO "npe4__Relationship__c" VALUES(653,'Grandmother','108','75');
INSERT INTO "npe4__Relationship__c" VALUES(654,'Primary Emergency Contact','73','75');
INSERT INTO "npe4__Relationship__c" VALUES(655,'Secondary Emergency Contact','74','75');
INSERT INTO "npe4__Relationship__c" VALUES(656,'Primary Emergency Contact','127','125');
INSERT INTO "npe4__Relationship__c" VALUES(657,'Volunteer Lead','24','126');
INSERT INTO "npe4__Relationship__c" VALUES(658,'Secondary Emergency Contact','127','126');
INSERT INTO "npe4__Relationship__c" VALUES(659,'Primary Emergency Contact','125','127');
INSERT INTO "npe4__Relationship__c" VALUES(660,'Secondary Emergency Contact','126','127');
INSERT INTO "npe4__Relationship__c" VALUES(661,'Friend','118','127');
INSERT INTO "npe4__Relationship__c" VALUES(662,'Primary Emergency Contact','81','80');
INSERT INTO "npe4__Relationship__c" VALUES(663,'Grandfather','248','80');
INSERT INTO "npe4__Relationship__c" VALUES(664,'Secondary Emergency Contact','81','82');
INSERT INTO "npe4__Relationship__c" VALUES(665,'Trainer','81','82');
INSERT INTO "npe4__Relationship__c" VALUES(666,'Primary Emergency Contact','80','81');
INSERT INTO "npe4__Relationship__c" VALUES(667,'Secondary Emergency Contact','82','81');
INSERT INTO "npe4__Relationship__c" VALUES(668,'Trainer','82','81');
INSERT INTO "npe4__Relationship__c" VALUES(669,'Uncle','87','81');
INSERT INTO "npe4__Relationship__c" VALUES(670,'Coworker','90','81');
INSERT INTO "npe4__Relationship__c" VALUES(671,'Granddaughter','257','81');
INSERT INTO "npe4__Relationship__c" VALUES(672,'Primary Emergency Contact','87','85');
INSERT INTO "npe4__Relationship__c" VALUES(673,'Primary Emergency Contact','189','195');
INSERT INTO "npe4__Relationship__c" VALUES(674,'Secondary Emergency Contact','193','195');
INSERT INTO "npe4__Relationship__c" VALUES(675,'Mother','123','195');
INSERT INTO "npe4__Relationship__c" VALUES(676,'Secondary Emergency Contact','87','86');
INSERT INTO "npe4__Relationship__c" VALUES(677,'Uncle','81','87');
INSERT INTO "npe4__Relationship__c" VALUES(678,'Primary Emergency Contact','85','87');
INSERT INTO "npe4__Relationship__c" VALUES(679,'Secondary Emergency Contact','86','87');
INSERT INTO "npe4__Relationship__c" VALUES(680,'Primary Emergency Contact','90','88');
INSERT INTO "npe4__Relationship__c" VALUES(681,'Secondary Emergency Contact','90','89');
INSERT INTO "npe4__Relationship__c" VALUES(682,'Grandmother','252','89');
INSERT INTO "npe4__Relationship__c" VALUES(683,'Coworker','81','90');
INSERT INTO "npe4__Relationship__c" VALUES(684,'Primary Emergency Contact','88','90');
INSERT INTO "npe4__Relationship__c" VALUES(685,'Secondary Emergency Contact','89','90');
INSERT INTO "npe4__Relationship__c" VALUES(686,'Primary Emergency Contact','248','91');
INSERT INTO "npe4__Relationship__c" VALUES(687,'Secondary Emergency Contact','248','92');
INSERT INTO "npe4__Relationship__c" VALUES(688,'Grandfather','80','248');
INSERT INTO "npe4__Relationship__c" VALUES(689,'Primary Emergency Contact','91','248');
INSERT INTO "npe4__Relationship__c" VALUES(690,'Secondary Emergency Contact','92','248');
INSERT INTO "npe4__Relationship__c" VALUES(691,'Primary Emergency Contact','252','249');
INSERT INTO "npe4__Relationship__c" VALUES(692,'Primary Emergency Contact','119','117');
INSERT INTO "npe4__Relationship__c" VALUES(693,'Team Facilitator Lead','119','117');
INSERT INTO "npe4__Relationship__c" VALUES(694,'Secondary Emergency Contact','252','250');
INSERT INTO "npe4__Relationship__c" VALUES(695,'Grandmother','89','252');
INSERT INTO "npe4__Relationship__c" VALUES(696,'Primary Emergency Contact','249','252');
INSERT INTO "npe4__Relationship__c" VALUES(697,'Secondary Emergency Contact','250','252');
INSERT INTO "npe4__Relationship__c" VALUES(698,'Secondary Emergency Contact','257','254');
INSERT INTO "npe4__Relationship__c" VALUES(699,'Granddaughter','81','257');
INSERT INTO "npe4__Relationship__c" VALUES(700,'Secondary Emergency Contact','254','257');
INSERT INTO "npe4__Relationship__c" VALUES(701,'Primary Emergency Contact','255','257');
INSERT INTO "npe4__Relationship__c" VALUES(702,'Primary Emergency Contact','257','255');
INSERT INTO "npe4__Relationship__c" VALUES(703,'Secondary Emergency Contact','79','76');
INSERT INTO "npe4__Relationship__c" VALUES(704,'Friend','127','118');
INSERT INTO "npe4__Relationship__c" VALUES(705,'Secondary Emergency Contact','119','118');
INSERT INTO "npe4__Relationship__c" VALUES(706,'Secondary Emergency Contact','76','79');
INSERT INTO "npe4__Relationship__c" VALUES(707,'Family','51','79');
INSERT INTO "npe4__Relationship__c" VALUES(708,'Primary Emergency Contact','77','79');
INSERT INTO "npe4__Relationship__c" VALUES(709,'Primary Emergency Contact','159','156');
INSERT INTO "npe4__Relationship__c" VALUES(710,'Secondary Emergency Contact','159','157');
INSERT INTO "npe4__Relationship__c" VALUES(711,'Primary Emergency Contact','156','159');
INSERT INTO "npe4__Relationship__c" VALUES(712,'Secondary Emergency Contact','157','159');
INSERT INTO "npe4__Relationship__c" VALUES(713,'Cousin','122','159');
INSERT INTO "npe4__Relationship__c" VALUES(714,'Trainer','44','62');
INSERT INTO "npe4__Relationship__c" VALUES(715,'Primary Emergency Contact','60','62');
INSERT INTO "npe4__Relationship__c" VALUES(716,'Secondary Emergency Contact','61','62');
INSERT INTO "npe4__Relationship__c" VALUES(717,'Primary Emergency Contact','68','63');
INSERT INTO "npe4__Relationship__c" VALUES(718,'Secondary Emergency Contact','68','64');
INSERT INTO "npe4__Relationship__c" VALUES(719,'Primary Emergency Contact','117','119');
INSERT INTO "npe4__Relationship__c" VALUES(720,'Team Facilitator Lead','117','119');
CREATE TABLE "npo02__Household__c" (
	id INTEGER NOT NULL, 
	"Name" VARCHAR(255), 
	"npo02__Addressee__c" VARCHAR(255), 
	"npo02__Always_Anonymous__c" VARCHAR(255), 
	"npo02__AverageAmount__c" VARCHAR(255), 
	"npo02__Best_Gift_Year_Total__c" VARCHAR(255), 
	"npo02__Best_Gift_Year__c" VARCHAR(255), 
	"npo02__FirstCloseDate__c" VARCHAR(255), 
	"npo02__Formal_Greeting__c" VARCHAR(255), 
	"npo02__HouseholdEmail__c" VARCHAR(255), 
	"npo02__HouseholdPhone__c" VARCHAR(255), 
	"npo02__Household_ID__c" VARCHAR(255), 
	"npo02__Informal_Greeting__c" VARCHAR(255), 
	"npo02__LargestAmount__c" VARCHAR(255), 
	"npo02__LastCloseDate__c" VARCHAR(255), 
	"npo02__LastMembershipAmount__c" VARCHAR(255), 
	"npo02__LastMembershipDate__c" VARCHAR(255), 
	"npo02__LastMembershipLevel__c" VARCHAR(255), 
	"npo02__LastMembershipOrigin__c" VARCHAR(255), 
	"npo02__LastOppAmount__c" VARCHAR(255), 
	"npo02__MailingCity__c" VARCHAR(255), 
	"npo02__MailingCountry__c" VARCHAR(255), 
	"npo02__MailingPostalCode__c" VARCHAR(255), 
	"npo02__MailingState__c" VARCHAR(255), 
	"npo02__MailingStreet__c" VARCHAR(255), 
	"npo02__MembershipEndDate__c" VARCHAR(255), 
	"npo02__MembershipJoinDate__c" VARCHAR(255), 
	"npo02__NumberOfClosedOpps__c" VARCHAR(255), 
	"npo02__NumberOfMembershipOpps__c" VARCHAR(255), 
	"npo02__OppAmount2YearsAgo__c" VARCHAR(255), 
	"npo02__OppAmountLastNDays__c" VARCHAR(255), 
	"npo02__OppAmountLastYear__c" VARCHAR(255), 
	"npo02__OppAmountThisYear__c" VARCHAR(255), 
	"npo02__OppsClosed2YearsAgo__c" VARCHAR(255), 
	"npo02__OppsClosedLastNDays__c" VARCHAR(255), 
	"npo02__OppsClosedLastYear__c" VARCHAR(255), 
	"npo02__OppsClosedThisYear__c" VARCHAR(255), 
	"npo02__SYSTEM_CUSTOM_NAMING__c" VARCHAR(255), 
	"npo02__SmallestAmount__c" VARCHAR(255), 
	"npo02__TotalMembershipOppAmount__c" VARCHAR(255), 
	"npo02__TotalOppAmount__c" VARCHAR(255), 
	"npsp__Number_of_Household_Members__c" VARCHAR(255), 
	PRIMARY KEY (id)
);
CREATE TABLE "npsp__Address__c" (
	id INTEGER NOT NULL, 
	"npsp__API_Response__c" VARCHAR(255), 
	"npsp__Address_Type__c" VARCHAR(255), 
	"npsp__Administrative_Area__c" VARCHAR(255), 
	"npsp__Ambiguous__c" VARCHAR(255), 
	"npsp__Congressional_District__c" VARCHAR(255), 
	"npsp__County_Name__c" VARCHAR(255), 
	"npsp__Default_Address__c" VARCHAR(255), 
	"npsp__Latest_End_Date__c" VARCHAR(255), 
	"npsp__Latest_Start_Date__c" VARCHAR(255), 
	"npsp__MailingCity__c" VARCHAR(255), 
	"npsp__MailingCountry__c" VARCHAR(255), 
	"npsp__MailingPostalCode__c" VARCHAR(255), 
	"npsp__MailingState__c" VARCHAR(255), 
	"npsp__MailingStreet2__c" VARCHAR(255), 
	"npsp__MailingStreet__c" VARCHAR(255), 
	"npsp__Pre_Verification_Address__c" VARCHAR(255), 
	"npsp__Seasonal_End_Day__c" VARCHAR(255), 
	"npsp__Seasonal_End_Month__c" VARCHAR(255), 
	"npsp__Seasonal_Start_Day__c" VARCHAR(255), 
	"npsp__Seasonal_Start_Month__c" VARCHAR(255), 
	"npsp__State_Lower_District__c" VARCHAR(255), 
	"npsp__State_Upper_District__c" VARCHAR(255), 
	"npsp__Verification_Status__c" VARCHAR(255), 
	"npsp__Verified__c" VARCHAR(255), 
	"npsp__Household_Account__c" VARCHAR(255), 
	PRIMARY KEY (id)
);
INSERT INTO "npsp__Address__c" VALUES(1,'','Home','','False','','','False','','','South Jaimeshire','','81045','Florida','','848 Snow Turnpike','','','','','','','','','False','9');
INSERT INTO "npsp__Address__c" VALUES(2,'','Home','','False','','','False','','','Kristieville','','83044','North Dakota','','55644 Lynch Mountains','','','','','','','','','False','102');
INSERT INTO "npsp__Address__c" VALUES(3,'','Home','','False','','','False','','','East Kathleen','','03725','Idaho','','965 Forbes Harbor Suite 931','','','','','','','','','False','109');
INSERT INTO "npsp__Address__c" VALUES(4,'','Home','','False','','','False','','','Rodgersbury','','45700','South Carolina','','506 Wright Isle','','','','','','','','','False','111');
INSERT INTO "npsp__Address__c" VALUES(5,'','Home','','False','','','False','','','Lake Bradley','','14546','North Dakota','','06992 French Land Suite 867','','','','','','','','','False','113');
INSERT INTO "npsp__Address__c" VALUES(6,'','Home','','False','','','False','','','Lucasmouth','','83476','Nevada','','401 Serrano Plains','','','','','','','','','False','115');
INSERT INTO "npsp__Address__c" VALUES(7,'','Home','','False','','','False','','','West Katherineberg','','34425','Michigan','','3676 Wiggins Wall Apt. 409','','','','','','','','','False','117');
INSERT INTO "npsp__Address__c" VALUES(8,'','Home','','False','','','False','','','North Joantown','','28866','Connecticut','','59834 Mason Roads','','','','','','','','','False','119');
INSERT INTO "npsp__Address__c" VALUES(9,'','Home','','False','','','False','','','Boyerton','','07053','Georgia','','828 Castro Crest Suite 312','','','','','','','','','False','122');
INSERT INTO "npsp__Address__c" VALUES(10,'','Home','','False','','','False','','','Castilloton','','66989','Connecticut','','947 Penny Keys','','','','','','','','','False','11');
INSERT INTO "npsp__Address__c" VALUES(11,'','Home','','False','','','False','','','Lake Shaun','','84340','Texas','','4700 Underwood Pines','','','','','','','','','False','124');
INSERT INTO "npsp__Address__c" VALUES(12,'','Home','','False','','','False','','','Ralphstad','','56693','Nebraska','','99408 Franklin Hollow','','','','','','','','','False','128');
INSERT INTO "npsp__Address__c" VALUES(13,'','Home','','False','','','False','','','North Joannaview','','97623','Minnesota','','87289 Skinner Harbor Apt. 439','','','','','','','','','False','126');
INSERT INTO "npsp__Address__c" VALUES(14,'','Home','','False','','','False','','','South Chelseaborough','','90341','Maine','','696 Dodson Shores Suite 859','','','','','','','','','False','131');
INSERT INTO "npsp__Address__c" VALUES(15,'','Home','','False','','','False','','','Carmenland','','41177','Kentucky','','81749 Garza Stream','','','','','','','','','False','133');
INSERT INTO "npsp__Address__c" VALUES(16,'','Home','','False','','','False','','','Raymondside','','32000','Alabama','','59027 Finley Crest','','','','','','','','','False','135');
INSERT INTO "npsp__Address__c" VALUES(17,'','Home','','False','','','False','','','North Kaylee','','22202','Nebraska','','13281 Lydia Shores Apt. 400','','','','','','','','','False','137');
INSERT INTO "npsp__Address__c" VALUES(18,'','Home','','False','','','False','','','South Alan','','70475','Massachusetts','','3094 Frank Knolls','','','','','','','','','False','140');
INSERT INTO "npsp__Address__c" VALUES(19,'','Home','','False','','','False','','','Lake Cesar','','25910','North Dakota','','707 Lyons Spurs','','','','','','','','','False','142');
INSERT INTO "npsp__Address__c" VALUES(20,'','Home','','False','','','False','','','Rosshaven','','30477','Maryland','','558 Joseph Glen Apt. 474','','','','','','','','','False','147');
INSERT INTO "npsp__Address__c" VALUES(21,'','Home','','False','','','False','','','Beckermouth','','67673','Kansas','','119 Diane Knolls Suite 929','','','','','','','','','False','149');
INSERT INTO "npsp__Address__c" VALUES(22,'','Home','','False','','','False','','','Rhondabury','','66004','Michigan','','97205 Beltran Ford Suite 502','','','','','','','','','False','14');
INSERT INTO "npsp__Address__c" VALUES(23,'','Home','','False','','','False','','','South Adam','','95548','West Virginia','','330 Stout Flats Apt. 948','','','','','','','','','False','151');
INSERT INTO "npsp__Address__c" VALUES(24,'','Home','','False','','','False','','','Colonchester','','83373','Colorado','','52673 Karen Expressway Apt. 808','','','','','','','','','False','153');
INSERT INTO "npsp__Address__c" VALUES(25,'','Home','','False','','','False','','','Robertsborough','','69408','Connecticut','','761 Charles Ways','','','','','','','','','False','155');
INSERT INTO "npsp__Address__c" VALUES(26,'','Home','','False','','','False','','','West Jeanetteborough','','58266','Kentucky','','545 Montgomery Flat','','','','','','','','','False','157');
INSERT INTO "npsp__Address__c" VALUES(27,'','Home','','False','','','False','','','East Ann','','48877','Georgia','','42152 Bobby Spur','','','','','','','','','False','160');
INSERT INTO "npsp__Address__c" VALUES(28,'','Home','','False','','','False','','','Taylorport','','53654','Idaho','','02330 Monique Throughway Apt. 125','','','','','','','','','False','162');
INSERT INTO "npsp__Address__c" VALUES(29,'','Home','','False','','','False','','','Port Elizabeth','','71623','Georgia','','25809 Bray Knoll Apt. 363','','','','','','','','','False','167');
INSERT INTO "npsp__Address__c" VALUES(30,'','Home','','False','','','False','','','New Sharon','','64119','North Dakota','','496 Odom Street','','','','','','','','','False','169');
INSERT INTO "npsp__Address__c" VALUES(31,'','Home','','False','','','False','','','Shariberg','','64519','Michigan','','460 Jack Brooks','','','','','','','','','False','16');
INSERT INTO "npsp__Address__c" VALUES(32,'','Home','','False','','','False','','','Lake Ivanview','','94413','Delaware','','09803 Gay Ferry','','','','','','','','','False','171');
INSERT INTO "npsp__Address__c" VALUES(33,'','Home','','False','','','False','','','North Joyport','','25040','South Carolina','','5950 Horn Extensions','','','','','','','','','False','173');
INSERT INTO "npsp__Address__c" VALUES(34,'','Home','','False','','','False','','','Herbertstad','','50270','Alaska','','4271 Betty Unions','','','','','','','','','False','175');
INSERT INTO "npsp__Address__c" VALUES(35,'','Home','','False','','','False','','','Hensleymouth','','24679','Illinois','','6734 Yu Mews Apt. 018','','','','','','','','','False','177');
INSERT INTO "npsp__Address__c" VALUES(36,'','Home','','False','','','False','','','West Lee','','04095','West Virginia','','928 Suarez Tunnel','','','','','','','','','False','180');
INSERT INTO "npsp__Address__c" VALUES(37,'','Home','','False','','','False','','','Savagemouth','','40257','Nevada','','805 Calvin Course Apt. 038','','','','','','','','','False','182');
INSERT INTO "npsp__Address__c" VALUES(38,'','Home','','False','','','False','','','Sotoport','','22093','Alabama','','051 Wanda Plaza Suite 669','','','','','','','','','False','186');
INSERT INTO "npsp__Address__c" VALUES(39,'','Home','','False','','','False','','','Port Frederick','','37168','Maryland','','8118 Traci Cape Apt. 378','','','','','','','','','False','188');
INSERT INTO "npsp__Address__c" VALUES(40,'','Home','','False','','','False','','','Dillonville','','46004','South Dakota','','3464 Shah Key','','','','','','','','','False','190');
INSERT INTO "npsp__Address__c" VALUES(41,'','Home','','False','','','False','','','Soniahaven','','40703','Indiana','','296 Frazier Springs Apt. 764','','','','','','','','','False','192');
INSERT INTO "npsp__Address__c" VALUES(42,'','Home','','False','','','False','','','Joycefort','','38950','New Jersey','','926 Frost Ways Suite 426','','','','','','','','','False','194');
INSERT INTO "npsp__Address__c" VALUES(43,'','Home','','False','','','False','','','Billshire','','13473','South Carolina','','4455 Roberta Cape Apt. 437','','','','','','','','','False','196');
INSERT INTO "npsp__Address__c" VALUES(44,'','Home','','False','','','False','','','Bobbystad','','24612','West Virginia','','957 Jeremy Estate','','','','','','','','','False','199');
INSERT INTO "npsp__Address__c" VALUES(45,'','Home','','False','','','False','','','West Roberta','','38343','Colorado','','60903 Beverly Port','','','','','','','','','False','1');
INSERT INTO "npsp__Address__c" VALUES(46,'','Home','','False','','','False','','','South Andrewland','','51108','Indiana','','78131 Jesse Rest Apt. 837','','','','','','','','','False','21');
INSERT INTO "npsp__Address__c" VALUES(47,'','Home','','False','','','False','','','South Audreyshire','','40161','Rhode Island','','6822 Fields River Suite 354','','','','','','','','','False','23');
INSERT INTO "npsp__Address__c" VALUES(48,'','Home','','False','','','False','','','Johnathanmouth','','90049','South Dakota','','3494 Erica Manors Suite 488','','','','','','','','','False','26');
INSERT INTO "npsp__Address__c" VALUES(49,'','Home','','False','','','False','','','Linburgh','','48929','Florida','','3235 Casey Well Suite 141','','','','','','','','','False','28');
INSERT INTO "npsp__Address__c" VALUES(50,'','Home','','False','','','False','','','Bergerburgh','','25635','North Carolina','','348 Francis Street','','','','','','','','','False','31');
INSERT INTO "npsp__Address__c" VALUES(51,'','Home','','False','','','False','','','North Susanside','','91723','Florida','','222 Mccarty Mill','','','','','','','','','False','33');
INSERT INTO "npsp__Address__c" VALUES(52,'','Home','','False','','','False','','','Port Mariaberg','','91495','Florida','','1454 Esparza Turnpike','','','','','','','','','False','40');
INSERT INTO "npsp__Address__c" VALUES(53,'','Home','','False','','','False','','','New Sonia','','39200','Kentucky','','988 Murphy Point Apt. 265','','','','','','','','','False','3');
INSERT INTO "npsp__Address__c" VALUES(54,'','Home','','False','','','False','','','Briannaville','','19446','Arkansas','','250 Patrick Shores Apt. 962','','','','','','','','','False','42');
INSERT INTO "npsp__Address__c" VALUES(55,'','Home','','False','','','False','','','Josephhaven','','54288','Kansas','','9801 Davis Highway','','','','','','','','','False','44');
INSERT INTO "npsp__Address__c" VALUES(56,'','Home','','False','','','False','','','Laurieside','','49253','Connecticut','','400 Spencer Stravenue','','','','','','','','','False','46');
INSERT INTO "npsp__Address__c" VALUES(57,'','Home','','False','','','False','','','Port Phillip','','55201','New Mexico','','8894 Wyatt Union Suite 786','','','','','','','','','False','48');
INSERT INTO "npsp__Address__c" VALUES(58,'','Home','','False','','','False','','','East Glen','','59118','Washington','','5023 Weiss Summit Suite 133','','','','','','','','','False','50');
INSERT INTO "npsp__Address__c" VALUES(59,'','Home','','False','','','False','','','Harveymouth','','19160','Missouri','','99551 Heather Street','','','','','','','','','False','53');
INSERT INTO "npsp__Address__c" VALUES(60,'','Home','','False','','','False','','','Lake Coleland','','36781','North Carolina','','2956 Mcmillan Mills','','','','','','','','','False','56');
INSERT INTO "npsp__Address__c" VALUES(61,'','Home','','False','','','False','','','Katrinaside','','09676','Wisconsin','','1595 Dalton Ranch','','','','','','','','','False','60');
INSERT INTO "npsp__Address__c" VALUES(62,'','Home','','False','','','False','','','Kiaraburgh','','98948','Vermont','','37717 Cameron Forks Apt. 081','','','','','','','','','False','5');
INSERT INTO "npsp__Address__c" VALUES(63,'','Home','','False','','','False','','','Heatherburgh','','54520','Iowa','','676 Susan Junctions Suite 859','','','','','','','','','False','62');
INSERT INTO "npsp__Address__c" VALUES(64,'','Home','','False','','','False','','','Lake Darlenehaven','','96678','Texas','','26522 Derek Villages','','','','','','','','','False','64');
INSERT INTO "npsp__Address__c" VALUES(65,'','Home','','False','','','False','','','East Josemouth','','81539','Arkansas','','94269 Walter Pike','','','','','','','','','False','66');
INSERT INTO "npsp__Address__c" VALUES(66,'','Home','','False','','','False','','','South Isaiah','','86234','Hawaii','','257 Strong Lights Apt. 880','','','','','','','','','False','69');
INSERT INTO "npsp__Address__c" VALUES(67,'','Home','','False','','','False','','','Lake Kayla','','73903','Indiana','','503 Hudson Land','','','','','','','','','False','68');
INSERT INTO "npsp__Address__c" VALUES(68,'','Home','','False','','','False','','','Saundersport','','15313','New York','','37667 Becky Burgs','','','','','','','','','False','73');
INSERT INTO "npsp__Address__c" VALUES(69,'','Home','','False','','','False','','','Selenastad','','72271','Maine','','627 Angel Junctions','','','','','','','','','False','75');
INSERT INTO "npsp__Address__c" VALUES(70,'','Home','','False','','','False','','','Coryton','','26328','West Virginia','','20567 Edwin Plaza','','','','','','','','','False','79');
INSERT INTO "npsp__Address__c" VALUES(71,'','Home','','False','','','False','','','South Sethville','','02676','Connecticut','','53667 Ashlee Freeway Suite 026','','','','','','','','','False','80');
INSERT INTO "npsp__Address__c" VALUES(72,'','Home','','False','','','False','','','South Kristina','','82689','Delaware','','676 Dean Stream Suite 774','','','','','','','','','False','7');
INSERT INTO "npsp__Address__c" VALUES(73,'','Home','','False','','','False','','','Kiaramouth','','84344','Kansas','','04042 Larry Valleys','','','','','','','','','False','82');
INSERT INTO "npsp__Address__c" VALUES(74,'','Home','','False','','','False','','','East Robert','','07531','Michigan','','81951 Humphrey Highway Suite 450','','','','','','','','','False','87');
INSERT INTO "npsp__Address__c" VALUES(75,'','Home','','False','','','False','','','Floydbury','','59275','Delaware','','6170 Burnett Plaza','','','','','','','','','False','89');
INSERT INTO "npsp__Address__c" VALUES(76,'','Home','','False','','','False','','','Lake Jonathanland','','65575','Maryland','','918 Ian Extension Apt. 159','','','','','','','','','False','91');
INSERT INTO "npsp__Address__c" VALUES(77,'','Home','','False','','','False','','','South Jesus','','84154','Montana','','89878 Estrada Inlet','','','','','','','','','False','93');
INSERT INTO "npsp__Address__c" VALUES(78,'','Home','','False','','','False','','','Marioton','','62538','Missouri','','4858 Neal Squares Apt. 222','','','','','','','','','False','95');
INSERT INTO "npsp__Address__c" VALUES(79,'','Home','','False','','','False','','','Anthonystad','','10255','Hawaii','','577 Allen Camp Apt. 800','','','','','','','','','False','97');
INSERT INTO "npsp__Address__c" VALUES(80,'','Home','','False','','','False','','','Lake Laurenfort','','26723','Kentucky','','6577 Kelly Locks Apt. 729','','','','','','','','','False','100');
CREATE TABLE "npsp__Batch__c" (
	id INTEGER NOT NULL, 
	"Name" VARCHAR(255), 
	"npsp__Batch_Status__c" VARCHAR(255), 
	"npsp__Description__c" VARCHAR(255), 
	"npsp__Number_of_Items__c" VARCHAR(255), 
	"npsp__Object_Name__c" VARCHAR(255), 
	PRIMARY KEY (id)
);
COMMIT;
